family,tag,n,idx,decoder,method,dim,budget,f_opt,exact,seed,best,ftt,fes
knapsack,strongly,30,0,penalty,floor,30,300000,-8083,True,0,-7981,,300000
knapsack,strongly,30,0,penalty,floor,30,300000,-8083,True,1,-7969,,300000
knapsack,strongly,30,0,penalty,floor,30,300000,-8083,True,2,-8050,,300000
knapsack,strongly,30,0,penalty,floor,30,300000,-8083,True,3,-7983,,300000
knapsack,strongly,30,0,penalty,floor,30,300000,-8083,True,4,-7968,,300000
knapsack,strongly,30,0,penalty,floor,30,300000,-8083,True,5,-8079,,300000
knapsack,strongly,30,0,penalty,floor,30,300000,-8083,True,6,-8002,,300000
knapsack,strongly,30,0,penalty,floor,30,300000,-8083,True,7,-7983,,300000
knapsack,strongly,30,0,penalty,floor,30,300000,-8083,True,8,-7973,,300000
knapsack,strongly,30,0,penalty,floor,30,300000,-8083,True,9,-7975,,300000
knapsack,strongly,30,0,penalty,floor,30,300000,-8083,True,10,-7982,,300000
knapsack,strongly,30,0,penalty,floor,30,300000,-8083,True,11,-8044,,300000
knapsack,strongly,30,0,penalty,floor,30,300000,-8083,True,12,-7978,,300000
knapsack,strongly,30,0,penalty,floor,30,300000,-8083,True,13,-7982,,300000
knapsack,strongly,30,0,penalty,floor,30,300000,-8083,True,14,-8083,14825,14825
knapsack,strongly,30,0,penalty,floor,30,300000,-8083,True,15,-7959,,300000
knapsack,strongly,30,0,penalty,floor,30,300000,-8083,True,16,-7983,,300000
knapsack,strongly,30,0,penalty,floor,30,300000,-8083,True,17,-7936,,300000
knapsack,strongly,30,0,penalty,floor,30,300000,-8083,True,18,-7983,,300000
knapsack,strongly,30,0,penalty,floor,30,300000,-8083,True,19,-7974,,300000
knapsack,strongly,30,0,penalty,floor,30,300000,-8083,True,20,-8043,,300000
knapsack,strongly,30,0,penalty,floor,30,300000,-8083,True,21,-8053,,300000
knapsack,strongly,30,0,penalty,floor,30,300000,-8083,True,22,-7983,,300000
knapsack,strongly,30,0,penalty,floor,30,300000,-8083,True,23,-8015,,300000
knapsack,strongly,30,0,penalty,floor,30,300000,-8083,True,24,-7981,,300000
knapsack,strongly,30,0,penalty,floor,30,300000,-8083,True,25,-8066,,300000
knapsack,strongly,30,0,penalty,floor,30,300000,-8083,True,26,-7969,,300000
knapsack,strongly,30,0,penalty,floor,30,300000,-8083,True,27,-8043,,300000
knapsack,strongly,30,0,penalty,floor,30,300000,-8083,True,28,-7967,,300000
knapsack,strongly,30,0,penalty,floor,30,300000,-8083,True,29,-8012,,300000
knapsack,strongly,30,0,penalty,floor,30,300000,-8083,True,30,-7963,,300000
knapsack,strongly,30,0,penalty,ils,30,300000,-8083,True,0,-8083,29191,29191
knapsack,strongly,30,0,penalty,ils,30,300000,-8083,True,1,-8079,,300000
knapsack,strongly,30,0,penalty,ils,30,300000,-8083,True,2,-8083,33756,33756
knapsack,strongly,30,0,penalty,ils,30,300000,-8083,True,3,-8083,1054,1054
knapsack,strongly,30,0,penalty,ils,30,300000,-8083,True,4,-8083,5441,5441
knapsack,strongly,30,0,penalty,ils,30,300000,-8083,True,5,-8083,4423,4423
knapsack,strongly,30,0,penalty,ils,30,300000,-8083,True,6,-8083,14035,14035
knapsack,strongly,30,0,penalty,ils,30,300000,-8083,True,7,-8083,6710,6710
knapsack,strongly,30,0,penalty,ils,30,300000,-8083,True,8,-8083,13224,13224
knapsack,strongly,30,0,penalty,ils,30,300000,-8083,True,9,-8083,5355,5355
knapsack,strongly,30,0,penalty,ils,30,300000,-8083,True,10,-8083,8155,8155
knapsack,strongly,30,0,penalty,ils,30,300000,-8083,True,11,-8083,8444,8444
knapsack,strongly,30,0,penalty,ils,30,300000,-8083,True,12,-8083,10525,10525
knapsack,strongly,30,0,penalty,ils,30,300000,-8083,True,13,-8083,18336,18336
knapsack,strongly,30,0,penalty,ils,30,300000,-8083,True,14,-8083,9539,9539
knapsack,strongly,30,0,penalty,ils,30,300000,-8083,True,15,-8083,4588,4588
knapsack,strongly,30,0,penalty,ils,30,300000,-8083,True,16,-8083,2819,2819
knapsack,strongly,30,0,penalty,ils,30,300000,-8083,True,17,-8083,224980,224980
knapsack,strongly,30,0,penalty,ils,30,300000,-8083,True,18,-8083,1794,1794
knapsack,strongly,30,0,penalty,ils,30,300000,-8083,True,19,-8083,6425,6425
knapsack,strongly,30,0,penalty,ils,30,300000,-8083,True,20,-8083,12453,12453
knapsack,strongly,30,0,penalty,ils,30,300000,-8083,True,21,-8083,1402,1402
knapsack,strongly,30,0,penalty,ils,30,300000,-8083,True,22,-8083,1260,1260
knapsack,strongly,30,0,penalty,ils,30,300000,-8083,True,23,-8083,3510,3510
knapsack,strongly,30,0,penalty,ils,30,300000,-8083,True,24,-8083,6339,6339
knapsack,strongly,30,0,penalty,ils,30,300000,-8083,True,25,-8083,5573,5573
knapsack,strongly,30,0,penalty,ils,30,300000,-8083,True,26,-8083,13563,13563
knapsack,strongly,30,0,penalty,ils,30,300000,-8083,True,27,-8083,23133,23133
knapsack,strongly,30,0,penalty,ils,30,300000,-8083,True,28,-8083,16471,16471
knapsack,strongly,30,0,penalty,ils,30,300000,-8083,True,29,-8083,44576,44576
knapsack,strongly,30,0,penalty,ils,30,300000,-8083,True,30,-8083,3238,3238
knapsack,strongly,30,0,penalty,mga,30,300000,-8083,True,0,-8082,,300000
knapsack,strongly,30,0,penalty,mga,30,300000,-8083,True,1,-8083,31275,31275
knapsack,strongly,30,0,penalty,mga,30,300000,-8083,True,2,-8081,,300000
knapsack,strongly,30,0,penalty,mga,30,300000,-8083,True,3,-8075,,300000
knapsack,strongly,30,0,penalty,mga,30,300000,-8083,True,4,-8083,8123,8123
knapsack,strongly,30,0,penalty,mga,30,300000,-8083,True,5,-8082,,300000
knapsack,strongly,30,0,penalty,mga,30,300000,-8083,True,6,-8083,57285,57285
knapsack,strongly,30,0,penalty,mga,30,300000,-8083,True,7,-8083,2740,2740
knapsack,strongly,30,0,penalty,mga,30,300000,-8083,True,8,-8083,76207,76207
knapsack,strongly,30,0,penalty,mga,30,300000,-8083,True,9,-8082,,300000
knapsack,strongly,30,0,penalty,mga,30,300000,-8083,True,10,-8083,22662,22662
knapsack,strongly,30,0,penalty,mga,30,300000,-8083,True,11,-8083,19950,19950
knapsack,strongly,30,0,penalty,mga,30,300000,-8083,True,12,-8083,37538,37538
knapsack,strongly,30,0,penalty,mga,30,300000,-8083,True,13,-8083,133770,133770
knapsack,strongly,30,0,penalty,mga,30,300000,-8083,True,14,-8083,10170,10170
knapsack,strongly,30,0,penalty,mga,30,300000,-8083,True,15,-8083,8320,8320
knapsack,strongly,30,0,penalty,mga,30,300000,-8083,True,16,-8082,,300000
knapsack,strongly,30,0,penalty,mga,30,300000,-8083,True,17,-8083,28613,28613
knapsack,strongly,30,0,penalty,mga,30,300000,-8083,True,18,-8081,,300000
knapsack,strongly,30,0,penalty,mga,30,300000,-8083,True,19,-8083,73120,73120
knapsack,strongly,30,0,penalty,mga,30,300000,-8083,True,20,-8083,11542,11542
knapsack,strongly,30,0,penalty,mga,30,300000,-8083,True,21,-8083,53984,53984
knapsack,strongly,30,0,penalty,mga,30,300000,-8083,True,22,-8083,3997,3997
knapsack,strongly,30,0,penalty,mga,30,300000,-8083,True,23,-8083,11451,11451
knapsack,strongly,30,0,penalty,mga,30,300000,-8083,True,24,-8083,55925,55925
knapsack,strongly,30,0,penalty,mga,30,300000,-8083,True,25,-8079,,300000
knapsack,strongly,30,0,penalty,mga,30,300000,-8083,True,26,-8083,2824,2824
knapsack,strongly,30,0,penalty,mga,30,300000,-8083,True,27,-8083,33762,33762
knapsack,strongly,30,0,penalty,mga,30,300000,-8083,True,28,-8083,8620,8620
knapsack,strongly,30,0,penalty,mga,30,300000,-8083,True,29,-8083,17680,17680
knapsack,strongly,30,0,penalty,mga,30,300000,-8083,True,30,-8083,52360,52360
knapsack,strongly,30,1,penalty,ils,30,300000,-8991,True,0,-8989,,300000
knapsack,strongly,30,1,penalty,ils,30,300000,-8991,True,1,-8891,,300000
knapsack,strongly,30,1,penalty,ils,30,300000,-8991,True,2,-8989,,300000
knapsack,strongly,30,1,penalty,ils,30,300000,-8991,True,3,-8989,,300000
knapsack,strongly,30,1,penalty,ils,30,300000,-8991,True,4,-8991,105143,105143
knapsack,strongly,30,1,penalty,ils,30,300000,-8991,True,5,-8991,143800,143800
knapsack,strongly,30,1,penalty,ils,30,300000,-8991,True,6,-8989,,300000
knapsack,strongly,30,1,penalty,ils,30,300000,-8991,True,7,-8991,26140,26140
knapsack,strongly,30,1,penalty,ils,30,300000,-8991,True,8,-8987,,300000
knapsack,strongly,30,1,penalty,ils,30,300000,-8991,True,9,-8987,,300000
knapsack,strongly,30,1,penalty,ils,30,300000,-8991,True,10,-8991,42138,42138
knapsack,strongly,30,1,penalty,ils,30,300000,-8991,True,11,-8989,,300000
knapsack,strongly,30,1,penalty,ils,30,300000,-8991,True,12,-8991,29701,29701
knapsack,strongly,30,1,penalty,ils,30,300000,-8991,True,13,-8991,5624,5624
knapsack,strongly,30,1,penalty,ils,30,300000,-8991,True,14,-8989,,300000
knapsack,strongly,30,1,penalty,ils,30,300000,-8991,True,15,-8991,84659,84659
knapsack,strongly,30,1,penalty,ils,30,300000,-8991,True,16,-8989,,300000
knapsack,strongly,30,1,penalty,ils,30,300000,-8991,True,17,-8989,,300000
knapsack,strongly,30,1,penalty,ils,30,300000,-8991,True,18,-8991,10278,10278
knapsack,strongly,30,1,penalty,ils,30,300000,-8991,True,19,-8991,57898,57898
knapsack,strongly,30,1,penalty,ils,30,300000,-8991,True,20,-8991,93290,93290
knapsack,strongly,30,1,penalty,ils,30,300000,-8991,True,21,-8991,103305,103305
knapsack,strongly,30,1,penalty,ils,30,300000,-8991,True,22,-8991,10574,10574
knapsack,strongly,30,1,penalty,ils,30,300000,-8991,True,23,-8989,,300000
knapsack,strongly,30,1,penalty,ils,30,300000,-8991,True,24,-8991,48635,48635
knapsack,strongly,30,1,penalty,ils,30,300000,-8991,True,25,-8989,,300000
knapsack,strongly,30,1,penalty,ils,30,300000,-8991,True,26,-8991,11186,11186
knapsack,strongly,30,1,penalty,ils,30,300000,-8991,True,27,-8989,,300000
knapsack,strongly,30,1,penalty,ils,30,300000,-8991,True,28,-8989,,300000
knapsack,strongly,30,1,penalty,ils,30,300000,-8991,True,29,-8891,,300000
knapsack,strongly,30,1,penalty,ils,30,300000,-8991,True,30,-8991,288534,288534
knapsack,strongly,30,1,penalty,floor,30,300000,-8991,True,0,-8875,,300000
knapsack,strongly,30,1,penalty,floor,30,300000,-8991,True,1,-8867,,300000
knapsack,strongly,30,1,penalty,floor,30,300000,-8991,True,2,-8890,,300000
knapsack,strongly,30,1,penalty,floor,30,300000,-8991,True,3,-8889,,300000
knapsack,strongly,30,1,penalty,floor,30,300000,-8991,True,4,-8890,,300000
knapsack,strongly,30,1,penalty,floor,30,300000,-8991,True,5,-8889,,300000
knapsack,strongly,30,1,penalty,floor,30,300000,-8991,True,6,-8884,,300000
knapsack,strongly,30,1,penalty,floor,30,300000,-8991,True,7,-8885,,300000
knapsack,strongly,30,1,penalty,floor,30,300000,-8991,True,8,-8879,,300000
knapsack,strongly,30,1,penalty,floor,30,300000,-8991,True,9,-8884,,300000
knapsack,strongly,30,1,penalty,floor,30,300000,-8991,True,10,-8891,,300000
knapsack,strongly,30,1,penalty,floor,30,300000,-8991,True,11,-8987,,300000
knapsack,strongly,30,1,penalty,floor,30,300000,-8991,True,12,-8891,,300000
knapsack,strongly,30,1,penalty,floor,30,300000,-8991,True,13,-8889,,300000
knapsack,strongly,30,1,penalty,floor,30,300000,-8991,True,14,-8890,,300000
knapsack,strongly,30,1,penalty,floor,30,300000,-8991,True,15,-8888,,300000
knapsack,strongly,30,1,penalty,floor,30,300000,-8991,True,16,-8888,,300000
knapsack,strongly,30,1,penalty,floor,30,300000,-8991,True,17,-8890,,300000
knapsack,strongly,30,1,penalty,floor,30,300000,-8991,True,18,-8889,,300000
knapsack,strongly,30,1,penalty,floor,30,300000,-8991,True,19,-8879,,300000
knapsack,strongly,30,1,penalty,floor,30,300000,-8991,True,20,-8970,,300000
knapsack,strongly,30,1,penalty,floor,30,300000,-8991,True,21,-8883,,300000
knapsack,strongly,30,1,penalty,floor,30,300000,-8991,True,22,-8888,,300000
knapsack,strongly,30,1,penalty,floor,30,300000,-8991,True,23,-8888,,300000
knapsack,strongly,30,1,penalty,floor,30,300000,-8991,True,24,-8891,,300000
knapsack,strongly,30,1,penalty,floor,30,300000,-8991,True,25,-8882,,300000
knapsack,strongly,30,1,penalty,floor,30,300000,-8991,True,26,-8891,,300000
knapsack,strongly,30,1,penalty,floor,30,300000,-8991,True,27,-8882,,300000
knapsack,strongly,30,1,penalty,floor,30,300000,-8991,True,28,-8884,,300000
knapsack,strongly,30,1,penalty,floor,30,300000,-8991,True,29,-8890,,300000
knapsack,strongly,30,1,penalty,floor,30,300000,-8991,True,30,-8860,,300000
knapsack,strongly,30,1,penalty,mga,30,300000,-8991,True,0,-8991,92078,92078
knapsack,strongly,30,1,penalty,mga,30,300000,-8991,True,1,-8991,57990,57990
knapsack,strongly,30,1,penalty,mga,30,300000,-8991,True,2,-8987,,300000
knapsack,strongly,30,1,penalty,mga,30,300000,-8991,True,3,-8991,15450,15450
knapsack,strongly,30,1,penalty,mga,30,300000,-8991,True,4,-8991,109298,109298
knapsack,strongly,30,1,penalty,mga,30,300000,-8991,True,5,-8991,57883,57883
knapsack,strongly,30,1,penalty,mga,30,300000,-8991,True,6,-8991,190058,190058
knapsack,strongly,30,1,penalty,mga,30,300000,-8991,True,7,-8987,,300000
knapsack,strongly,30,1,penalty,mga,30,300000,-8991,True,8,-8991,179383,179383
knapsack,strongly,30,1,penalty,mga,30,300000,-8991,True,9,-8891,,300000
knapsack,strongly,30,1,penalty,mga,30,300000,-8991,True,10,-8989,,300000
knapsack,strongly,30,1,penalty,mga,30,300000,-8991,True,11,-8989,,300000
knapsack,strongly,30,1,penalty,mga,30,300000,-8991,True,12,-8991,123043,123043
knapsack,strongly,30,1,penalty,mga,30,300000,-8991,True,13,-8983,,300000
knapsack,strongly,30,1,penalty,mga,30,300000,-8991,True,14,-8991,282523,282523
knapsack,strongly,30,1,penalty,mga,30,300000,-8991,True,15,-8991,122738,122738
knapsack,strongly,30,1,penalty,mga,30,300000,-8991,True,16,-8991,49170,49170
knapsack,strongly,30,1,penalty,mga,30,300000,-8991,True,17,-8991,97778,97778
knapsack,strongly,30,1,penalty,mga,30,300000,-8991,True,18,-8989,,300000
knapsack,strongly,30,1,penalty,mga,30,300000,-8991,True,19,-8987,,300000
knapsack,strongly,30,1,penalty,mga,30,300000,-8991,True,20,-8991,29991,29991
knapsack,strongly,30,1,penalty,mga,30,300000,-8991,True,21,-8991,144870,144870
knapsack,strongly,30,1,penalty,mga,30,300000,-8991,True,22,-8987,,300000
knapsack,strongly,30,1,penalty,mga,30,300000,-8991,True,23,-8991,159510,159510
knapsack,strongly,30,1,penalty,mga,30,300000,-8991,True,24,-8891,,300000
knapsack,strongly,30,1,penalty,mga,30,300000,-8991,True,25,-8991,68550,68550
knapsack,strongly,30,1,penalty,mga,30,300000,-8991,True,26,-8991,160890,160890
knapsack,strongly,30,1,penalty,mga,30,300000,-8991,True,27,-8890,,300000
knapsack,strongly,30,1,penalty,mga,30,300000,-8991,True,28,-8891,,300000
knapsack,strongly,30,1,penalty,mga,30,300000,-8991,True,29,-8890,,300000
knapsack,strongly,30,1,penalty,mga,30,300000,-8991,True,30,-8991,57990,57990
knapsack,strongly,30,2,penalty,ils,30,300000,-8236,True,0,-8236,104090,104090
knapsack,strongly,30,2,penalty,ils,30,300000,-8236,True,1,-8236,106392,106392
knapsack,strongly,30,2,penalty,ils,30,300000,-8236,True,2,-8236,19516,19516
knapsack,strongly,30,2,penalty,ils,30,300000,-8236,True,3,-8236,93302,93302
knapsack,strongly,30,2,penalty,ils,30,300000,-8236,True,4,-8231,,300000
knapsack,strongly,30,2,penalty,ils,30,300000,-8236,True,5,-8231,,300000
knapsack,strongly,30,2,penalty,ils,30,300000,-8236,True,6,-8236,62412,62412
knapsack,strongly,30,2,penalty,ils,30,300000,-8236,True,7,-8236,54528,54528
knapsack,strongly,30,2,penalty,ils,30,300000,-8236,True,8,-8231,,300000
knapsack,strongly,30,2,penalty,ils,30,300000,-8236,True,9,-8236,89705,89705
knapsack,strongly,30,2,penalty,ils,30,300000,-8236,True,10,-8236,44152,44152
knapsack,strongly,30,2,penalty,ils,30,300000,-8236,True,11,-8236,49940,49940
knapsack,strongly,30,2,penalty,ils,30,300000,-8236,True,12,-8231,,300000
knapsack,strongly,30,2,penalty,ils,30,300000,-8236,True,13,-8231,,300000
knapsack,strongly,30,2,penalty,ils,30,300000,-8236,True,14,-8231,,300000
knapsack,strongly,30,2,penalty,ils,30,300000,-8236,True,15,-8236,121174,121174
knapsack,strongly,30,2,penalty,ils,30,300000,-8236,True,16,-8231,,300000
knapsack,strongly,30,2,penalty,ils,30,300000,-8236,True,17,-8236,16543,16543
knapsack,strongly,30,2,penalty,ils,30,300000,-8236,True,18,-8231,,300000
knapsack,strongly,30,2,penalty,ils,30,300000,-8236,True,19,-8236,266351,266351
knapsack,strongly,30,2,penalty,ils,30,300000,-8236,True,20,-8236,134869,134869
knapsack,strongly,30,2,penalty,ils,30,300000,-8236,True,21,-8236,28265,28265
knapsack,strongly,30,2,penalty,ils,30,300000,-8236,True,22,-8236,61031,61031
knapsack,strongly,30,2,penalty,ils,30,300000,-8236,True,23,-8236,48550,48550
knapsack,strongly,30,2,penalty,ils,30,300000,-8236,True,24,-8236,9219,9219
knapsack,strongly,30,2,penalty,ils,30,300000,-8236,True,25,-8236,3826,3826
knapsack,strongly,30,2,penalty,ils,30,300000,-8236,True,26,-8236,40630,40630
knapsack,strongly,30,2,penalty,ils,30,300000,-8236,True,27,-8236,200406,200406
knapsack,strongly,30,2,penalty,ils,30,300000,-8236,True,28,-8236,59694,59694
knapsack,strongly,30,2,penalty,ils,30,300000,-8236,True,29,-8236,142927,142927
knapsack,strongly,30,2,penalty,ils,30,300000,-8236,True,30,-8236,97004,97004
knapsack,strongly,30,2,penalty,floor,30,300000,-8236,True,0,-8133,,300000
knapsack,strongly,30,2,penalty,floor,30,300000,-8236,True,1,-8136,,300000
knapsack,strongly,30,2,penalty,floor,30,300000,-8236,True,2,-8135,,300000
knapsack,strongly,30,2,penalty,floor,30,300000,-8236,True,3,-8105,,300000
knapsack,strongly,30,2,penalty,floor,30,300000,-8236,True,4,-8230,,300000
knapsack,strongly,30,2,penalty,floor,30,300000,-8236,True,5,-8106,,300000
knapsack,strongly,30,2,penalty,floor,30,300000,-8236,True,6,-8133,,300000
knapsack,strongly,30,2,penalty,floor,30,300000,-8236,True,7,-8051,,300000
knapsack,strongly,30,2,penalty,floor,30,300000,-8236,True,8,-8033,,300000
knapsack,strongly,30,2,penalty,floor,30,300000,-8236,True,9,-8100,,300000
knapsack,strongly,30,2,penalty,floor,30,300000,-8236,True,10,-8079,,300000
knapsack,strongly,30,2,penalty,floor,30,300000,-8236,True,11,-8036,,300000
knapsack,strongly,30,2,penalty,floor,30,300000,-8236,True,12,-8032,,300000
knapsack,strongly,30,2,penalty,floor,30,300000,-8236,True,13,-8107,,300000
knapsack,strongly,30,2,penalty,floor,30,300000,-8236,True,14,-8107,,300000
knapsack,strongly,30,2,penalty,floor,30,300000,-8236,True,15,-8120,,300000
knapsack,strongly,30,2,penalty,floor,30,300000,-8236,True,16,-8116,,300000
knapsack,strongly,30,2,penalty,floor,30,300000,-8236,True,17,-8118,,300000
knapsack,strongly,30,2,penalty,floor,30,300000,-8236,True,18,-8034,,300000
knapsack,strongly,30,2,penalty,floor,30,300000,-8236,True,19,-8102,,300000
knapsack,strongly,30,2,penalty,floor,30,300000,-8236,True,20,-8108,,300000
knapsack,strongly,30,2,penalty,floor,30,300000,-8236,True,21,-8036,,300000
knapsack,strongly,30,2,penalty,floor,30,300000,-8236,True,22,-8089,,300000
knapsack,strongly,30,2,penalty,floor,30,300000,-8236,True,23,-8049,,300000
knapsack,strongly,30,2,penalty,floor,30,300000,-8236,True,24,-8119,,300000
knapsack,strongly,30,2,penalty,floor,30,300000,-8236,True,25,-8068,,300000
knapsack,strongly,30,2,penalty,floor,30,300000,-8236,True,26,-8033,,300000
knapsack,strongly,30,2,penalty,floor,30,300000,-8236,True,27,-8117,,300000
knapsack,strongly,30,2,penalty,floor,30,300000,-8236,True,28,-8030,,300000
knapsack,strongly,30,2,penalty,floor,30,300000,-8236,True,29,-8033,,300000
knapsack,strongly,30,2,penalty,floor,30,300000,-8236,True,30,-8032,,300000
knapsack,strongly,30,2,penalty,mga,30,300000,-8236,True,0,-8231,,300000
knapsack,strongly,30,2,penalty,mga,30,300000,-8236,True,1,-8231,,300000
knapsack,strongly,30,2,penalty,mga,30,300000,-8236,True,2,-8227,,300000
knapsack,strongly,30,2,penalty,mga,30,300000,-8236,True,3,-8231,,300000
knapsack,strongly,30,2,penalty,mga,30,300000,-8236,True,4,-8227,,300000
knapsack,strongly,30,2,penalty,mga,30,300000,-8236,True,5,-8236,48733,48733
knapsack,strongly,30,2,penalty,mga,30,300000,-8236,True,6,-8236,173338,173338
knapsack,strongly,30,2,penalty,mga,30,300000,-8236,True,7,-8231,,300000
knapsack,strongly,30,2,penalty,mga,30,300000,-8236,True,8,-8236,188479,188479
knapsack,strongly,30,2,penalty,mga,30,300000,-8236,True,9,-8236,288366,288366
knapsack,strongly,30,2,penalty,mga,30,300000,-8236,True,10,-8236,93478,93478
knapsack,strongly,30,2,penalty,mga,30,300000,-8236,True,11,-8231,,300000
knapsack,strongly,30,2,penalty,mga,30,300000,-8236,True,12,-8236,103290,103290
knapsack,strongly,30,2,penalty,mga,30,300000,-8236,True,13,-8236,269593,269593
knapsack,strongly,30,2,penalty,mga,30,300000,-8236,True,14,-8231,,300000
knapsack,strongly,30,2,penalty,mga,30,300000,-8236,True,15,-8236,278351,278351
knapsack,strongly,30,2,penalty,mga,30,300000,-8236,True,16,-8231,,300000
knapsack,strongly,30,2,penalty,mga,30,300000,-8236,True,17,-8231,,300000
knapsack,strongly,30,2,penalty,mga,30,300000,-8236,True,18,-8227,,300000
knapsack,strongly,30,2,penalty,mga,30,300000,-8236,True,19,-8227,,300000
knapsack,strongly,30,2,penalty,mga,30,300000,-8236,True,20,-8221,,300000
knapsack,strongly,30,2,penalty,mga,30,300000,-8236,True,21,-8236,148693,148693
knapsack,strongly,30,2,penalty,mga,30,300000,-8236,True,22,-8236,122338,122338
knapsack,strongly,30,2,penalty,mga,30,300000,-8236,True,23,-8231,,300000
knapsack,strongly,30,2,penalty,mga,30,300000,-8236,True,24,-8231,,300000
knapsack,strongly,30,2,penalty,mga,30,300000,-8236,True,25,-8224,,300000
knapsack,strongly,30,2,penalty,mga,30,300000,-8236,True,26,-8227,,300000
knapsack,strongly,30,2,penalty,mga,30,300000,-8236,True,27,-8227,,300000
knapsack,strongly,30,2,penalty,mga,30,300000,-8236,True,28,-8231,,300000
knapsack,strongly,30,2,penalty,mga,30,300000,-8236,True,29,-8236,111591,111591
knapsack,strongly,30,2,penalty,mga,30,300000,-8236,True,30,-8236,1342,1342
knapsack,strongly,30,0,repair,floor,30,300000,-8083,True,0,-8083,1673,1673
knapsack,strongly,30,0,repair,floor,30,300000,-8083,True,1,-8083,2460,2460
knapsack,strongly,30,0,repair,floor,30,300000,-8083,True,2,-8083,273,273
knapsack,strongly,30,0,repair,floor,30,300000,-8083,True,3,-8083,275,275
knapsack,strongly,30,0,repair,floor,30,300000,-8083,True,4,-8083,4217,4217
knapsack,strongly,30,0,repair,floor,30,300000,-8083,True,5,-8083,1793,1793
knapsack,strongly,30,0,repair,floor,30,300000,-8083,True,6,-8083,880,880
knapsack,strongly,30,0,repair,floor,30,300000,-8083,True,7,-8083,1060,1060
knapsack,strongly,30,0,repair,floor,30,300000,-8083,True,8,-8083,1913,1913
knapsack,strongly,30,0,repair,floor,30,300000,-8083,True,9,-8083,1761,1761
knapsack,strongly,30,0,repair,floor,30,300000,-8083,True,10,-8083,1426,1426
knapsack,strongly,30,0,repair,floor,30,300000,-8083,True,11,-8083,302,302
knapsack,strongly,30,0,repair,floor,30,300000,-8083,True,12,-8083,1429,1429
knapsack,strongly,30,0,repair,floor,30,300000,-8083,True,13,-8083,426,426
knapsack,strongly,30,0,repair,floor,30,300000,-8083,True,14,-8083,1245,1245
knapsack,strongly,30,0,repair,floor,30,300000,-8083,True,15,-8083,1517,1517
knapsack,strongly,30,0,repair,floor,30,300000,-8083,True,16,-8083,61,61
knapsack,strongly,30,0,repair,floor,30,300000,-8083,True,17,-8083,970,970
knapsack,strongly,30,0,repair,floor,30,300000,-8083,True,18,-8083,274,274
knapsack,strongly,30,0,repair,floor,30,300000,-8083,True,19,-8083,3033,3033
knapsack,strongly,30,0,repair,floor,30,300000,-8083,True,20,-8083,912,912
knapsack,strongly,30,0,repair,floor,30,300000,-8083,True,21,-8083,243,243
knapsack,strongly,30,0,repair,floor,30,300000,-8083,True,22,-8083,274,274
knapsack,strongly,30,0,repair,floor,30,300000,-8083,True,23,-8083,853,853
knapsack,strongly,30,0,repair,floor,30,300000,-8083,True,24,-8083,974,974
knapsack,strongly,30,0,repair,floor,30,300000,-8083,True,25,-8083,304,304
knapsack,strongly,30,0,repair,floor,30,300000,-8083,True,26,-8083,181,181
knapsack,strongly,30,0,repair,floor,30,300000,-8083,True,27,-8083,456,456
knapsack,strongly,30,0,repair,floor,30,300000,-8083,True,28,-8083,1304,1304
knapsack,strongly,30,0,repair,floor,30,300000,-8083,True,29,-8083,1914,1914
knapsack,strongly,30,0,repair,floor,30,300000,-8083,True,30,-8083,879,879
knapsack,strongly,30,2,repair,floor,30,300000,-8236,True,0,-8236,2998,2998
knapsack,strongly,30,2,repair,floor,30,300000,-8236,True,1,-8236,2182,2182
knapsack,strongly,30,2,repair,floor,30,300000,-8236,True,2,-8236,516,516
knapsack,strongly,30,2,repair,floor,30,300000,-8236,True,3,-8236,637,637
knapsack,strongly,30,2,repair,floor,30,300000,-8236,True,4,-8236,3369,3369
knapsack,strongly,30,2,repair,floor,30,300000,-8236,True,5,-8236,2845,2845
knapsack,strongly,30,2,repair,floor,30,300000,-8236,True,6,-8236,667,667
knapsack,strongly,30,2,repair,floor,30,300000,-8236,True,7,-8236,2366,2366
knapsack,strongly,30,2,repair,floor,30,300000,-8236,True,8,-8236,485,485
knapsack,strongly,30,2,repair,floor,30,300000,-8236,True,9,-8236,1029,1029
knapsack,strongly,30,2,repair,floor,30,300000,-8236,True,10,-8236,3148,3148
knapsack,strongly,30,2,repair,floor,30,300000,-8236,True,11,-8236,3547,3547
knapsack,strongly,30,2,repair,floor,30,300000,-8236,True,12,-8236,1939,1939
knapsack,strongly,30,2,repair,floor,30,300000,-8236,True,13,-8236,2724,2724
knapsack,strongly,30,2,repair,floor,30,300000,-8236,True,14,-8236,2305,2305
knapsack,strongly,30,2,repair,floor,30,300000,-8236,True,15,-8236,1575,1575
knapsack,strongly,30,2,repair,floor,30,300000,-8236,True,16,-8236,273,273
knapsack,strongly,30,2,repair,floor,30,300000,-8236,True,17,-8236,4699,4699
knapsack,strongly,30,2,repair,floor,30,300000,-8236,True,18,-8236,1701,1701
knapsack,strongly,30,2,repair,floor,30,300000,-8236,True,19,-8236,728,728
knapsack,strongly,30,2,repair,floor,30,300000,-8236,True,20,-8236,1392,1392
knapsack,strongly,30,2,repair,floor,30,300000,-8236,True,21,-8236,183,183
knapsack,strongly,30,2,repair,floor,30,300000,-8236,True,22,-8236,425,425
knapsack,strongly,30,2,repair,floor,30,300000,-8236,True,23,-8236,971,971
knapsack,strongly,30,2,repair,floor,30,300000,-8236,True,24,-8236,303,303
knapsack,strongly,30,2,repair,floor,30,300000,-8236,True,25,-8236,668,668
knapsack,strongly,30,2,repair,floor,30,300000,-8236,True,26,-8236,485,485
knapsack,strongly,30,2,repair,floor,30,300000,-8236,True,27,-8236,2180,2180
knapsack,strongly,30,2,repair,floor,30,300000,-8236,True,28,-8236,1363,1363
knapsack,strongly,30,2,repair,floor,30,300000,-8236,True,29,-8236,2633,2633
knapsack,strongly,30,2,repair,floor,30,300000,-8236,True,30,-8236,1424,1424
knapsack,strongly,50,0,penalty,floor,50,500000,-16940,True,0,-16494,,500000
knapsack,strongly,50,0,penalty,floor,50,500000,-16940,True,1,-16538,,500000
knapsack,strongly,50,0,penalty,floor,50,500000,-16940,True,2,-16523,,500000
knapsack,strongly,50,0,penalty,floor,50,500000,-16940,True,3,-16538,,500000
knapsack,strongly,50,0,penalty,floor,50,500000,-16940,True,4,-16537,,500000
knapsack,strongly,50,0,penalty,floor,50,500000,-16940,True,5,-16630,,500000
knapsack,strongly,50,0,penalty,floor,50,500000,-16940,True,6,-16628,,500000
knapsack,strongly,50,0,penalty,floor,50,500000,-16940,True,7,-16528,,500000
knapsack,strongly,50,0,penalty,floor,50,500000,-16940,True,8,-16521,,500000
knapsack,strongly,50,0,penalty,floor,50,500000,-16940,True,9,-16615,,500000
knapsack,strongly,50,0,penalty,floor,50,500000,-16940,True,10,-16537,,500000
knapsack,strongly,50,0,penalty,floor,50,500000,-16940,True,11,-16613,,500000
knapsack,strongly,50,0,penalty,floor,50,500000,-16940,True,12,-16539,,500000
knapsack,strongly,50,0,penalty,floor,50,500000,-16940,True,13,-16625,,500000
knapsack,strongly,50,0,penalty,floor,50,500000,-16940,True,14,-16564,,500000
knapsack,strongly,50,0,penalty,floor,50,500000,-16940,True,15,-16721,,500000
knapsack,strongly,50,0,penalty,floor,50,500000,-16940,True,16,-16622,,500000
knapsack,strongly,50,0,penalty,floor,50,500000,-16940,True,17,-16540,,500000
knapsack,strongly,50,0,penalty,floor,50,500000,-16940,True,18,-16534,,500000
knapsack,strongly,50,0,penalty,floor,50,500000,-16940,True,19,-16512,,500000
knapsack,strongly,50,0,penalty,floor,50,500000,-16940,True,20,-16640,,500000
knapsack,strongly,50,0,penalty,floor,50,500000,-16940,True,21,-16440,,500000
knapsack,strongly,50,0,penalty,floor,50,500000,-16940,True,22,-16533,,500000
knapsack,strongly,50,0,penalty,floor,50,500000,-16940,True,23,-16598,,500000
knapsack,strongly,50,0,penalty,floor,50,500000,-16940,True,24,-16539,,500000
knapsack,strongly,50,0,penalty,floor,50,500000,-16940,True,25,-16522,,500000
knapsack,strongly,50,0,penalty,floor,50,500000,-16940,True,26,-16540,,500000
knapsack,strongly,50,0,penalty,floor,50,500000,-16940,True,27,-16632,,500000
knapsack,strongly,50,0,penalty,floor,50,500000,-16940,True,28,-16503,,500000
knapsack,strongly,50,0,penalty,floor,50,500000,-16940,True,29,-16540,,500000
knapsack,strongly,50,0,penalty,floor,50,500000,-16940,True,30,-16631,,500000
knapsack,strongly,50,0,penalty,ils,50,500000,-16940,True,0,-16840,,500000
knapsack,strongly,50,0,penalty,ils,50,500000,-16940,True,1,-16915,,500000
knapsack,strongly,50,0,penalty,ils,50,500000,-16940,True,2,-16936,,500000
knapsack,strongly,50,0,penalty,ils,50,500000,-16940,True,3,-16840,,500000
knapsack,strongly,50,0,penalty,ils,50,500000,-16940,True,4,-16840,,500000
knapsack,strongly,50,0,penalty,ils,50,500000,-16940,True,5,-16940,109337,109337
knapsack,strongly,50,0,penalty,ils,50,500000,-16940,True,6,-16933,,500000
knapsack,strongly,50,0,penalty,ils,50,500000,-16940,True,7,-16840,,500000
knapsack,strongly,50,0,penalty,ils,50,500000,-16940,True,8,-16840,,500000
knapsack,strongly,50,0,penalty,ils,50,500000,-16940,True,9,-16937,,500000
knapsack,strongly,50,0,penalty,ils,50,500000,-16940,True,10,-16840,,500000
knapsack,strongly,50,0,penalty,ils,50,500000,-16940,True,11,-16840,,500000
knapsack,strongly,50,0,penalty,ils,50,500000,-16940,True,12,-16933,,500000
knapsack,strongly,50,0,penalty,ils,50,500000,-16940,True,13,-16939,,500000
knapsack,strongly,50,0,penalty,ils,50,500000,-16940,True,14,-16915,,500000
knapsack,strongly,50,0,penalty,ils,50,500000,-16940,True,15,-16939,,500000
knapsack,strongly,50,0,penalty,ils,50,500000,-16940,True,16,-16937,,500000
knapsack,strongly,50,0,penalty,ils,50,500000,-16940,True,17,-16933,,500000
knapsack,strongly,50,0,penalty,ils,50,500000,-16940,True,18,-16840,,500000
knapsack,strongly,50,0,penalty,ils,50,500000,-16940,True,19,-16840,,500000
knapsack,strongly,50,0,penalty,ils,50,500000,-16940,True,20,-16915,,500000
knapsack,strongly,50,0,penalty,ils,50,500000,-16940,True,21,-16915,,500000
knapsack,strongly,50,0,penalty,ils,50,500000,-16940,True,22,-16840,,500000
knapsack,strongly,50,0,penalty,ils,50,500000,-16940,True,23,-16840,,500000
knapsack,strongly,50,0,penalty,ils,50,500000,-16940,True,24,-16937,,500000
knapsack,strongly,50,0,penalty,ils,50,500000,-16940,True,25,-16939,,500000
knapsack,strongly,50,0,penalty,ils,50,500000,-16940,True,26,-16840,,500000
knapsack,strongly,50,0,penalty,ils,50,500000,-16940,True,27,-16939,,500000
knapsack,strongly,50,0,penalty,ils,50,500000,-16940,True,28,-16940,295648,295648
knapsack,strongly,50,0,penalty,ils,50,500000,-16940,True,29,-16840,,500000
knapsack,strongly,50,0,penalty,ils,50,500000,-16940,True,30,-16840,,500000
knapsack,strongly,50,0,penalty,mga,50,500000,-16940,True,0,-16839,,500000
knapsack,strongly,50,0,penalty,mga,50,500000,-16940,True,1,-16839,,500000
knapsack,strongly,50,0,penalty,mga,50,500000,-16940,True,2,-16839,,500000
knapsack,strongly,50,0,penalty,mga,50,500000,-16940,True,3,-16839,,500000
knapsack,strongly,50,0,penalty,mga,50,500000,-16940,True,4,-16840,,500000
knapsack,strongly,50,0,penalty,mga,50,500000,-16940,True,5,-16740,,500000
knapsack,strongly,50,0,penalty,mga,50,500000,-16940,True,6,-16840,,500000
knapsack,strongly,50,0,penalty,mga,50,500000,-16940,True,7,-16915,,500000
knapsack,strongly,50,0,penalty,mga,50,500000,-16940,True,8,-16838,,500000
knapsack,strongly,50,0,penalty,mga,50,500000,-16940,True,9,-16840,,500000
knapsack,strongly,50,0,penalty,mga,50,500000,-16940,True,10,-16933,,500000
knapsack,strongly,50,0,penalty,mga,50,500000,-16940,True,11,-16840,,500000
knapsack,strongly,50,0,penalty,mga,50,500000,-16940,True,12,-16931,,500000
knapsack,strongly,50,0,penalty,mga,50,500000,-16940,True,13,-16840,,500000
knapsack,strongly,50,0,penalty,mga,50,500000,-16940,True,14,-16915,,500000
knapsack,strongly,50,0,penalty,mga,50,500000,-16940,True,15,-16920,,500000
knapsack,strongly,50,0,penalty,mga,50,500000,-16940,True,16,-16840,,500000
knapsack,strongly,50,0,penalty,mga,50,500000,-16940,True,17,-16840,,500000
knapsack,strongly,50,0,penalty,mga,50,500000,-16940,True,18,-16840,,500000
knapsack,strongly,50,0,penalty,mga,50,500000,-16940,True,19,-16840,,500000
knapsack,strongly,50,0,penalty,mga,50,500000,-16940,True,20,-16840,,500000
knapsack,strongly,50,0,penalty,mga,50,500000,-16940,True,21,-16938,,500000
knapsack,strongly,50,0,penalty,mga,50,500000,-16940,True,22,-16838,,500000
knapsack,strongly,50,0,penalty,mga,50,500000,-16940,True,23,-16840,,500000
knapsack,strongly,50,0,penalty,mga,50,500000,-16940,True,24,-16839,,500000
knapsack,strongly,50,0,penalty,mga,50,500000,-16940,True,25,-16840,,500000
knapsack,strongly,50,0,penalty,mga,50,500000,-16940,True,26,-16840,,500000
knapsack,strongly,50,0,penalty,mga,50,500000,-16940,True,27,-16840,,500000
knapsack,strongly,50,0,penalty,mga,50,500000,-16940,True,28,-16838,,500000
knapsack,strongly,50,0,penalty,mga,50,500000,-16940,True,29,-16838,,500000
knapsack,strongly,50,0,penalty,mga,50,500000,-16940,True,30,-16840,,500000
knapsack,strongly,30,0,repair,ils,30,300000,-8083,True,0,-8083,644,644
knapsack,strongly,30,0,repair,ils,30,300000,-8083,True,1,-8083,724,724
knapsack,strongly,30,0,repair,ils,30,300000,-8083,True,2,-8083,7265,7265
knapsack,strongly,30,0,repair,ils,30,300000,-8083,True,3,-8083,400,400
knapsack,strongly,30,0,repair,ils,30,300000,-8083,True,4,-8083,924,924
knapsack,strongly,30,0,repair,ils,30,300000,-8083,True,5,-8083,652,652
knapsack,strongly,30,0,repair,ils,30,300000,-8083,True,6,-8083,1189,1189
knapsack,strongly,30,0,repair,ils,30,300000,-8083,True,7,-8083,2339,2339
knapsack,strongly,30,0,repair,ils,30,300000,-8083,True,8,-8083,224,224
knapsack,strongly,30,0,repair,ils,30,300000,-8083,True,9,-8083,1553,1553
knapsack,strongly,30,0,repair,ils,30,300000,-8083,True,10,-8083,1414,1414
knapsack,strongly,30,0,repair,ils,30,300000,-8083,True,11,-8083,388,388
knapsack,strongly,30,0,repair,ils,30,300000,-8083,True,12,-8083,1899,1899
knapsack,strongly,30,0,repair,ils,30,300000,-8083,True,13,-8083,1509,1509
knapsack,strongly,30,0,repair,ils,30,300000,-8083,True,14,-8083,2545,2545
knapsack,strongly,30,0,repair,ils,30,300000,-8083,True,15,-8083,645,645
knapsack,strongly,30,0,repair,ils,30,300000,-8083,True,16,-8083,427,427
knapsack,strongly,30,0,repair,ils,30,300000,-8083,True,17,-8083,3078,3078
knapsack,strongly,30,0,repair,ils,30,300000,-8083,True,18,-8083,2966,2966
knapsack,strongly,30,0,repair,ils,30,300000,-8083,True,19,-8083,479,479
knapsack,strongly,30,0,repair,ils,30,300000,-8083,True,20,-8083,1987,1987
knapsack,strongly,30,0,repair,ils,30,300000,-8083,True,21,-8083,5396,5396
knapsack,strongly,30,0,repair,ils,30,300000,-8083,True,22,-8083,249,249
knapsack,strongly,30,0,repair,ils,30,300000,-8083,True,23,-8083,208,208
knapsack,strongly,30,0,repair,ils,30,300000,-8083,True,24,-8083,329,329
knapsack,strongly,30,0,repair,ils,30,300000,-8083,True,25,-8083,623,623
knapsack,strongly,30,0,repair,ils,30,300000,-8083,True,26,-8083,19381,19381
knapsack,strongly,30,0,repair,ils,30,300000,-8083,True,27,-8083,998,998
knapsack,strongly,30,0,repair,ils,30,300000,-8083,True,28,-8083,361,361
knapsack,strongly,30,0,repair,ils,30,300000,-8083,True,29,-8083,1652,1652
knapsack,strongly,30,0,repair,ils,30,300000,-8083,True,30,-8083,357,357
knapsack,strongly,30,2,repair,ils,30,300000,-8236,True,0,-8236,1311,1311
knapsack,strongly,30,2,repair,ils,30,300000,-8236,True,1,-8236,1508,1508
knapsack,strongly,30,2,repair,ils,30,300000,-8236,True,2,-8236,16628,16628
knapsack,strongly,30,2,repair,ils,30,300000,-8236,True,3,-8236,2780,2780
knapsack,strongly,30,2,repair,ils,30,300000,-8236,True,4,-8236,385,385
knapsack,strongly,30,2,repair,ils,30,300000,-8236,True,5,-8236,2444,2444
knapsack,strongly,30,2,repair,ils,30,300000,-8236,True,6,-8236,888,888
knapsack,strongly,30,2,repair,ils,30,300000,-8236,True,7,-8236,9735,9735
knapsack,strongly,30,2,repair,ils,30,300000,-8236,True,8,-8236,5448,5448
knapsack,strongly,30,2,repair,ils,30,300000,-8236,True,9,-8236,1023,1023
knapsack,strongly,30,2,repair,ils,30,300000,-8236,True,10,-8236,236,236
knapsack,strongly,30,2,repair,ils,30,300000,-8236,True,11,-8236,85,85
knapsack,strongly,30,2,repair,ils,30,300000,-8236,True,12,-8236,1747,1747
knapsack,strongly,30,2,repair,ils,30,300000,-8236,True,13,-8236,376,376
knapsack,strongly,30,2,repair,ils,30,300000,-8236,True,14,-8236,872,872
knapsack,strongly,30,2,repair,ils,30,300000,-8236,True,15,-8236,8192,8192
knapsack,strongly,30,2,repair,ils,30,300000,-8236,True,16,-8236,192,192
knapsack,strongly,30,2,repair,ils,30,300000,-8236,True,17,-8236,1297,1297
knapsack,strongly,30,2,repair,ils,30,300000,-8236,True,18,-8236,3261,3261
knapsack,strongly,30,2,repair,ils,30,300000,-8236,True,19,-8236,5651,5651
knapsack,strongly,30,2,repair,ils,30,300000,-8236,True,20,-8236,556,556
knapsack,strongly,30,2,repair,ils,30,300000,-8236,True,21,-8236,892,892
knapsack,strongly,30,2,repair,ils,30,300000,-8236,True,22,-8236,12404,12404
knapsack,strongly,30,2,repair,ils,30,300000,-8236,True,23,-8236,290,290
knapsack,strongly,30,2,repair,ils,30,300000,-8236,True,24,-8236,1359,1359
knapsack,strongly,30,2,repair,ils,30,300000,-8236,True,25,-8236,623,623
knapsack,strongly,30,2,repair,ils,30,300000,-8236,True,26,-8236,13881,13881
knapsack,strongly,30,2,repair,ils,30,300000,-8236,True,27,-8236,1601,1601
knapsack,strongly,30,2,repair,ils,30,300000,-8236,True,28,-8236,2650,2650
knapsack,strongly,30,2,repair,ils,30,300000,-8236,True,29,-8236,539,539
knapsack,strongly,30,2,repair,ils,30,300000,-8236,True,30,-8236,3851,3851
knapsack,strongly,30,1,repair,ils,30,300000,-8991,True,0,-8991,2985,2985
knapsack,strongly,30,1,repair,ils,30,300000,-8991,True,1,-8991,2141,2141
knapsack,strongly,30,1,repair,ils,30,300000,-8991,True,2,-8991,23677,23677
knapsack,strongly,30,1,repair,ils,30,300000,-8991,True,3,-8991,10994,10994
knapsack,strongly,30,1,repair,ils,30,300000,-8991,True,4,-8991,3585,3585
knapsack,strongly,30,1,repair,ils,30,300000,-8991,True,5,-8991,1752,1752
knapsack,strongly,30,1,repair,ils,30,300000,-8991,True,6,-8991,472,472
knapsack,strongly,30,1,repair,ils,30,300000,-8991,True,7,-8991,10995,10995
knapsack,strongly,30,1,repair,ils,30,300000,-8991,True,8,-8991,6728,6728
knapsack,strongly,30,1,repair,ils,30,300000,-8991,True,9,-8991,24685,24685
knapsack,strongly,30,1,repair,ils,30,300000,-8991,True,10,-8991,5051,5051
knapsack,strongly,30,1,repair,ils,30,300000,-8991,True,11,-8991,10550,10550
knapsack,strongly,30,1,repair,ils,30,300000,-8991,True,12,-8991,1312,1312
knapsack,strongly,30,1,repair,ils,30,300000,-8991,True,13,-8991,23511,23511
knapsack,strongly,30,1,repair,ils,30,300000,-8991,True,14,-8991,37666,37666
knapsack,strongly,30,1,repair,ils,30,300000,-8991,True,15,-8991,1429,1429
knapsack,strongly,30,1,repair,ils,30,300000,-8991,True,16,-8991,22859,22859
knapsack,strongly,30,1,repair,ils,30,300000,-8991,True,17,-8991,954,954
knapsack,strongly,30,1,repair,ils,30,300000,-8991,True,18,-8991,760,760
knapsack,strongly,30,1,repair,ils,30,300000,-8991,True,19,-8991,30897,30897
knapsack,strongly,30,1,repair,ils,30,300000,-8991,True,20,-8991,756,756
knapsack,strongly,30,1,repair,ils,30,300000,-8991,True,21,-8991,1778,1778
knapsack,strongly,30,1,repair,ils,30,300000,-8991,True,22,-8991,6992,6992
knapsack,strongly,30,1,repair,ils,30,300000,-8991,True,23,-8991,2421,2421
knapsack,strongly,30,1,repair,ils,30,300000,-8991,True,24,-8991,23968,23968
knapsack,strongly,30,1,repair,ils,30,300000,-8991,True,25,-8991,389,389
knapsack,strongly,30,1,repair,ils,30,300000,-8991,True,26,-8991,5086,5086
knapsack,strongly,30,1,repair,ils,30,300000,-8991,True,27,-8991,21237,21237
knapsack,strongly,30,1,repair,ils,30,300000,-8991,True,28,-8991,12120,12120
knapsack,strongly,30,1,repair,ils,30,300000,-8991,True,29,-8991,37288,37288
knapsack,strongly,30,1,repair,ils,30,300000,-8991,True,30,-8991,570,570
knapsack,strongly,50,1,penalty,floor,50,500000,-16379,True,0,-16134,,500000
knapsack,strongly,50,1,penalty,floor,50,500000,-16379,True,1,-16169,,500000
knapsack,strongly,50,1,penalty,floor,50,500000,-16379,True,2,-16157,,500000
knapsack,strongly,50,1,penalty,floor,50,500000,-16379,True,3,-16079,,500000
knapsack,strongly,50,1,penalty,floor,50,500000,-16379,True,4,-16169,,500000
knapsack,strongly,50,1,penalty,floor,50,500000,-16379,True,5,-16074,,500000
knapsack,strongly,50,1,penalty,floor,50,500000,-16379,True,6,-16173,,500000
knapsack,strongly,50,1,penalty,floor,50,500000,-16379,True,7,-16177,,500000
knapsack,strongly,50,1,penalty,floor,50,500000,-16379,True,8,-16176,,500000
knapsack,strongly,50,1,penalty,floor,50,500000,-16379,True,9,-16251,,500000
knapsack,strongly,50,1,penalty,floor,50,500000,-16379,True,10,-16176,,500000
knapsack,strongly,50,1,penalty,floor,50,500000,-16379,True,11,-16078,,500000
knapsack,strongly,50,1,penalty,floor,50,500000,-16379,True,12,-16135,,500000
knapsack,strongly,50,1,penalty,floor,50,500000,-16379,True,13,-16079,,500000
knapsack,strongly,50,1,penalty,floor,50,500000,-16379,True,14,-16172,,500000
knapsack,strongly,50,1,penalty,floor,50,500000,-16379,True,15,-16162,,500000
knapsack,strongly,50,1,penalty,floor,50,500000,-16379,True,16,-16177,,500000
knapsack,strongly,50,1,penalty,floor,50,500000,-16379,True,17,-16175,,500000
knapsack,strongly,50,1,penalty,floor,50,500000,-16379,True,18,-16168,,500000
knapsack,strongly,50,1,penalty,floor,50,500000,-16379,True,19,-16237,,500000
knapsack,strongly,50,1,penalty,floor,50,500000,-16379,True,20,-16074,,500000
knapsack,strongly,50,1,penalty,floor,50,500000,-16379,True,21,-16168,,500000
knapsack,strongly,50,1,penalty,floor,50,500000,-16379,True,22,-16172,,500000
knapsack,strongly,50,1,penalty,floor,50,500000,-16379,True,23,-16168,,500000
knapsack,strongly,50,1,penalty,floor,50,500000,-16379,True,24,-16233,,500000
knapsack,strongly,50,1,penalty,floor,50,500000,-16379,True,25,-16179,,500000
knapsack,strongly,50,1,penalty,floor,50,500000,-16379,True,26,-16167,,500000
knapsack,strongly,50,1,penalty,floor,50,500000,-16379,True,27,-16134,,500000
knapsack,strongly,50,1,penalty,floor,50,500000,-16379,True,28,-16175,,500000
knapsack,strongly,50,1,penalty,floor,50,500000,-16379,True,29,-16164,,500000
knapsack,strongly,50,1,penalty,floor,50,500000,-16379,True,30,-16136,,500000
knapsack,strongly,50,1,penalty,ils,50,500000,-16379,True,0,-16379,30337,30337
knapsack,strongly,50,1,penalty,ils,50,500000,-16379,True,1,-16379,339495,339495
knapsack,strongly,50,1,penalty,ils,50,500000,-16379,True,2,-16379,356890,356890
knapsack,strongly,50,1,penalty,ils,50,500000,-16379,True,3,-16279,,500000
knapsack,strongly,50,1,penalty,ils,50,500000,-16379,True,4,-16279,,500000
knapsack,strongly,50,1,penalty,ils,50,500000,-16379,True,5,-16279,,500000
knapsack,strongly,50,1,penalty,ils,50,500000,-16379,True,6,-16379,137619,137619
knapsack,strongly,50,1,penalty,ils,50,500000,-16379,True,7,-16279,,500000
knapsack,strongly,50,1,penalty,ils,50,500000,-16379,True,8,-16379,256140,256140
knapsack,strongly,50,1,penalty,ils,50,500000,-16379,True,9,-16279,,500000
knapsack,strongly,50,1,penalty,ils,50,500000,-16379,True,10,-16279,,500000
knapsack,strongly,50,1,penalty,ils,50,500000,-16379,True,11,-16379,76610,76610
knapsack,strongly,50,1,penalty,ils,50,500000,-16379,True,12,-16379,5301,5301
knapsack,strongly,50,1,penalty,ils,50,500000,-16379,True,13,-16379,126583,126583
knapsack,strongly,50,1,penalty,ils,50,500000,-16379,True,14,-16378,,500000
knapsack,strongly,50,1,penalty,ils,50,500000,-16379,True,15,-16378,,500000
knapsack,strongly,50,1,penalty,ils,50,500000,-16379,True,16,-16279,,500000
knapsack,strongly,50,1,penalty,ils,50,500000,-16379,True,17,-16379,279155,279155
knapsack,strongly,50,1,penalty,ils,50,500000,-16379,True,18,-16279,,500000
knapsack,strongly,50,1,penalty,ils,50,500000,-16379,True,19,-16379,270422,270422
knapsack,strongly,50,1,penalty,ils,50,500000,-16379,True,20,-16279,,500000
knapsack,strongly,50,1,penalty,ils,50,500000,-16379,True,21,-16373,,500000
knapsack,strongly,50,1,penalty,ils,50,500000,-16379,True,22,-16279,,500000
knapsack,strongly,50,1,penalty,ils,50,500000,-16379,True,23,-16379,481141,481141
knapsack,strongly,50,1,penalty,ils,50,500000,-16379,True,24,-16279,,500000
knapsack,strongly,50,1,penalty,ils,50,500000,-16379,True,25,-16379,258489,258489
knapsack,strongly,50,1,penalty,ils,50,500000,-16379,True,26,-16379,380871,380871
knapsack,strongly,50,1,penalty,ils,50,500000,-16379,True,27,-16279,,500000
knapsack,strongly,50,1,penalty,ils,50,500000,-16379,True,28,-16379,342839,342839
knapsack,strongly,50,1,penalty,ils,50,500000,-16379,True,29,-16279,,500000
knapsack,strongly,50,1,penalty,ils,50,500000,-16379,True,30,-16279,,500000
knapsack,strongly,50,1,penalty,mga,50,500000,-16379,True,0,-16379,179128,179128
knapsack,strongly,50,1,penalty,mga,50,500000,-16379,True,1,-16279,,500000
knapsack,strongly,50,1,penalty,mga,50,500000,-16379,True,2,-16377,,500000
knapsack,strongly,50,1,penalty,mga,50,500000,-16379,True,3,-16279,,500000
knapsack,strongly,50,1,penalty,mga,50,500000,-16379,True,4,-16279,,500000
knapsack,strongly,50,1,penalty,mga,50,500000,-16379,True,5,-16278,,500000
knapsack,strongly,50,1,penalty,mga,50,500000,-16379,True,6,-16278,,500000
knapsack,strongly,50,1,penalty,mga,50,500000,-16379,True,7,-16279,,500000
knapsack,strongly,50,1,penalty,mga,50,500000,-16379,True,8,-16378,,500000
knapsack,strongly,50,1,penalty,mga,50,500000,-16379,True,9,-16276,,500000
knapsack,strongly,50,1,penalty,mga,50,500000,-16379,True,10,-16379,323464,323464
knapsack,strongly,50,1,penalty,mga,50,500000,-16379,True,11,-16279,,500000
knapsack,strongly,50,1,penalty,mga,50,500000,-16379,True,12,-16279,,500000
knapsack,strongly,50,1,penalty,mga,50,500000,-16379,True,13,-16279,,500000
knapsack,strongly,50,1,penalty,mga,50,500000,-16379,True,14,-16376,,500000
knapsack,strongly,50,1,penalty,mga,50,500000,-16379,True,15,-16379,407863,407863
knapsack,strongly,50,1,penalty,mga,50,500000,-16379,True,16,-16279,,500000
knapsack,strongly,50,1,penalty,mga,50,500000,-16379,True,17,-16279,,500000
knapsack,strongly,50,1,penalty,mga,50,500000,-16379,True,18,-16279,,500000
knapsack,strongly,50,1,penalty,mga,50,500000,-16379,True,19,-16279,,500000
knapsack,strongly,50,1,penalty,mga,50,500000,-16379,True,20,-16279,,500000
knapsack,strongly,50,1,penalty,mga,50,500000,-16379,True,21,-16279,,500000
knapsack,strongly,50,1,penalty,mga,50,500000,-16379,True,22,-16379,57474,57474
knapsack,strongly,50,1,penalty,mga,50,500000,-16379,True,23,-16379,381747,381747
knapsack,strongly,50,1,penalty,mga,50,500000,-16379,True,24,-16279,,500000
knapsack,strongly,50,1,penalty,mga,50,500000,-16379,True,25,-16379,176943,176943
knapsack,strongly,50,1,penalty,mga,50,500000,-16379,True,26,-16279,,500000
knapsack,strongly,50,1,penalty,mga,50,500000,-16379,True,27,-16279,,500000
knapsack,strongly,50,1,penalty,mga,50,500000,-16379,True,28,-16278,,500000
knapsack,strongly,50,1,penalty,mga,50,500000,-16379,True,29,-16379,158811,158811
knapsack,strongly,50,1,penalty,mga,50,500000,-16379,True,30,-16279,,500000
knapsack,strongly,30,1,repair,floor,30,300000,-8991,True,0,-8991,12664,12664
knapsack,strongly,30,1,repair,floor,30,300000,-8991,True,1,-8991,25342,25342
knapsack,strongly,30,1,repair,floor,30,300000,-8991,True,2,-8991,20513,20513
knapsack,strongly,30,1,repair,floor,30,300000,-8991,True,3,-8991,16081,16081
knapsack,strongly,30,1,repair,floor,30,300000,-8991,True,4,-8991,15132,15132
knapsack,strongly,30,1,repair,floor,30,300000,-8991,True,5,-8991,1365,1365
knapsack,strongly,30,1,repair,floor,30,300000,-8991,True,6,-8991,9446,9446
knapsack,strongly,30,1,repair,floor,30,300000,-8991,True,7,-8991,21729,21729
knapsack,strongly,30,1,repair,floor,30,300000,-8991,True,8,-8991,15195,15195
knapsack,strongly,30,1,repair,floor,30,300000,-8991,True,9,-8991,25136,25136
knapsack,strongly,30,1,repair,floor,30,300000,-8991,True,10,-8991,10303,10303
knapsack,strongly,30,1,repair,floor,30,300000,-8991,True,11,-8991,34293,34293
knapsack,strongly,30,1,repair,floor,30,300000,-8991,True,12,-8991,28596,28596
knapsack,strongly,30,1,repair,floor,30,300000,-8991,True,13,-8991,7198,7198
knapsack,strongly,30,1,repair,floor,30,300000,-8991,True,14,-8991,7746,7746
knapsack,strongly,30,1,repair,floor,30,300000,-8991,True,15,-8991,1763,1763
knapsack,strongly,30,1,repair,floor,30,300000,-8991,True,16,-8991,4587,4587
knapsack,strongly,30,1,repair,floor,30,300000,-8991,True,17,-8991,10059,10059
knapsack,strongly,30,1,repair,floor,30,300000,-8991,True,18,-8991,1065,1065
knapsack,strongly,30,1,repair,floor,30,300000,-8991,True,19,-8991,7872,7872
knapsack,strongly,30,1,repair,floor,30,300000,-8991,True,20,-8991,36504,36504
knapsack,strongly,30,1,repair,floor,30,300000,-8991,True,21,-8991,5134,5134
knapsack,strongly,30,1,repair,floor,30,300000,-8991,True,22,-8991,3554,3554
knapsack,strongly,30,1,repair,floor,30,300000,-8991,True,23,-8991,1152,1152
knapsack,strongly,30,1,repair,floor,30,300000,-8991,True,24,-8991,639,639
knapsack,strongly,30,1,repair,floor,30,300000,-8991,True,25,-8991,3797,3797
knapsack,strongly,30,1,repair,floor,30,300000,-8991,True,26,-8991,14978,14978
knapsack,strongly,30,1,repair,floor,30,300000,-8991,True,27,-8991,10941,10941
knapsack,strongly,30,1,repair,floor,30,300000,-8991,True,28,-8991,9873,9873
knapsack,strongly,30,1,repair,floor,30,300000,-8991,True,29,-8991,31094,31094
knapsack,strongly,30,1,repair,floor,30,300000,-8991,True,30,-8991,7684,7684
knapsack,strongly,30,2,repair,mga,30,300000,-8236,True,0,-8236,10350,10350
knapsack,strongly,30,2,repair,mga,30,300000,-8236,True,1,-8236,15827,15827
knapsack,strongly,30,2,repair,mga,30,300000,-8236,True,2,-8236,10170,10170
knapsack,strongly,30,2,repair,mga,30,300000,-8236,True,3,-8236,7470,7470
knapsack,strongly,30,2,repair,mga,30,300000,-8236,True,4,-8236,99,99
knapsack,strongly,30,2,repair,mga,30,300000,-8236,True,5,-8236,4050,4050
knapsack,strongly,30,2,repair,mga,30,300000,-8236,True,6,-8236,30,30
knapsack,strongly,30,2,repair,mga,30,300000,-8236,True,7,-8236,39696,39696
knapsack,strongly,30,2,repair,mga,30,300000,-8236,True,8,-8236,49066,49066
knapsack,strongly,30,2,repair,mga,30,300000,-8236,True,9,-8236,30,30
knapsack,strongly,30,2,repair,mga,30,300000,-8236,True,10,-8236,2621,2621
knapsack,strongly,30,2,repair,mga,30,300000,-8236,True,11,-8236,91718,91718
knapsack,strongly,30,2,repair,mga,30,300000,-8236,True,12,-8236,19362,19362
knapsack,strongly,30,2,repair,mga,30,300000,-8236,True,13,-8236,2590,2590
knapsack,strongly,30,2,repair,mga,30,300000,-8236,True,14,-8236,30,30
knapsack,strongly,30,2,repair,mga,30,300000,-8236,True,15,-8236,90,90
knapsack,strongly,30,2,repair,mga,30,300000,-8236,True,16,-8236,2932,2932
knapsack,strongly,30,2,repair,mga,30,300000,-8236,True,17,-8236,5105,5105
knapsack,strongly,30,2,repair,mga,30,300000,-8236,True,18,-8236,330,330
knapsack,strongly,30,2,repair,mga,30,300000,-8236,True,19,-8236,95,95
knapsack,strongly,30,2,repair,mga,30,300000,-8236,True,20,-8236,210,210
knapsack,strongly,30,2,repair,mga,30,300000,-8236,True,21,-8236,90,90
knapsack,strongly,30,2,repair,mga,30,300000,-8236,True,22,-8236,119,119
knapsack,strongly,30,2,repair,mga,30,300000,-8236,True,23,-8236,17490,17490
knapsack,strongly,30,2,repair,mga,30,300000,-8236,True,24,-8236,5556,5556
knapsack,strongly,30,2,repair,mga,30,300000,-8236,True,25,-8236,5730,5730
knapsack,strongly,30,2,repair,mga,30,300000,-8236,True,26,-8236,26130,26130
knapsack,strongly,30,2,repair,mga,30,300000,-8236,True,27,-8236,341,341
knapsack,strongly,30,2,repair,mga,30,300000,-8236,True,28,-8236,29056,29056
knapsack,strongly,30,2,repair,mga,30,300000,-8236,True,29,-8236,18930,18930
knapsack,strongly,30,2,repair,mga,30,300000,-8236,True,30,-8236,8259,8259
knapsack,strongly,50,1,repair,ils,50,500000,-16379,True,0,-16379,9750,9750
knapsack,strongly,50,1,repair,ils,50,500000,-16379,True,1,-16379,21211,21211
knapsack,strongly,50,1,repair,ils,50,500000,-16379,True,2,-16379,11462,11462
knapsack,strongly,50,1,repair,ils,50,500000,-16379,True,3,-16379,5405,5405
knapsack,strongly,50,1,repair,ils,50,500000,-16379,True,4,-16379,3816,3816
knapsack,strongly,50,1,repair,ils,50,500000,-16379,True,5,-16379,1797,1797
knapsack,strongly,50,1,repair,ils,50,500000,-16379,True,6,-16379,22818,22818
knapsack,strongly,50,1,repair,ils,50,500000,-16379,True,7,-16379,1122,1122
knapsack,strongly,50,1,repair,ils,50,500000,-16379,True,8,-16379,3998,3998
knapsack,strongly,50,1,repair,ils,50,500000,-16379,True,9,-16379,17041,17041
knapsack,strongly,50,1,repair,ils,50,500000,-16379,True,10,-16379,16572,16572
knapsack,strongly,50,1,repair,ils,50,500000,-16379,True,11,-16379,2537,2537
knapsack,strongly,50,1,repair,ils,50,500000,-16379,True,12,-16379,8636,8636
knapsack,strongly,50,1,repair,ils,50,500000,-16379,True,13,-16379,5716,5716
knapsack,strongly,50,1,repair,ils,50,500000,-16379,True,14,-16379,48844,48844
knapsack,strongly,50,1,repair,ils,50,500000,-16379,True,15,-16379,13329,13329
knapsack,strongly,50,1,repair,ils,50,500000,-16379,True,16,-16379,13120,13120
knapsack,strongly,50,1,repair,ils,50,500000,-16379,True,17,-16379,1012,1012
knapsack,strongly,50,1,repair,ils,50,500000,-16379,True,18,-16379,1436,1436
knapsack,strongly,50,1,repair,ils,50,500000,-16379,True,19,-16379,5626,5626
knapsack,strongly,50,1,repair,ils,50,500000,-16379,True,20,-16379,3941,3941
knapsack,strongly,50,1,repair,ils,50,500000,-16379,True,21,-16379,4897,4897
knapsack,strongly,50,1,repair,ils,50,500000,-16379,True,22,-16379,769,769
knapsack,strongly,50,1,repair,ils,50,500000,-16379,True,23,-16379,23527,23527
knapsack,strongly,50,1,repair,ils,50,500000,-16379,True,24,-16379,49656,49656
knapsack,strongly,50,1,repair,ils,50,500000,-16379,True,25,-16379,7489,7489
knapsack,strongly,50,1,repair,ils,50,500000,-16379,True,26,-16379,3609,3609
knapsack,strongly,50,1,repair,ils,50,500000,-16379,True,27,-16379,22111,22111
knapsack,strongly,50,1,repair,ils,50,500000,-16379,True,28,-16379,20461,20461
knapsack,strongly,50,1,repair,ils,50,500000,-16379,True,29,-16379,1170,1170
knapsack,strongly,50,1,repair,ils,50,500000,-16379,True,30,-16379,3930,3930
knapsack,strongly,50,2,penalty,floor,50,500000,-16778,True,0,-16466,,500000
knapsack,strongly,50,2,penalty,floor,50,500000,-16778,True,1,-16477,,500000
knapsack,strongly,50,2,penalty,floor,50,500000,-16778,True,2,-16418,,500000
knapsack,strongly,50,2,penalty,floor,50,500000,-16778,True,3,-16456,,500000
knapsack,strongly,50,2,penalty,floor,50,500000,-16778,True,4,-16378,,500000
knapsack,strongly,50,2,penalty,floor,50,500000,-16778,True,5,-16471,,500000
knapsack,strongly,50,2,penalty,floor,50,500000,-16778,True,6,-16406,,500000
knapsack,strongly,50,2,penalty,floor,50,500000,-16778,True,7,-16457,,500000
knapsack,strongly,50,2,penalty,floor,50,500000,-16778,True,8,-16468,,500000
knapsack,strongly,50,2,penalty,floor,50,500000,-16778,True,9,-16473,,500000
knapsack,strongly,50,2,penalty,floor,50,500000,-16778,True,10,-16462,,500000
knapsack,strongly,50,2,penalty,floor,50,500000,-16778,True,11,-16472,,500000
knapsack,strongly,50,2,penalty,floor,50,500000,-16778,True,12,-16478,,500000
knapsack,strongly,50,2,penalty,floor,50,500000,-16778,True,13,-16478,,500000
knapsack,strongly,50,2,penalty,floor,50,500000,-16778,True,14,-16442,,500000
knapsack,strongly,50,2,penalty,floor,50,500000,-16778,True,15,-16477,,500000
knapsack,strongly,50,2,penalty,floor,50,500000,-16778,True,16,-16571,,500000
knapsack,strongly,50,2,penalty,floor,50,500000,-16778,True,17,-16378,,500000
knapsack,strongly,50,2,penalty,floor,50,500000,-16778,True,18,-16478,,500000
knapsack,strongly,50,2,penalty,floor,50,500000,-16778,True,19,-16472,,500000
knapsack,strongly,50,2,penalty,floor,50,500000,-16778,True,20,-16476,,500000
knapsack,strongly,50,2,penalty,floor,50,500000,-16778,True,21,-16468,,500000
knapsack,strongly,50,2,penalty,floor,50,500000,-16778,True,22,-16469,,500000
knapsack,strongly,50,2,penalty,floor,50,500000,-16778,True,23,-16476,,500000
knapsack,strongly,50,2,penalty,floor,50,500000,-16778,True,24,-16468,,500000
knapsack,strongly,50,2,penalty,floor,50,500000,-16778,True,25,-16465,,500000
knapsack,strongly,50,2,penalty,floor,50,500000,-16778,True,26,-16467,,500000
knapsack,strongly,50,2,penalty,floor,50,500000,-16778,True,27,-16476,,500000
knapsack,strongly,50,2,penalty,floor,50,500000,-16778,True,28,-16467,,500000
knapsack,strongly,50,2,penalty,floor,50,500000,-16778,True,29,-16477,,500000
knapsack,strongly,50,2,penalty,floor,50,500000,-16778,True,30,-16374,,500000
knapsack,strongly,50,2,penalty,ils,50,500000,-16778,True,0,-16678,,500000
knapsack,strongly,50,2,penalty,ils,50,500000,-16778,True,1,-16678,,500000
knapsack,strongly,50,2,penalty,ils,50,500000,-16778,True,2,-16678,,500000
knapsack,strongly,50,2,penalty,ils,50,500000,-16778,True,3,-16772,,500000
knapsack,strongly,50,2,penalty,ils,50,500000,-16778,True,4,-16678,,500000
knapsack,strongly,50,2,penalty,ils,50,500000,-16778,True,5,-16678,,500000
knapsack,strongly,50,2,penalty,ils,50,500000,-16778,True,6,-16678,,500000
knapsack,strongly,50,2,penalty,ils,50,500000,-16778,True,7,-16678,,500000
knapsack,strongly,50,2,penalty,ils,50,500000,-16778,True,8,-16678,,500000
knapsack,strongly,50,2,penalty,ils,50,500000,-16778,True,9,-16678,,500000
knapsack,strongly,50,2,penalty,ils,50,500000,-16778,True,10,-16775,,500000
knapsack,strongly,50,2,penalty,ils,50,500000,-16778,True,11,-16677,,500000
knapsack,strongly,50,2,penalty,ils,50,500000,-16778,True,12,-16678,,500000
knapsack,strongly,50,2,penalty,ils,50,500000,-16778,True,13,-16678,,500000
knapsack,strongly,50,2,penalty,ils,50,500000,-16778,True,14,-16678,,500000
knapsack,strongly,50,2,penalty,ils,50,500000,-16778,True,15,-16678,,500000
knapsack,strongly,50,2,penalty,ils,50,500000,-16778,True,16,-16678,,500000
knapsack,strongly,50,2,penalty,ils,50,500000,-16778,True,17,-16678,,500000
knapsack,strongly,50,2,penalty,ils,50,500000,-16778,True,18,-16578,,500000
knapsack,strongly,50,2,penalty,ils,50,500000,-16778,True,19,-16677,,500000
knapsack,strongly,50,2,penalty,ils,50,500000,-16778,True,20,-16678,,500000
knapsack,strongly,50,2,penalty,ils,50,500000,-16778,True,21,-16678,,500000
knapsack,strongly,50,2,penalty,ils,50,500000,-16778,True,22,-16678,,500000
knapsack,strongly,50,2,penalty,ils,50,500000,-16778,True,23,-16678,,500000
knapsack,strongly,50,2,penalty,ils,50,500000,-16778,True,24,-16678,,500000
knapsack,strongly,50,2,penalty,ils,50,500000,-16778,True,25,-16678,,500000
knapsack,strongly,50,2,penalty,ils,50,500000,-16778,True,26,-16678,,500000
knapsack,strongly,50,2,penalty,ils,50,500000,-16778,True,27,-16678,,500000
knapsack,strongly,50,2,penalty,ils,50,500000,-16778,True,28,-16772,,500000
knapsack,strongly,50,2,penalty,ils,50,500000,-16778,True,29,-16678,,500000
knapsack,strongly,50,2,penalty,ils,50,500000,-16778,True,30,-16678,,500000
knapsack,strongly,50,2,penalty,mga,50,500000,-16778,True,0,-16678,,500000
knapsack,strongly,50,2,penalty,mga,50,500000,-16778,True,1,-16578,,500000
knapsack,strongly,50,2,penalty,mga,50,500000,-16778,True,2,-16678,,500000
knapsack,strongly,50,2,penalty,mga,50,500000,-16778,True,3,-16678,,500000
knapsack,strongly,50,2,penalty,mga,50,500000,-16778,True,4,-16678,,500000
knapsack,strongly,50,2,penalty,mga,50,500000,-16778,True,5,-16678,,500000
knapsack,strongly,50,2,penalty,mga,50,500000,-16778,True,6,-16768,,500000
knapsack,strongly,50,2,penalty,mga,50,500000,-16778,True,7,-16678,,500000
knapsack,strongly,50,2,penalty,mga,50,500000,-16778,True,8,-16676,,500000
knapsack,strongly,50,2,penalty,mga,50,500000,-16778,True,9,-16678,,500000
knapsack,strongly,50,2,penalty,mga,50,500000,-16778,True,10,-16677,,500000
knapsack,strongly,50,2,penalty,mga,50,500000,-16778,True,11,-16678,,500000
knapsack,strongly,50,2,penalty,mga,50,500000,-16778,True,12,-16678,,500000
knapsack,strongly,50,2,penalty,mga,50,500000,-16778,True,13,-16677,,500000
knapsack,strongly,50,2,penalty,mga,50,500000,-16778,True,14,-16678,,500000
knapsack,strongly,50,2,penalty,mga,50,500000,-16778,True,15,-16678,,500000
knapsack,strongly,50,2,penalty,mga,50,500000,-16778,True,16,-16678,,500000
knapsack,strongly,50,2,penalty,mga,50,500000,-16778,True,17,-16678,,500000
knapsack,strongly,50,2,penalty,mga,50,500000,-16778,True,18,-16678,,500000
knapsack,strongly,50,2,penalty,mga,50,500000,-16778,True,19,-16678,,500000
knapsack,strongly,50,2,penalty,mga,50,500000,-16778,True,20,-16678,,500000
knapsack,strongly,50,2,penalty,mga,50,500000,-16778,True,21,-16678,,500000
knapsack,strongly,50,2,penalty,mga,50,500000,-16778,True,22,-16678,,500000
knapsack,strongly,50,2,penalty,mga,50,500000,-16778,True,23,-16678,,500000
knapsack,strongly,50,2,penalty,mga,50,500000,-16778,True,24,-16678,,500000
knapsack,strongly,50,2,penalty,mga,50,500000,-16778,True,25,-16678,,500000
knapsack,strongly,50,2,penalty,mga,50,500000,-16778,True,26,-16678,,500000
knapsack,strongly,50,2,penalty,mga,50,500000,-16778,True,27,-16678,,500000
knapsack,strongly,50,2,penalty,mga,50,500000,-16778,True,28,-16678,,500000
knapsack,strongly,50,2,penalty,mga,50,500000,-16778,True,29,-16678,,500000
knapsack,strongly,50,2,penalty,mga,50,500000,-16778,True,30,-16677,,500000
knapsack,strongly,30,0,repair,mga,30,300000,-8083,True,0,-8083,390,390
knapsack,strongly,30,0,repair,mga,30,300000,-8083,True,1,-8083,150,150
knapsack,strongly,30,0,repair,mga,30,300000,-8083,True,2,-8083,630,630
knapsack,strongly,30,0,repair,mga,30,300000,-8083,True,3,-8083,229,229
knapsack,strongly,30,0,repair,mga,30,300000,-8083,True,4,-8083,870,870
knapsack,strongly,30,0,repair,mga,30,300000,-8083,True,5,-8083,330,330
knapsack,strongly,30,0,repair,mga,30,300000,-8083,True,6,-8083,10230,10230
knapsack,strongly,30,0,repair,mga,30,300000,-8083,True,7,-8083,330,330
knapsack,strongly,30,0,repair,mga,30,300000,-8083,True,8,-8083,630,630
knapsack,strongly,30,0,repair,mga,30,300000,-8083,True,9,-8083,70890,70890
knapsack,strongly,30,0,repair,mga,30,300000,-8083,True,10,-8083,150,150
knapsack,strongly,30,0,repair,mga,30,300000,-8083,True,11,-8083,30,30
knapsack,strongly,30,0,repair,mga,30,300000,-8083,True,12,-8083,102,102
knapsack,strongly,30,0,repair,mga,30,300000,-8083,True,13,-8083,90,90
knapsack,strongly,30,0,repair,mga,30,300000,-8083,True,14,-8083,90,90
knapsack,strongly,30,0,repair,mga,30,300000,-8083,True,15,-8083,10733,10733
knapsack,strongly,30,0,repair,mga,30,300000,-8083,True,16,-8083,90,90
knapsack,strongly,30,0,repair,mga,30,300000,-8083,True,17,-8083,270,270
knapsack,strongly,30,0,repair,mga,30,300000,-8083,True,18,-8079,,300000
knapsack,strongly,30,0,repair,mga,30,300000,-8083,True,19,-8083,299,299
knapsack,strongly,30,0,repair,mga,30,300000,-8083,True,20,-8083,270,270
knapsack,strongly,30,0,repair,mga,30,300000,-8083,True,21,-8083,341,341
knapsack,strongly,30,0,repair,mga,30,300000,-8083,True,22,-8083,83550,83550
knapsack,strongly,30,0,repair,mga,30,300000,-8083,True,23,-8083,20370,20370
knapsack,strongly,30,0,repair,mga,30,300000,-8083,True,24,-8079,,300000
knapsack,strongly,30,0,repair,mga,30,300000,-8083,True,25,-8079,,300000
knapsack,strongly,30,0,repair,mga,30,300000,-8083,True,26,-8083,30810,30810
knapsack,strongly,30,0,repair,mga,30,300000,-8083,True,27,-8083,99330,99330
knapsack,strongly,30,0,repair,mga,30,300000,-8083,True,28,-8083,30,30
knapsack,strongly,30,0,repair,mga,30,300000,-8083,True,29,-8083,55530,55530
knapsack,strongly,30,0,repair,mga,30,300000,-8083,True,30,-8083,339,339
knapsack,strongly,50,1,repair,floor,50,500000,-16379,True,0,-16379,63017,63017
knapsack,strongly,50,1,repair,floor,50,500000,-16379,True,1,-16379,2771,2771
knapsack,strongly,50,1,repair,floor,50,500000,-16379,True,2,-16379,71710,71710
knapsack,strongly,50,1,repair,floor,50,500000,-16379,True,3,-16379,60087,60087
knapsack,strongly,50,1,repair,floor,50,500000,-16379,True,4,-16379,83399,83399
knapsack,strongly,50,1,repair,floor,50,500000,-16379,True,5,-16379,10523,10523
knapsack,strongly,50,1,repair,floor,50,500000,-16379,True,6,-16379,62410,62410
knapsack,strongly,50,1,repair,floor,50,500000,-16379,True,7,-16379,755,755
knapsack,strongly,50,1,repair,floor,50,500000,-16379,True,8,-16379,131242,131242
knapsack,strongly,50,1,repair,floor,50,500000,-16379,True,9,-16379,32267,32267
knapsack,strongly,50,1,repair,floor,50,500000,-16379,True,10,-16379,7199,7199
knapsack,strongly,50,1,repair,floor,50,500000,-16379,True,11,-16379,18871,18871
knapsack,strongly,50,1,repair,floor,50,500000,-16379,True,12,-16379,50893,50893
knapsack,strongly,50,1,repair,floor,50,500000,-16379,True,13,-16379,1410,1410
knapsack,strongly,50,1,repair,floor,50,500000,-16379,True,14,-16379,9009,9009
knapsack,strongly,50,1,repair,floor,50,500000,-16379,True,15,-16379,35731,35731
knapsack,strongly,50,1,repair,floor,50,500000,-16379,True,16,-16379,23248,23248
knapsack,strongly,50,1,repair,floor,50,500000,-16379,True,17,-16379,23192,23192
knapsack,strongly,50,1,repair,floor,50,500000,-16379,True,18,-16379,162315,162315
knapsack,strongly,50,1,repair,floor,50,500000,-16379,True,19,-16379,8104,8104
knapsack,strongly,50,1,repair,floor,50,500000,-16379,True,20,-16379,9261,9261
knapsack,strongly,50,1,repair,floor,50,500000,-16379,True,21,-16379,5892,5892
knapsack,strongly,50,1,repair,floor,50,500000,-16379,True,22,-16379,91606,91606
knapsack,strongly,50,1,repair,floor,50,500000,-16379,True,23,-16379,16651,16651
knapsack,strongly,50,1,repair,floor,50,500000,-16379,True,24,-16379,48412,48412
knapsack,strongly,50,1,repair,floor,50,500000,-16379,True,25,-16379,181678,181678
knapsack,strongly,50,1,repair,floor,50,500000,-16379,True,26,-16379,253,253
knapsack,strongly,50,1,repair,floor,50,500000,-16379,True,27,-16379,8404,8404
knapsack,strongly,50,1,repair,floor,50,500000,-16379,True,28,-16379,52444,52444
knapsack,strongly,50,1,repair,floor,50,500000,-16379,True,29,-16379,48610,48610
knapsack,strongly,50,1,repair,floor,50,500000,-16379,True,30,-16379,287989,287989
knapsack,strongly,50,1,repair,mga,50,500000,-16379,True,0,-16379,1089,1089
knapsack,strongly,50,1,repair,mga,50,500000,-16379,True,1,-16379,69800,69800
knapsack,strongly,50,1,repair,mga,50,500000,-16379,True,2,-16379,102112,102112
knapsack,strongly,50,1,repair,mga,50,500000,-16379,True,3,-16379,824,824
knapsack,strongly,50,1,repair,mga,50,500000,-16379,True,4,-16379,3705,3705
knapsack,strongly,50,1,repair,mga,50,500000,-16379,True,5,-16379,1033,1033
knapsack,strongly,50,1,repair,mga,50,500000,-16379,True,6,-16379,13252,13252
knapsack,strongly,50,1,repair,mga,50,500000,-16379,True,7,-16379,4089,4089
knapsack,strongly,50,1,repair,mga,50,500000,-16379,True,8,-16379,37509,37509
knapsack,strongly,50,1,repair,mga,50,500000,-16379,True,9,-16379,26298,26298
knapsack,strongly,50,1,repair,mga,50,500000,-16379,True,10,-16379,167713,167713
knapsack,strongly,50,1,repair,mga,50,500000,-16379,True,11,-16379,68758,68758
knapsack,strongly,50,1,repair,mga,50,500000,-16379,True,12,-16379,1831,1831
knapsack,strongly,50,1,repair,mga,50,500000,-16379,True,13,-16379,1789,1789
knapsack,strongly,50,1,repair,mga,50,500000,-16379,True,14,-16379,14899,14899
knapsack,strongly,50,1,repair,mga,50,500000,-16379,True,15,-16379,165306,165306
knapsack,strongly,50,1,repair,mga,50,500000,-16379,True,16,-16379,1027,1027
knapsack,strongly,50,1,repair,mga,50,500000,-16379,True,17,-16379,677,677
knapsack,strongly,50,1,repair,mga,50,500000,-16379,True,18,-16379,3411,3411
knapsack,strongly,50,1,repair,mga,50,500000,-16379,True,19,-16379,3988,3988
knapsack,strongly,50,1,repair,mga,50,500000,-16379,True,20,-16379,906,906
knapsack,strongly,50,1,repair,mga,50,500000,-16379,True,21,-16379,62501,62501
knapsack,strongly,50,1,repair,mga,50,500000,-16379,True,22,-16379,10750,10750
knapsack,strongly,50,1,repair,mga,50,500000,-16379,True,23,-16379,41587,41587
knapsack,strongly,50,1,repair,mga,50,500000,-16379,True,24,-16379,489315,489315
knapsack,strongly,50,1,repair,mga,50,500000,-16379,True,25,-16379,419,419
knapsack,strongly,50,1,repair,mga,50,500000,-16379,True,26,-16379,1995,1995
knapsack,strongly,50,1,repair,mga,50,500000,-16379,True,27,-16379,263080,263080
knapsack,strongly,50,1,repair,mga,50,500000,-16379,True,28,-16379,688,688
knapsack,strongly,50,1,repair,mga,50,500000,-16379,True,29,-16379,1157,1157
knapsack,strongly,50,1,repair,mga,50,500000,-16379,True,30,-16379,9467,9467
knapsack,strongly,80,0,penalty,floor,80,800000,-24176,True,0,-23373,,800000
knapsack,strongly,80,0,penalty,floor,80,800000,-24176,True,1,-23372,,800000
knapsack,strongly,80,0,penalty,floor,80,800000,-24176,True,2,-23465,,800000
knapsack,strongly,80,0,penalty,floor,80,800000,-24176,True,3,-23345,,800000
knapsack,strongly,80,0,penalty,floor,80,800000,-24176,True,4,-23360,,800000
knapsack,strongly,80,0,penalty,floor,80,800000,-24176,True,5,-23446,,800000
knapsack,strongly,80,0,penalty,floor,80,800000,-24176,True,6,-23361,,800000
knapsack,strongly,80,0,penalty,floor,80,800000,-24176,True,7,-23375,,800000
knapsack,strongly,80,0,penalty,floor,80,800000,-24176,True,8,-23368,,800000
knapsack,strongly,80,0,penalty,floor,80,800000,-24176,True,9,-23372,,800000
knapsack,strongly,80,0,penalty,floor,80,800000,-24176,True,10,-23353,,800000
knapsack,strongly,80,0,penalty,floor,80,800000,-24176,True,11,-23374,,800000
knapsack,strongly,80,0,penalty,floor,80,800000,-24176,True,12,-23364,,800000
knapsack,strongly,80,0,penalty,floor,80,800000,-24176,True,13,-23276,,800000
knapsack,strongly,80,0,penalty,floor,80,800000,-24176,True,14,-23464,,800000
knapsack,strongly,80,0,penalty,floor,80,800000,-24176,True,15,-23276,,800000
knapsack,strongly,80,0,penalty,floor,80,800000,-24176,True,16,-23275,,800000
knapsack,strongly,80,0,penalty,floor,80,800000,-24176,True,17,-23276,,800000
knapsack,strongly,80,0,penalty,floor,80,800000,-24176,True,18,-23366,,800000
knapsack,strongly,80,0,penalty,floor,80,800000,-24176,True,19,-23420,,800000
knapsack,strongly,80,0,penalty,floor,80,800000,-24176,True,20,-23559,,800000
knapsack,strongly,80,0,penalty,floor,80,800000,-24176,True,21,-23368,,800000
knapsack,strongly,80,0,penalty,floor,80,800000,-24176,True,22,-23357,,800000
knapsack,strongly,80,0,penalty,floor,80,800000,-24176,True,23,-23469,,800000
knapsack,strongly,80,0,penalty,floor,80,800000,-24176,True,24,-23471,,800000
knapsack,strongly,80,0,penalty,floor,80,800000,-24176,True,25,-23468,,800000
knapsack,strongly,80,0,penalty,floor,80,800000,-24176,True,26,-23371,,800000
knapsack,strongly,80,0,penalty,floor,80,800000,-24176,True,27,-23366,,800000
knapsack,strongly,80,0,penalty,floor,80,800000,-24176,True,28,-23276,,800000
knapsack,strongly,80,0,penalty,floor,80,800000,-24176,True,29,-23364,,800000
knapsack,strongly,80,0,penalty,floor,80,800000,-24176,True,30,-23276,,800000
knapsack,strongly,80,0,penalty,ils,80,800000,-24176,True,0,-24175,,800000
knapsack,strongly,80,0,penalty,ils,80,800000,-24176,True,1,-24175,,800000
knapsack,strongly,80,0,penalty,ils,80,800000,-24176,True,2,-24176,375896,375896
knapsack,strongly,80,0,penalty,ils,80,800000,-24176,True,3,-24076,,800000
knapsack,strongly,80,0,penalty,ils,80,800000,-24176,True,4,-24175,,800000
knapsack,strongly,80,0,penalty,ils,80,800000,-24176,True,5,-24176,118520,118520
knapsack,strongly,80,0,penalty,ils,80,800000,-24176,True,6,-24076,,800000
knapsack,strongly,80,0,penalty,ils,80,800000,-24176,True,7,-24175,,800000
knapsack,strongly,80,0,penalty,ils,80,800000,-24176,True,8,-24176,211875,211875
knapsack,strongly,80,0,penalty,ils,80,800000,-24176,True,9,-24175,,800000
knapsack,strongly,80,0,penalty,ils,80,800000,-24176,True,10,-24176,53595,53595
knapsack,strongly,80,0,penalty,ils,80,800000,-24176,True,11,-24175,,800000
knapsack,strongly,80,0,penalty,ils,80,800000,-24176,True,12,-24176,322268,322268
knapsack,strongly,80,0,penalty,ils,80,800000,-24176,True,13,-24173,,800000
knapsack,strongly,80,0,penalty,ils,80,800000,-24176,True,14,-24175,,800000
knapsack,strongly,80,0,penalty,ils,80,800000,-24176,True,15,-24176,580973,580973
knapsack,strongly,80,0,penalty,ils,80,800000,-24176,True,16,-24176,129796,129796
knapsack,strongly,80,0,penalty,ils,80,800000,-24176,True,17,-24076,,800000
knapsack,strongly,80,0,penalty,ils,80,800000,-24176,True,18,-24176,211435,211435
knapsack,strongly,80,0,penalty,ils,80,800000,-24176,True,19,-24175,,800000
knapsack,strongly,80,0,penalty,ils,80,800000,-24176,True,20,-24176,331149,331149
knapsack,strongly,80,0,penalty,ils,80,800000,-24176,True,21,-24174,,800000
knapsack,strongly,80,0,penalty,ils,80,800000,-24176,True,22,-24076,,800000
knapsack,strongly,80,0,penalty,ils,80,800000,-24176,True,23,-24176,44023,44023
knapsack,strongly,80,0,penalty,ils,80,800000,-24176,True,24,-24176,300396,300396
knapsack,strongly,80,0,penalty,ils,80,800000,-24176,True,25,-24172,,800000
knapsack,strongly,80,0,penalty,ils,80,800000,-24176,True,26,-24176,618150,618150
knapsack,strongly,80,0,penalty,ils,80,800000,-24176,True,27,-24175,,800000
knapsack,strongly,80,0,penalty,ils,80,800000,-24176,True,28,-24076,,800000
knapsack,strongly,80,0,penalty,ils,80,800000,-24176,True,29,-24176,662897,662897
knapsack,strongly,80,0,penalty,ils,80,800000,-24176,True,30,-24175,,800000
knapsack,strongly,80,0,penalty,mga,80,800000,-24176,True,0,-24076,,800000
knapsack,strongly,80,0,penalty,mga,80,800000,-24176,True,1,-24075,,800000
knapsack,strongly,80,0,penalty,mga,80,800000,-24176,True,2,-24176,367396,367396
knapsack,strongly,80,0,penalty,mga,80,800000,-24176,True,3,-24076,,800000
knapsack,strongly,80,0,penalty,mga,80,800000,-24176,True,4,-24075,,800000
knapsack,strongly,80,0,penalty,mga,80,800000,-24176,True,5,-24076,,800000
knapsack,strongly,80,0,penalty,mga,80,800000,-24176,True,6,-24075,,800000
knapsack,strongly,80,0,penalty,mga,80,800000,-24176,True,7,-24075,,800000
knapsack,strongly,80,0,penalty,mga,80,800000,-24176,True,8,-24175,,800000
knapsack,strongly,80,0,penalty,mga,80,800000,-24176,True,9,-24076,,800000
knapsack,strongly,80,0,penalty,mga,80,800000,-24176,True,10,-24075,,800000
knapsack,strongly,80,0,penalty,mga,80,800000,-24176,True,11,-24076,,800000
knapsack,strongly,80,0,penalty,mga,80,800000,-24176,True,12,-24076,,800000
knapsack,strongly,80,0,penalty,mga,80,800000,-24176,True,13,-24076,,800000
knapsack,strongly,80,0,penalty,mga,80,800000,-24176,True,14,-24076,,800000
knapsack,strongly,80,0,penalty,mga,80,800000,-24176,True,15,-24076,,800000
knapsack,strongly,80,0,penalty,mga,80,800000,-24176,True,16,-24175,,800000
knapsack,strongly,80,0,penalty,mga,80,800000,-24176,True,17,-23976,,800000
knapsack,strongly,80,0,penalty,mga,80,800000,-24176,True,18,-24173,,800000
knapsack,strongly,80,0,penalty,mga,80,800000,-24176,True,19,-24076,,800000
knapsack,strongly,80,0,penalty,mga,80,800000,-24176,True,20,-23976,,800000
knapsack,strongly,80,0,penalty,mga,80,800000,-24176,True,21,-24174,,800000
knapsack,strongly,80,0,penalty,mga,80,800000,-24176,True,22,-24075,,800000
knapsack,strongly,80,0,penalty,mga,80,800000,-24176,True,23,-24168,,800000
knapsack,strongly,80,0,penalty,mga,80,800000,-24176,True,24,-24076,,800000
knapsack,strongly,80,0,penalty,mga,80,800000,-24176,True,25,-24076,,800000
knapsack,strongly,80,0,penalty,mga,80,800000,-24176,True,26,-24175,,800000
knapsack,strongly,80,0,penalty,mga,80,800000,-24176,True,27,-24076,,800000
knapsack,strongly,80,0,penalty,mga,80,800000,-24176,True,28,-24076,,800000
knapsack,strongly,80,0,penalty,mga,80,800000,-24176,True,29,-24072,,800000
knapsack,strongly,80,0,penalty,mga,80,800000,-24176,True,30,-24176,250363,250363
knapsack,strongly,30,1,repair,mga,30,300000,-8991,True,0,-8991,473,473
knapsack,strongly,30,1,repair,mga,30,300000,-8991,True,1,-8991,82710,82710
knapsack,strongly,30,1,repair,mga,30,300000,-8991,True,2,-8991,2085,2085
knapsack,strongly,30,1,repair,mga,30,300000,-8991,True,3,-8991,48930,48930
knapsack,strongly,30,1,repair,mga,30,300000,-8991,True,4,-8991,1353,1353
knapsack,strongly,30,1,repair,mga,30,300000,-8991,True,5,-8991,212863,212863
knapsack,strongly,30,1,repair,mga,30,300000,-8991,True,6,-8991,2430,2430
knapsack,strongly,30,1,repair,mga,30,300000,-8991,True,7,-8991,113,113
knapsack,strongly,30,1,repair,mga,30,300000,-8991,True,8,-8991,390,390
knapsack,strongly,30,1,repair,mga,30,300000,-8991,True,9,-8991,7294,7294
knapsack,strongly,30,1,repair,mga,30,300000,-8991,True,10,-8987,,300000
knapsack,strongly,30,1,repair,mga,30,300000,-8991,True,11,-8991,210412,210412
knapsack,strongly,30,1,repair,mga,30,300000,-8991,True,12,-8991,15750,15750
knapsack,strongly,30,1,repair,mga,30,300000,-8991,True,13,-8991,34050,34050
knapsack,strongly,30,1,repair,mga,30,300000,-8991,True,14,-8991,1050,1050
knapsack,strongly,30,1,repair,mga,30,300000,-8991,True,15,-8991,1890,1890
knapsack,strongly,30,1,repair,mga,30,300000,-8991,True,16,-8989,,300000
knapsack,strongly,30,1,repair,mga,30,300000,-8991,True,17,-8991,342,342
knapsack,strongly,30,1,repair,mga,30,300000,-8991,True,18,-8991,114007,114007
knapsack,strongly,30,1,repair,mga,30,300000,-8991,True,19,-8991,663,663
knapsack,strongly,30,1,repair,mga,30,300000,-8991,True,20,-8991,593,593
knapsack,strongly,30,1,repair,mga,30,300000,-8991,True,21,-8987,,300000
knapsack,strongly,30,1,repair,mga,30,300000,-8991,True,22,-8991,134070,134070
knapsack,strongly,30,1,repair,mga,30,300000,-8991,True,23,-8991,53070,53070
knapsack,strongly,30,1,repair,mga,30,300000,-8991,True,24,-8989,,300000
knapsack,strongly,30,1,repair,mga,30,300000,-8991,True,25,-8989,,300000
knapsack,strongly,30,1,repair,mga,30,300000,-8991,True,26,-8991,1083,1083
knapsack,strongly,30,1,repair,mga,30,300000,-8991,True,27,-8991,168210,168210
knapsack,strongly,30,1,repair,mga,30,300000,-8991,True,28,-8989,,300000
knapsack,strongly,30,1,repair,mga,30,300000,-8991,True,29,-8991,390,390
knapsack,strongly,30,1,repair,mga,30,300000,-8991,True,30,-8989,,300000
knapsack,strongly,80,0,repair,ils,80,800000,-24176,True,0,-24176,50437,50437
knapsack,strongly,80,0,repair,ils,80,800000,-24176,True,1,-24176,6415,6415
knapsack,strongly,80,0,repair,ils,80,800000,-24176,True,2,-24176,21166,21166
knapsack,strongly,80,0,repair,ils,80,800000,-24176,True,3,-24176,36439,36439
knapsack,strongly,80,0,repair,ils,80,800000,-24176,True,4,-24176,36500,36500
knapsack,strongly,80,0,repair,ils,80,800000,-24176,True,5,-24176,27260,27260
knapsack,strongly,80,0,repair,ils,80,800000,-24176,True,6,-24176,15295,15295
knapsack,strongly,80,0,repair,ils,80,800000,-24176,True,7,-24176,5993,5993
knapsack,strongly,80,0,repair,ils,80,800000,-24176,True,8,-24176,21429,21429
knapsack,strongly,80,0,repair,ils,80,800000,-24176,True,9,-24176,249,249
knapsack,strongly,80,0,repair,ils,80,800000,-24176,True,10,-24176,16645,16645
knapsack,strongly,80,0,repair,ils,80,800000,-24176,True,11,-24176,12270,12270
knapsack,strongly,80,0,repair,ils,80,800000,-24176,True,12,-24176,19953,19953
knapsack,strongly,80,0,repair,ils,80,800000,-24176,True,13,-24176,10078,10078
knapsack,strongly,80,0,repair,ils,80,800000,-24176,True,14,-24176,1062,1062
knapsack,strongly,80,0,repair,ils,80,800000,-24176,True,15,-24176,9189,9189
knapsack,strongly,80,0,repair,ils,80,800000,-24176,True,16,-24176,43045,43045
knapsack,strongly,80,0,repair,ils,80,800000,-24176,True,17,-24176,5236,5236
knapsack,strongly,80,0,repair,ils,80,800000,-24176,True,18,-24176,14772,14772
knapsack,strongly,80,0,repair,ils,80,800000,-24176,True,19,-24176,3606,3606
knapsack,strongly,80,0,repair,ils,80,800000,-24176,True,20,-24176,2176,2176
knapsack,strongly,80,0,repair,ils,80,800000,-24176,True,21,-24176,7399,7399
knapsack,strongly,80,0,repair,ils,80,800000,-24176,True,22,-24176,56900,56900
knapsack,strongly,80,0,repair,ils,80,800000,-24176,True,23,-24176,7875,7875
knapsack,strongly,80,0,repair,ils,80,800000,-24176,True,24,-24176,19387,19387
knapsack,strongly,80,0,repair,ils,80,800000,-24176,True,25,-24176,16229,16229
knapsack,strongly,80,0,repair,ils,80,800000,-24176,True,26,-24176,13790,13790
knapsack,strongly,80,0,repair,ils,80,800000,-24176,True,27,-24176,2124,2124
knapsack,strongly,80,0,repair,ils,80,800000,-24176,True,28,-24176,23774,23774
knapsack,strongly,80,0,repair,ils,80,800000,-24176,True,29,-24176,10739,10739
knapsack,strongly,80,0,repair,ils,80,800000,-24176,True,30,-24176,8064,8064
knapsack,strongly,50,0,repair,ils,50,500000,-16940,True,0,-16940,19095,19095
knapsack,strongly,50,0,repair,ils,50,500000,-16940,True,1,-16940,24042,24042
knapsack,strongly,50,0,repair,ils,50,500000,-16940,True,2,-16939,,500000
knapsack,strongly,50,0,repair,ils,50,500000,-16940,True,3,-16940,118826,118826
knapsack,strongly,50,0,repair,ils,50,500000,-16940,True,4,-16940,34462,34462
knapsack,strongly,50,0,repair,ils,50,500000,-16940,True,5,-16940,129009,129009
knapsack,strongly,50,0,repair,ils,50,500000,-16940,True,6,-16940,9501,9501
knapsack,strongly,50,0,repair,ils,50,500000,-16940,True,7,-16940,16617,16617
knapsack,strongly,50,0,repair,ils,50,500000,-16940,True,8,-16940,7252,7252
knapsack,strongly,50,0,repair,ils,50,500000,-16940,True,9,-16940,53658,53658
knapsack,strongly,50,0,repair,ils,50,500000,-16940,True,10,-16939,,500000
knapsack,strongly,50,0,repair,ils,50,500000,-16940,True,11,-16940,78924,78924
knapsack,strongly,50,0,repair,ils,50,500000,-16940,True,12,-16940,126212,126212
knapsack,strongly,50,0,repair,ils,50,500000,-16940,True,13,-16940,2902,2902
knapsack,strongly,50,0,repair,ils,50,500000,-16940,True,14,-16940,58301,58301
knapsack,strongly,50,0,repair,ils,50,500000,-16940,True,15,-16940,72440,72440
knapsack,strongly,50,0,repair,ils,50,500000,-16940,True,16,-16940,165645,165645
knapsack,strongly,50,0,repair,ils,50,500000,-16940,True,17,-16939,,500000
knapsack,strongly,50,0,repair,ils,50,500000,-16940,True,18,-16940,14573,14573
knapsack,strongly,50,0,repair,ils,50,500000,-16940,True,19,-16940,38852,38852
knapsack,strongly,50,0,repair,ils,50,500000,-16940,True,20,-16940,7364,7364
knapsack,strongly,50,0,repair,ils,50,500000,-16940,True,21,-16940,85592,85592
knapsack,strongly,50,0,repair,ils,50,500000,-16940,True,22,-16940,124775,124775
knapsack,strongly,50,0,repair,ils,50,500000,-16940,True,23,-16939,,500000
knapsack,strongly,50,0,repair,ils,50,500000,-16940,True,24,-16940,7723,7723
knapsack,strongly,50,0,repair,ils,50,500000,-16940,True,25,-16940,95223,95223
knapsack,strongly,50,0,repair,ils,50,500000,-16940,True,26,-16940,8180,8180
knapsack,strongly,50,0,repair,ils,50,500000,-16940,True,27,-16940,28533,28533
knapsack,strongly,50,0,repair,ils,50,500000,-16940,True,28,-16940,5961,5961
knapsack,strongly,50,0,repair,ils,50,500000,-16940,True,29,-16940,25859,25859
knapsack,strongly,50,0,repair,ils,50,500000,-16940,True,30,-16939,,500000
knapsack,strongly,80,1,penalty,floor,80,800000,-26770,True,0,-26070,,800000
knapsack,strongly,80,1,penalty,floor,80,800000,-26770,True,1,-26068,,800000
knapsack,strongly,80,1,penalty,floor,80,800000,-26770,True,2,-26159,,800000
knapsack,strongly,80,1,penalty,floor,80,800000,-26770,True,3,-26165,,800000
knapsack,strongly,80,1,penalty,floor,80,800000,-26770,True,4,-26057,,800000
knapsack,strongly,80,1,penalty,floor,80,800000,-26770,True,5,-26153,,800000
knapsack,strongly,80,1,penalty,floor,80,800000,-26770,True,6,-26104,,800000
knapsack,strongly,80,1,penalty,floor,80,800000,-26770,True,7,-26166,,800000
knapsack,strongly,80,1,penalty,floor,80,800000,-26770,True,8,-26065,,800000
knapsack,strongly,80,1,penalty,floor,80,800000,-26770,True,9,-26064,,800000
knapsack,strongly,80,1,penalty,floor,80,800000,-26770,True,10,-26064,,800000
knapsack,strongly,80,1,penalty,floor,80,800000,-26770,True,11,-26255,,800000
knapsack,strongly,80,1,penalty,floor,80,800000,-26770,True,12,-26068,,800000
knapsack,strongly,80,1,penalty,floor,80,800000,-26770,True,13,-26066,,800000
knapsack,strongly,80,1,penalty,floor,80,800000,-26770,True,14,-26070,,800000
knapsack,strongly,80,1,penalty,floor,80,800000,-26770,True,15,-26162,,800000
knapsack,strongly,80,1,penalty,floor,80,800000,-26770,True,16,-26069,,800000
knapsack,strongly,80,1,penalty,floor,80,800000,-26770,True,17,-26152,,800000
knapsack,strongly,80,1,penalty,floor,80,800000,-26770,True,18,-26069,,800000
knapsack,strongly,80,1,penalty,floor,80,800000,-26770,True,19,-26069,,800000
knapsack,strongly,80,1,penalty,floor,80,800000,-26770,True,20,-26164,,800000
knapsack,strongly,80,1,penalty,floor,80,800000,-26770,True,21,-26363,,800000
knapsack,strongly,80,1,penalty,floor,80,800000,-26770,True,22,-26084,,800000
knapsack,strongly,80,1,penalty,floor,80,800000,-26770,True,23,-26239,,800000
knapsack,strongly,80,1,penalty,floor,80,800000,-26770,True,24,-26066,,800000
knapsack,strongly,80,1,penalty,floor,80,800000,-26770,True,25,-26059,,800000
knapsack,strongly,80,1,penalty,floor,80,800000,-26770,True,26,-26167,,800000
knapsack,strongly,80,1,penalty,floor,80,800000,-26770,True,27,-26237,,800000
knapsack,strongly,80,1,penalty,floor,80,800000,-26770,True,28,-26067,,800000
knapsack,strongly,80,1,penalty,floor,80,800000,-26770,True,29,-26068,,800000
knapsack,strongly,80,1,penalty,floor,80,800000,-26770,True,30,-26269,,800000
knapsack,strongly,80,1,penalty,ils,80,800000,-26770,True,0,-26769,,800000
knapsack,strongly,80,1,penalty,ils,80,800000,-26770,True,1,-26770,770089,770089
knapsack,strongly,80,1,penalty,ils,80,800000,-26770,True,2,-26670,,800000
knapsack,strongly,80,1,penalty,ils,80,800000,-26770,True,3,-26670,,800000
knapsack,strongly,80,1,penalty,ils,80,800000,-26770,True,4,-26670,,800000
knapsack,strongly,80,1,penalty,ils,80,800000,-26770,True,5,-26570,,800000
knapsack,strongly,80,1,penalty,ils,80,800000,-26770,True,6,-26670,,800000
knapsack,strongly,80,1,penalty,ils,80,800000,-26770,True,7,-26769,,800000
knapsack,strongly,80,1,penalty,ils,80,800000,-26770,True,8,-26768,,800000
knapsack,strongly,80,1,penalty,ils,80,800000,-26770,True,9,-26668,,800000
knapsack,strongly,80,1,penalty,ils,80,800000,-26770,True,10,-26667,,800000
knapsack,strongly,80,1,penalty,ils,80,800000,-26770,True,11,-26670,,800000
knapsack,strongly,80,1,penalty,ils,80,800000,-26770,True,12,-26669,,800000
knapsack,strongly,80,1,penalty,ils,80,800000,-26770,True,13,-26670,,800000
knapsack,strongly,80,1,penalty,ils,80,800000,-26770,True,14,-26769,,800000
knapsack,strongly,80,1,penalty,ils,80,800000,-26770,True,15,-26670,,800000
knapsack,strongly,80,1,penalty,ils,80,800000,-26770,True,16,-26770,430964,430964
knapsack,strongly,80,1,penalty,ils,80,800000,-26770,True,17,-26770,758310,758310
knapsack,strongly,80,1,penalty,ils,80,800000,-26770,True,18,-26670,,800000
knapsack,strongly,80,1,penalty,ils,80,800000,-26770,True,19,-26670,,800000
knapsack,strongly,80,1,penalty,ils,80,800000,-26770,True,20,-26770,584163,584163
knapsack,strongly,80,1,penalty,ils,80,800000,-26770,True,21,-26670,,800000
knapsack,strongly,80,1,penalty,ils,80,800000,-26770,True,22,-26670,,800000
knapsack,strongly,80,1,penalty,ils,80,800000,-26770,True,23,-26769,,800000
knapsack,strongly,80,1,penalty,ils,80,800000,-26770,True,24,-26670,,800000
knapsack,strongly,80,1,penalty,ils,80,800000,-26770,True,25,-26670,,800000
knapsack,strongly,80,1,penalty,ils,80,800000,-26770,True,26,-26669,,800000
knapsack,strongly,80,1,penalty,ils,80,800000,-26770,True,27,-26770,639616,639616
knapsack,strongly,80,1,penalty,ils,80,800000,-26770,True,28,-26770,408341,408341
knapsack,strongly,80,1,penalty,ils,80,800000,-26770,True,29,-26670,,800000
knapsack,strongly,80,1,penalty,ils,80,800000,-26770,True,30,-26670,,800000
knapsack,strongly,80,1,penalty,mga,80,800000,-26770,True,0,-26670,,800000
knapsack,strongly,80,1,penalty,mga,80,800000,-26770,True,1,-26670,,800000
knapsack,strongly,80,1,penalty,mga,80,800000,-26770,True,2,-26669,,800000
knapsack,strongly,80,1,penalty,mga,80,800000,-26770,True,3,-26669,,800000
knapsack,strongly,80,1,penalty,mga,80,800000,-26770,True,4,-26570,,800000
knapsack,strongly,80,1,penalty,mga,80,800000,-26770,True,5,-26769,,800000
knapsack,strongly,80,1,penalty,mga,80,800000,-26770,True,6,-26670,,800000
knapsack,strongly,80,1,penalty,mga,80,800000,-26770,True,7,-26569,,800000
knapsack,strongly,80,1,penalty,mga,80,800000,-26770,True,8,-26764,,800000
knapsack,strongly,80,1,penalty,mga,80,800000,-26770,True,9,-26670,,800000
knapsack,strongly,80,1,penalty,mga,80,800000,-26770,True,10,-26670,,800000
knapsack,strongly,80,1,penalty,mga,80,800000,-26770,True,11,-26570,,800000
knapsack,strongly,80,1,penalty,mga,80,800000,-26770,True,12,-26670,,800000
knapsack,strongly,80,1,penalty,mga,80,800000,-26770,True,13,-26670,,800000
knapsack,strongly,80,1,penalty,mga,80,800000,-26770,True,14,-26570,,800000
knapsack,strongly,80,1,penalty,mga,80,800000,-26770,True,15,-26669,,800000
knapsack,strongly,80,1,penalty,mga,80,800000,-26770,True,16,-26670,,800000
knapsack,strongly,80,1,penalty,mga,80,800000,-26770,True,17,-26670,,800000
knapsack,strongly,80,1,penalty,mga,80,800000,-26770,True,18,-26570,,800000
knapsack,strongly,80,1,penalty,mga,80,800000,-26770,True,19,-26670,,800000
knapsack,strongly,80,1,penalty,mga,80,800000,-26770,True,20,-26570,,800000
knapsack,strongly,80,1,penalty,mga,80,800000,-26770,True,21,-26670,,800000
knapsack,strongly,80,1,penalty,mga,80,800000,-26770,True,22,-26768,,800000
knapsack,strongly,80,1,penalty,mga,80,800000,-26770,True,23,-26670,,800000
knapsack,strongly,80,1,penalty,mga,80,800000,-26770,True,24,-26570,,800000
knapsack,strongly,80,1,penalty,mga,80,800000,-26770,True,25,-26670,,800000
knapsack,strongly,80,1,penalty,mga,80,800000,-26770,True,26,-26570,,800000
knapsack,strongly,80,1,penalty,mga,80,800000,-26770,True,27,-26670,,800000
knapsack,strongly,80,1,penalty,mga,80,800000,-26770,True,28,-26670,,800000
knapsack,strongly,80,1,penalty,mga,80,800000,-26770,True,29,-26670,,800000
knapsack,strongly,80,1,penalty,mga,80,800000,-26770,True,30,-26768,,800000
knapsack,strongly,50,2,repair,ils,50,500000,-16778,True,0,-16778,10456,10456
knapsack,strongly,50,2,repair,ils,50,500000,-16778,True,1,-16778,444964,444964
knapsack,strongly,50,2,repair,ils,50,500000,-16778,True,2,-16778,270357,270357
knapsack,strongly,50,2,repair,ils,50,500000,-16778,True,3,-16778,172232,172232
knapsack,strongly,50,2,repair,ils,50,500000,-16778,True,4,-16778,257008,257008
knapsack,strongly,50,2,repair,ils,50,500000,-16778,True,5,-16778,6569,6569
knapsack,strongly,50,2,repair,ils,50,500000,-16778,True,6,-16775,,500000
knapsack,strongly,50,2,repair,ils,50,500000,-16778,True,7,-16778,35034,35034
knapsack,strongly,50,2,repair,ils,50,500000,-16778,True,8,-16778,291448,291448
knapsack,strongly,50,2,repair,ils,50,500000,-16778,True,9,-16778,176901,176901
knapsack,strongly,50,2,repair,ils,50,500000,-16778,True,10,-16778,258285,258285
knapsack,strongly,50,2,repair,ils,50,500000,-16778,True,11,-16778,246982,246982
knapsack,strongly,50,2,repair,ils,50,500000,-16778,True,12,-16778,4106,4106
knapsack,strongly,50,2,repair,ils,50,500000,-16778,True,13,-16778,372010,372010
knapsack,strongly,50,2,repair,ils,50,500000,-16778,True,14,-16778,98766,98766
knapsack,strongly,50,2,repair,ils,50,500000,-16778,True,15,-16778,12399,12399
knapsack,strongly,50,2,repair,ils,50,500000,-16778,True,16,-16778,3421,3421
knapsack,strongly,50,2,repair,ils,50,500000,-16778,True,17,-16778,10669,10669
knapsack,strongly,50,2,repair,ils,50,500000,-16778,True,18,-16778,6693,6693
knapsack,strongly,50,2,repair,ils,50,500000,-16778,True,19,-16778,10085,10085
knapsack,strongly,50,2,repair,ils,50,500000,-16778,True,20,-16775,,500000
knapsack,strongly,50,2,repair,ils,50,500000,-16778,True,21,-16778,178017,178017
knapsack,strongly,50,2,repair,ils,50,500000,-16778,True,22,-16778,217367,217367
knapsack,strongly,50,2,repair,ils,50,500000,-16778,True,23,-16778,287359,287359
knapsack,strongly,50,2,repair,ils,50,500000,-16778,True,24,-16778,87687,87687
knapsack,strongly,50,2,repair,ils,50,500000,-16778,True,25,-16775,,500000
knapsack,strongly,50,2,repair,ils,50,500000,-16778,True,26,-16778,30618,30618
knapsack,strongly,50,2,repair,ils,50,500000,-16778,True,27,-16778,208400,208400
knapsack,strongly,50,2,repair,ils,50,500000,-16778,True,28,-16778,407708,407708
knapsack,strongly,50,2,repair,ils,50,500000,-16778,True,29,-16775,,500000
knapsack,strongly,50,2,repair,ils,50,500000,-16778,True,30,-16778,163296,163296
knapsack,strongly,80,1,repair,ils,80,800000,-26770,True,0,-26770,2043,2043
knapsack,strongly,80,1,repair,ils,80,800000,-26770,True,1,-26770,11879,11879
knapsack,strongly,80,1,repair,ils,80,800000,-26770,True,2,-26770,8257,8257
knapsack,strongly,80,1,repair,ils,80,800000,-26770,True,3,-26770,6555,6555
knapsack,strongly,80,1,repair,ils,80,800000,-26770,True,4,-26770,984,984
knapsack,strongly,80,1,repair,ils,80,800000,-26770,True,5,-26770,15240,15240
knapsack,strongly,80,1,repair,ils,80,800000,-26770,True,6,-26770,17145,17145
knapsack,strongly,80,1,repair,ils,80,800000,-26770,True,7,-26770,44214,44214
knapsack,strongly,80,1,repair,ils,80,800000,-26770,True,8,-26770,30237,30237
knapsack,strongly,80,1,repair,ils,80,800000,-26770,True,9,-26770,4737,4737
knapsack,strongly,80,1,repair,ils,80,800000,-26770,True,10,-26770,18641,18641
knapsack,strongly,80,1,repair,ils,80,800000,-26770,True,11,-26770,21470,21470
knapsack,strongly,80,1,repair,ils,80,800000,-26770,True,12,-26770,7168,7168
knapsack,strongly,80,1,repair,ils,80,800000,-26770,True,13,-26770,5852,5852
knapsack,strongly,80,1,repair,ils,80,800000,-26770,True,14,-26770,6535,6535
knapsack,strongly,80,1,repair,ils,80,800000,-26770,True,15,-26770,17094,17094
knapsack,strongly,80,1,repair,ils,80,800000,-26770,True,16,-26770,11347,11347
knapsack,strongly,80,1,repair,ils,80,800000,-26770,True,17,-26770,38559,38559
knapsack,strongly,80,1,repair,ils,80,800000,-26770,True,18,-26770,9473,9473
knapsack,strongly,80,1,repair,ils,80,800000,-26770,True,19,-26770,18393,18393
knapsack,strongly,80,1,repair,ils,80,800000,-26770,True,20,-26770,22006,22006
knapsack,strongly,80,1,repair,ils,80,800000,-26770,True,21,-26770,1446,1446
knapsack,strongly,80,1,repair,ils,80,800000,-26770,True,22,-26770,8020,8020
knapsack,strongly,80,1,repair,ils,80,800000,-26770,True,23,-26770,49268,49268
knapsack,strongly,80,1,repair,ils,80,800000,-26770,True,24,-26770,2479,2479
knapsack,strongly,80,1,repair,ils,80,800000,-26770,True,25,-26770,47333,47333
knapsack,strongly,80,1,repair,ils,80,800000,-26770,True,26,-26770,14478,14478
knapsack,strongly,80,1,repair,ils,80,800000,-26770,True,27,-26770,10989,10989
knapsack,strongly,80,1,repair,ils,80,800000,-26770,True,28,-26770,25440,25440
knapsack,strongly,80,1,repair,ils,80,800000,-26770,True,29,-26770,13511,13511
knapsack,strongly,80,1,repair,ils,80,800000,-26770,True,30,-26770,29813,29813
knapsack,strongly,50,0,repair,floor,50,500000,-16940,True,0,-16936,,500000
knapsack,strongly,50,0,repair,floor,50,500000,-16940,True,1,-16940,316867,316867
knapsack,strongly,50,0,repair,floor,50,500000,-16940,True,2,-16938,,500000
knapsack,strongly,50,0,repair,floor,50,500000,-16940,True,3,-16938,,500000
knapsack,strongly,50,0,repair,floor,50,500000,-16940,True,4,-16940,40827,40827
knapsack,strongly,50,0,repair,floor,50,500000,-16940,True,5,-16940,116177,116177
knapsack,strongly,50,0,repair,floor,50,500000,-16940,True,6,-16940,449532,449532
knapsack,strongly,50,0,repair,floor,50,500000,-16940,True,7,-16940,175198,175198
knapsack,strongly,50,0,repair,floor,50,500000,-16940,True,8,-16940,37854,37854
knapsack,strongly,50,0,repair,floor,50,500000,-16940,True,9,-16940,66406,66406
knapsack,strongly,50,0,repair,floor,50,500000,-16940,True,10,-16938,,500000
knapsack,strongly,50,0,repair,floor,50,500000,-16940,True,11,-16939,,500000
knapsack,strongly,50,0,repair,floor,50,500000,-16940,True,12,-16940,396691,396691
knapsack,strongly,50,0,repair,floor,50,500000,-16940,True,13,-16939,,500000
knapsack,strongly,50,0,repair,floor,50,500000,-16940,True,14,-16939,,500000
knapsack,strongly,50,0,repair,floor,50,500000,-16940,True,15,-16938,,500000
knapsack,strongly,50,0,repair,floor,50,500000,-16940,True,16,-16940,138702,138702
knapsack,strongly,50,0,repair,floor,50,500000,-16940,True,17,-16940,420256,420256
knapsack,strongly,50,0,repair,floor,50,500000,-16940,True,18,-16939,,500000
knapsack,strongly,50,0,repair,floor,50,500000,-16940,True,19,-16938,,500000
knapsack,strongly,50,0,repair,floor,50,500000,-16940,True,20,-16940,111548,111548
knapsack,strongly,50,0,repair,floor,50,500000,-16940,True,21,-16940,27051,27051
knapsack,strongly,50,0,repair,floor,50,500000,-16940,True,22,-16940,256347,256347
knapsack,strongly,50,0,repair,floor,50,500000,-16940,True,23,-16940,71497,71497
knapsack,strongly,50,0,repair,floor,50,500000,-16940,True,24,-16940,111009,111009
knapsack,strongly,50,0,repair,floor,50,500000,-16940,True,25,-16940,312198,312198
knapsack,strongly,50,0,repair,floor,50,500000,-16940,True,26,-16940,12931,12931
knapsack,strongly,50,0,repair,floor,50,500000,-16940,True,27,-16939,,500000
knapsack,strongly,50,0,repair,floor,50,500000,-16940,True,28,-16940,4776,4776
knapsack,strongly,50,0,repair,floor,50,500000,-16940,True,29,-16940,222356,222356
knapsack,strongly,50,0,repair,floor,50,500000,-16940,True,30,-16940,79977,79977
knapsack,strongly,80,2,penalty,floor,80,800000,-25888,True,0,-25054,,800000
knapsack,strongly,80,2,penalty,floor,80,800000,-25888,True,1,-25081,,800000
knapsack,strongly,80,2,penalty,floor,80,800000,-25888,True,2,-25182,,800000
knapsack,strongly,80,2,penalty,floor,80,800000,-25888,True,3,-25086,,800000
knapsack,strongly,80,2,penalty,floor,80,800000,-25888,True,4,-25088,,800000
knapsack,strongly,80,2,penalty,floor,80,800000,-25888,True,5,-25062,,800000
knapsack,strongly,80,2,penalty,floor,80,800000,-25888,True,6,-25182,,800000
knapsack,strongly,80,2,penalty,floor,80,800000,-25888,True,7,-25171,,800000
knapsack,strongly,80,2,penalty,floor,80,800000,-25888,True,8,-25086,,800000
knapsack,strongly,80,2,penalty,floor,80,800000,-25888,True,9,-25170,,800000
knapsack,strongly,80,2,penalty,floor,80,800000,-25888,True,10,-25087,,800000
knapsack,strongly,80,2,penalty,floor,80,800000,-25888,True,11,-25172,,800000
knapsack,strongly,80,2,penalty,floor,80,800000,-25888,True,12,-25166,,800000
knapsack,strongly,80,2,penalty,floor,80,800000,-25888,True,13,-25087,,800000
knapsack,strongly,80,2,penalty,floor,80,800000,-25888,True,14,-25083,,800000
knapsack,strongly,80,2,penalty,floor,80,800000,-25888,True,15,-25085,,800000
knapsack,strongly,80,2,penalty,floor,80,800000,-25888,True,16,-25088,,800000
knapsack,strongly,80,2,penalty,floor,80,800000,-25888,True,17,-24988,,800000
knapsack,strongly,80,2,penalty,floor,80,800000,-25888,True,18,-25188,,800000
knapsack,strongly,80,2,penalty,floor,80,800000,-25888,True,19,-25088,,800000
knapsack,strongly,80,2,penalty,floor,80,800000,-25888,True,20,-25088,,800000
knapsack,strongly,80,2,penalty,floor,80,800000,-25888,True,21,-25088,,800000
knapsack,strongly,80,2,penalty,floor,80,800000,-25888,True,22,-25088,,800000
knapsack,strongly,80,2,penalty,floor,80,800000,-25888,True,23,-25384,,800000
knapsack,strongly,80,2,penalty,floor,80,800000,-25888,True,24,-25077,,800000
knapsack,strongly,80,2,penalty,floor,80,800000,-25888,True,25,-25084,,800000
knapsack,strongly,80,2,penalty,floor,80,800000,-25888,True,26,-25163,,800000
knapsack,strongly,80,2,penalty,floor,80,800000,-25888,True,27,-25086,,800000
knapsack,strongly,80,2,penalty,floor,80,800000,-25888,True,28,-25186,,800000
knapsack,strongly,80,2,penalty,floor,80,800000,-25888,True,29,-25088,,800000
knapsack,strongly,80,2,penalty,floor,80,800000,-25888,True,30,-25154,,800000
knapsack,strongly,80,2,penalty,ils,80,800000,-25888,True,0,-25788,,800000
knapsack,strongly,80,2,penalty,ils,80,800000,-25888,True,1,-25787,,800000
knapsack,strongly,80,2,penalty,ils,80,800000,-25888,True,2,-25788,,800000
knapsack,strongly,80,2,penalty,ils,80,800000,-25888,True,3,-25788,,800000
knapsack,strongly,80,2,penalty,ils,80,800000,-25888,True,4,-25788,,800000
knapsack,strongly,80,2,penalty,ils,80,800000,-25888,True,5,-25788,,800000
knapsack,strongly,80,2,penalty,ils,80,800000,-25888,True,6,-25788,,800000
knapsack,strongly,80,2,penalty,ils,80,800000,-25888,True,7,-25788,,800000
knapsack,strongly,80,2,penalty,ils,80,800000,-25888,True,8,-25888,725889,725889
knapsack,strongly,80,2,penalty,ils,80,800000,-25888,True,9,-25788,,800000
knapsack,strongly,80,2,penalty,ils,80,800000,-25888,True,10,-25788,,800000
knapsack,strongly,80,2,penalty,ils,80,800000,-25888,True,11,-25884,,800000
knapsack,strongly,80,2,penalty,ils,80,800000,-25888,True,12,-25788,,800000
knapsack,strongly,80,2,penalty,ils,80,800000,-25888,True,13,-25788,,800000
knapsack,strongly,80,2,penalty,ils,80,800000,-25888,True,14,-25788,,800000
knapsack,strongly,80,2,penalty,ils,80,800000,-25888,True,15,-25788,,800000
knapsack,strongly,80,2,penalty,ils,80,800000,-25888,True,16,-25787,,800000
knapsack,strongly,80,2,penalty,ils,80,800000,-25888,True,17,-25788,,800000
knapsack,strongly,80,2,penalty,ils,80,800000,-25888,True,18,-25788,,800000
knapsack,strongly,80,2,penalty,ils,80,800000,-25888,True,19,-25788,,800000
knapsack,strongly,80,2,penalty,ils,80,800000,-25888,True,20,-25788,,800000
knapsack,strongly,80,2,penalty,ils,80,800000,-25888,True,21,-25788,,800000
knapsack,strongly,80,2,penalty,ils,80,800000,-25888,True,22,-25788,,800000
knapsack,strongly,80,2,penalty,ils,80,800000,-25888,True,23,-25788,,800000
knapsack,strongly,80,2,penalty,ils,80,800000,-25888,True,24,-25788,,800000
knapsack,strongly,80,2,penalty,ils,80,800000,-25888,True,25,-25788,,800000
knapsack,strongly,80,2,penalty,ils,80,800000,-25888,True,26,-25688,,800000
knapsack,strongly,80,2,penalty,ils,80,800000,-25888,True,27,-25788,,800000
knapsack,strongly,80,2,penalty,ils,80,800000,-25888,True,28,-25788,,800000
knapsack,strongly,80,2,penalty,ils,80,800000,-25888,True,29,-25788,,800000
knapsack,strongly,80,2,penalty,ils,80,800000,-25888,True,30,-25788,,800000
knapsack,strongly,80,2,penalty,mga,80,800000,-25888,True,0,-25788,,800000
knapsack,strongly,80,2,penalty,mga,80,800000,-25888,True,1,-25787,,800000
knapsack,strongly,80,2,penalty,mga,80,800000,-25888,True,2,-25688,,800000
knapsack,strongly,80,2,penalty,mga,80,800000,-25888,True,3,-25685,,800000
knapsack,strongly,80,2,penalty,mga,80,800000,-25888,True,4,-25786,,800000
knapsack,strongly,80,2,penalty,mga,80,800000,-25888,True,5,-25688,,800000
knapsack,strongly,80,2,penalty,mga,80,800000,-25888,True,6,-25687,,800000
knapsack,strongly,80,2,penalty,mga,80,800000,-25888,True,7,-25788,,800000
knapsack,strongly,80,2,penalty,mga,80,800000,-25888,True,8,-25688,,800000
knapsack,strongly,80,2,penalty,mga,80,800000,-25888,True,9,-25787,,800000
knapsack,strongly,80,2,penalty,mga,80,800000,-25888,True,10,-25787,,800000
knapsack,strongly,80,2,penalty,mga,80,800000,-25888,True,11,-25785,,800000
knapsack,strongly,80,2,penalty,mga,80,800000,-25888,True,12,-25587,,800000
knapsack,strongly,80,2,penalty,mga,80,800000,-25888,True,13,-25785,,800000
knapsack,strongly,80,2,penalty,mga,80,800000,-25888,True,14,-25688,,800000
knapsack,strongly,80,2,penalty,mga,80,800000,-25888,True,15,-25688,,800000
knapsack,strongly,80,2,penalty,mga,80,800000,-25888,True,16,-25688,,800000
knapsack,strongly,80,2,penalty,mga,80,800000,-25888,True,17,-25788,,800000
knapsack,strongly,80,2,penalty,mga,80,800000,-25888,True,18,-25587,,800000
knapsack,strongly,80,2,penalty,mga,80,800000,-25888,True,19,-25688,,800000
knapsack,strongly,80,2,penalty,mga,80,800000,-25888,True,20,-25781,,800000
knapsack,strongly,80,2,penalty,mga,80,800000,-25888,True,21,-25788,,800000
knapsack,strongly,80,2,penalty,mga,80,800000,-25888,True,22,-25688,,800000
knapsack,strongly,80,2,penalty,mga,80,800000,-25888,True,23,-25787,,800000
knapsack,strongly,80,2,penalty,mga,80,800000,-25888,True,24,-25687,,800000
knapsack,strongly,80,2,penalty,mga,80,800000,-25888,True,25,-25788,,800000
knapsack,strongly,80,2,penalty,mga,80,800000,-25888,True,26,-25686,,800000
knapsack,strongly,80,2,penalty,mga,80,800000,-25888,True,27,-25788,,800000
knapsack,strongly,80,2,penalty,mga,80,800000,-25888,True,28,-25687,,800000
knapsack,strongly,80,2,penalty,mga,80,800000,-25888,True,29,-25788,,800000
knapsack,strongly,80,2,penalty,mga,80,800000,-25888,True,30,-25787,,800000
knapsack,strongly,50,2,repair,mga,50,500000,-16778,True,0,-16768,,500000
knapsack,strongly,50,2,repair,mga,50,500000,-16778,True,1,-16775,,500000
knapsack,strongly,50,2,repair,mga,50,500000,-16778,True,2,-16778,269963,269963
knapsack,strongly,50,2,repair,mga,50,500000,-16778,True,3,-16778,3076,3076
knapsack,strongly,50,2,repair,mga,50,500000,-16778,True,4,-16772,,500000
knapsack,strongly,50,2,repair,mga,50,500000,-16778,True,5,-16775,,500000
knapsack,strongly,50,2,repair,mga,50,500000,-16778,True,6,-16772,,500000
knapsack,strongly,50,2,repair,mga,50,500000,-16778,True,7,-16772,,500000
knapsack,strongly,50,2,repair,mga,50,500000,-16778,True,8,-16778,4283,4283
knapsack,strongly,50,2,repair,mga,50,500000,-16778,True,9,-16772,,500000
knapsack,strongly,50,2,repair,mga,50,500000,-16778,True,10,-16778,13574,13574
knapsack,strongly,50,2,repair,mga,50,500000,-16778,True,11,-16778,77071,77071
knapsack,strongly,50,2,repair,mga,50,500000,-16778,True,12,-16678,,500000
knapsack,strongly,50,2,repair,mga,50,500000,-16778,True,13,-16775,,500000
knapsack,strongly,50,2,repair,mga,50,500000,-16778,True,14,-16775,,500000
knapsack,strongly,50,2,repair,mga,50,500000,-16778,True,15,-16778,238311,238311
knapsack,strongly,50,2,repair,mga,50,500000,-16778,True,16,-16768,,500000
knapsack,strongly,50,2,repair,mga,50,500000,-16778,True,17,-16775,,500000
knapsack,strongly,50,2,repair,mga,50,500000,-16778,True,18,-16778,6181,6181
knapsack,strongly,50,2,repair,mga,50,500000,-16778,True,19,-16775,,500000
knapsack,strongly,50,2,repair,mga,50,500000,-16778,True,20,-16778,83911,83911
knapsack,strongly,50,2,repair,mga,50,500000,-16778,True,21,-16772,,500000
knapsack,strongly,50,2,repair,mga,50,500000,-16778,True,22,-16778,1501,1501
knapsack,strongly,50,2,repair,mga,50,500000,-16778,True,23,-16778,16057,16057
knapsack,strongly,50,2,repair,mga,50,500000,-16778,True,24,-16775,,500000
knapsack,strongly,50,2,repair,mga,50,500000,-16778,True,25,-16778,1529,1529
knapsack,strongly,50,2,repair,mga,50,500000,-16778,True,26,-16772,,500000
knapsack,strongly,50,2,repair,mga,50,500000,-16778,True,27,-16778,1734,1734
knapsack,strongly,50,2,repair,mga,50,500000,-16778,True,28,-16778,1561,1561
knapsack,strongly,50,2,repair,mga,50,500000,-16778,True,29,-16778,3312,3312
knapsack,strongly,50,2,repair,mga,50,500000,-16778,True,30,-16775,,500000
knapsack,strongly,80,0,repair,floor,80,800000,-24176,True,0,-24176,356677,356677
knapsack,strongly,80,0,repair,floor,80,800000,-24176,True,1,-24176,63151,63151
knapsack,strongly,80,0,repair,floor,80,800000,-24176,True,2,-24176,175750,175750
knapsack,strongly,80,0,repair,floor,80,800000,-24176,True,3,-24176,101832,101832
knapsack,strongly,80,0,repair,floor,80,800000,-24176,True,4,-24176,201811,201811
knapsack,strongly,80,0,repair,floor,80,800000,-24176,True,5,-24176,298029,298029
knapsack,strongly,80,0,repair,floor,80,800000,-24176,True,6,-24176,253145,253145
knapsack,strongly,80,0,repair,floor,80,800000,-24176,True,7,-24176,197297,197297
knapsack,strongly,80,0,repair,floor,80,800000,-24176,True,8,-24176,86015,86015
knapsack,strongly,80,0,repair,floor,80,800000,-24176,True,9,-24176,18536,18536
knapsack,strongly,80,0,repair,floor,80,800000,-24176,True,10,-24176,202615,202615
knapsack,strongly,80,0,repair,floor,80,800000,-24176,True,11,-24176,487560,487560
knapsack,strongly,80,0,repair,floor,80,800000,-24176,True,12,-24176,777781,777781
knapsack,strongly,80,0,repair,floor,80,800000,-24176,True,13,-24176,575734,575734
knapsack,strongly,80,0,repair,floor,80,800000,-24176,True,14,-24176,37470,37470
knapsack,strongly,80,0,repair,floor,80,800000,-24176,True,15,-24176,209569,209569
knapsack,strongly,80,0,repair,floor,80,800000,-24176,True,16,-24176,164571,164571
knapsack,strongly,80,0,repair,floor,80,800000,-24176,True,17,-24176,224268,224268
knapsack,strongly,80,0,repair,floor,80,800000,-24176,True,18,-24176,161045,161045
knapsack,strongly,80,0,repair,floor,80,800000,-24176,True,19,-24176,388503,388503
knapsack,strongly,80,0,repair,floor,80,800000,-24176,True,20,-24176,107609,107609
knapsack,strongly,80,0,repair,floor,80,800000,-24176,True,21,-24176,212935,212935
knapsack,strongly,80,0,repair,floor,80,800000,-24176,True,22,-24176,430736,430736
knapsack,strongly,80,0,repair,floor,80,800000,-24176,True,23,-24176,72130,72130
knapsack,strongly,80,0,repair,floor,80,800000,-24176,True,24,-24176,454382,454382
knapsack,strongly,80,0,repair,floor,80,800000,-24176,True,25,-24176,268800,268800
knapsack,strongly,80,0,repair,floor,80,800000,-24176,True,26,-24176,183334,183334
knapsack,strongly,80,0,repair,floor,80,800000,-24176,True,27,-24176,154618,154618
knapsack,strongly,80,0,repair,floor,80,800000,-24176,True,28,-24176,401,401
knapsack,strongly,80,0,repair,floor,80,800000,-24176,True,29,-24176,209577,209577
knapsack,strongly,80,0,repair,floor,80,800000,-24176,True,30,-24176,79933,79933
knapsack,strongly,50,2,repair,floor,50,500000,-16778,True,0,-16775,,500000
knapsack,strongly,50,2,repair,floor,50,500000,-16778,True,1,-16772,,500000
knapsack,strongly,50,2,repair,floor,50,500000,-16778,True,2,-16778,216660,216660
knapsack,strongly,50,2,repair,floor,50,500000,-16778,True,3,-16778,290033,290033
knapsack,strongly,50,2,repair,floor,50,500000,-16778,True,4,-16778,464215,464215
knapsack,strongly,50,2,repair,floor,50,500000,-16778,True,5,-16772,,500000
knapsack,strongly,50,2,repair,floor,50,500000,-16778,True,6,-16774,,500000
knapsack,strongly,50,2,repair,floor,50,500000,-16778,True,7,-16778,146713,146713
knapsack,strongly,50,2,repair,floor,50,500000,-16778,True,8,-16774,,500000
knapsack,strongly,50,2,repair,floor,50,500000,-16778,True,9,-16775,,500000
knapsack,strongly,50,2,repair,floor,50,500000,-16778,True,10,-16775,,500000
knapsack,strongly,50,2,repair,floor,50,500000,-16778,True,11,-16775,,500000
knapsack,strongly,50,2,repair,floor,50,500000,-16778,True,12,-16778,218977,218977
knapsack,strongly,50,2,repair,floor,50,500000,-16778,True,13,-16772,,500000
knapsack,strongly,50,2,repair,floor,50,500000,-16778,True,14,-16775,,500000
knapsack,strongly,50,2,repair,floor,50,500000,-16778,True,15,-16768,,500000
knapsack,strongly,50,2,repair,floor,50,500000,-16778,True,16,-16778,79493,79493
knapsack,strongly,50,2,repair,floor,50,500000,-16778,True,17,-16775,,500000
knapsack,strongly,50,2,repair,floor,50,500000,-16778,True,18,-16774,,500000
knapsack,strongly,50,2,repair,floor,50,500000,-16778,True,19,-16775,,500000
knapsack,strongly,50,2,repair,floor,50,500000,-16778,True,20,-16775,,500000
knapsack,strongly,50,2,repair,floor,50,500000,-16778,True,21,-16778,206511,206511
knapsack,strongly,50,2,repair,floor,50,500000,-16778,True,22,-16774,,500000
knapsack,strongly,50,2,repair,floor,50,500000,-16778,True,23,-16775,,500000
knapsack,strongly,50,2,repair,floor,50,500000,-16778,True,24,-16778,183681,183681
knapsack,strongly,50,2,repair,floor,50,500000,-16778,True,25,-16778,37178,37178
knapsack,strongly,50,2,repair,floor,50,500000,-16778,True,26,-16778,352588,352588
knapsack,strongly,50,2,repair,floor,50,500000,-16778,True,27,-16774,,500000
knapsack,strongly,50,2,repair,floor,50,500000,-16778,True,28,-16771,,500000
knapsack,strongly,50,2,repair,floor,50,500000,-16778,True,29,-16778,237529,237529
knapsack,strongly,50,2,repair,floor,50,500000,-16778,True,30,-16775,,500000
knapsack,strongly,120,0,penalty,floor,120,1200000,-36951,True,0,-35640,,1200000
knapsack,strongly,120,0,penalty,floor,120,1200000,-36951,True,1,-35647,,1200000
knapsack,strongly,120,0,penalty,floor,120,1200000,-36951,True,2,-35641,,1200000
knapsack,strongly,120,0,penalty,floor,120,1200000,-36951,True,3,-35549,,1200000
knapsack,strongly,120,0,penalty,floor,120,1200000,-36951,True,4,-35615,,1200000
knapsack,strongly,120,0,penalty,floor,120,1200000,-36951,True,5,-35446,,1200000
knapsack,strongly,120,0,penalty,floor,120,1200000,-36951,True,6,-35463,,1200000
knapsack,strongly,120,0,penalty,floor,120,1200000,-36951,True,7,-35548,,1200000
knapsack,strongly,120,0,penalty,floor,120,1200000,-36951,True,8,-35451,,1200000
knapsack,strongly,120,0,penalty,floor,120,1200000,-36951,True,9,-35439,,1200000
knapsack,strongly,120,0,penalty,floor,120,1200000,-36951,True,10,-35551,,1200000
knapsack,strongly,120,0,penalty,floor,120,1200000,-36951,True,11,-35450,,1200000
knapsack,strongly,120,0,penalty,floor,120,1200000,-36951,True,12,-35444,,1200000
knapsack,strongly,120,0,penalty,floor,120,1200000,-36951,True,13,-35449,,1200000
knapsack,strongly,120,0,penalty,floor,120,1200000,-36951,True,14,-35645,,1200000
knapsack,strongly,120,0,penalty,floor,120,1200000,-36951,True,15,-35551,,1200000
knapsack,strongly,120,0,penalty,floor,120,1200000,-36951,True,16,-35346,,1200000
knapsack,strongly,120,0,penalty,floor,120,1200000,-36951,True,17,-35651,,1200000
knapsack,strongly,120,0,penalty,floor,120,1200000,-36951,True,18,-35551,,1200000
knapsack,strongly,120,0,penalty,floor,120,1200000,-36951,True,19,-35633,,1200000
knapsack,strongly,120,0,penalty,floor,120,1200000,-36951,True,20,-35448,,1200000
knapsack,strongly,120,0,penalty,floor,120,1200000,-36951,True,21,-35638,,1200000
knapsack,strongly,120,0,penalty,floor,120,1200000,-36951,True,22,-35546,,1200000
knapsack,strongly,120,0,penalty,floor,120,1200000,-36951,True,23,-35548,,1200000
knapsack,strongly,120,0,penalty,floor,120,1200000,-36951,True,24,-35743,,1200000
knapsack,strongly,120,0,penalty,floor,120,1200000,-36951,True,25,-35439,,1200000
knapsack,strongly,120,0,penalty,floor,120,1200000,-36951,True,26,-35539,,1200000
knapsack,strongly,120,0,penalty,floor,120,1200000,-36951,True,27,-35651,,1200000
knapsack,strongly,120,0,penalty,floor,120,1200000,-36951,True,28,-35351,,1200000
knapsack,strongly,120,0,penalty,floor,120,1200000,-36951,True,29,-35547,,1200000
knapsack,strongly,120,0,penalty,floor,120,1200000,-36951,True,30,-35551,,1200000
knapsack,strongly,120,0,penalty,ils,120,1200000,-36951,True,0,-36851,,1200000
knapsack,strongly,120,0,penalty,ils,120,1200000,-36951,True,1,-36951,678464,678464
knapsack,strongly,120,0,penalty,ils,120,1200000,-36951,True,2,-36949,,1200000
knapsack,strongly,120,0,penalty,ils,120,1200000,-36951,True,3,-36951,659933,659933
knapsack,strongly,120,0,penalty,ils,120,1200000,-36951,True,4,-36851,,1200000
knapsack,strongly,120,0,penalty,ils,120,1200000,-36951,True,5,-36851,,1200000
knapsack,strongly,120,0,penalty,ils,120,1200000,-36951,True,6,-36851,,1200000
knapsack,strongly,120,0,penalty,ils,120,1200000,-36951,True,7,-36950,,1200000
knapsack,strongly,120,0,penalty,ils,120,1200000,-36951,True,8,-36851,,1200000
knapsack,strongly,120,0,penalty,ils,120,1200000,-36951,True,9,-36951,449632,449632
knapsack,strongly,120,0,penalty,ils,120,1200000,-36951,True,10,-36934,,1200000
knapsack,strongly,120,0,penalty,ils,120,1200000,-36951,True,11,-36947,,1200000
knapsack,strongly,120,0,penalty,ils,120,1200000,-36951,True,12,-36851,,1200000
knapsack,strongly,120,0,penalty,ils,120,1200000,-36951,True,13,-36850,,1200000
knapsack,strongly,120,0,penalty,ils,120,1200000,-36951,True,14,-36950,,1200000
knapsack,strongly,120,0,penalty,ils,120,1200000,-36951,True,15,-36851,,1200000
knapsack,strongly,120,0,penalty,ils,120,1200000,-36951,True,16,-36851,,1200000
knapsack,strongly,120,0,penalty,ils,120,1200000,-36951,True,17,-36851,,1200000
knapsack,strongly,120,0,penalty,ils,120,1200000,-36951,True,18,-36951,928072,928072
knapsack,strongly,120,0,penalty,ils,120,1200000,-36951,True,19,-36851,,1200000
knapsack,strongly,120,0,penalty,ils,120,1200000,-36951,True,20,-36851,,1200000
knapsack,strongly,120,0,penalty,ils,120,1200000,-36951,True,21,-36751,,1200000
knapsack,strongly,120,0,penalty,ils,120,1200000,-36951,True,22,-36851,,1200000
knapsack,strongly,120,0,penalty,ils,120,1200000,-36951,True,23,-36751,,1200000
knapsack,strongly,120,0,penalty,ils,120,1200000,-36951,True,24,-36851,,1200000
knapsack,strongly,120,0,penalty,ils,120,1200000,-36951,True,25,-36851,,1200000
knapsack,strongly,120,0,penalty,ils,120,1200000,-36951,True,26,-36951,483422,483422
knapsack,strongly,120,0,penalty,ils,120,1200000,-36951,True,27,-36951,1059411,1059411
knapsack,strongly,120,0,penalty,ils,120,1200000,-36951,True,28,-36849,,1200000
knapsack,strongly,120,0,penalty,ils,120,1200000,-36951,True,29,-36851,,1200000
knapsack,strongly,120,0,penalty,ils,120,1200000,-36951,True,30,-36950,,1200000
knapsack,strongly,120,0,penalty,mga,120,1200000,-36951,True,0,-36851,,1200000
knapsack,strongly,120,0,penalty,mga,120,1200000,-36951,True,1,-36751,,1200000
knapsack,strongly,120,0,penalty,mga,120,1200000,-36951,True,2,-36849,,1200000
knapsack,strongly,120,0,penalty,mga,120,1200000,-36951,True,3,-36750,,1200000
knapsack,strongly,120,0,penalty,mga,120,1200000,-36951,True,4,-36651,,1200000
knapsack,strongly,120,0,penalty,mga,120,1200000,-36951,True,5,-36850,,1200000
knapsack,strongly,120,0,penalty,mga,120,1200000,-36951,True,6,-36750,,1200000
knapsack,strongly,120,0,penalty,mga,120,1200000,-36951,True,7,-36751,,1200000
knapsack,strongly,120,0,penalty,mga,120,1200000,-36951,True,8,-36751,,1200000
knapsack,strongly,120,0,penalty,mga,120,1200000,-36951,True,9,-36849,,1200000
knapsack,strongly,120,0,penalty,mga,120,1200000,-36951,True,10,-36751,,1200000
knapsack,strongly,120,0,penalty,mga,120,1200000,-36951,True,11,-36751,,1200000
knapsack,strongly,120,0,penalty,mga,120,1200000,-36951,True,12,-36751,,1200000
knapsack,strongly,120,0,penalty,mga,120,1200000,-36951,True,13,-36751,,1200000
knapsack,strongly,120,0,penalty,mga,120,1200000,-36951,True,14,-36751,,1200000
knapsack,strongly,120,0,penalty,mga,120,1200000,-36951,True,15,-36751,,1200000
knapsack,strongly,120,0,penalty,mga,120,1200000,-36951,True,16,-36651,,1200000
knapsack,strongly,120,0,penalty,mga,120,1200000,-36951,True,17,-36849,,1200000
knapsack,strongly,120,0,penalty,mga,120,1200000,-36951,True,18,-36739,,1200000
knapsack,strongly,120,0,penalty,mga,120,1200000,-36951,True,19,-36749,,1200000
knapsack,strongly,120,0,penalty,mga,120,1200000,-36951,True,20,-36751,,1200000
knapsack,strongly,120,0,penalty,mga,120,1200000,-36951,True,21,-36750,,1200000
knapsack,strongly,120,0,penalty,mga,120,1200000,-36951,True,22,-36551,,1200000
knapsack,strongly,120,0,penalty,mga,120,1200000,-36951,True,23,-36751,,1200000
knapsack,strongly,120,0,penalty,mga,120,1200000,-36951,True,24,-36751,,1200000
knapsack,strongly,120,0,penalty,mga,120,1200000,-36951,True,25,-36751,,1200000
knapsack,strongly,120,0,penalty,mga,120,1200000,-36951,True,26,-36751,,1200000
knapsack,strongly,120,0,penalty,mga,120,1200000,-36951,True,27,-36748,,1200000
knapsack,strongly,120,0,penalty,mga,120,1200000,-36951,True,28,-36651,,1200000
knapsack,strongly,120,0,penalty,mga,120,1200000,-36951,True,29,-36843,,1200000
knapsack,strongly,120,0,penalty,mga,120,1200000,-36951,True,30,-36751,,1200000
knapsack,strongly,50,0,repair,mga,50,500000,-16940,True,0,-16939,,500000
knapsack,strongly,50,0,repair,mga,50,500000,-16940,True,1,-16939,,500000
knapsack,strongly,50,0,repair,mga,50,500000,-16940,True,2,-16938,,500000
knapsack,strongly,50,0,repair,mga,50,500000,-16940,True,3,-16939,,500000
knapsack,strongly,50,0,repair,mga,50,500000,-16940,True,4,-16933,,500000
knapsack,strongly,50,0,repair,mga,50,500000,-16940,True,5,-16939,,500000
knapsack,strongly,50,0,repair,mga,50,500000,-16940,True,6,-16939,,500000
knapsack,strongly,50,0,repair,mga,50,500000,-16940,True,7,-16938,,500000
knapsack,strongly,50,0,repair,mga,50,500000,-16940,True,8,-16933,,500000
knapsack,strongly,50,0,repair,mga,50,500000,-16940,True,9,-16940,277252,277252
knapsack,strongly,50,0,repair,mga,50,500000,-16940,True,10,-16939,,500000
knapsack,strongly,50,0,repair,mga,50,500000,-16940,True,11,-16939,,500000
knapsack,strongly,50,0,repair,mga,50,500000,-16940,True,12,-16939,,500000
knapsack,strongly,50,0,repair,mga,50,500000,-16940,True,13,-16940,208430,208430
knapsack,strongly,50,0,repair,mga,50,500000,-16940,True,14,-16940,623,623
knapsack,strongly,50,0,repair,mga,50,500000,-16940,True,15,-16939,,500000
knapsack,strongly,50,0,repair,mga,50,500000,-16940,True,16,-16939,,500000
knapsack,strongly,50,0,repair,mga,50,500000,-16940,True,17,-16940,325,325
knapsack,strongly,50,0,repair,mga,50,500000,-16940,True,18,-16938,,500000
knapsack,strongly,50,0,repair,mga,50,500000,-16940,True,19,-16933,,500000
knapsack,strongly,50,0,repair,mga,50,500000,-16940,True,20,-16939,,500000
knapsack,strongly,50,0,repair,mga,50,500000,-16940,True,21,-16939,,500000
knapsack,strongly,50,0,repair,mga,50,500000,-16940,True,22,-16938,,500000
knapsack,strongly,50,0,repair,mga,50,500000,-16940,True,23,-16939,,500000
knapsack,strongly,50,0,repair,mga,50,500000,-16940,True,24,-16939,,500000
knapsack,strongly,50,0,repair,mga,50,500000,-16940,True,25,-16940,62048,62048
knapsack,strongly,50,0,repair,mga,50,500000,-16940,True,26,-16938,,500000
knapsack,strongly,50,0,repair,mga,50,500000,-16940,True,27,-16940,2436,2436
knapsack,strongly,50,0,repair,mga,50,500000,-16940,True,28,-16939,,500000
knapsack,strongly,50,0,repair,mga,50,500000,-16940,True,29,-16933,,500000
knapsack,strongly,50,0,repair,mga,50,500000,-16940,True,30,-16940,6627,6627
knapsack,strongly,80,1,repair,mga,80,800000,-26770,True,0,-26770,2138,2138
knapsack,strongly,80,1,repair,mga,80,800000,-26770,True,1,-26770,54350,54350
knapsack,strongly,80,1,repair,mga,80,800000,-26770,True,2,-26770,766542,766542
knapsack,strongly,80,1,repair,mga,80,800000,-26770,True,3,-26770,10577,10577
knapsack,strongly,80,1,repair,mga,80,800000,-26770,True,4,-26770,7562,7562
knapsack,strongly,80,1,repair,mga,80,800000,-26770,True,5,-26770,5596,5596
knapsack,strongly,80,1,repair,mga,80,800000,-26770,True,6,-26770,271459,271459
knapsack,strongly,80,1,repair,mga,80,800000,-26770,True,7,-26770,1483,1483
knapsack,strongly,80,1,repair,mga,80,800000,-26770,True,8,-26770,1095,1095
knapsack,strongly,80,1,repair,mga,80,800000,-26770,True,9,-26770,14899,14899
knapsack,strongly,80,1,repair,mga,80,800000,-26770,True,10,-26770,219857,219857
knapsack,strongly,80,1,repair,mga,80,800000,-26770,True,11,-26770,1083,1083
knapsack,strongly,80,1,repair,mga,80,800000,-26770,True,12,-26770,553,553
knapsack,strongly,80,1,repair,mga,80,800000,-26770,True,13,-26770,257709,257709
knapsack,strongly,80,1,repair,mga,80,800000,-26770,True,14,-26770,38109,38109
knapsack,strongly,80,1,repair,mga,80,800000,-26770,True,15,-26770,876,876
knapsack,strongly,80,1,repair,mga,80,800000,-26770,True,16,-26770,1281,1281
knapsack,strongly,80,1,repair,mga,80,800000,-26770,True,17,-26770,393881,393881
knapsack,strongly,80,1,repair,mga,80,800000,-26770,True,18,-26770,584138,584138
knapsack,strongly,80,1,repair,mga,80,800000,-26770,True,19,-26769,,800000
knapsack,strongly,80,1,repair,mga,80,800000,-26770,True,20,-26770,610114,610114
knapsack,strongly,80,1,repair,mga,80,800000,-26770,True,21,-26770,217358,217358
knapsack,strongly,80,1,repair,mga,80,800000,-26770,True,22,-26770,1060,1060
knapsack,strongly,80,1,repair,mga,80,800000,-26770,True,23,-26770,54751,54751
knapsack,strongly,80,1,repair,mga,80,800000,-26770,True,24,-26770,167034,167034
knapsack,strongly,80,1,repair,mga,80,800000,-26770,True,25,-26770,3178,3178
knapsack,strongly,80,1,repair,mga,80,800000,-26770,True,26,-26770,55169,55169
knapsack,strongly,80,1,repair,mga,80,800000,-26770,True,27,-26770,1238,1238
knapsack,strongly,80,1,repair,mga,80,800000,-26770,True,28,-26770,1600,1600
knapsack,strongly,80,1,repair,mga,80,800000,-26770,True,29,-26770,55622,55622
knapsack,strongly,80,1,repair,mga,80,800000,-26770,True,30,-26770,52029,52029
knapsack,strongly,120,0,repair,ils,120,1200000,-36951,True,0,-36951,22975,22975
knapsack,strongly,120,0,repair,ils,120,1200000,-36951,True,1,-36951,17682,17682
knapsack,strongly,120,0,repair,ils,120,1200000,-36951,True,2,-36951,19547,19547
knapsack,strongly,120,0,repair,ils,120,1200000,-36951,True,3,-36951,24610,24610
knapsack,strongly,120,0,repair,ils,120,1200000,-36951,True,4,-36951,21404,21404
knapsack,strongly,120,0,repair,ils,120,1200000,-36951,True,5,-36951,57876,57876
knapsack,strongly,120,0,repair,ils,120,1200000,-36951,True,6,-36951,55648,55648
knapsack,strongly,120,0,repair,ils,120,1200000,-36951,True,7,-36951,14689,14689
knapsack,strongly,120,0,repair,ils,120,1200000,-36951,True,8,-36951,15518,15518
knapsack,strongly,120,0,repair,ils,120,1200000,-36951,True,9,-36951,74923,74923
knapsack,strongly,120,0,repair,ils,120,1200000,-36951,True,10,-36951,17387,17387
knapsack,strongly,120,0,repair,ils,120,1200000,-36951,True,11,-36951,73982,73982
knapsack,strongly,120,0,repair,ils,120,1200000,-36951,True,12,-36951,92240,92240
knapsack,strongly,120,0,repair,ils,120,1200000,-36951,True,13,-36951,48607,48607
knapsack,strongly,120,0,repair,ils,120,1200000,-36951,True,14,-36951,21439,21439
knapsack,strongly,120,0,repair,ils,120,1200000,-36951,True,15,-36951,5819,5819
knapsack,strongly,120,0,repair,ils,120,1200000,-36951,True,16,-36951,47973,47973
knapsack,strongly,120,0,repair,ils,120,1200000,-36951,True,17,-36951,28044,28044
knapsack,strongly,120,0,repair,ils,120,1200000,-36951,True,18,-36951,4285,4285
knapsack,strongly,120,0,repair,ils,120,1200000,-36951,True,19,-36951,252133,252133
knapsack,strongly,120,0,repair,ils,120,1200000,-36951,True,20,-36951,12908,12908
knapsack,strongly,120,0,repair,ils,120,1200000,-36951,True,21,-36951,61752,61752
knapsack,strongly,120,0,repair,ils,120,1200000,-36951,True,22,-36951,9119,9119
knapsack,strongly,120,0,repair,ils,120,1200000,-36951,True,23,-36951,85196,85196
knapsack,strongly,120,0,repair,ils,120,1200000,-36951,True,24,-36951,9044,9044
knapsack,strongly,120,0,repair,ils,120,1200000,-36951,True,25,-36951,25370,25370
knapsack,strongly,120,0,repair,ils,120,1200000,-36951,True,26,-36951,31270,31270
knapsack,strongly,120,0,repair,ils,120,1200000,-36951,True,27,-36951,25630,25630
knapsack,strongly,120,0,repair,ils,120,1200000,-36951,True,28,-36951,18700,18700
knapsack,strongly,120,0,repair,ils,120,1200000,-36951,True,29,-36951,46678,46678
knapsack,strongly,120,0,repair,ils,120,1200000,-36951,True,30,-36951,25392,25392
knapsack,strongly,120,1,penalty,floor,120,1200000,-39579,True,0,-38276,,1200000
knapsack,strongly,120,1,penalty,floor,120,1200000,-39579,True,1,-38274,,1200000
knapsack,strongly,120,1,penalty,floor,120,1200000,-39579,True,2,-38173,,1200000
knapsack,strongly,120,1,penalty,floor,120,1200000,-39579,True,3,-38178,,1200000
knapsack,strongly,120,1,penalty,floor,120,1200000,-39579,True,4,-38270,,1200000
knapsack,strongly,120,1,penalty,floor,120,1200000,-39579,True,5,-38274,,1200000
knapsack,strongly,120,1,penalty,floor,120,1200000,-39579,True,6,-38174,,1200000
knapsack,strongly,120,1,penalty,floor,120,1200000,-39579,True,7,-38368,,1200000
knapsack,strongly,120,1,penalty,floor,120,1200000,-39579,True,8,-38179,,1200000
knapsack,strongly,120,1,penalty,floor,120,1200000,-39579,True,9,-38172,,1200000
knapsack,strongly,120,1,penalty,floor,120,1200000,-39579,True,10,-38370,,1200000
knapsack,strongly,120,1,penalty,floor,120,1200000,-39579,True,11,-38176,,1200000
knapsack,strongly,120,1,penalty,floor,120,1200000,-39579,True,12,-38373,,1200000
knapsack,strongly,120,1,penalty,floor,120,1200000,-39579,True,13,-38179,,1200000
knapsack,strongly,120,1,penalty,floor,120,1200000,-39579,True,14,-38249,,1200000
knapsack,strongly,120,1,penalty,floor,120,1200000,-39579,True,15,-38279,,1200000
knapsack,strongly,120,1,penalty,floor,120,1200000,-39579,True,16,-38172,,1200000
knapsack,strongly,120,1,penalty,floor,120,1200000,-39579,True,17,-38278,,1200000
knapsack,strongly,120,1,penalty,floor,120,1200000,-39579,True,18,-38179,,1200000
knapsack,strongly,120,1,penalty,floor,120,1200000,-39579,True,19,-38177,,1200000
knapsack,strongly,120,1,penalty,floor,120,1200000,-39579,True,20,-38259,,1200000
knapsack,strongly,120,1,penalty,floor,120,1200000,-39579,True,21,-38563,,1200000
knapsack,strongly,120,1,penalty,floor,120,1200000,-39579,True,22,-38445,,1200000
knapsack,strongly,120,1,penalty,floor,120,1200000,-39579,True,23,-38178,,1200000
knapsack,strongly,120,1,penalty,floor,120,1200000,-39579,True,24,-38174,,1200000
knapsack,strongly,120,1,penalty,floor,120,1200000,-39579,True,25,-38154,,1200000
knapsack,strongly,120,1,penalty,floor,120,1200000,-39579,True,26,-38348,,1200000
knapsack,strongly,120,1,penalty,floor,120,1200000,-39579,True,27,-38272,,1200000
knapsack,strongly,120,1,penalty,floor,120,1200000,-39579,True,28,-38259,,1200000
knapsack,strongly,120,1,penalty,floor,120,1200000,-39579,True,29,-38178,,1200000
knapsack,strongly,120,1,penalty,floor,120,1200000,-39579,True,30,-38366,,1200000
knapsack,strongly,120,1,penalty,ils,120,1200000,-39579,True,0,-39578,,1200000
knapsack,strongly,120,1,penalty,ils,120,1200000,-39579,True,1,-39279,,1200000
knapsack,strongly,120,1,penalty,ils,120,1200000,-39579,True,2,-39370,,1200000
knapsack,strongly,120,1,penalty,ils,120,1200000,-39579,True,3,-39478,,1200000
knapsack,strongly,120,1,penalty,ils,120,1200000,-39579,True,4,-39379,,1200000
knapsack,strongly,120,1,penalty,ils,120,1200000,-39579,True,5,-39379,,1200000
knapsack,strongly,120,1,penalty,ils,120,1200000,-39579,True,6,-39379,,1200000
knapsack,strongly,120,1,penalty,ils,120,1200000,-39579,True,7,-39379,,1200000
knapsack,strongly,120,1,penalty,ils,120,1200000,-39579,True,8,-39479,,1200000
knapsack,strongly,120,1,penalty,ils,120,1200000,-39579,True,9,-39379,,1200000
knapsack,strongly,120,1,penalty,ils,120,1200000,-39579,True,10,-39479,,1200000
knapsack,strongly,120,1,penalty,ils,120,1200000,-39579,True,11,-39379,,1200000
knapsack,strongly,120,1,penalty,ils,120,1200000,-39579,True,12,-39379,,1200000
knapsack,strongly,120,1,penalty,ils,120,1200000,-39579,True,13,-39479,,1200000
knapsack,strongly,120,1,penalty,ils,120,1200000,-39579,True,14,-39379,,1200000
knapsack,strongly,120,1,penalty,ils,120,1200000,-39579,True,15,-39479,,1200000
knapsack,strongly,120,1,penalty,ils,120,1200000,-39579,True,16,-39379,,1200000
knapsack,strongly,120,1,penalty,ils,120,1200000,-39579,True,17,-39479,,1200000
knapsack,strongly,120,1,penalty,ils,120,1200000,-39579,True,18,-39477,,1200000
knapsack,strongly,120,1,penalty,ils,120,1200000,-39579,True,19,-39479,,1200000
knapsack,strongly,120,1,penalty,ils,120,1200000,-39579,True,20,-39373,,1200000
knapsack,strongly,120,1,penalty,ils,120,1200000,-39579,True,21,-39379,,1200000
knapsack,strongly,120,1,penalty,ils,120,1200000,-39579,True,22,-39379,,1200000
knapsack,strongly,120,1,penalty,ils,120,1200000,-39579,True,23,-39479,,1200000
knapsack,strongly,120,1,penalty,ils,120,1200000,-39579,True,24,-39379,,1200000
knapsack,strongly,120,1,penalty,ils,120,1200000,-39579,True,25,-39479,,1200000
knapsack,strongly,120,1,penalty,ils,120,1200000,-39579,True,26,-39479,,1200000
knapsack,strongly,120,1,penalty,ils,120,1200000,-39579,True,27,-39475,,1200000
knapsack,strongly,120,1,penalty,ils,120,1200000,-39579,True,28,-39379,,1200000
knapsack,strongly,120,1,penalty,ils,120,1200000,-39579,True,29,-39479,,1200000
knapsack,strongly,120,1,penalty,ils,120,1200000,-39579,True,30,-39476,,1200000
knapsack,strongly,120,1,penalty,mga,120,1200000,-39579,True,0,-39379,,1200000
knapsack,strongly,120,1,penalty,mga,120,1200000,-39579,True,1,-39379,,1200000
knapsack,strongly,120,1,penalty,mga,120,1200000,-39579,True,2,-39479,,1200000
knapsack,strongly,120,1,penalty,mga,120,1200000,-39579,True,3,-39477,,1200000
knapsack,strongly,120,1,penalty,mga,120,1200000,-39579,True,4,-39478,,1200000
knapsack,strongly,120,1,penalty,mga,120,1200000,-39579,True,5,-39379,,1200000
knapsack,strongly,120,1,penalty,mga,120,1200000,-39579,True,6,-39279,,1200000
knapsack,strongly,120,1,penalty,mga,120,1200000,-39579,True,7,-39379,,1200000
knapsack,strongly,120,1,penalty,mga,120,1200000,-39579,True,8,-39379,,1200000
knapsack,strongly,120,1,penalty,mga,120,1200000,-39579,True,9,-39478,,1200000
knapsack,strongly,120,1,penalty,mga,120,1200000,-39579,True,10,-39279,,1200000
knapsack,strongly,120,1,penalty,mga,120,1200000,-39579,True,11,-39378,,1200000
knapsack,strongly,120,1,penalty,mga,120,1200000,-39579,True,12,-39379,,1200000
knapsack,strongly,120,1,penalty,mga,120,1200000,-39579,True,13,-39479,,1200000
knapsack,strongly,120,1,penalty,mga,120,1200000,-39579,True,14,-39378,,1200000
knapsack,strongly,120,1,penalty,mga,120,1200000,-39579,True,15,-39479,,1200000
knapsack,strongly,120,1,penalty,mga,120,1200000,-39579,True,16,-39379,,1200000
knapsack,strongly,120,1,penalty,mga,120,1200000,-39579,True,17,-39179,,1200000
knapsack,strongly,120,1,penalty,mga,120,1200000,-39579,True,18,-39379,,1200000
knapsack,strongly,120,1,penalty,mga,120,1200000,-39579,True,19,-39379,,1200000
knapsack,strongly,120,1,penalty,mga,120,1200000,-39579,True,20,-39479,,1200000
knapsack,strongly,120,1,penalty,mga,120,1200000,-39579,True,21,-39379,,1200000
knapsack,strongly,120,1,penalty,mga,120,1200000,-39579,True,22,-39377,,1200000
knapsack,strongly,120,1,penalty,mga,120,1200000,-39579,True,23,-39279,,1200000
knapsack,strongly,120,1,penalty,mga,120,1200000,-39579,True,24,-39379,,1200000
knapsack,strongly,120,1,penalty,mga,120,1200000,-39579,True,25,-39379,,1200000
knapsack,strongly,120,1,penalty,mga,120,1200000,-39579,True,26,-39377,,1200000
knapsack,strongly,120,1,penalty,mga,120,1200000,-39579,True,27,-39477,,1200000
knapsack,strongly,120,1,penalty,mga,120,1200000,-39579,True,28,-39279,,1200000
knapsack,strongly,120,1,penalty,mga,120,1200000,-39579,True,29,-39379,,1200000
knapsack,strongly,120,1,penalty,mga,120,1200000,-39579,True,30,-39479,,1200000
knapsack,strongly,80,2,repair,ils,80,800000,-25888,True,0,-25888,27427,27427
knapsack,strongly,80,2,repair,ils,80,800000,-25888,True,1,-25888,30114,30114
knapsack,strongly,80,2,repair,ils,80,800000,-25888,True,2,-25888,183504,183504
knapsack,strongly,80,2,repair,ils,80,800000,-25888,True,3,-25888,26018,26018
knapsack,strongly,80,2,repair,ils,80,800000,-25888,True,4,-25888,93493,93493
knapsack,strongly,80,2,repair,ils,80,800000,-25888,True,5,-25888,12109,12109
knapsack,strongly,80,2,repair,ils,80,800000,-25888,True,6,-25888,283486,283486
knapsack,strongly,80,2,repair,ils,80,800000,-25888,True,7,-25888,25413,25413
knapsack,strongly,80,2,repair,ils,80,800000,-25888,True,8,-25888,7741,7741
knapsack,strongly,80,2,repair,ils,80,800000,-25888,True,9,-25888,240581,240581
knapsack,strongly,80,2,repair,ils,80,800000,-25888,True,10,-25888,175905,175905
knapsack,strongly,80,2,repair,ils,80,800000,-25888,True,11,-25888,36000,36000
knapsack,strongly,80,2,repair,ils,80,800000,-25888,True,12,-25888,164999,164999
knapsack,strongly,80,2,repair,ils,80,800000,-25888,True,13,-25888,13864,13864
knapsack,strongly,80,2,repair,ils,80,800000,-25888,True,14,-25888,345113,345113
knapsack,strongly,80,2,repair,ils,80,800000,-25888,True,15,-25888,54703,54703
knapsack,strongly,80,2,repair,ils,80,800000,-25888,True,16,-25888,93186,93186
knapsack,strongly,80,2,repair,ils,80,800000,-25888,True,17,-25888,12932,12932
knapsack,strongly,80,2,repair,ils,80,800000,-25888,True,18,-25888,668249,668249
knapsack,strongly,80,2,repair,ils,80,800000,-25888,True,19,-25888,536103,536103
knapsack,strongly,80,2,repair,ils,80,800000,-25888,True,20,-25888,254920,254920
knapsack,strongly,80,2,repair,ils,80,800000,-25888,True,21,-25888,35869,35869
knapsack,strongly,80,2,repair,ils,80,800000,-25888,True,22,-25888,156309,156309
knapsack,strongly,80,2,repair,ils,80,800000,-25888,True,23,-25888,15819,15819
knapsack,strongly,80,2,repair,ils,80,800000,-25888,True,24,-25888,192133,192133
knapsack,strongly,80,2,repair,ils,80,800000,-25888,True,25,-25888,37573,37573
knapsack,strongly,80,2,repair,ils,80,800000,-25888,True,26,-25888,98107,98107
knapsack,strongly,80,2,repair,ils,80,800000,-25888,True,27,-25888,167917,167917
knapsack,strongly,80,2,repair,ils,80,800000,-25888,True,28,-25888,37849,37849
knapsack,strongly,80,2,repair,ils,80,800000,-25888,True,29,-25888,2962,2962
knapsack,strongly,80,2,repair,ils,80,800000,-25888,True,30,-25888,145522,145522
knapsack,strongly,80,0,repair,mga,80,800000,-24176,True,0,-24175,,800000
knapsack,strongly,80,0,repair,mga,80,800000,-24176,True,1,-24173,,800000
knapsack,strongly,80,0,repair,mga,80,800000,-24176,True,2,-24175,,800000
knapsack,strongly,80,0,repair,mga,80,800000,-24176,True,3,-24175,,800000
knapsack,strongly,80,0,repair,mga,80,800000,-24176,True,4,-24175,,800000
knapsack,strongly,80,0,repair,mga,80,800000,-24176,True,5,-24175,,800000
knapsack,strongly,80,0,repair,mga,80,800000,-24176,True,6,-24175,,800000
knapsack,strongly,80,0,repair,mga,80,800000,-24176,True,7,-24176,6215,6215
knapsack,strongly,80,0,repair,mga,80,800000,-24176,True,8,-24176,666080,666080
knapsack,strongly,80,0,repair,mga,80,800000,-24176,True,9,-24176,1824,1824
knapsack,strongly,80,0,repair,mga,80,800000,-24176,True,10,-24176,2769,2769
knapsack,strongly,80,0,repair,mga,80,800000,-24176,True,11,-24176,598199,598199
knapsack,strongly,80,0,repair,mga,80,800000,-24176,True,12,-24175,,800000
knapsack,strongly,80,0,repair,mga,80,800000,-24176,True,13,-24175,,800000
knapsack,strongly,80,0,repair,mga,80,800000,-24176,True,14,-24176,802,802
knapsack,strongly,80,0,repair,mga,80,800000,-24176,True,15,-24176,669,669
knapsack,strongly,80,0,repair,mga,80,800000,-24176,True,16,-24175,,800000
knapsack,strongly,80,0,repair,mga,80,800000,-24176,True,17,-24176,730,730
knapsack,strongly,80,0,repair,mga,80,800000,-24176,True,18,-24176,6795,6795
knapsack,strongly,80,0,repair,mga,80,800000,-24176,True,19,-24176,236178,236178
knapsack,strongly,80,0,repair,mga,80,800000,-24176,True,20,-24176,1175,1175
knapsack,strongly,80,0,repair,mga,80,800000,-24176,True,21,-24176,579857,579857
knapsack,strongly,80,0,repair,mga,80,800000,-24176,True,22,-24176,39766,39766
knapsack,strongly,80,0,repair,mga,80,800000,-24176,True,23,-24176,644,644
knapsack,strongly,80,0,repair,mga,80,800000,-24176,True,24,-24176,8871,8871
knapsack,strongly,80,0,repair,mga,80,800000,-24176,True,25,-24176,475602,475602
knapsack,strongly,80,0,repair,mga,80,800000,-24176,True,26,-24176,678,678
knapsack,strongly,80,0,repair,mga,80,800000,-24176,True,27,-24176,36641,36641
knapsack,strongly,80,0,repair,mga,80,800000,-24176,True,28,-24176,41416,41416
knapsack,strongly,80,0,repair,mga,80,800000,-24176,True,29,-24176,4035,4035
knapsack,strongly,80,0,repair,mga,80,800000,-24176,True,30,-24176,460,460
knapsack,strongly,120,1,repair,ils,120,1200000,-39579,True,0,-39579,152690,152690
knapsack,strongly,120,1,repair,ils,120,1200000,-39579,True,1,-39579,34762,34762
knapsack,strongly,120,1,repair,ils,120,1200000,-39579,True,2,-39579,165843,165843
knapsack,strongly,120,1,repair,ils,120,1200000,-39579,True,3,-39579,165589,165589
knapsack,strongly,120,1,repair,ils,120,1200000,-39579,True,4,-39579,10777,10777
knapsack,strongly,120,1,repair,ils,120,1200000,-39579,True,5,-39579,85088,85088
knapsack,strongly,120,1,repair,ils,120,1200000,-39579,True,6,-39579,65369,65369
knapsack,strongly,120,1,repair,ils,120,1200000,-39579,True,7,-39579,10342,10342
knapsack,strongly,120,1,repair,ils,120,1200000,-39579,True,8,-39579,68400,68400
knapsack,strongly,120,1,repair,ils,120,1200000,-39579,True,9,-39579,367135,367135
knapsack,strongly,120,1,repair,ils,120,1200000,-39579,True,10,-39579,142269,142269
knapsack,strongly,120,1,repair,ils,120,1200000,-39579,True,11,-39579,7067,7067
knapsack,strongly,120,1,repair,ils,120,1200000,-39579,True,12,-39579,43649,43649
knapsack,strongly,120,1,repair,ils,120,1200000,-39579,True,13,-39579,98110,98110
knapsack,strongly,120,1,repair,ils,120,1200000,-39579,True,14,-39579,104414,104414
knapsack,strongly,120,1,repair,ils,120,1200000,-39579,True,15,-39579,13163,13163
knapsack,strongly,120,1,repair,ils,120,1200000,-39579,True,16,-39579,104609,104609
knapsack,strongly,120,1,repair,ils,120,1200000,-39579,True,17,-39579,71827,71827
knapsack,strongly,120,1,repair,ils,120,1200000,-39579,True,18,-39579,136561,136561
knapsack,strongly,120,1,repair,ils,120,1200000,-39579,True,19,-39579,87830,87830
knapsack,strongly,120,1,repair,ils,120,1200000,-39579,True,20,-39579,21931,21931
knapsack,strongly,120,1,repair,ils,120,1200000,-39579,True,21,-39579,10756,10756
knapsack,strongly,120,1,repair,ils,120,1200000,-39579,True,22,-39579,53713,53713
knapsack,strongly,120,1,repair,ils,120,1200000,-39579,True,23,-39579,133691,133691
knapsack,strongly,120,1,repair,ils,120,1200000,-39579,True,24,-39579,91609,91609
knapsack,strongly,120,1,repair,ils,120,1200000,-39579,True,25,-39579,132665,132665
knapsack,strongly,120,1,repair,ils,120,1200000,-39579,True,26,-39579,65020,65020
knapsack,strongly,120,1,repair,ils,120,1200000,-39579,True,27,-39579,45818,45818
knapsack,strongly,120,1,repair,ils,120,1200000,-39579,True,28,-39579,174139,174139
knapsack,strongly,120,1,repair,ils,120,1200000,-39579,True,29,-39579,75737,75737
knapsack,strongly,120,1,repair,ils,120,1200000,-39579,True,30,-39579,80577,80577
knapsack,strongly,120,2,penalty,floor,120,1200000,-39245,True,0,-38027,,1200000
knapsack,strongly,120,2,penalty,floor,120,1200000,-39245,True,1,-37945,,1200000
knapsack,strongly,120,2,penalty,floor,120,1200000,-39245,True,2,-38036,,1200000
knapsack,strongly,120,2,penalty,floor,120,1200000,-39245,True,3,-38144,,1200000
knapsack,strongly,120,2,penalty,floor,120,1200000,-39245,True,4,-38038,,1200000
knapsack,strongly,120,2,penalty,floor,120,1200000,-39245,True,5,-38040,,1200000
knapsack,strongly,120,2,penalty,floor,120,1200000,-39245,True,6,-37945,,1200000
knapsack,strongly,120,2,penalty,floor,120,1200000,-39245,True,7,-38029,,1200000
knapsack,strongly,120,2,penalty,floor,120,1200000,-39245,True,8,-37941,,1200000
knapsack,strongly,120,2,penalty,floor,120,1200000,-39245,True,9,-38038,,1200000
knapsack,strongly,120,2,penalty,floor,120,1200000,-39245,True,10,-38026,,1200000
knapsack,strongly,120,2,penalty,floor,120,1200000,-39245,True,11,-38043,,1200000
knapsack,strongly,120,2,penalty,floor,120,1200000,-39245,True,12,-38134,,1200000
knapsack,strongly,120,2,penalty,floor,120,1200000,-39245,True,13,-37840,,1200000
knapsack,strongly,120,2,penalty,floor,120,1200000,-39245,True,14,-37944,,1200000
knapsack,strongly,120,2,penalty,floor,120,1200000,-39245,True,15,-38136,,1200000
knapsack,strongly,120,2,penalty,floor,120,1200000,-39245,True,16,-38043,,1200000
knapsack,strongly,120,2,penalty,floor,120,1200000,-39245,True,17,-38232,,1200000
knapsack,strongly,120,2,penalty,floor,120,1200000,-39245,True,18,-37943,,1200000
knapsack,strongly,120,2,penalty,floor,120,1200000,-39245,True,19,-38036,,1200000
knapsack,strongly,120,2,penalty,floor,120,1200000,-39245,True,20,-38232,,1200000
knapsack,strongly,120,2,penalty,floor,120,1200000,-39245,True,21,-38042,,1200000
knapsack,strongly,120,2,penalty,floor,120,1200000,-39245,True,22,-38045,,1200000
knapsack,strongly,120,2,penalty,floor,120,1200000,-39245,True,23,-38039,,1200000
knapsack,strongly,120,2,penalty,floor,120,1200000,-39245,True,24,-37943,,1200000
knapsack,strongly,120,2,penalty,floor,120,1200000,-39245,True,25,-37925,,1200000
knapsack,strongly,120,2,penalty,floor,120,1200000,-39245,True,26,-37945,,1200000
knapsack,strongly,120,2,penalty,floor,120,1200000,-39245,True,27,-38008,,1200000
knapsack,strongly,120,2,penalty,floor,120,1200000,-39245,True,28,-38044,,1200000
knapsack,strongly,120,2,penalty,floor,120,1200000,-39245,True,29,-38042,,1200000
knapsack,strongly,120,2,penalty,floor,120,1200000,-39245,True,30,-38039,,1200000
knapsack,strongly,120,2,penalty,ils,120,1200000,-39245,True,0,-39045,,1200000
knapsack,strongly,120,2,penalty,ils,120,1200000,-39245,True,1,-39045,,1200000
knapsack,strongly,120,2,penalty,ils,120,1200000,-39245,True,2,-39145,,1200000
knapsack,strongly,120,2,penalty,ils,120,1200000,-39245,True,3,-39145,,1200000
knapsack,strongly,120,2,penalty,ils,120,1200000,-39245,True,4,-39045,,1200000
knapsack,strongly,120,2,penalty,ils,120,1200000,-39245,True,5,-39145,,1200000
knapsack,strongly,120,2,penalty,ils,120,1200000,-39245,True,6,-39244,,1200000
knapsack,strongly,120,2,penalty,ils,120,1200000,-39245,True,7,-39045,,1200000
knapsack,strongly,120,2,penalty,ils,120,1200000,-39245,True,8,-39143,,1200000
knapsack,strongly,120,2,penalty,ils,120,1200000,-39245,True,9,-39044,,1200000
knapsack,strongly,120,2,penalty,ils,120,1200000,-39245,True,10,-39045,,1200000
knapsack,strongly,120,2,penalty,ils,120,1200000,-39245,True,11,-39045,,1200000
knapsack,strongly,120,2,penalty,ils,120,1200000,-39245,True,12,-39045,,1200000
knapsack,strongly,120,2,penalty,ils,120,1200000,-39245,True,13,-39145,,1200000
knapsack,strongly,120,2,penalty,ils,120,1200000,-39245,True,14,-39145,,1200000
knapsack,strongly,120,2,penalty,ils,120,1200000,-39245,True,15,-39145,,1200000
knapsack,strongly,120,2,penalty,ils,120,1200000,-39245,True,16,-39045,,1200000
knapsack,strongly,120,2,penalty,ils,120,1200000,-39245,True,17,-39045,,1200000
knapsack,strongly,120,2,penalty,ils,120,1200000,-39245,True,18,-39145,,1200000
knapsack,strongly,120,2,penalty,ils,120,1200000,-39245,True,19,-39045,,1200000
knapsack,strongly,120,2,penalty,ils,120,1200000,-39245,True,20,-39045,,1200000
knapsack,strongly,120,2,penalty,ils,120,1200000,-39245,True,21,-39045,,1200000
knapsack,strongly,120,2,penalty,ils,120,1200000,-39245,True,22,-39045,,1200000
knapsack,strongly,120,2,penalty,ils,120,1200000,-39245,True,23,-39145,,1200000
knapsack,strongly,120,2,penalty,ils,120,1200000,-39245,True,24,-39045,,1200000
knapsack,strongly,120,2,penalty,ils,120,1200000,-39245,True,25,-39045,,1200000
knapsack,strongly,120,2,penalty,ils,120,1200000,-39245,True,26,-39145,,1200000
knapsack,strongly,120,2,penalty,ils,120,1200000,-39245,True,27,-39045,,1200000
knapsack,strongly,120,2,penalty,ils,120,1200000,-39245,True,28,-39045,,1200000
knapsack,strongly,120,2,penalty,ils,120,1200000,-39245,True,29,-38945,,1200000
knapsack,strongly,120,2,penalty,ils,120,1200000,-39245,True,30,-39045,,1200000
knapsack,strongly,120,2,penalty,mga,120,1200000,-39245,True,0,-39045,,1200000
knapsack,strongly,120,2,penalty,mga,120,1200000,-39245,True,1,-39045,,1200000
knapsack,strongly,120,2,penalty,mga,120,1200000,-39245,True,2,-38945,,1200000
knapsack,strongly,120,2,penalty,mga,120,1200000,-39245,True,3,-39045,,1200000
knapsack,strongly,120,2,penalty,mga,120,1200000,-39245,True,4,-38945,,1200000
knapsack,strongly,120,2,penalty,mga,120,1200000,-39245,True,5,-39143,,1200000
knapsack,strongly,120,2,penalty,mga,120,1200000,-39245,True,6,-39045,,1200000
knapsack,strongly,120,2,penalty,mga,120,1200000,-39245,True,7,-38945,,1200000
knapsack,strongly,120,2,penalty,mga,120,1200000,-39245,True,8,-39044,,1200000
knapsack,strongly,120,2,penalty,mga,120,1200000,-39245,True,9,-39045,,1200000
knapsack,strongly,120,2,penalty,mga,120,1200000,-39245,True,10,-38945,,1200000
knapsack,strongly,120,2,penalty,mga,120,1200000,-39245,True,11,-39045,,1200000
knapsack,strongly,120,2,penalty,mga,120,1200000,-39245,True,12,-39045,,1200000
knapsack,strongly,120,2,penalty,mga,120,1200000,-39245,True,13,-39045,,1200000
knapsack,strongly,120,2,penalty,mga,120,1200000,-39245,True,14,-39045,,1200000
knapsack,strongly,120,2,penalty,mga,120,1200000,-39245,True,15,-38945,,1200000
knapsack,strongly,120,2,penalty,mga,120,1200000,-39245,True,16,-38845,,1200000
knapsack,strongly,120,2,penalty,mga,120,1200000,-39245,True,17,-39045,,1200000
knapsack,strongly,120,2,penalty,mga,120,1200000,-39245,True,18,-39045,,1200000
knapsack,strongly,120,2,penalty,mga,120,1200000,-39245,True,19,-38945,,1200000
knapsack,strongly,120,2,penalty,mga,120,1200000,-39245,True,20,-39045,,1200000
knapsack,strongly,120,2,penalty,mga,120,1200000,-39245,True,21,-39044,,1200000
knapsack,strongly,120,2,penalty,mga,120,1200000,-39245,True,22,-38945,,1200000
knapsack,strongly,120,2,penalty,mga,120,1200000,-39245,True,23,-39045,,1200000
knapsack,strongly,120,2,penalty,mga,120,1200000,-39245,True,24,-38945,,1200000
knapsack,strongly,120,2,penalty,mga,120,1200000,-39245,True,25,-39043,,1200000
knapsack,strongly,120,2,penalty,mga,120,1200000,-39245,True,26,-39144,,1200000
knapsack,strongly,120,2,penalty,mga,120,1200000,-39245,True,27,-38944,,1200000
knapsack,strongly,120,2,penalty,mga,120,1200000,-39245,True,28,-38945,,1200000
knapsack,strongly,120,2,penalty,mga,120,1200000,-39245,True,29,-39144,,1200000
knapsack,strongly,120,2,penalty,mga,120,1200000,-39245,True,30,-39145,,1200000
knapsack,strongly,80,1,repair,floor,80,800000,-26770,True,0,-26767,,800000
knapsack,strongly,80,1,repair,floor,80,800000,-26770,True,1,-26750,,800000
knapsack,strongly,80,1,repair,floor,80,800000,-26770,True,2,-26766,,800000
knapsack,strongly,80,1,repair,floor,80,800000,-26770,True,3,-26768,,800000
knapsack,strongly,80,1,repair,floor,80,800000,-26770,True,4,-26769,,800000
knapsack,strongly,80,1,repair,floor,80,800000,-26770,True,5,-26670,,800000
knapsack,strongly,80,1,repair,floor,80,800000,-26770,True,6,-26741,,800000
knapsack,strongly,80,1,repair,floor,80,800000,-26770,True,7,-26768,,800000
knapsack,strongly,80,1,repair,floor,80,800000,-26770,True,8,-26670,,800000
knapsack,strongly,80,1,repair,floor,80,800000,-26770,True,9,-26770,332882,332882
knapsack,strongly,80,1,repair,floor,80,800000,-26770,True,10,-26769,,800000
knapsack,strongly,80,1,repair,floor,80,800000,-26770,True,11,-26769,,800000
knapsack,strongly,80,1,repair,floor,80,800000,-26770,True,12,-26767,,800000
knapsack,strongly,80,1,repair,floor,80,800000,-26770,True,13,-26769,,800000
knapsack,strongly,80,1,repair,floor,80,800000,-26770,True,14,-26767,,800000
knapsack,strongly,80,1,repair,floor,80,800000,-26770,True,15,-26770,22156,22156
knapsack,strongly,80,1,repair,floor,80,800000,-26770,True,16,-26762,,800000
knapsack,strongly,80,1,repair,floor,80,800000,-26770,True,17,-26770,436158,436158
knapsack,strongly,80,1,repair,floor,80,800000,-26770,True,18,-26670,,800000
knapsack,strongly,80,1,repair,floor,80,800000,-26770,True,19,-26764,,800000
knapsack,strongly,80,1,repair,floor,80,800000,-26770,True,20,-26770,798539,798539
knapsack,strongly,80,1,repair,floor,80,800000,-26770,True,21,-26766,,800000
knapsack,strongly,80,1,repair,floor,80,800000,-26770,True,22,-26769,,800000
knapsack,strongly,80,1,repair,floor,80,800000,-26770,True,23,-26766,,800000
knapsack,strongly,80,1,repair,floor,80,800000,-26770,True,24,-26770,49984,49984
knapsack,strongly,80,1,repair,floor,80,800000,-26770,True,25,-26770,546458,546458
knapsack,strongly,80,1,repair,floor,80,800000,-26770,True,26,-26766,,800000
knapsack,strongly,80,1,repair,floor,80,800000,-26770,True,27,-26766,,800000
knapsack,strongly,80,1,repair,floor,80,800000,-26770,True,28,-26756,,800000
knapsack,strongly,80,1,repair,floor,80,800000,-26770,True,29,-26767,,800000
knapsack,strongly,80,1,repair,floor,80,800000,-26770,True,30,-26770,426357,426357
knapsack,strongly,120,2,repair,ils,120,1200000,-39245,True,0,-39245,47033,47033
knapsack,strongly,120,2,repair,ils,120,1200000,-39245,True,1,-39245,43713,43713
knapsack,strongly,120,2,repair,ils,120,1200000,-39245,True,2,-39245,75742,75742
knapsack,strongly,120,2,repair,ils,120,1200000,-39245,True,3,-39245,36928,36928
knapsack,strongly,120,2,repair,ils,120,1200000,-39245,True,4,-39245,50841,50841
knapsack,strongly,120,2,repair,ils,120,1200000,-39245,True,5,-39245,65151,65151
knapsack,strongly,120,2,repair,ils,120,1200000,-39245,True,6,-39245,190519,190519
knapsack,strongly,120,2,repair,ils,120,1200000,-39245,True,7,-39245,53967,53967
knapsack,strongly,120,2,repair,ils,120,1200000,-39245,True,8,-39245,22314,22314
knapsack,strongly,120,2,repair,ils,120,1200000,-39245,True,9,-39245,106114,106114
knapsack,strongly,120,2,repair,ils,120,1200000,-39245,True,10,-39245,49836,49836
knapsack,strongly,120,2,repair,ils,120,1200000,-39245,True,11,-39245,63337,63337
knapsack,strongly,120,2,repair,ils,120,1200000,-39245,True,12,-39245,98470,98470
knapsack,strongly,120,2,repair,ils,120,1200000,-39245,True,13,-39245,61267,61267
knapsack,strongly,120,2,repair,ils,120,1200000,-39245,True,14,-39245,30122,30122
knapsack,strongly,120,2,repair,ils,120,1200000,-39245,True,15,-39245,58576,58576
knapsack,strongly,120,2,repair,ils,120,1200000,-39245,True,16,-39245,18823,18823
knapsack,strongly,120,2,repair,ils,120,1200000,-39245,True,17,-39245,84698,84698
knapsack,strongly,120,2,repair,ils,120,1200000,-39245,True,18,-39245,30623,30623
knapsack,strongly,120,2,repair,ils,120,1200000,-39245,True,19,-39245,52388,52388
knapsack,strongly,120,2,repair,ils,120,1200000,-39245,True,20,-39245,20534,20534
knapsack,strongly,120,2,repair,ils,120,1200000,-39245,True,21,-39245,419547,419547
knapsack,strongly,120,2,repair,ils,120,1200000,-39245,True,22,-39245,27391,27391
knapsack,strongly,120,2,repair,ils,120,1200000,-39245,True,23,-39245,136328,136328
knapsack,strongly,120,2,repair,ils,120,1200000,-39245,True,24,-39245,50632,50632
knapsack,strongly,120,2,repair,ils,120,1200000,-39245,True,25,-39245,174964,174964
knapsack,strongly,120,2,repair,ils,120,1200000,-39245,True,26,-39245,102328,102328
knapsack,strongly,120,2,repair,ils,120,1200000,-39245,True,27,-39245,125788,125788
knapsack,strongly,120,2,repair,ils,120,1200000,-39245,True,28,-39245,29645,29645
knapsack,strongly,120,2,repair,ils,120,1200000,-39245,True,29,-39245,80808,80808
knapsack,strongly,120,2,repair,ils,120,1200000,-39245,True,30,-39245,56291,56291
knapsack,strongly,80,2,repair,mga,80,800000,-25888,True,0,-25887,,800000
knapsack,strongly,80,2,repair,mga,80,800000,-25888,True,1,-25886,,800000
knapsack,strongly,80,2,repair,mga,80,800000,-25888,True,2,-25788,,800000
knapsack,strongly,80,2,repair,mga,80,800000,-25888,True,3,-25887,,800000
knapsack,strongly,80,2,repair,mga,80,800000,-25888,True,4,-25886,,800000
knapsack,strongly,80,2,repair,mga,80,800000,-25888,True,5,-25884,,800000
knapsack,strongly,80,2,repair,mga,80,800000,-25888,True,6,-25888,460236,460236
knapsack,strongly,80,2,repair,mga,80,800000,-25888,True,7,-25888,779157,779157
knapsack,strongly,80,2,repair,mga,80,800000,-25888,True,8,-25887,,800000
knapsack,strongly,80,2,repair,mga,80,800000,-25888,True,9,-25887,,800000
knapsack,strongly,80,2,repair,mga,80,800000,-25888,True,10,-25888,1356,1356
knapsack,strongly,80,2,repair,mga,80,800000,-25888,True,11,-25887,,800000
knapsack,strongly,80,2,repair,mga,80,800000,-25888,True,12,-25887,,800000
knapsack,strongly,80,2,repair,mga,80,800000,-25888,True,13,-25887,,800000
knapsack,strongly,80,2,repair,mga,80,800000,-25888,True,14,-25888,331606,331606
knapsack,strongly,80,2,repair,mga,80,800000,-25888,True,15,-25888,97343,97343
knapsack,strongly,80,2,repair,mga,80,800000,-25888,True,16,-25884,,800000
knapsack,strongly,80,2,repair,mga,80,800000,-25888,True,17,-25788,,800000
knapsack,strongly,80,2,repair,mga,80,800000,-25888,True,18,-25788,,800000
knapsack,strongly,80,2,repair,mga,80,800000,-25888,True,19,-25888,418099,418099
knapsack,strongly,80,2,repair,mga,80,800000,-25888,True,20,-25788,,800000
knapsack,strongly,80,2,repair,mga,80,800000,-25888,True,21,-25788,,800000
knapsack,strongly,80,2,repair,mga,80,800000,-25888,True,22,-25788,,800000
knapsack,strongly,80,2,repair,mga,80,800000,-25888,True,23,-25888,141324,141324
knapsack,strongly,80,2,repair,mga,80,800000,-25888,True,24,-25884,,800000
knapsack,strongly,80,2,repair,mga,80,800000,-25888,True,25,-25886,,800000
knapsack,strongly,80,2,repair,mga,80,800000,-25888,True,26,-25887,,800000
knapsack,strongly,80,2,repair,mga,80,800000,-25888,True,27,-25886,,800000
knapsack,strongly,80,2,repair,mga,80,800000,-25888,True,28,-25888,62202,62202
knapsack,strongly,80,2,repair,mga,80,800000,-25888,True,29,-25888,44655,44655
knapsack,strongly,80,2,repair,mga,80,800000,-25888,True,30,-25888,1147,1147
knapsack,mstr,30,0,penalty,floor,30,300000,-11835,True,0,-11729,,300000
knapsack,mstr,30,0,penalty,floor,30,300000,-11835,True,1,-11442,,300000
knapsack,mstr,30,0,penalty,floor,30,300000,-11835,True,2,-11582,,300000
knapsack,mstr,30,0,penalty,floor,30,300000,-11835,True,3,-11573,,300000
knapsack,mstr,30,0,penalty,floor,30,300000,-11835,True,4,-11538,,300000
knapsack,mstr,30,0,penalty,floor,30,300000,-11835,True,5,-11576,,300000
knapsack,mstr,30,0,penalty,floor,30,300000,-11835,True,6,-11539,,300000
knapsack,mstr,30,0,penalty,floor,30,300000,-11835,True,7,-11615,,300000
knapsack,mstr,30,0,penalty,floor,30,300000,-11835,True,8,-11623,,300000
knapsack,mstr,30,0,penalty,floor,30,300000,-11835,True,9,-11593,,300000
knapsack,mstr,30,0,penalty,floor,30,300000,-11835,True,10,-11604,,300000
knapsack,mstr,30,0,penalty,floor,30,300000,-11835,True,11,-11529,,300000
knapsack,mstr,30,0,penalty,floor,30,300000,-11835,True,12,-11509,,300000
knapsack,mstr,30,0,penalty,floor,30,300000,-11835,True,13,-11514,,300000
knapsack,mstr,30,0,penalty,floor,30,300000,-11835,True,14,-11590,,300000
knapsack,mstr,30,0,penalty,floor,30,300000,-11835,True,15,-11523,,300000
knapsack,mstr,30,0,penalty,floor,30,300000,-11835,True,16,-11536,,300000
knapsack,mstr,30,0,penalty,floor,30,300000,-11835,True,17,-11530,,300000
knapsack,mstr,30,0,penalty,floor,30,300000,-11835,True,18,-11721,,300000
knapsack,mstr,30,0,penalty,floor,30,300000,-11835,True,19,-11540,,300000
knapsack,mstr,30,0,penalty,floor,30,300000,-11835,True,20,-11617,,300000
knapsack,mstr,30,0,penalty,floor,30,300000,-11835,True,21,-11559,,300000
knapsack,mstr,30,0,penalty,floor,30,300000,-11835,True,22,-11736,,300000
knapsack,mstr,30,0,penalty,floor,30,300000,-11835,True,23,-11674,,300000
knapsack,mstr,30,0,penalty,floor,30,300000,-11835,True,24,-11718,,300000
knapsack,mstr,30,0,penalty,floor,30,300000,-11835,True,25,-11727,,300000
knapsack,mstr,30,0,penalty,floor,30,300000,-11835,True,26,-11501,,300000
knapsack,mstr,30,0,penalty,floor,30,300000,-11835,True,27,-11592,,300000
knapsack,mstr,30,0,penalty,floor,30,300000,-11835,True,28,-11630,,300000
knapsack,mstr,30,0,penalty,floor,30,300000,-11835,True,29,-11546,,300000
knapsack,mstr,30,0,penalty,floor,30,300000,-11835,True,30,-11535,,300000
knapsack,mstr,30,0,penalty,ils,30,300000,-11835,True,0,-11835,97841,97841
knapsack,mstr,30,0,penalty,ils,30,300000,-11835,True,1,-11835,200942,200942
knapsack,mstr,30,0,penalty,ils,30,300000,-11835,True,2,-11835,208482,208482
knapsack,mstr,30,0,penalty,ils,30,300000,-11835,True,3,-11835,88377,88377
knapsack,mstr,30,0,penalty,ils,30,300000,-11835,True,4,-11829,,300000
knapsack,mstr,30,0,penalty,ils,30,300000,-11835,True,5,-11835,70573,70573
knapsack,mstr,30,0,penalty,ils,30,300000,-11835,True,6,-11835,31167,31167
knapsack,mstr,30,0,penalty,ils,30,300000,-11835,True,7,-11835,121719,121719
knapsack,mstr,30,0,penalty,ils,30,300000,-11835,True,8,-11835,53087,53087
knapsack,mstr,30,0,penalty,ils,30,300000,-11835,True,9,-11835,96148,96148
knapsack,mstr,30,0,penalty,ils,30,300000,-11835,True,10,-11829,,300000
knapsack,mstr,30,0,penalty,ils,30,300000,-11835,True,11,-11835,17595,17595
knapsack,mstr,30,0,penalty,ils,30,300000,-11835,True,12,-11835,78601,78601
knapsack,mstr,30,0,penalty,ils,30,300000,-11835,True,13,-11835,207630,207630
knapsack,mstr,30,0,penalty,ils,30,300000,-11835,True,14,-11835,46912,46912
knapsack,mstr,30,0,penalty,ils,30,300000,-11835,True,15,-11835,56907,56907
knapsack,mstr,30,0,penalty,ils,30,300000,-11835,True,16,-11835,106045,106045
knapsack,mstr,30,0,penalty,ils,30,300000,-11835,True,17,-11835,155341,155341
knapsack,mstr,30,0,penalty,ils,30,300000,-11835,True,18,-11835,62795,62795
knapsack,mstr,30,0,penalty,ils,30,300000,-11835,True,19,-11835,253979,253979
knapsack,mstr,30,0,penalty,ils,30,300000,-11835,True,20,-11835,102145,102145
knapsack,mstr,30,0,penalty,ils,30,300000,-11835,True,21,-11835,31067,31067
knapsack,mstr,30,0,penalty,ils,30,300000,-11835,True,22,-11835,84520,84520
knapsack,mstr,30,0,penalty,ils,30,300000,-11835,True,23,-11835,274570,274570
knapsack,mstr,30,0,penalty,ils,30,300000,-11835,True,24,-11835,62726,62726
knapsack,mstr,30,0,penalty,ils,30,300000,-11835,True,25,-11835,9918,9918
knapsack,mstr,30,0,penalty,ils,30,300000,-11835,True,26,-11835,14863,14863
knapsack,mstr,30,0,penalty,ils,30,300000,-11835,True,27,-11835,106771,106771
knapsack,mstr,30,0,penalty,ils,30,300000,-11835,True,28,-11835,1579,1579
knapsack,mstr,30,0,penalty,ils,30,300000,-11835,True,29,-11835,137531,137531
knapsack,mstr,30,0,penalty,ils,30,300000,-11835,True,30,-11835,25998,25998
knapsack,mstr,30,0,penalty,mga,30,300000,-11835,True,0,-11826,,300000
knapsack,mstr,30,0,penalty,mga,30,300000,-11835,True,1,-11835,200269,200269
knapsack,mstr,30,0,penalty,mga,30,300000,-11835,True,2,-11804,,300000
knapsack,mstr,30,0,penalty,mga,30,300000,-11835,True,3,-11835,19382,19382
knapsack,mstr,30,0,penalty,mga,30,300000,-11835,True,4,-11835,57194,57194
knapsack,mstr,30,0,penalty,mga,30,300000,-11835,True,5,-11835,144775,144775
knapsack,mstr,30,0,penalty,mga,30,300000,-11835,True,6,-11835,149631,149631
knapsack,mstr,30,0,penalty,mga,30,300000,-11835,True,7,-11835,280558,280558
knapsack,mstr,30,0,penalty,mga,30,300000,-11835,True,8,-11826,,300000
knapsack,mstr,30,0,penalty,mga,30,300000,-11835,True,9,-11835,42782,42782
knapsack,mstr,30,0,penalty,mga,30,300000,-11835,True,10,-11835,117901,117901
knapsack,mstr,30,0,penalty,mga,30,300000,-11835,True,11,-11835,152641,152641
knapsack,mstr,30,0,penalty,mga,30,300000,-11835,True,12,-11804,,300000
knapsack,mstr,30,0,penalty,mga,30,300000,-11835,True,13,-11826,,300000
knapsack,mstr,30,0,penalty,mga,30,300000,-11835,True,14,-11835,13578,13578
knapsack,mstr,30,0,penalty,mga,30,300000,-11835,True,15,-11826,,300000
knapsack,mstr,30,0,penalty,mga,30,300000,-11835,True,16,-11829,,300000
knapsack,mstr,30,0,penalty,mga,30,300000,-11835,True,17,-11835,274478,274478
knapsack,mstr,30,0,penalty,mga,30,300000,-11835,True,18,-11835,24422,24422
knapsack,mstr,30,0,penalty,mga,30,300000,-11835,True,19,-11835,55366,55366
knapsack,mstr,30,0,penalty,mga,30,300000,-11835,True,20,-11826,,300000
knapsack,mstr,30,0,penalty,mga,30,300000,-11835,True,21,-11835,154904,154904
knapsack,mstr,30,0,penalty,mga,30,300000,-11835,True,22,-11835,54158,54158
knapsack,mstr,30,0,penalty,mga,30,300000,-11835,True,23,-11826,,300000
knapsack,mstr,30,0,penalty,mga,30,300000,-11835,True,24,-11829,,300000
knapsack,mstr,30,0,penalty,mga,30,300000,-11835,True,25,-11835,12975,12975
knapsack,mstr,30,0,penalty,mga,30,300000,-11835,True,26,-11826,,300000
knapsack,mstr,30,0,penalty,mga,30,300000,-11835,True,27,-11804,,300000
knapsack,mstr,30,0,penalty,mga,30,300000,-11835,True,28,-11835,142050,142050
knapsack,mstr,30,0,penalty,mga,30,300000,-11835,True,29,-11835,64840,64840
knapsack,mstr,30,0,penalty,mga,30,300000,-11835,True,30,-11835,64216,64216
knapsack,mstr,30,0,repair,floor,30,300000,-11835,True,0,-11835,9635,9635
knapsack,mstr,30,0,repair,floor,30,300000,-11835,True,1,-11835,666,666
knapsack,mstr,30,0,repair,floor,30,300000,-11835,True,2,-11835,303,303
knapsack,mstr,30,0,repair,floor,30,300000,-11835,True,3,-11835,14683,14683
knapsack,mstr,30,0,repair,floor,30,300000,-11835,True,4,-11835,244,244
knapsack,mstr,30,0,repair,floor,30,300000,-11835,True,5,-11835,61,61
knapsack,mstr,30,0,repair,floor,30,300000,-11835,True,6,-11835,3244,3244
knapsack,mstr,30,0,repair,floor,30,300000,-11835,True,7,-11835,1635,1635
knapsack,mstr,30,0,repair,floor,30,300000,-11835,True,8,-11835,819,819
knapsack,mstr,30,0,repair,floor,30,300000,-11835,True,9,-11835,121,121
knapsack,mstr,30,0,repair,floor,30,300000,-11835,True,10,-11835,9172,9172
knapsack,mstr,30,0,repair,floor,30,300000,-11835,True,11,-11835,9536,9536
knapsack,mstr,30,0,repair,floor,30,300000,-11835,True,12,-11835,8510,8510
knapsack,mstr,30,0,repair,floor,30,300000,-11835,True,13,-11835,2242,2242
knapsack,mstr,30,0,repair,floor,30,300000,-11835,True,14,-11835,1002,1002
knapsack,mstr,30,0,repair,floor,30,300000,-11835,True,15,-11835,1424,1424
knapsack,mstr,30,0,repair,floor,30,300000,-11835,True,16,-11835,2213,2213
knapsack,mstr,30,0,repair,floor,30,300000,-11835,True,17,-11835,5966,5966
knapsack,mstr,30,0,repair,floor,30,300000,-11835,True,18,-11835,121,121
knapsack,mstr,30,0,repair,floor,30,300000,-11835,True,19,-11835,1939,1939
knapsack,mstr,30,0,repair,floor,30,300000,-11835,True,20,-11835,5758,5758
knapsack,mstr,30,0,repair,floor,30,300000,-11835,True,21,-11835,8544,8544
knapsack,mstr,30,0,repair,floor,30,300000,-11835,True,22,-11835,514,514
knapsack,mstr,30,0,repair,floor,30,300000,-11835,True,23,-11835,757,757
knapsack,mstr,30,0,repair,floor,30,300000,-11835,True,24,-11835,6634,6634
knapsack,mstr,30,0,repair,floor,30,300000,-11835,True,25,-11835,394,394
knapsack,mstr,30,0,repair,floor,30,300000,-11835,True,26,-11835,20592,20592
knapsack,mstr,30,0,repair,floor,30,300000,-11835,True,27,-11835,1848,1848
knapsack,mstr,30,0,repair,floor,30,300000,-11835,True,28,-11835,7751,7751
knapsack,mstr,30,0,repair,floor,30,300000,-11835,True,29,-11835,1729,1729
knapsack,mstr,30,0,repair,floor,30,300000,-11835,True,30,-11835,575,575
knapsack,strongly,80,2,repair,floor,80,800000,-25888,True,0,-25788,,800000
knapsack,strongly,80,2,repair,floor,80,800000,-25888,True,1,-25876,,800000
knapsack,strongly,80,2,repair,floor,80,800000,-25888,True,2,-25882,,800000
knapsack,strongly,80,2,repair,floor,80,800000,-25888,True,3,-25788,,800000
knapsack,strongly,80,2,repair,floor,80,800000,-25888,True,4,-25887,,800000
knapsack,strongly,80,2,repair,floor,80,800000,-25888,True,5,-25788,,800000
knapsack,strongly,80,2,repair,floor,80,800000,-25888,True,6,-25888,329139,329139
knapsack,strongly,80,2,repair,floor,80,800000,-25888,True,7,-25878,,800000
knapsack,strongly,80,2,repair,floor,80,800000,-25888,True,8,-25866,,800000
knapsack,strongly,80,2,repair,floor,80,800000,-25888,True,9,-25875,,800000
knapsack,strongly,80,2,repair,floor,80,800000,-25888,True,10,-25860,,800000
knapsack,strongly,80,2,repair,floor,80,800000,-25888,True,11,-25887,,800000
knapsack,strongly,80,2,repair,floor,80,800000,-25888,True,12,-25880,,800000
knapsack,strongly,80,2,repair,floor,80,800000,-25888,True,13,-25886,,800000
knapsack,strongly,80,2,repair,floor,80,800000,-25888,True,14,-25788,,800000
knapsack,strongly,80,2,repair,floor,80,800000,-25888,True,15,-25869,,800000
knapsack,strongly,80,2,repair,floor,80,800000,-25888,True,16,-25886,,800000
knapsack,strongly,80,2,repair,floor,80,800000,-25888,True,17,-25788,,800000
knapsack,strongly,80,2,repair,floor,80,800000,-25888,True,18,-25788,,800000
knapsack,strongly,80,2,repair,floor,80,800000,-25888,True,19,-25788,,800000
knapsack,strongly,80,2,repair,floor,80,800000,-25888,True,20,-25788,,800000
knapsack,strongly,80,2,repair,floor,80,800000,-25888,True,21,-25788,,800000
knapsack,strongly,80,2,repair,floor,80,800000,-25888,True,22,-25884,,800000
knapsack,strongly,80,2,repair,floor,80,800000,-25888,True,23,-25877,,800000
knapsack,strongly,80,2,repair,floor,80,800000,-25888,True,24,-25885,,800000
knapsack,strongly,80,2,repair,floor,80,800000,-25888,True,25,-25876,,800000
knapsack,strongly,80,2,repair,floor,80,800000,-25888,True,26,-25788,,800000
knapsack,strongly,80,2,repair,floor,80,800000,-25888,True,27,-25887,,800000
knapsack,strongly,80,2,repair,floor,80,800000,-25888,True,28,-25883,,800000
knapsack,strongly,80,2,repair,floor,80,800000,-25888,True,29,-25788,,800000
knapsack,strongly,80,2,repair,floor,80,800000,-25888,True,30,-25788,,800000
knapsack,mstr,30,0,repair,ils,30,300000,-11835,True,0,-11835,8693,8693
knapsack,mstr,30,0,repair,ils,30,300000,-11835,True,1,-11835,1131,1131
knapsack,mstr,30,0,repair,ils,30,300000,-11835,True,2,-11835,1703,1703
knapsack,mstr,30,0,repair,ils,30,300000,-11835,True,3,-11835,3330,3330
knapsack,mstr,30,0,repair,ils,30,300000,-11835,True,4,-11835,17627,17627
knapsack,mstr,30,0,repair,ils,30,300000,-11835,True,5,-11835,3889,3889
knapsack,mstr,30,0,repair,ils,30,300000,-11835,True,6,-11835,2116,2116
knapsack,mstr,30,0,repair,ils,30,300000,-11835,True,7,-11835,3192,3192
knapsack,mstr,30,0,repair,ils,30,300000,-11835,True,8,-11835,2899,2899
knapsack,mstr,30,0,repair,ils,30,300000,-11835,True,9,-11835,1316,1316
knapsack,mstr,30,0,repair,ils,30,300000,-11835,True,10,-11835,941,941
knapsack,mstr,30,0,repair,ils,30,300000,-11835,True,11,-11835,1893,1893
knapsack,mstr,30,0,repair,ils,30,300000,-11835,True,12,-11835,1162,1162
knapsack,mstr,30,0,repair,ils,30,300000,-11835,True,13,-11835,1733,1733
knapsack,mstr,30,0,repair,ils,30,300000,-11835,True,14,-11835,1041,1041
knapsack,mstr,30,0,repair,ils,30,300000,-11835,True,15,-11835,5044,5044
knapsack,mstr,30,0,repair,ils,30,300000,-11835,True,16,-11835,2504,2504
knapsack,mstr,30,0,repair,ils,30,300000,-11835,True,17,-11835,466,466
knapsack,mstr,30,0,repair,ils,30,300000,-11835,True,18,-11835,225,225
knapsack,mstr,30,0,repair,ils,30,300000,-11835,True,19,-11835,678,678
knapsack,mstr,30,0,repair,ils,30,300000,-11835,True,20,-11835,845,845
knapsack,mstr,30,0,repair,ils,30,300000,-11835,True,21,-11835,7715,7715
knapsack,mstr,30,0,repair,ils,30,300000,-11835,True,22,-11835,7610,7610
knapsack,mstr,30,0,repair,ils,30,300000,-11835,True,23,-11835,10551,10551
knapsack,mstr,30,0,repair,ils,30,300000,-11835,True,24,-11835,1958,1958
knapsack,mstr,30,0,repair,ils,30,300000,-11835,True,25,-11835,57,57
knapsack,mstr,30,0,repair,ils,30,300000,-11835,True,26,-11835,5259,5259
knapsack,mstr,30,0,repair,ils,30,300000,-11835,True,27,-11835,2902,2902
knapsack,mstr,30,0,repair,ils,30,300000,-11835,True,28,-11835,279,279
knapsack,mstr,30,0,repair,ils,30,300000,-11835,True,29,-11835,1119,1119
knapsack,mstr,30,0,repair,ils,30,300000,-11835,True,30,-11835,798,798
knapsack,mstr,30,1,penalty,floor,30,300000,-11931,True,0,-11725,,300000
knapsack,mstr,30,1,penalty,floor,30,300000,-11931,True,1,-11732,,300000
knapsack,mstr,30,1,penalty,floor,30,300000,-11931,True,2,-11648,,300000
knapsack,mstr,30,1,penalty,floor,30,300000,-11931,True,3,-11787,,300000
knapsack,mstr,30,1,penalty,floor,30,300000,-11931,True,4,-11929,,300000
knapsack,mstr,30,1,penalty,floor,30,300000,-11931,True,5,-11724,,300000
knapsack,mstr,30,1,penalty,floor,30,300000,-11931,True,6,-11729,,300000
knapsack,mstr,30,1,penalty,floor,30,300000,-11931,True,7,-11717,,300000
knapsack,mstr,30,1,penalty,floor,30,300000,-11931,True,8,-11732,,300000
knapsack,mstr,30,1,penalty,floor,30,300000,-11931,True,9,-11804,,300000
knapsack,mstr,30,1,penalty,floor,30,300000,-11931,True,10,-11732,,300000
knapsack,mstr,30,1,penalty,floor,30,300000,-11931,True,11,-11724,,300000
knapsack,mstr,30,1,penalty,floor,30,300000,-11931,True,12,-11789,,300000
knapsack,mstr,30,1,penalty,floor,30,300000,-11931,True,13,-11821,,300000
knapsack,mstr,30,1,penalty,floor,30,300000,-11931,True,14,-11705,,300000
knapsack,mstr,30,1,penalty,floor,30,300000,-11931,True,15,-11720,,300000
knapsack,mstr,30,1,penalty,floor,30,300000,-11931,True,16,-11728,,300000
knapsack,mstr,30,1,penalty,floor,30,300000,-11931,True,17,-11816,,300000
knapsack,mstr,30,1,penalty,floor,30,300000,-11931,True,18,-11778,,300000
knapsack,mstr,30,1,penalty,floor,30,300000,-11931,True,19,-11728,,300000
knapsack,mstr,30,1,penalty,floor,30,300000,-11931,True,20,-11890,,300000
knapsack,mstr,30,1,penalty,floor,30,300000,-11931,True,21,-11730,,300000
knapsack,mstr,30,1,penalty,floor,30,300000,-11931,True,22,-11635,,300000
knapsack,mstr,30,1,penalty,floor,30,300000,-11931,True,23,-11829,,300000
knapsack,mstr,30,1,penalty,floor,30,300000,-11931,True,24,-11667,,300000
knapsack,mstr,30,1,penalty,floor,30,300000,-11931,True,25,-11789,,300000
knapsack,mstr,30,1,penalty,floor,30,300000,-11931,True,26,-11815,,300000
knapsack,mstr,30,1,penalty,floor,30,300000,-11931,True,27,-11683,,300000
knapsack,mstr,30,1,penalty,floor,30,300000,-11931,True,28,-11930,,300000
knapsack,mstr,30,1,penalty,floor,30,300000,-11931,True,29,-11811,,300000
knapsack,mstr,30,1,penalty,floor,30,300000,-11931,True,30,-11809,,300000
knapsack,mstr,30,1,penalty,ils,30,300000,-11931,True,0,-11930,,300000
knapsack,mstr,30,1,penalty,ils,30,300000,-11931,True,1,-11931,40814,40814
knapsack,mstr,30,1,penalty,ils,30,300000,-11931,True,2,-11931,24721,24721
knapsack,mstr,30,1,penalty,ils,30,300000,-11931,True,3,-11931,81689,81689
knapsack,mstr,30,1,penalty,ils,30,300000,-11931,True,4,-11930,,300000
knapsack,mstr,30,1,penalty,ils,30,300000,-11931,True,5,-11931,227210,227210
knapsack,mstr,30,1,penalty,ils,30,300000,-11931,True,6,-11931,43792,43792
knapsack,mstr,30,1,penalty,ils,30,300000,-11931,True,7,-11930,,300000
knapsack,mstr,30,1,penalty,ils,30,300000,-11931,True,8,-11930,,300000
knapsack,mstr,30,1,penalty,ils,30,300000,-11931,True,9,-11931,276405,276405
knapsack,mstr,30,1,penalty,ils,30,300000,-11931,True,10,-11931,18676,18676
knapsack,mstr,30,1,penalty,ils,30,300000,-11931,True,11,-11931,62714,62714
knapsack,mstr,30,1,penalty,ils,30,300000,-11931,True,12,-11931,36715,36715
knapsack,mstr,30,1,penalty,ils,30,300000,-11931,True,13,-11930,,300000
knapsack,mstr,30,1,penalty,ils,30,300000,-11931,True,14,-11931,11041,11041
knapsack,mstr,30,1,penalty,ils,30,300000,-11931,True,15,-11931,23427,23427
knapsack,mstr,30,1,penalty,ils,30,300000,-11931,True,16,-11930,,300000
knapsack,mstr,30,1,penalty,ils,30,300000,-11931,True,17,-11931,42816,42816
knapsack,mstr,30,1,penalty,ils,30,300000,-11931,True,18,-11931,6319,6319
knapsack,mstr,30,1,penalty,ils,30,300000,-11931,True,19,-11931,21735,21735
knapsack,mstr,30,1,penalty,ils,30,300000,-11931,True,20,-11930,,300000
knapsack,mstr,30,1,penalty,ils,30,300000,-11931,True,21,-11930,,300000
knapsack,mstr,30,1,penalty,ils,30,300000,-11931,True,22,-11931,230733,230733
knapsack,mstr,30,1,penalty,ils,30,300000,-11931,True,23,-11931,26678,26678
knapsack,mstr,30,1,penalty,ils,30,300000,-11931,True,24,-11931,256957,256957
knapsack,mstr,30,1,penalty,ils,30,300000,-11931,True,25,-11931,241429,241429
knapsack,mstr,30,1,penalty,ils,30,300000,-11931,True,26,-11931,118664,118664
knapsack,mstr,30,1,penalty,ils,30,300000,-11931,True,27,-11930,,300000
knapsack,mstr,30,1,penalty,ils,30,300000,-11931,True,28,-11930,,300000
knapsack,mstr,30,1,penalty,ils,30,300000,-11931,True,29,-11930,,300000
knapsack,mstr,30,1,penalty,ils,30,300000,-11931,True,30,-11930,,300000
knapsack,mstr,30,1,penalty,mga,30,300000,-11931,True,0,-11931,75711,75711
knapsack,mstr,30,1,penalty,mga,30,300000,-11931,True,1,-11929,,300000
knapsack,mstr,30,1,penalty,mga,30,300000,-11931,True,2,-11931,288890,288890
knapsack,mstr,30,1,penalty,mga,30,300000,-11931,True,3,-11930,,300000
knapsack,mstr,30,1,penalty,mga,30,300000,-11931,True,4,-11930,,300000
knapsack,mstr,30,1,penalty,mga,30,300000,-11931,True,5,-11931,170100,170100
knapsack,mstr,30,1,penalty,mga,30,300000,-11931,True,6,-11930,,300000
knapsack,mstr,30,1,penalty,mga,30,300000,-11931,True,7,-11930,,300000
knapsack,mstr,30,1,penalty,mga,30,300000,-11931,True,8,-11930,,300000
knapsack,mstr,30,1,penalty,mga,30,300000,-11931,True,9,-11931,24846,24846
knapsack,mstr,30,1,penalty,mga,30,300000,-11931,True,10,-11931,159701,159701
knapsack,mstr,30,1,penalty,mga,30,300000,-11931,True,11,-11931,182986,182986
knapsack,mstr,30,1,penalty,mga,30,300000,-11931,True,12,-11930,,300000
knapsack,mstr,30,1,penalty,mga,30,300000,-11931,True,13,-11930,,300000
knapsack,mstr,30,1,penalty,mga,30,300000,-11931,True,14,-11930,,300000
knapsack,mstr,30,1,penalty,mga,30,300000,-11931,True,15,-11930,,300000
knapsack,mstr,30,1,penalty,mga,30,300000,-11931,True,16,-11931,243767,243767
knapsack,mstr,30,1,penalty,mga,30,300000,-11931,True,17,-11929,,300000
knapsack,mstr,30,1,penalty,mga,30,300000,-11931,True,18,-11925,,300000
knapsack,mstr,30,1,penalty,mga,30,300000,-11931,True,19,-11931,30529,30529
knapsack,mstr,30,1,penalty,mga,30,300000,-11931,True,20,-11930,,300000
knapsack,mstr,30,1,penalty,mga,30,300000,-11931,True,21,-11930,,300000
knapsack,mstr,30,1,penalty,mga,30,300000,-11931,True,22,-11930,,300000
knapsack,mstr,30,1,penalty,mga,30,300000,-11931,True,23,-11930,,300000
knapsack,mstr,30,1,penalty,mga,30,300000,-11931,True,24,-11930,,300000
knapsack,mstr,30,1,penalty,mga,30,300000,-11931,True,25,-11930,,300000
knapsack,mstr,30,1,penalty,mga,30,300000,-11931,True,26,-11930,,300000
knapsack,mstr,30,1,penalty,mga,30,300000,-11931,True,27,-11931,104407,104407
knapsack,mstr,30,1,penalty,mga,30,300000,-11931,True,28,-11930,,300000
knapsack,mstr,30,1,penalty,mga,30,300000,-11931,True,29,-11930,,300000
knapsack,mstr,30,1,penalty,mga,30,300000,-11931,True,30,-11930,,300000
knapsack,mstr,30,1,repair,floor,30,300000,-11931,True,0,-11931,5543,5543
knapsack,mstr,30,1,repair,floor,30,300000,-11931,True,1,-11931,364,364
knapsack,mstr,30,1,repair,floor,30,300000,-11931,True,2,-11931,1819,1819
knapsack,mstr,30,1,repair,floor,30,300000,-11931,True,3,-11931,908,908
knapsack,mstr,30,1,repair,floor,30,300000,-11931,True,4,-11931,1758,1758
knapsack,mstr,30,1,repair,floor,30,300000,-11931,True,5,-11931,1604,1604
knapsack,mstr,30,1,repair,floor,30,300000,-11931,True,6,-11931,1123,1123
knapsack,mstr,30,1,repair,floor,30,300000,-11931,True,7,-11931,1366,1366
knapsack,mstr,30,1,repair,floor,30,300000,-11931,True,8,-11931,729,729
knapsack,mstr,30,1,repair,floor,30,300000,-11931,True,9,-11931,182,182
knapsack,mstr,30,1,repair,floor,30,300000,-11931,True,10,-11931,3180,3180
knapsack,mstr,30,1,repair,floor,30,300000,-11931,True,11,-11931,514,514
knapsack,mstr,30,1,repair,floor,30,300000,-11931,True,12,-11931,3483,3483
knapsack,mstr,30,1,repair,floor,30,300000,-11931,True,13,-11931,3754,3754
knapsack,mstr,30,1,repair,floor,30,300000,-11931,True,14,-11931,3157,3157
knapsack,mstr,30,1,repair,floor,30,300000,-11931,True,15,-11931,1452,1452
knapsack,mstr,30,1,repair,floor,30,300000,-11931,True,16,-11931,2331,2331
knapsack,mstr,30,1,repair,floor,30,300000,-11931,True,17,-11931,1938,1938
knapsack,mstr,30,1,repair,floor,30,300000,-11931,True,18,-11931,1575,1575
knapsack,mstr,30,1,repair,floor,30,300000,-11931,True,19,-11931,4914,4914
knapsack,mstr,30,1,repair,floor,30,300000,-11931,True,20,-11931,121,121
knapsack,mstr,30,1,repair,floor,30,300000,-11931,True,21,-11931,1182,1182
knapsack,mstr,30,1,repair,floor,30,300000,-11931,True,22,-11931,547,547
knapsack,mstr,30,1,repair,floor,30,300000,-11931,True,23,-11931,7940,7940
knapsack,mstr,30,1,repair,floor,30,300000,-11931,True,24,-11931,4756,4756
knapsack,mstr,30,1,repair,floor,30,300000,-11931,True,25,-11931,1515,1515
knapsack,mstr,30,1,repair,floor,30,300000,-11931,True,26,-11931,2703,2703
knapsack,mstr,30,1,repair,floor,30,300000,-11931,True,27,-11931,1939,1939
knapsack,mstr,30,1,repair,floor,30,300000,-11931,True,28,-11931,1001,1001
knapsack,mstr,30,1,repair,floor,30,300000,-11931,True,29,-11931,2393,2393
knapsack,mstr,30,1,repair,floor,30,300000,-11931,True,30,-11931,819,819
knapsack,mstr,30,1,repair,ils,30,300000,-11931,True,0,-11931,1270,1270
knapsack,mstr,30,1,repair,ils,30,300000,-11931,True,1,-11931,11968,11968
knapsack,mstr,30,1,repair,ils,30,300000,-11931,True,2,-11931,1457,1457
knapsack,mstr,30,1,repair,ils,30,300000,-11931,True,3,-11931,1709,1709
knapsack,mstr,30,1,repair,ils,30,300000,-11931,True,4,-11931,19651,19651
knapsack,mstr,30,1,repair,ils,30,300000,-11931,True,5,-11931,916,916
knapsack,mstr,30,1,repair,ils,30,300000,-11931,True,6,-11931,20270,20270
knapsack,mstr,30,1,repair,ils,30,300000,-11931,True,7,-11931,1658,1658
knapsack,mstr,30,1,repair,ils,30,300000,-11931,True,8,-11931,8670,8670
knapsack,mstr,30,1,repair,ils,30,300000,-11931,True,9,-11931,73326,73326
knapsack,mstr,30,1,repair,ils,30,300000,-11931,True,10,-11931,30833,30833
knapsack,mstr,30,1,repair,ils,30,300000,-11931,True,11,-11931,6046,6046
knapsack,mstr,30,1,repair,ils,30,300000,-11931,True,12,-11931,3396,3396
knapsack,mstr,30,1,repair,ils,30,300000,-11931,True,13,-11931,15482,15482
knapsack,mstr,30,1,repair,ils,30,300000,-11931,True,14,-11931,1853,1853
knapsack,mstr,30,1,repair,ils,30,300000,-11931,True,15,-11931,2215,2215
knapsack,mstr,30,1,repair,ils,30,300000,-11931,True,16,-11931,61617,61617
knapsack,mstr,30,1,repair,ils,30,300000,-11931,True,17,-11931,3321,3321
knapsack,mstr,30,1,repair,ils,30,300000,-11931,True,18,-11931,2805,2805
knapsack,mstr,30,1,repair,ils,30,300000,-11931,True,19,-11931,30209,30209
knapsack,mstr,30,1,repair,ils,30,300000,-11931,True,20,-11931,707,707
knapsack,mstr,30,1,repair,ils,30,300000,-11931,True,21,-11931,41898,41898
knapsack,mstr,30,1,repair,ils,30,300000,-11931,True,22,-11931,37858,37858
knapsack,mstr,30,1,repair,ils,30,300000,-11931,True,23,-11931,4895,4895
knapsack,mstr,30,1,repair,ils,30,300000,-11931,True,24,-11931,1144,1144
knapsack,mstr,30,1,repair,ils,30,300000,-11931,True,25,-11931,581,581
knapsack,mstr,30,1,repair,ils,30,300000,-11931,True,26,-11931,8508,8508
knapsack,mstr,30,1,repair,ils,30,300000,-11931,True,27,-11931,43407,43407
knapsack,mstr,30,1,repair,ils,30,300000,-11931,True,28,-11931,34028,34028
knapsack,mstr,30,1,repair,ils,30,300000,-11931,True,29,-11931,1567,1567
knapsack,mstr,30,1,repair,ils,30,300000,-11931,True,30,-11931,3654,3654
knapsack,mstr,30,0,repair,mga,30,300000,-11835,True,0,-11835,21990,21990
knapsack,mstr,30,0,repair,mga,30,300000,-11835,True,1,-11835,439,439
knapsack,mstr,30,0,repair,mga,30,300000,-11835,True,2,-11835,34230,34230
knapsack,mstr,30,0,repair,mga,30,300000,-11835,True,3,-11835,26800,26800
knapsack,mstr,30,0,repair,mga,30,300000,-11835,True,4,-11835,90,90
knapsack,mstr,30,0,repair,mga,30,300000,-11835,True,5,-11835,145470,145470
knapsack,mstr,30,0,repair,mga,30,300000,-11835,True,6,-11835,20490,20490
knapsack,mstr,30,0,repair,mga,30,300000,-11835,True,7,-11835,704,704
knapsack,mstr,30,0,repair,mga,30,300000,-11835,True,8,-11835,90,90
knapsack,mstr,30,0,repair,mga,30,300000,-11835,True,9,-11835,406,406
knapsack,mstr,30,0,repair,mga,30,300000,-11835,True,10,-11835,5306,5306
knapsack,mstr,30,0,repair,mga,30,300000,-11835,True,11,-11835,92070,92070
knapsack,mstr,30,0,repair,mga,30,300000,-11835,True,12,-11835,2035,2035
knapsack,mstr,30,0,repair,mga,30,300000,-11835,True,13,-11835,400,400
knapsack,mstr,30,0,repair,mga,30,300000,-11835,True,14,-11829,,300000
knapsack,mstr,30,0,repair,mga,30,300000,-11835,True,15,-11835,20035,20035
knapsack,mstr,30,0,repair,mga,30,300000,-11835,True,16,-11835,100,100
knapsack,mstr,30,0,repair,mga,30,300000,-11835,True,17,-11835,66930,66930
knapsack,mstr,30,0,repair,mga,30,300000,-11835,True,18,-11835,4672,4672
knapsack,mstr,30,0,repair,mga,30,300000,-11835,True,19,-11835,97961,97961
knapsack,mstr,30,0,repair,mga,30,300000,-11835,True,20,-11835,210,210
knapsack,mstr,30,0,repair,mga,30,300000,-11835,True,21,-11835,67290,67290
knapsack,mstr,30,0,repair,mga,30,300000,-11835,True,22,-11835,521,521
knapsack,mstr,30,0,repair,mga,30,300000,-11835,True,23,-11835,65633,65633
knapsack,mstr,30,0,repair,mga,30,300000,-11835,True,24,-11835,2016,2016
knapsack,mstr,30,0,repair,mga,30,300000,-11835,True,25,-11835,38970,38970
knapsack,mstr,30,0,repair,mga,30,300000,-11835,True,26,-11835,71855,71855
knapsack,mstr,30,0,repair,mga,30,300000,-11835,True,27,-11835,92130,92130
knapsack,mstr,30,0,repair,mga,30,300000,-11835,True,28,-11835,100578,100578
knapsack,mstr,30,0,repair,mga,30,300000,-11835,True,29,-11835,570,570
knapsack,mstr,30,0,repair,mga,30,300000,-11835,True,30,-11835,100,100
knapsack,mstr,30,2,penalty,floor,30,300000,-11799,True,0,-11425,,300000
knapsack,mstr,30,2,penalty,floor,30,300000,-11799,True,1,-11563,,300000
knapsack,mstr,30,2,penalty,floor,30,300000,-11799,True,2,-11540,,300000
knapsack,mstr,30,2,penalty,floor,30,300000,-11799,True,3,-11499,,300000
knapsack,mstr,30,2,penalty,floor,30,300000,-11799,True,4,-11499,,300000
knapsack,mstr,30,2,penalty,floor,30,300000,-11799,True,5,-11452,,300000
knapsack,mstr,30,2,penalty,floor,30,300000,-11799,True,6,-11594,,300000
knapsack,mstr,30,2,penalty,floor,30,300000,-11799,True,7,-11532,,300000
knapsack,mstr,30,2,penalty,floor,30,300000,-11799,True,8,-11488,,300000
knapsack,mstr,30,2,penalty,floor,30,300000,-11799,True,9,-11496,,300000
knapsack,mstr,30,2,penalty,floor,30,300000,-11799,True,10,-11589,,300000
knapsack,mstr,30,2,penalty,floor,30,300000,-11799,True,11,-11663,,300000
knapsack,mstr,30,2,penalty,floor,30,300000,-11799,True,12,-11488,,300000
knapsack,mstr,30,2,penalty,floor,30,300000,-11799,True,13,-11481,,300000
knapsack,mstr,30,2,penalty,floor,30,300000,-11799,True,14,-11559,,300000
knapsack,mstr,30,2,penalty,floor,30,300000,-11799,True,15,-11559,,300000
knapsack,mstr,30,2,penalty,floor,30,300000,-11799,True,16,-11634,,300000
knapsack,mstr,30,2,penalty,floor,30,300000,-11799,True,17,-11761,,300000
knapsack,mstr,30,2,penalty,floor,30,300000,-11799,True,18,-11388,,300000
knapsack,mstr,30,2,penalty,floor,30,300000,-11799,True,19,-11499,,300000
knapsack,mstr,30,2,penalty,floor,30,300000,-11799,True,20,-11594,,300000
knapsack,mstr,30,2,penalty,floor,30,300000,-11799,True,21,-11657,,300000
knapsack,mstr,30,2,penalty,floor,30,300000,-11799,True,22,-11497,,300000
knapsack,mstr,30,2,penalty,floor,30,300000,-11799,True,23,-11577,,300000
knapsack,mstr,30,2,penalty,floor,30,300000,-11799,True,24,-11589,,300000
knapsack,mstr,30,2,penalty,floor,30,300000,-11799,True,25,-11585,,300000
knapsack,mstr,30,2,penalty,floor,30,300000,-11799,True,26,-11398,,300000
knapsack,mstr,30,2,penalty,floor,30,300000,-11799,True,27,-11559,,300000
knapsack,mstr,30,2,penalty,floor,30,300000,-11799,True,28,-11467,,300000
knapsack,mstr,30,2,penalty,floor,30,300000,-11799,True,29,-11611,,300000
knapsack,mstr,30,2,penalty,floor,30,300000,-11799,True,30,-11499,,300000
knapsack,mstr,30,2,penalty,ils,30,300000,-11799,True,0,-11799,66975,66975
knapsack,mstr,30,2,penalty,ils,30,300000,-11799,True,1,-11781,,300000
knapsack,mstr,30,2,penalty,ils,30,300000,-11799,True,2,-11781,,300000
knapsack,mstr,30,2,penalty,ils,30,300000,-11799,True,3,-11799,286682,286682
knapsack,mstr,30,2,penalty,ils,30,300000,-11799,True,4,-11781,,300000
knapsack,mstr,30,2,penalty,ils,30,300000,-11799,True,5,-11799,152951,152951
knapsack,mstr,30,2,penalty,ils,30,300000,-11799,True,6,-11799,222185,222185
knapsack,mstr,30,2,penalty,ils,30,300000,-11799,True,7,-11799,11362,11362
knapsack,mstr,30,2,penalty,ils,30,300000,-11799,True,8,-11799,123487,123487
knapsack,mstr,30,2,penalty,ils,30,300000,-11799,True,9,-11799,259878,259878
knapsack,mstr,30,2,penalty,ils,30,300000,-11799,True,10,-11781,,300000
knapsack,mstr,30,2,penalty,ils,30,300000,-11799,True,11,-11799,297626,297626
knapsack,mstr,30,2,penalty,ils,30,300000,-11799,True,12,-11781,,300000
knapsack,mstr,30,2,penalty,ils,30,300000,-11799,True,13,-11781,,300000
knapsack,mstr,30,2,penalty,ils,30,300000,-11799,True,14,-11799,224754,224754
knapsack,mstr,30,2,penalty,ils,30,300000,-11799,True,15,-11799,50372,50372
knapsack,mstr,30,2,penalty,ils,30,300000,-11799,True,16,-11799,73329,73329
knapsack,mstr,30,2,penalty,ils,30,300000,-11799,True,17,-11781,,300000
knapsack,mstr,30,2,penalty,ils,30,300000,-11799,True,18,-11781,,300000
knapsack,mstr,30,2,penalty,ils,30,300000,-11799,True,19,-11799,228799,228799
knapsack,mstr,30,2,penalty,ils,30,300000,-11799,True,20,-11781,,300000
knapsack,mstr,30,2,penalty,ils,30,300000,-11799,True,21,-11799,52150,52150
knapsack,mstr,30,2,penalty,ils,30,300000,-11799,True,22,-11799,55619,55619
knapsack,mstr,30,2,penalty,ils,30,300000,-11799,True,23,-11781,,300000
knapsack,mstr,30,2,penalty,ils,30,300000,-11799,True,24,-11799,11052,11052
knapsack,mstr,30,2,penalty,ils,30,300000,-11799,True,25,-11799,17594,17594
knapsack,mstr,30,2,penalty,ils,30,300000,-11799,True,26,-11781,,300000
knapsack,mstr,30,2,penalty,ils,30,300000,-11799,True,27,-11799,15556,15556
knapsack,mstr,30,2,penalty,ils,30,300000,-11799,True,28,-11799,219755,219755
knapsack,mstr,30,2,penalty,ils,30,300000,-11799,True,29,-11799,47953,47953
knapsack,mstr,30,2,penalty,ils,30,300000,-11799,True,30,-11799,2842,2842
knapsack,mstr,30,2,penalty,mga,30,300000,-11799,True,0,-11781,,300000
knapsack,mstr,30,2,penalty,mga,30,300000,-11799,True,1,-11695,,300000
knapsack,mstr,30,2,penalty,mga,30,300000,-11799,True,2,-11799,91081,91081
knapsack,mstr,30,2,penalty,mga,30,300000,-11799,True,3,-11799,165584,165584
knapsack,mstr,30,2,penalty,mga,30,300000,-11799,True,4,-11799,268965,268965
knapsack,mstr,30,2,penalty,mga,30,300000,-11799,True,5,-11799,283950,283950
knapsack,mstr,30,2,penalty,mga,30,300000,-11799,True,6,-11799,132511,132511
knapsack,mstr,30,2,penalty,mga,30,300000,-11799,True,7,-11781,,300000
knapsack,mstr,30,2,penalty,mga,30,300000,-11799,True,8,-11781,,300000
knapsack,mstr,30,2,penalty,mga,30,300000,-11799,True,9,-11799,260387,260387
knapsack,mstr,30,2,penalty,mga,30,300000,-11799,True,10,-11781,,300000
knapsack,mstr,30,2,penalty,mga,30,300000,-11799,True,11,-11799,239499,239499
knapsack,mstr,30,2,penalty,mga,30,300000,-11799,True,12,-11690,,300000
knapsack,mstr,30,2,penalty,mga,30,300000,-11799,True,13,-11799,174406,174406
knapsack,mstr,30,2,penalty,mga,30,300000,-11799,True,14,-11747,,300000
knapsack,mstr,30,2,penalty,mga,30,300000,-11799,True,15,-11799,259004,259004
knapsack,mstr,30,2,penalty,mga,30,300000,-11799,True,16,-11772,,300000
knapsack,mstr,30,2,penalty,mga,30,300000,-11799,True,17,-11781,,300000
knapsack,mstr,30,2,penalty,mga,30,300000,-11799,True,18,-11799,204099,204099
knapsack,mstr,30,2,penalty,mga,30,300000,-11799,True,19,-11799,220136,220136
knapsack,mstr,30,2,penalty,mga,30,300000,-11799,True,20,-11799,217487,217487
knapsack,mstr,30,2,penalty,mga,30,300000,-11799,True,21,-11695,,300000
knapsack,mstr,30,2,penalty,mga,30,300000,-11799,True,22,-11700,,300000
knapsack,mstr,30,2,penalty,mga,30,300000,-11799,True,23,-11799,106224,106224
knapsack,mstr,30,2,penalty,mga,30,300000,-11799,True,24,-11695,,300000
knapsack,mstr,30,2,penalty,mga,30,300000,-11799,True,25,-11799,133725,133725
knapsack,mstr,30,2,penalty,mga,30,300000,-11799,True,26,-11781,,300000
knapsack,mstr,30,2,penalty,mga,30,300000,-11799,True,27,-11799,255462,255462
knapsack,mstr,30,2,penalty,mga,30,300000,-11799,True,28,-11799,246696,246696
knapsack,mstr,30,2,penalty,mga,30,300000,-11799,True,29,-11747,,300000
knapsack,mstr,30,2,penalty,mga,30,300000,-11799,True,30,-11799,229738,229738
knapsack,mstr,30,2,repair,floor,30,300000,-11799,True,0,-11799,6068,6068
knapsack,mstr,30,2,repair,floor,30,300000,-11799,True,1,-11799,4549,4549
knapsack,mstr,30,2,repair,floor,30,300000,-11799,True,2,-11799,3304,3304
knapsack,mstr,30,2,repair,floor,30,300000,-11799,True,3,-11799,9707,9707
knapsack,mstr,30,2,repair,floor,30,300000,-11799,True,4,-11799,7010,7010
knapsack,mstr,30,2,repair,floor,30,300000,-11799,True,5,-11799,1305,1305
knapsack,mstr,30,2,repair,floor,30,300000,-11799,True,6,-11799,364,364
knapsack,mstr,30,2,repair,floor,30,300000,-11799,True,7,-11799,274,274
knapsack,mstr,30,2,repair,floor,30,300000,-11799,True,8,-11799,5212,5212
knapsack,mstr,30,2,repair,floor,30,300000,-11799,True,9,-11799,818,818
knapsack,mstr,30,2,repair,floor,30,300000,-11799,True,10,-11799,5855,5855
knapsack,mstr,30,2,repair,floor,30,300000,-11799,True,11,-11799,31,31
knapsack,mstr,30,2,repair,floor,30,300000,-11799,True,12,-11799,4034,4034
knapsack,mstr,30,2,repair,floor,30,300000,-11799,True,13,-11799,2064,2064
knapsack,mstr,30,2,repair,floor,30,300000,-11799,True,14,-11799,548,548
knapsack,mstr,30,2,repair,floor,30,300000,-11799,True,15,-11799,3912,3912
knapsack,mstr,30,2,repair,floor,30,300000,-11799,True,16,-11799,2761,2761
knapsack,mstr,30,2,repair,floor,30,300000,-11799,True,17,-11799,2247,2247
knapsack,mstr,30,2,repair,floor,30,300000,-11799,True,18,-11799,3821,3821
knapsack,mstr,30,2,repair,floor,30,300000,-11799,True,19,-11799,9342,9342
knapsack,mstr,30,2,repair,floor,30,300000,-11799,True,20,-11799,2310,2310
knapsack,mstr,30,2,repair,floor,30,300000,-11799,True,21,-11799,2029,2029
knapsack,mstr,30,2,repair,floor,30,300000,-11799,True,22,-11799,3917,3917
knapsack,mstr,30,2,repair,floor,30,300000,-11799,True,23,-11799,4152,4152
knapsack,mstr,30,2,repair,floor,30,300000,-11799,True,24,-11799,576,576
knapsack,mstr,30,2,repair,floor,30,300000,-11799,True,25,-11799,4367,4367
knapsack,mstr,30,2,repair,floor,30,300000,-11799,True,26,-11799,3337,3337
knapsack,mstr,30,2,repair,floor,30,300000,-11799,True,27,-11799,9374,9374
knapsack,mstr,30,2,repair,floor,30,300000,-11799,True,28,-11799,4545,4545
knapsack,mstr,30,2,repair,floor,30,300000,-11799,True,29,-11799,6706,6706
knapsack,mstr,30,2,repair,floor,30,300000,-11799,True,30,-11799,8639,8639
knapsack,mstr,30,2,repair,ils,30,300000,-11799,True,0,-11799,4632,4632
knapsack,mstr,30,2,repair,ils,30,300000,-11799,True,1,-11799,8767,8767
knapsack,mstr,30,2,repair,ils,30,300000,-11799,True,2,-11799,4376,4376
knapsack,mstr,30,2,repair,ils,30,300000,-11799,True,3,-11799,9252,9252
knapsack,mstr,30,2,repair,ils,30,300000,-11799,True,4,-11799,365,365
knapsack,mstr,30,2,repair,ils,30,300000,-11799,True,5,-11799,8717,8717
knapsack,mstr,30,2,repair,ils,30,300000,-11799,True,6,-11799,1864,1864
knapsack,mstr,30,2,repair,ils,30,300000,-11799,True,7,-11799,18886,18886
knapsack,mstr,30,2,repair,ils,30,300000,-11799,True,8,-11799,1028,1028
knapsack,mstr,30,2,repair,ils,30,300000,-11799,True,9,-11799,1708,1708
knapsack,mstr,30,2,repair,ils,30,300000,-11799,True,10,-11799,7358,7358
knapsack,mstr,30,2,repair,ils,30,300000,-11799,True,11,-11799,7348,7348
knapsack,mstr,30,2,repair,ils,30,300000,-11799,True,12,-11799,28964,28964
knapsack,mstr,30,2,repair,ils,30,300000,-11799,True,13,-11799,728,728
knapsack,mstr,30,2,repair,ils,30,300000,-11799,True,14,-11799,3498,3498
knapsack,mstr,30,2,repair,ils,30,300000,-11799,True,15,-11799,4849,4849
knapsack,mstr,30,2,repair,ils,30,300000,-11799,True,16,-11799,8676,8676
knapsack,mstr,30,2,repair,ils,30,300000,-11799,True,17,-11799,2792,2792
knapsack,mstr,30,2,repair,ils,30,300000,-11799,True,18,-11799,1665,1665
knapsack,mstr,30,2,repair,ils,30,300000,-11799,True,19,-11799,10675,10675
knapsack,mstr,30,2,repair,ils,30,300000,-11799,True,20,-11799,4120,4120
knapsack,mstr,30,2,repair,ils,30,300000,-11799,True,21,-11799,3560,3560
knapsack,mstr,30,2,repair,ils,30,300000,-11799,True,22,-11799,4955,4955
knapsack,mstr,30,2,repair,ils,30,300000,-11799,True,23,-11799,2662,2662
knapsack,mstr,30,2,repair,ils,30,300000,-11799,True,24,-11799,5109,5109
knapsack,mstr,30,2,repair,ils,30,300000,-11799,True,25,-11799,117,117
knapsack,mstr,30,2,repair,ils,30,300000,-11799,True,26,-11799,10365,10365
knapsack,mstr,30,2,repair,ils,30,300000,-11799,True,27,-11799,1601,1601
knapsack,mstr,30,2,repair,ils,30,300000,-11799,True,28,-11799,5265,5265
knapsack,mstr,30,2,repair,ils,30,300000,-11799,True,29,-11799,330,330
knapsack,mstr,30,2,repair,ils,30,300000,-11799,True,30,-11799,1355,1355
knapsack,mstr,30,2,repair,mga,30,300000,-11799,True,0,-11799,14670,14670
knapsack,mstr,30,2,repair,mga,30,300000,-11799,True,1,-11799,972,972
knapsack,mstr,30,2,repair,mga,30,300000,-11799,True,2,-11799,2631,2631
knapsack,mstr,30,2,repair,mga,30,300000,-11799,True,3,-11799,38329,38329
knapsack,mstr,30,2,repair,mga,30,300000,-11799,True,4,-11799,270,270
knapsack,mstr,30,2,repair,mga,30,300000,-11799,True,5,-11799,90510,90510
knapsack,mstr,30,2,repair,mga,30,300000,-11799,True,6,-11799,11753,11753
knapsack,mstr,30,2,repair,mga,30,300000,-11799,True,7,-11799,299,299
knapsack,mstr,30,2,repair,mga,30,300000,-11799,True,8,-11799,1028,1028
knapsack,mstr,30,2,repair,mga,30,300000,-11799,True,9,-11799,390,390
knapsack,mstr,30,2,repair,mga,30,300000,-11799,True,10,-11799,330,330
knapsack,mstr,30,2,repair,mga,30,300000,-11799,True,11,-11799,419,419
knapsack,mstr,30,2,repair,mga,30,300000,-11799,True,12,-11799,6173,6173
knapsack,mstr,30,2,repair,mga,30,300000,-11799,True,13,-11799,3713,3713
knapsack,mstr,30,2,repair,mga,30,300000,-11799,True,14,-11799,30,30
knapsack,mstr,30,2,repair,mga,30,300000,-11799,True,15,-11799,5970,5970
knapsack,mstr,30,2,repair,mga,30,300000,-11799,True,16,-11799,178,178
knapsack,mstr,30,2,repair,mga,30,300000,-11799,True,17,-11799,24750,24750
knapsack,mstr,30,2,repair,mga,30,300000,-11799,True,18,-11799,11571,11571
knapsack,mstr,30,2,repair,mga,30,300000,-11799,True,19,-11799,210,210
knapsack,mstr,30,2,repair,mga,30,300000,-11799,True,20,-11799,833,833
knapsack,mstr,30,2,repair,mga,30,300000,-11799,True,21,-11799,359,359
knapsack,mstr,30,2,repair,mga,30,300000,-11799,True,22,-11799,1652,1652
knapsack,mstr,30,2,repair,mga,30,300000,-11799,True,23,-11799,533,533
knapsack,mstr,30,2,repair,mga,30,300000,-11799,True,24,-11799,1055,1055
knapsack,mstr,30,2,repair,mga,30,300000,-11799,True,25,-11799,630,630
knapsack,mstr,30,2,repair,mga,30,300000,-11799,True,26,-11799,90,90
knapsack,mstr,30,2,repair,mga,30,300000,-11799,True,27,-11799,390,390
knapsack,mstr,30,2,repair,mga,30,300000,-11799,True,28,-11799,4290,4290
knapsack,mstr,30,2,repair,mga,30,300000,-11799,True,29,-11799,390,390
knapsack,mstr,30,2,repair,mga,30,300000,-11799,True,30,-11799,409,409
knapsack,mstr,50,0,penalty,floor,50,500000,-21641,True,0,-21108,,500000
knapsack,mstr,50,0,penalty,floor,50,500000,-21641,True,1,-21100,,500000
knapsack,mstr,50,0,penalty,floor,50,500000,-21641,True,2,-21221,,500000
knapsack,mstr,50,0,penalty,floor,50,500000,-21641,True,3,-21103,,500000
knapsack,mstr,50,0,penalty,floor,50,500000,-21641,True,4,-21041,,500000
knapsack,mstr,50,0,penalty,floor,50,500000,-21641,True,5,-21039,,500000
knapsack,mstr,50,0,penalty,floor,50,500000,-21641,True,6,-21186,,500000
knapsack,mstr,50,0,penalty,floor,50,500000,-21641,True,7,-21074,,500000
knapsack,mstr,50,0,penalty,floor,50,500000,-21641,True,8,-21228,,500000
knapsack,mstr,50,0,penalty,floor,50,500000,-21641,True,9,-21109,,500000
knapsack,mstr,50,0,penalty,floor,50,500000,-21641,True,10,-21019,,500000
knapsack,mstr,50,0,penalty,floor,50,500000,-21641,True,11,-20973,,500000
knapsack,mstr,50,0,penalty,floor,50,500000,-21641,True,12,-21023,,500000
knapsack,mstr,50,0,penalty,floor,50,500000,-21641,True,13,-20942,,500000
knapsack,mstr,50,0,penalty,floor,50,500000,-21641,True,14,-21143,,500000
knapsack,mstr,50,0,penalty,floor,50,500000,-21641,True,15,-21026,,500000
knapsack,mstr,50,0,penalty,floor,50,500000,-21641,True,16,-21030,,500000
knapsack,mstr,50,0,penalty,floor,50,500000,-21641,True,17,-21132,,500000
knapsack,mstr,50,0,penalty,floor,50,500000,-21641,True,18,-21043,,500000
knapsack,mstr,50,0,penalty,floor,50,500000,-21641,True,19,-21124,,500000
knapsack,mstr,50,0,penalty,floor,50,500000,-21641,True,20,-21136,,500000
knapsack,mstr,50,0,penalty,floor,50,500000,-21641,True,21,-21024,,500000
knapsack,mstr,50,0,penalty,floor,50,500000,-21641,True,22,-20976,,500000
knapsack,mstr,50,0,penalty,floor,50,500000,-21641,True,23,-21126,,500000
knapsack,mstr,50,0,penalty,floor,50,500000,-21641,True,24,-21025,,500000
knapsack,mstr,50,0,penalty,floor,50,500000,-21641,True,25,-21226,,500000
knapsack,mstr,50,0,penalty,floor,50,500000,-21641,True,26,-21025,,500000
knapsack,mstr,50,0,penalty,floor,50,500000,-21641,True,27,-21094,,500000
knapsack,mstr,50,0,penalty,floor,50,500000,-21641,True,28,-21138,,500000
knapsack,mstr,50,0,penalty,floor,50,500000,-21641,True,29,-21242,,500000
knapsack,mstr,50,0,penalty,floor,50,500000,-21641,True,30,-21034,,500000
knapsack,mstr,50,0,penalty,ils,50,500000,-21641,True,0,-21543,,500000
knapsack,mstr,50,0,penalty,ils,50,500000,-21641,True,1,-21543,,500000
knapsack,mstr,50,0,penalty,ils,50,500000,-21641,True,2,-21641,38899,38899
knapsack,mstr,50,0,penalty,ils,50,500000,-21641,True,3,-21543,,500000
knapsack,mstr,50,0,penalty,ils,50,500000,-21641,True,4,-21543,,500000
knapsack,mstr,50,0,penalty,ils,50,500000,-21641,True,5,-21543,,500000
knapsack,mstr,50,0,penalty,ils,50,500000,-21641,True,6,-21543,,500000
knapsack,mstr,50,0,penalty,ils,50,500000,-21641,True,7,-21543,,500000
knapsack,mstr,50,0,penalty,ils,50,500000,-21641,True,8,-21543,,500000
knapsack,mstr,50,0,penalty,ils,50,500000,-21641,True,9,-21543,,500000
knapsack,mstr,50,0,penalty,ils,50,500000,-21641,True,10,-21542,,500000
knapsack,mstr,50,0,penalty,ils,50,500000,-21641,True,11,-21640,,500000
knapsack,mstr,50,0,penalty,ils,50,500000,-21641,True,12,-21541,,500000
knapsack,mstr,50,0,penalty,ils,50,500000,-21641,True,13,-21543,,500000
knapsack,mstr,50,0,penalty,ils,50,500000,-21641,True,14,-21542,,500000
knapsack,mstr,50,0,penalty,ils,50,500000,-21641,True,15,-21543,,500000
knapsack,mstr,50,0,penalty,ils,50,500000,-21641,True,16,-21641,198027,198027
knapsack,mstr,50,0,penalty,ils,50,500000,-21641,True,17,-21543,,500000
knapsack,mstr,50,0,penalty,ils,50,500000,-21641,True,18,-21543,,500000
knapsack,mstr,50,0,penalty,ils,50,500000,-21641,True,19,-21543,,500000
knapsack,mstr,50,0,penalty,ils,50,500000,-21641,True,20,-21543,,500000
knapsack,mstr,50,0,penalty,ils,50,500000,-21641,True,21,-21543,,500000
knapsack,mstr,50,0,penalty,ils,50,500000,-21641,True,22,-21543,,500000
knapsack,mstr,50,0,penalty,ils,50,500000,-21641,True,23,-21541,,500000
knapsack,mstr,50,0,penalty,ils,50,500000,-21641,True,24,-21543,,500000
knapsack,mstr,50,0,penalty,ils,50,500000,-21641,True,25,-21542,,500000
knapsack,mstr,50,0,penalty,ils,50,500000,-21641,True,26,-21543,,500000
knapsack,mstr,50,0,penalty,ils,50,500000,-21641,True,27,-21543,,500000
knapsack,mstr,50,0,penalty,ils,50,500000,-21641,True,28,-21542,,500000
knapsack,mstr,50,0,penalty,ils,50,500000,-21641,True,29,-21543,,500000
knapsack,mstr,50,0,penalty,ils,50,500000,-21641,True,30,-21543,,500000
knapsack,mstr,50,0,penalty,mga,50,500000,-21641,True,0,-21543,,500000
knapsack,mstr,50,0,penalty,mga,50,500000,-21641,True,1,-21542,,500000
knapsack,mstr,50,0,penalty,mga,50,500000,-21641,True,2,-21542,,500000
knapsack,mstr,50,0,penalty,mga,50,500000,-21641,True,3,-21543,,500000
knapsack,mstr,50,0,penalty,mga,50,500000,-21641,True,4,-21542,,500000
knapsack,mstr,50,0,penalty,mga,50,500000,-21641,True,5,-21543,,500000
knapsack,mstr,50,0,penalty,mga,50,500000,-21641,True,6,-21543,,500000
knapsack,mstr,50,0,penalty,mga,50,500000,-21641,True,7,-21543,,500000
knapsack,mstr,50,0,penalty,mga,50,500000,-21641,True,8,-21542,,500000
knapsack,mstr,50,0,penalty,mga,50,500000,-21641,True,9,-21543,,500000
knapsack,mstr,50,0,penalty,mga,50,500000,-21641,True,10,-21542,,500000
knapsack,mstr,50,0,penalty,mga,50,500000,-21641,True,11,-21641,437514,437514
knapsack,mstr,50,0,penalty,mga,50,500000,-21641,True,12,-21540,,500000
knapsack,mstr,50,0,penalty,mga,50,500000,-21641,True,13,-21543,,500000
knapsack,mstr,50,0,penalty,mga,50,500000,-21641,True,14,-21543,,500000
knapsack,mstr,50,0,penalty,mga,50,500000,-21641,True,15,-21543,,500000
knapsack,mstr,50,0,penalty,mga,50,500000,-21641,True,16,-21543,,500000
knapsack,mstr,50,0,penalty,mga,50,500000,-21641,True,17,-21543,,500000
knapsack,mstr,50,0,penalty,mga,50,500000,-21641,True,18,-21542,,500000
knapsack,mstr,50,0,penalty,mga,50,500000,-21641,True,19,-21542,,500000
knapsack,mstr,50,0,penalty,mga,50,500000,-21641,True,20,-21543,,500000
knapsack,mstr,50,0,penalty,mga,50,500000,-21641,True,21,-21541,,500000
knapsack,mstr,50,0,penalty,mga,50,500000,-21641,True,22,-21542,,500000
knapsack,mstr,50,0,penalty,mga,50,500000,-21641,True,23,-21542,,500000
knapsack,mstr,50,0,penalty,mga,50,500000,-21641,True,24,-21542,,500000
knapsack,mstr,50,0,penalty,mga,50,500000,-21641,True,25,-21542,,500000
knapsack,mstr,50,0,penalty,mga,50,500000,-21641,True,26,-21640,,500000
knapsack,mstr,50,0,penalty,mga,50,500000,-21641,True,27,-21543,,500000
knapsack,mstr,50,0,penalty,mga,50,500000,-21641,True,28,-21543,,500000
knapsack,mstr,50,0,penalty,mga,50,500000,-21641,True,29,-21543,,500000
knapsack,mstr,50,0,penalty,mga,50,500000,-21641,True,30,-21541,,500000
knapsack,strongly,120,0,repair,mga,120,1200000,-36951,True,0,-36951,61818,61818
knapsack,strongly,120,0,repair,mga,120,1200000,-36951,True,1,-36951,172280,172280
knapsack,strongly,120,0,repair,mga,120,1200000,-36951,True,2,-36951,683303,683303
knapsack,strongly,120,0,repair,mga,120,1200000,-36951,True,3,-36951,388658,388658
knapsack,strongly,120,0,repair,mga,120,1200000,-36951,True,4,-36951,273432,273432
knapsack,strongly,120,0,repair,mga,120,1200000,-36951,True,5,-36951,52830,52830
knapsack,strongly,120,0,repair,mga,120,1200000,-36951,True,6,-36951,1275,1275
knapsack,strongly,120,0,repair,mga,120,1200000,-36951,True,7,-36951,46715,46715
knapsack,strongly,120,0,repair,mga,120,1200000,-36951,True,8,-36950,,1200000
knapsack,strongly,120,0,repair,mga,120,1200000,-36951,True,9,-36951,909,909
knapsack,strongly,120,0,repair,mga,120,1200000,-36951,True,10,-36951,45635,45635
knapsack,strongly,120,0,repair,mga,120,1200000,-36951,True,11,-36950,,1200000
knapsack,strongly,120,0,repair,mga,120,1200000,-36951,True,12,-36951,145882,145882
knapsack,strongly,120,0,repair,mga,120,1200000,-36951,True,13,-36950,,1200000
knapsack,strongly,120,0,repair,mga,120,1200000,-36951,True,14,-36951,177758,177758
knapsack,strongly,120,0,repair,mga,120,1200000,-36951,True,15,-36951,446991,446991
knapsack,strongly,120,0,repair,mga,120,1200000,-36951,True,16,-36951,220836,220836
knapsack,strongly,120,0,repair,mga,120,1200000,-36951,True,17,-36951,157871,157871
knapsack,strongly,120,0,repair,mga,120,1200000,-36951,True,18,-36950,,1200000
knapsack,strongly,120,0,repair,mga,120,1200000,-36951,True,19,-36951,809540,809540
knapsack,strongly,120,0,repair,mga,120,1200000,-36951,True,20,-36951,200869,200869
knapsack,strongly,120,0,repair,mga,120,1200000,-36951,True,21,-36951,61767,61767
knapsack,strongly,120,0,repair,mga,120,1200000,-36951,True,22,-36951,3153,3153
knapsack,strongly,120,0,repair,mga,120,1200000,-36951,True,23,-36950,,1200000
knapsack,strongly,120,0,repair,mga,120,1200000,-36951,True,24,-36951,880352,880352
knapsack,strongly,120,0,repair,mga,120,1200000,-36951,True,25,-36951,982753,982753
knapsack,strongly,120,0,repair,mga,120,1200000,-36951,True,26,-36951,348184,348184
knapsack,strongly,120,0,repair,mga,120,1200000,-36951,True,27,-36951,890566,890566
knapsack,strongly,120,0,repair,mga,120,1200000,-36951,True,28,-36951,344667,344667
knapsack,strongly,120,0,repair,mga,120,1200000,-36951,True,29,-36951,3214,3214
knapsack,strongly,120,0,repair,mga,120,1200000,-36951,True,30,-36951,6796,6796
knapsack,mstr,30,1,repair,mga,30,300000,-11931,True,0,-11931,47560,47560
knapsack,mstr,30,1,repair,mga,30,300000,-11931,True,1,-11930,,300000
knapsack,mstr,30,1,repair,mga,30,300000,-11931,True,2,-11931,270,270
knapsack,mstr,30,1,repair,mga,30,300000,-11931,True,3,-11931,17585,17585
knapsack,mstr,30,1,repair,mga,30,300000,-11931,True,4,-11931,172,172
knapsack,mstr,30,1,repair,mga,30,300000,-11931,True,5,-11931,150,150
knapsack,mstr,30,1,repair,mga,30,300000,-11931,True,6,-11930,,300000
knapsack,mstr,30,1,repair,mga,30,300000,-11931,True,7,-11931,94,94
knapsack,mstr,30,1,repair,mga,30,300000,-11931,True,8,-11930,,300000
knapsack,mstr,30,1,repair,mga,30,300000,-11931,True,9,-11930,,300000
knapsack,mstr,30,1,repair,mga,30,300000,-11931,True,10,-11930,,300000
knapsack,mstr,30,1,repair,mga,30,300000,-11931,True,11,-11931,30,30
knapsack,mstr,30,1,repair,mga,30,300000,-11931,True,12,-11930,,300000
knapsack,mstr,30,1,repair,mga,30,300000,-11931,True,13,-11931,7581,7581
knapsack,mstr,30,1,repair,mga,30,300000,-11931,True,14,-11931,10710,10710
knapsack,mstr,30,1,repair,mga,30,300000,-11931,True,15,-11930,,300000
knapsack,mstr,30,1,repair,mga,30,300000,-11931,True,16,-11931,15630,15630
knapsack,mstr,30,1,repair,mga,30,300000,-11931,True,17,-11931,330,330
knapsack,mstr,30,1,repair,mga,30,300000,-11931,True,18,-11931,330,330
knapsack,mstr,30,1,repair,mga,30,300000,-11931,True,19,-11931,37488,37488
knapsack,mstr,30,1,repair,mga,30,300000,-11931,True,20,-11930,,300000
knapsack,mstr,30,1,repair,mga,30,300000,-11931,True,21,-11930,,300000
knapsack,mstr,30,1,repair,mga,30,300000,-11931,True,22,-11930,,300000
knapsack,mstr,30,1,repair,mga,30,300000,-11931,True,23,-11930,,300000
knapsack,mstr,30,1,repair,mga,30,300000,-11931,True,24,-11931,5152,5152
knapsack,mstr,30,1,repair,mga,30,300000,-11931,True,25,-11930,,300000
knapsack,mstr,30,1,repair,mga,30,300000,-11931,True,26,-11930,,300000
knapsack,mstr,30,1,repair,mga,30,300000,-11931,True,27,-11931,16547,16547
knapsack,mstr,30,1,repair,mga,30,300000,-11931,True,28,-11930,,300000
knapsack,mstr,30,1,repair,mga,30,300000,-11931,True,29,-11930,,300000
knapsack,mstr,30,1,repair,mga,30,300000,-11931,True,30,-11931,150,150
knapsack,mstr,50,0,repair,ils,50,500000,-21641,True,0,-21641,154051,154051
knapsack,mstr,50,0,repair,ils,50,500000,-21641,True,1,-21641,38361,38361
knapsack,mstr,50,0,repair,ils,50,500000,-21641,True,2,-21641,69651,69651
knapsack,mstr,50,0,repair,ils,50,500000,-21641,True,3,-21543,,500000
knapsack,mstr,50,0,repair,ils,50,500000,-21641,True,4,-21641,20429,20429
knapsack,mstr,50,0,repair,ils,50,500000,-21641,True,5,-21641,26437,26437
knapsack,mstr,50,0,repair,ils,50,500000,-21641,True,6,-21641,8292,8292
knapsack,mstr,50,0,repair,ils,50,500000,-21641,True,7,-21641,14354,14354
knapsack,mstr,50,0,repair,ils,50,500000,-21641,True,8,-21641,83967,83967
knapsack,mstr,50,0,repair,ils,50,500000,-21641,True,9,-21641,264943,264943
knapsack,mstr,50,0,repair,ils,50,500000,-21641,True,10,-21641,149189,149189
knapsack,mstr,50,0,repair,ils,50,500000,-21641,True,11,-21641,16174,16174
knapsack,mstr,50,0,repair,ils,50,500000,-21641,True,12,-21641,134817,134817
knapsack,mstr,50,0,repair,ils,50,500000,-21641,True,13,-21641,47526,47526
knapsack,mstr,50,0,repair,ils,50,500000,-21641,True,14,-21641,161348,161348
knapsack,mstr,50,0,repair,ils,50,500000,-21641,True,15,-21641,16282,16282
knapsack,mstr,50,0,repair,ils,50,500000,-21641,True,16,-21641,22141,22141
knapsack,mstr,50,0,repair,ils,50,500000,-21641,True,17,-21641,19655,19655
knapsack,mstr,50,0,repair,ils,50,500000,-21641,True,18,-21641,34863,34863
knapsack,mstr,50,0,repair,ils,50,500000,-21641,True,19,-21641,125212,125212
knapsack,mstr,50,0,repair,ils,50,500000,-21641,True,20,-21641,349611,349611
knapsack,mstr,50,0,repair,ils,50,500000,-21641,True,21,-21641,348707,348707
knapsack,mstr,50,0,repair,ils,50,500000,-21641,True,22,-21641,318188,318188
knapsack,mstr,50,0,repair,ils,50,500000,-21641,True,23,-21641,73289,73289
knapsack,mstr,50,0,repair,ils,50,500000,-21641,True,24,-21641,7006,7006
knapsack,mstr,50,0,repair,ils,50,500000,-21641,True,25,-21641,13811,13811
knapsack,mstr,50,0,repair,ils,50,500000,-21641,True,26,-21641,40114,40114
knapsack,mstr,50,0,repair,ils,50,500000,-21641,True,27,-21641,188535,188535
knapsack,mstr,50,0,repair,ils,50,500000,-21641,True,28,-21641,85276,85276
knapsack,mstr,50,0,repair,ils,50,500000,-21641,True,29,-21641,241931,241931
knapsack,mstr,50,0,repair,ils,50,500000,-21641,True,30,-21641,16498,16498
knapsack,mstr,50,1,penalty,floor,50,500000,-20476,True,0,-19773,,500000
knapsack,mstr,50,1,penalty,floor,50,500000,-20476,True,1,-19661,,500000
knapsack,mstr,50,1,penalty,floor,50,500000,-20476,True,2,-19906,,500000
knapsack,mstr,50,1,penalty,floor,50,500000,-20476,True,3,-19775,,500000
knapsack,mstr,50,1,penalty,floor,50,500000,-20476,True,4,-19878,,500000
knapsack,mstr,50,1,penalty,floor,50,500000,-20476,True,5,-19827,,500000
knapsack,mstr,50,1,penalty,floor,50,500000,-20476,True,6,-19660,,500000
knapsack,mstr,50,1,penalty,floor,50,500000,-20476,True,7,-19870,,500000
knapsack,mstr,50,1,penalty,floor,50,500000,-20476,True,8,-19657,,500000
knapsack,mstr,50,1,penalty,floor,50,500000,-20476,True,9,-19874,,500000
knapsack,mstr,50,1,penalty,floor,50,500000,-20476,True,10,-19860,,500000
knapsack,mstr,50,1,penalty,floor,50,500000,-20476,True,11,-19784,,500000
knapsack,mstr,50,1,penalty,floor,50,500000,-20476,True,12,-19576,,500000
knapsack,mstr,50,1,penalty,floor,50,500000,-20476,True,13,-19699,,500000
knapsack,mstr,50,1,penalty,floor,50,500000,-20476,True,14,-19716,,500000
knapsack,mstr,50,1,penalty,floor,50,500000,-20476,True,15,-19547,,500000
knapsack,mstr,50,1,penalty,floor,50,500000,-20476,True,16,-19873,,500000
knapsack,mstr,50,1,penalty,floor,50,500000,-20476,True,17,-19568,,500000
knapsack,mstr,50,1,penalty,floor,50,500000,-20476,True,18,-19871,,500000
knapsack,mstr,50,1,penalty,floor,50,500000,-20476,True,19,-19674,,500000
knapsack,mstr,50,1,penalty,floor,50,500000,-20476,True,20,-19663,,500000
knapsack,mstr,50,1,penalty,floor,50,500000,-20476,True,21,-19767,,500000
knapsack,mstr,50,1,penalty,floor,50,500000,-20476,True,22,-19531,,500000
knapsack,mstr,50,1,penalty,floor,50,500000,-20476,True,23,-19851,,500000
knapsack,mstr,50,1,penalty,floor,50,500000,-20476,True,24,-19668,,500000
knapsack,mstr,50,1,penalty,floor,50,500000,-20476,True,25,-19660,,500000
knapsack,mstr,50,1,penalty,floor,50,500000,-20476,True,26,-19687,,500000
knapsack,mstr,50,1,penalty,floor,50,500000,-20476,True,27,-19824,,500000
knapsack,mstr,50,1,penalty,floor,50,500000,-20476,True,28,-19627,,500000
knapsack,mstr,50,1,penalty,floor,50,500000,-20476,True,29,-19673,,500000
knapsack,mstr,50,1,penalty,floor,50,500000,-20476,True,30,-19552,,500000
knapsack,mstr,50,1,penalty,ils,50,500000,-20476,True,0,-20474,,500000
knapsack,mstr,50,1,penalty,ils,50,500000,-20476,True,1,-20474,,500000
knapsack,mstr,50,1,penalty,ils,50,500000,-20476,True,2,-20376,,500000
knapsack,mstr,50,1,penalty,ils,50,500000,-20476,True,3,-20461,,500000
knapsack,mstr,50,1,penalty,ils,50,500000,-20476,True,4,-20377,,500000
knapsack,mstr,50,1,penalty,ils,50,500000,-20476,True,5,-20375,,500000
knapsack,mstr,50,1,penalty,ils,50,500000,-20476,True,6,-20374,,500000
knapsack,mstr,50,1,penalty,ils,50,500000,-20476,True,7,-20474,,500000
knapsack,mstr,50,1,penalty,ils,50,500000,-20476,True,8,-20377,,500000
knapsack,mstr,50,1,penalty,ils,50,500000,-20476,True,9,-20474,,500000
knapsack,mstr,50,1,penalty,ils,50,500000,-20476,True,10,-20375,,500000
knapsack,mstr,50,1,penalty,ils,50,500000,-20476,True,11,-20377,,500000
knapsack,mstr,50,1,penalty,ils,50,500000,-20476,True,12,-20463,,500000
knapsack,mstr,50,1,penalty,ils,50,500000,-20476,True,13,-20463,,500000
knapsack,mstr,50,1,penalty,ils,50,500000,-20476,True,14,-20461,,500000
knapsack,mstr,50,1,penalty,ils,50,500000,-20476,True,15,-20474,,500000
knapsack,mstr,50,1,penalty,ils,50,500000,-20476,True,16,-20463,,500000
knapsack,mstr,50,1,penalty,ils,50,500000,-20476,True,17,-20375,,500000
knapsack,mstr,50,1,penalty,ils,50,500000,-20476,True,18,-20377,,500000
knapsack,mstr,50,1,penalty,ils,50,500000,-20476,True,19,-20474,,500000
knapsack,mstr,50,1,penalty,ils,50,500000,-20476,True,20,-20461,,500000
knapsack,mstr,50,1,penalty,ils,50,500000,-20476,True,21,-20461,,500000
knapsack,mstr,50,1,penalty,ils,50,500000,-20476,True,22,-20474,,500000
knapsack,mstr,50,1,penalty,ils,50,500000,-20476,True,23,-20463,,500000
knapsack,mstr,50,1,penalty,ils,50,500000,-20476,True,24,-20476,182995,182995
knapsack,mstr,50,1,penalty,ils,50,500000,-20476,True,25,-20377,,500000
knapsack,mstr,50,1,penalty,ils,50,500000,-20476,True,26,-20476,231764,231764
knapsack,mstr,50,1,penalty,ils,50,500000,-20476,True,27,-20377,,500000
knapsack,mstr,50,1,penalty,ils,50,500000,-20476,True,28,-20376,,500000
knapsack,mstr,50,1,penalty,ils,50,500000,-20476,True,29,-20377,,500000
knapsack,mstr,50,1,penalty,ils,50,500000,-20476,True,30,-20463,,500000
knapsack,mstr,50,1,penalty,mga,50,500000,-20476,True,0,-20376,,500000
knapsack,mstr,50,1,penalty,mga,50,500000,-20476,True,1,-20463,,500000
knapsack,mstr,50,1,penalty,mga,50,500000,-20476,True,2,-20374,,500000
knapsack,mstr,50,1,penalty,mga,50,500000,-20476,True,3,-20444,,500000
knapsack,mstr,50,1,penalty,mga,50,500000,-20476,True,4,-20376,,500000
knapsack,mstr,50,1,penalty,mga,50,500000,-20476,True,5,-20375,,500000
knapsack,mstr,50,1,penalty,mga,50,500000,-20476,True,6,-20463,,500000
knapsack,mstr,50,1,penalty,mga,50,500000,-20476,True,7,-20376,,500000
knapsack,mstr,50,1,penalty,mga,50,500000,-20476,True,8,-20375,,500000
knapsack,mstr,50,1,penalty,mga,50,500000,-20476,True,9,-20461,,500000
knapsack,mstr,50,1,penalty,mga,50,500000,-20476,True,10,-20377,,500000
knapsack,mstr,50,1,penalty,mga,50,500000,-20476,True,11,-20357,,500000
knapsack,mstr,50,1,penalty,mga,50,500000,-20476,True,12,-20377,,500000
knapsack,mstr,50,1,penalty,mga,50,500000,-20476,True,13,-20376,,500000
knapsack,mstr,50,1,penalty,mga,50,500000,-20476,True,14,-20374,,500000
knapsack,mstr,50,1,penalty,mga,50,500000,-20476,True,15,-20456,,500000
knapsack,mstr,50,1,penalty,mga,50,500000,-20476,True,16,-20366,,500000
knapsack,mstr,50,1,penalty,mga,50,500000,-20476,True,17,-20376,,500000
knapsack,mstr,50,1,penalty,mga,50,500000,-20476,True,18,-20463,,500000
knapsack,mstr,50,1,penalty,mga,50,500000,-20476,True,19,-20377,,500000
knapsack,mstr,50,1,penalty,mga,50,500000,-20476,True,20,-20375,,500000
knapsack,mstr,50,1,penalty,mga,50,500000,-20476,True,21,-20376,,500000
knapsack,mstr,50,1,penalty,mga,50,500000,-20476,True,22,-20463,,500000
knapsack,mstr,50,1,penalty,mga,50,500000,-20476,True,23,-20374,,500000
knapsack,mstr,50,1,penalty,mga,50,500000,-20476,True,24,-20463,,500000
knapsack,mstr,50,1,penalty,mga,50,500000,-20476,True,25,-20463,,500000
knapsack,mstr,50,1,penalty,mga,50,500000,-20476,True,26,-20463,,500000
knapsack,mstr,50,1,penalty,mga,50,500000,-20476,True,27,-20375,,500000
knapsack,mstr,50,1,penalty,mga,50,500000,-20476,True,28,-20375,,500000
knapsack,mstr,50,1,penalty,mga,50,500000,-20476,True,29,-20375,,500000
knapsack,mstr,50,1,penalty,mga,50,500000,-20476,True,30,-20375,,500000
knapsack,mstr,50,1,repair,floor,50,500000,-20476,True,0,-20476,411547,411547
knapsack,mstr,50,1,repair,floor,50,500000,-20476,True,1,-20476,91405,91405
knapsack,mstr,50,1,repair,floor,50,500000,-20476,True,2,-20474,,500000
knapsack,mstr,50,1,repair,floor,50,500000,-20476,True,3,-20476,302371,302371
knapsack,mstr,50,1,repair,floor,50,500000,-20476,True,4,-20474,,500000
knapsack,mstr,50,1,repair,floor,50,500000,-20476,True,5,-20476,258839,258839
knapsack,mstr,50,1,repair,floor,50,500000,-20476,True,6,-20476,144093,144093
knapsack,mstr,50,1,repair,floor,50,500000,-20476,True,7,-20476,51972,51972
knapsack,mstr,50,1,repair,floor,50,500000,-20476,True,8,-20476,247651,247651
knapsack,mstr,50,1,repair,floor,50,500000,-20476,True,9,-20476,380254,380254
knapsack,mstr,50,1,repair,floor,50,500000,-20476,True,10,-20474,,500000
knapsack,mstr,50,1,repair,floor,50,500000,-20476,True,11,-20476,196713,196713
knapsack,mstr,50,1,repair,floor,50,500000,-20476,True,12,-20476,162928,162928
knapsack,mstr,50,1,repair,floor,50,500000,-20476,True,13,-20476,126769,126769
knapsack,mstr,50,1,repair,floor,50,500000,-20476,True,14,-20476,20339,20339
knapsack,mstr,50,1,repair,floor,50,500000,-20476,True,15,-20476,94326,94326
knapsack,mstr,50,1,repair,floor,50,500000,-20476,True,16,-20476,238116,238116
knapsack,mstr,50,1,repair,floor,50,500000,-20476,True,17,-20474,,500000
knapsack,mstr,50,1,repair,floor,50,500000,-20476,True,18,-20474,,500000
knapsack,mstr,50,1,repair,floor,50,500000,-20476,True,19,-20476,55502,55502
knapsack,mstr,50,1,repair,floor,50,500000,-20476,True,20,-20474,,500000
knapsack,mstr,50,1,repair,floor,50,500000,-20476,True,21,-20469,,500000
knapsack,mstr,50,1,repair,floor,50,500000,-20476,True,22,-20476,248482,248482
knapsack,mstr,50,1,repair,floor,50,500000,-20476,True,23,-20474,,500000
knapsack,mstr,50,1,repair,floor,50,500000,-20476,True,24,-20474,,500000
knapsack,mstr,50,1,repair,floor,50,500000,-20476,True,25,-20474,,500000
knapsack,mstr,50,1,repair,floor,50,500000,-20476,True,26,-20476,107092,107092
knapsack,mstr,50,1,repair,floor,50,500000,-20476,True,27,-20476,60675,60675
knapsack,mstr,50,1,repair,floor,50,500000,-20476,True,28,-20476,86442,86442
knapsack,mstr,50,1,repair,floor,50,500000,-20476,True,29,-20476,44255,44255
knapsack,mstr,50,1,repair,floor,50,500000,-20476,True,30,-20474,,500000
knapsack,mstr,50,0,repair,floor,50,500000,-21641,True,0,-21543,,500000
knapsack,mstr,50,0,repair,floor,50,500000,-21641,True,1,-21632,,500000
knapsack,mstr,50,0,repair,floor,50,500000,-21641,True,2,-21608,,500000
knapsack,mstr,50,0,repair,floor,50,500000,-21641,True,3,-21636,,500000
knapsack,mstr,50,0,repair,floor,50,500000,-21641,True,4,-21617,,500000
knapsack,mstr,50,0,repair,floor,50,500000,-21641,True,5,-21543,,500000
knapsack,mstr,50,0,repair,floor,50,500000,-21641,True,6,-21632,,500000
knapsack,mstr,50,0,repair,floor,50,500000,-21641,True,7,-21543,,500000
knapsack,mstr,50,0,repair,floor,50,500000,-21641,True,8,-21617,,500000
knapsack,mstr,50,0,repair,floor,50,500000,-21641,True,9,-21640,,500000
knapsack,mstr,50,0,repair,floor,50,500000,-21641,True,10,-21640,,500000
knapsack,mstr,50,0,repair,floor,50,500000,-21641,True,11,-21627,,500000
knapsack,mstr,50,0,repair,floor,50,500000,-21641,True,12,-21543,,500000
knapsack,mstr,50,0,repair,floor,50,500000,-21641,True,13,-21608,,500000
knapsack,mstr,50,0,repair,floor,50,500000,-21641,True,14,-21641,461680,461680
knapsack,mstr,50,0,repair,floor,50,500000,-21641,True,15,-21641,210571,210571
knapsack,mstr,50,0,repair,floor,50,500000,-21641,True,16,-21627,,500000
knapsack,mstr,50,0,repair,floor,50,500000,-21641,True,17,-21641,417076,417076
knapsack,mstr,50,0,repair,floor,50,500000,-21641,True,18,-21627,,500000
knapsack,mstr,50,0,repair,floor,50,500000,-21641,True,19,-21627,,500000
knapsack,mstr,50,0,repair,floor,50,500000,-21641,True,20,-21641,148054,148054
knapsack,mstr,50,0,repair,floor,50,500000,-21641,True,21,-21543,,500000
knapsack,mstr,50,0,repair,floor,50,500000,-21641,True,22,-21568,,500000
knapsack,mstr,50,0,repair,floor,50,500000,-21641,True,23,-21543,,500000
knapsack,mstr,50,0,repair,floor,50,500000,-21641,True,24,-21632,,500000
knapsack,mstr,50,0,repair,floor,50,500000,-21641,True,25,-21641,388236,388236
knapsack,mstr,50,0,repair,floor,50,500000,-21641,True,26,-21543,,500000
knapsack,mstr,50,0,repair,floor,50,500000,-21641,True,27,-21622,,500000
knapsack,mstr,50,0,repair,floor,50,500000,-21641,True,28,-21603,,500000
knapsack,mstr,50,0,repair,floor,50,500000,-21641,True,29,-21636,,500000
knapsack,mstr,50,0,repair,floor,50,500000,-21641,True,30,-21627,,500000
knapsack,mstr,50,0,repair,mga,50,500000,-21641,True,0,-21543,,500000
knapsack,mstr,50,0,repair,mga,50,500000,-21641,True,1,-21542,,500000
knapsack,mstr,50,0,repair,mga,50,500000,-21641,True,2,-21543,,500000
knapsack,mstr,50,0,repair,mga,50,500000,-21641,True,3,-21543,,500000
knapsack,mstr,50,0,repair,mga,50,500000,-21641,True,4,-21543,,500000
knapsack,mstr,50,0,repair,mga,50,500000,-21641,True,5,-21543,,500000
knapsack,mstr,50,0,repair,mga,50,500000,-21641,True,6,-21543,,500000
knapsack,mstr,50,0,repair,mga,50,500000,-21641,True,7,-21542,,500000
knapsack,mstr,50,0,repair,mga,50,500000,-21641,True,8,-21641,223986,223986
knapsack,mstr,50,0,repair,mga,50,500000,-21641,True,9,-21542,,500000
knapsack,mstr,50,0,repair,mga,50,500000,-21641,True,10,-21543,,500000
knapsack,mstr,50,0,repair,mga,50,500000,-21641,True,11,-21543,,500000
knapsack,mstr,50,0,repair,mga,50,500000,-21641,True,12,-21641,1938,1938
knapsack,mstr,50,0,repair,mga,50,500000,-21641,True,13,-21543,,500000
knapsack,mstr,50,0,repair,mga,50,500000,-21641,True,14,-21543,,500000
knapsack,mstr,50,0,repair,mga,50,500000,-21641,True,15,-21541,,500000
knapsack,mstr,50,0,repair,mga,50,500000,-21641,True,16,-21543,,500000
knapsack,mstr,50,0,repair,mga,50,500000,-21641,True,17,-21543,,500000
knapsack,mstr,50,0,repair,mga,50,500000,-21641,True,18,-21543,,500000
knapsack,mstr,50,0,repair,mga,50,500000,-21641,True,19,-21542,,500000
knapsack,mstr,50,0,repair,mga,50,500000,-21641,True,20,-21543,,500000
knapsack,mstr,50,0,repair,mga,50,500000,-21641,True,21,-21543,,500000
knapsack,mstr,50,0,repair,mga,50,500000,-21641,True,22,-21543,,500000
knapsack,mstr,50,0,repair,mga,50,500000,-21641,True,23,-21641,11763,11763
knapsack,mstr,50,0,repair,mga,50,500000,-21641,True,24,-21542,,500000
knapsack,mstr,50,0,repair,mga,50,500000,-21641,True,25,-21543,,500000
knapsack,mstr,50,0,repair,mga,50,500000,-21641,True,26,-21543,,500000
knapsack,mstr,50,0,repair,mga,50,500000,-21641,True,27,-21543,,500000
knapsack,mstr,50,0,repair,mga,50,500000,-21641,True,28,-21543,,500000
knapsack,mstr,50,0,repair,mga,50,500000,-21641,True,29,-21543,,500000
knapsack,mstr,50,0,repair,mga,50,500000,-21641,True,30,-21543,,500000
knapsack,mstr,50,2,penalty,floor,50,500000,-19746,True,0,-19122,,500000
knapsack,mstr,50,2,penalty,floor,50,500000,-19746,True,1,-18935,,500000
knapsack,mstr,50,2,penalty,floor,50,500000,-19746,True,2,-18840,,500000
knapsack,mstr,50,2,penalty,floor,50,500000,-19746,True,3,-19045,,500000
knapsack,mstr,50,2,penalty,floor,50,500000,-19746,True,4,-18940,,500000
knapsack,mstr,50,2,penalty,floor,50,500000,-19746,True,5,-18984,,500000
knapsack,mstr,50,2,penalty,floor,50,500000,-19746,True,6,-18826,,500000
knapsack,mstr,50,2,penalty,floor,50,500000,-19746,True,7,-18946,,500000
knapsack,mstr,50,2,penalty,floor,50,500000,-19746,True,8,-19228,,500000
knapsack,mstr,50,2,penalty,floor,50,500000,-19746,True,9,-19346,,500000
knapsack,mstr,50,2,penalty,floor,50,500000,-19746,True,10,-18846,,500000
knapsack,mstr,50,2,penalty,floor,50,500000,-19746,True,11,-18945,,500000
knapsack,mstr,50,2,penalty,floor,50,500000,-19746,True,12,-18922,,500000
knapsack,mstr,50,2,penalty,floor,50,500000,-19746,True,13,-18934,,500000
knapsack,mstr,50,2,penalty,floor,50,500000,-19746,True,14,-18811,,500000
knapsack,mstr,50,2,penalty,floor,50,500000,-19746,True,15,-18944,,500000
knapsack,mstr,50,2,penalty,floor,50,500000,-19746,True,16,-19039,,500000
knapsack,mstr,50,2,penalty,floor,50,500000,-19746,True,17,-18950,,500000
knapsack,mstr,50,2,penalty,floor,50,500000,-19746,True,18,-18938,,500000
knapsack,mstr,50,2,penalty,floor,50,500000,-19746,True,19,-18964,,500000
knapsack,mstr,50,2,penalty,floor,50,500000,-19746,True,20,-18972,,500000
knapsack,mstr,50,2,penalty,floor,50,500000,-19746,True,21,-19034,,500000
knapsack,mstr,50,2,penalty,floor,50,500000,-19746,True,22,-18824,,500000
knapsack,mstr,50,2,penalty,floor,50,500000,-19746,True,23,-19007,,500000
knapsack,mstr,50,2,penalty,floor,50,500000,-19746,True,24,-19036,,500000
knapsack,mstr,50,2,penalty,floor,50,500000,-19746,True,25,-18939,,500000
knapsack,mstr,50,2,penalty,floor,50,500000,-19746,True,26,-18835,,500000
knapsack,mstr,50,2,penalty,floor,50,500000,-19746,True,27,-18938,,500000
knapsack,mstr,50,2,penalty,floor,50,500000,-19746,True,28,-19046,,500000
knapsack,mstr,50,2,penalty,floor,50,500000,-19746,True,29,-19118,,500000
knapsack,mstr,50,2,penalty,floor,50,500000,-19746,True,30,-19027,,500000
knapsack,mstr,50,2,penalty,ils,50,500000,-19746,True,0,-19745,,500000
knapsack,mstr,50,2,penalty,ils,50,500000,-19746,True,1,-19746,247793,247793
knapsack,mstr,50,2,penalty,ils,50,500000,-19746,True,2,-19745,,500000
knapsack,mstr,50,2,penalty,ils,50,500000,-19746,True,3,-19746,33389,33389
knapsack,mstr,50,2,penalty,ils,50,500000,-19746,True,4,-19743,,500000
knapsack,mstr,50,2,penalty,ils,50,500000,-19746,True,5,-19746,48050,48050
knapsack,mstr,50,2,penalty,ils,50,500000,-19746,True,6,-19746,135411,135411
knapsack,mstr,50,2,penalty,ils,50,500000,-19746,True,7,-19746,242440,242440
knapsack,mstr,50,2,penalty,ils,50,500000,-19746,True,8,-19742,,500000
knapsack,mstr,50,2,penalty,ils,50,500000,-19746,True,9,-19742,,500000
knapsack,mstr,50,2,penalty,ils,50,500000,-19746,True,10,-19746,362241,362241
knapsack,mstr,50,2,penalty,ils,50,500000,-19746,True,11,-19746,374857,374857
knapsack,mstr,50,2,penalty,ils,50,500000,-19746,True,12,-19746,186639,186639
knapsack,mstr,50,2,penalty,ils,50,500000,-19746,True,13,-19742,,500000
knapsack,mstr,50,2,penalty,ils,50,500000,-19746,True,14,-19746,263146,263146
knapsack,mstr,50,2,penalty,ils,50,500000,-19746,True,15,-19746,184520,184520
knapsack,mstr,50,2,penalty,ils,50,500000,-19746,True,16,-19746,154475,154475
knapsack,mstr,50,2,penalty,ils,50,500000,-19746,True,17,-19746,94486,94486
knapsack,mstr,50,2,penalty,ils,50,500000,-19746,True,18,-19746,168103,168103
knapsack,mstr,50,2,penalty,ils,50,500000,-19746,True,19,-19746,252772,252772
knapsack,mstr,50,2,penalty,ils,50,500000,-19746,True,20,-19746,391845,391845
knapsack,mstr,50,2,penalty,ils,50,500000,-19746,True,21,-19740,,500000
knapsack,mstr,50,2,penalty,ils,50,500000,-19746,True,22,-19746,274051,274051
knapsack,mstr,50,2,penalty,ils,50,500000,-19746,True,23,-19746,95661,95661
knapsack,mstr,50,2,penalty,ils,50,500000,-19746,True,24,-19746,180867,180867
knapsack,mstr,50,2,penalty,ils,50,500000,-19746,True,25,-19746,32585,32585
knapsack,mstr,50,2,penalty,ils,50,500000,-19746,True,26,-19746,128390,128390
knapsack,mstr,50,2,penalty,ils,50,500000,-19746,True,27,-19745,,500000
knapsack,mstr,50,2,penalty,ils,50,500000,-19746,True,28,-19746,328230,328230
knapsack,mstr,50,2,penalty,ils,50,500000,-19746,True,29,-19746,161295,161295
knapsack,mstr,50,2,penalty,ils,50,500000,-19746,True,30,-19746,45208,45208
knapsack,mstr,50,2,penalty,mga,50,500000,-19746,True,0,-19746,244555,244555
knapsack,mstr,50,2,penalty,mga,50,500000,-19746,True,1,-19743,,500000
knapsack,mstr,50,2,penalty,mga,50,500000,-19746,True,2,-19544,,500000
knapsack,mstr,50,2,penalty,mga,50,500000,-19746,True,3,-19543,,500000
knapsack,mstr,50,2,penalty,mga,50,500000,-19746,True,4,-19746,285780,285780
knapsack,mstr,50,2,penalty,mga,50,500000,-19746,True,5,-19746,27669,27669
knapsack,mstr,50,2,penalty,mga,50,500000,-19746,True,6,-19546,,500000
knapsack,mstr,50,2,penalty,mga,50,500000,-19746,True,7,-19742,,500000
knapsack,mstr,50,2,penalty,mga,50,500000,-19746,True,8,-19545,,500000
knapsack,mstr,50,2,penalty,mga,50,500000,-19746,True,9,-19546,,500000
knapsack,mstr,50,2,penalty,mga,50,500000,-19746,True,10,-19729,,500000
knapsack,mstr,50,2,penalty,mga,50,500000,-19746,True,11,-19746,351634,351634
knapsack,mstr,50,2,penalty,mga,50,500000,-19746,True,12,-19745,,500000
knapsack,mstr,50,2,penalty,mga,50,500000,-19746,True,13,-19743,,500000
knapsack,mstr,50,2,penalty,mga,50,500000,-19746,True,14,-19746,323343,323343
knapsack,mstr,50,2,penalty,mga,50,500000,-19746,True,15,-19746,115121,115121
knapsack,mstr,50,2,penalty,mga,50,500000,-19746,True,16,-19744,,500000
knapsack,mstr,50,2,penalty,mga,50,500000,-19746,True,17,-19745,,500000
knapsack,mstr,50,2,penalty,mga,50,500000,-19746,True,18,-19746,361634,361634
knapsack,mstr,50,2,penalty,mga,50,500000,-19746,True,19,-19745,,500000
knapsack,mstr,50,2,penalty,mga,50,500000,-19746,True,20,-19746,354593,354593
knapsack,mstr,50,2,penalty,mga,50,500000,-19746,True,21,-19746,422630,422630
knapsack,mstr,50,2,penalty,mga,50,500000,-19746,True,22,-19546,,500000
knapsack,mstr,50,2,penalty,mga,50,500000,-19746,True,23,-19746,232999,232999
knapsack,mstr,50,2,penalty,mga,50,500000,-19746,True,24,-19746,73789,73789
knapsack,mstr,50,2,penalty,mga,50,500000,-19746,True,25,-19741,,500000
knapsack,mstr,50,2,penalty,mga,50,500000,-19746,True,26,-19726,,500000
knapsack,mstr,50,2,penalty,mga,50,500000,-19746,True,27,-19746,398170,398170
knapsack,mstr,50,2,penalty,mga,50,500000,-19746,True,28,-19746,262391,262391
knapsack,mstr,50,2,penalty,mga,50,500000,-19746,True,29,-19745,,500000
knapsack,mstr,50,2,penalty,mga,50,500000,-19746,True,30,-19729,,500000
knapsack,mstr,50,1,repair,ils,50,500000,-20476,True,0,-20476,6255,6255
knapsack,mstr,50,1,repair,ils,50,500000,-20476,True,1,-20476,6939,6939
knapsack,mstr,50,1,repair,ils,50,500000,-20476,True,2,-20474,,500000
knapsack,mstr,50,1,repair,ils,50,500000,-20476,True,3,-20476,87934,87934
knapsack,mstr,50,1,repair,ils,50,500000,-20476,True,4,-20474,,500000
knapsack,mstr,50,1,repair,ils,50,500000,-20476,True,5,-20476,64656,64656
knapsack,mstr,50,1,repair,ils,50,500000,-20476,True,6,-20476,177716,177716
knapsack,mstr,50,1,repair,ils,50,500000,-20476,True,7,-20474,,500000
knapsack,mstr,50,1,repair,ils,50,500000,-20476,True,8,-20476,74211,74211
knapsack,mstr,50,1,repair,ils,50,500000,-20476,True,9,-20476,12461,12461
knapsack,mstr,50,1,repair,ils,50,500000,-20476,True,10,-20474,,500000
knapsack,mstr,50,1,repair,ils,50,500000,-20476,True,11,-20476,43841,43841
knapsack,mstr,50,1,repair,ils,50,500000,-20476,True,12,-20476,2377,2377
knapsack,mstr,50,1,repair,ils,50,500000,-20476,True,13,-20474,,500000
knapsack,mstr,50,1,repair,ils,50,500000,-20476,True,14,-20474,,500000
knapsack,mstr,50,1,repair,ils,50,500000,-20476,True,15,-20476,71695,71695
knapsack,mstr,50,1,repair,ils,50,500000,-20476,True,16,-20474,,500000
knapsack,mstr,50,1,repair,ils,50,500000,-20476,True,17,-20476,11140,11140
knapsack,mstr,50,1,repair,ils,50,500000,-20476,True,18,-20476,83927,83927
knapsack,mstr,50,1,repair,ils,50,500000,-20476,True,19,-20474,,500000
knapsack,mstr,50,1,repair,ils,50,500000,-20476,True,20,-20476,44732,44732
knapsack,mstr,50,1,repair,ils,50,500000,-20476,True,21,-20474,,500000
knapsack,mstr,50,1,repair,ils,50,500000,-20476,True,22,-20476,45135,45135
knapsack,mstr,50,1,repair,ils,50,500000,-20476,True,23,-20476,156400,156400
knapsack,mstr,50,1,repair,ils,50,500000,-20476,True,24,-20476,69939,69939
knapsack,mstr,50,1,repair,ils,50,500000,-20476,True,25,-20476,134989,134989
knapsack,mstr,50,1,repair,ils,50,500000,-20476,True,26,-20476,10572,10572
knapsack,mstr,50,1,repair,ils,50,500000,-20476,True,27,-20474,,500000
knapsack,mstr,50,1,repair,ils,50,500000,-20476,True,28,-20476,137764,137764
knapsack,mstr,50,1,repair,ils,50,500000,-20476,True,29,-20476,19793,19793
knapsack,mstr,50,1,repair,ils,50,500000,-20476,True,30,-20474,,500000
knapsack,mstr,50,2,repair,floor,50,500000,-19746,True,0,-19746,17094,17094
knapsack,mstr,50,2,repair,floor,50,500000,-19746,True,1,-19746,145607,145607
knapsack,mstr,50,2,repair,floor,50,500000,-19746,True,2,-19746,20515,20515
knapsack,mstr,50,2,repair,floor,50,500000,-19746,True,3,-19746,24080,24080
knapsack,mstr,50,2,repair,floor,50,500000,-19746,True,4,-19746,7089,7089
knapsack,mstr,50,2,repair,floor,50,500000,-19746,True,5,-19746,41562,41562
knapsack,mstr,50,2,repair,floor,50,500000,-19746,True,6,-19746,93839,93839
knapsack,mstr,50,2,repair,floor,50,500000,-19746,True,7,-19746,6231,6231
knapsack,mstr,50,2,repair,floor,50,500000,-19746,True,8,-19746,11267,11267
knapsack,mstr,50,2,repair,floor,50,500000,-19746,True,9,-19746,11966,11966
knapsack,mstr,50,2,repair,floor,50,500000,-19746,True,10,-19746,402,402
knapsack,mstr,50,2,repair,floor,50,500000,-19746,True,11,-19746,103229,103229
knapsack,mstr,50,2,repair,floor,50,500000,-19746,True,12,-19746,13722,13722
knapsack,mstr,50,2,repair,floor,50,500000,-19746,True,13,-19746,7991,7991
knapsack,mstr,50,2,repair,floor,50,500000,-19746,True,14,-19746,45888,45888
knapsack,mstr,50,2,repair,floor,50,500000,-19746,True,15,-19746,52313,52313
knapsack,mstr,50,2,repair,floor,50,500000,-19746,True,16,-19746,9500,9500
knapsack,mstr,50,2,repair,floor,50,500000,-19746,True,17,-19746,51372,51372
knapsack,mstr,50,2,repair,floor,50,500000,-19746,True,18,-19746,14723,14723
knapsack,mstr,50,2,repair,floor,50,500000,-19746,True,19,-19746,7040,7040
knapsack,mstr,50,2,repair,floor,50,500000,-19746,True,20,-19746,17187,17187
knapsack,mstr,50,2,repair,floor,50,500000,-19746,True,21,-19746,43060,43060
knapsack,mstr,50,2,repair,floor,50,500000,-19746,True,22,-19746,3869,3869
knapsack,mstr,50,2,repair,floor,50,500000,-19746,True,23,-19746,18951,18951
knapsack,mstr,50,2,repair,floor,50,500000,-19746,True,24,-19746,9507,9507
knapsack,mstr,50,2,repair,floor,50,500000,-19746,True,25,-19746,8602,8602
knapsack,mstr,50,2,repair,floor,50,500000,-19746,True,26,-19746,52726,52726
knapsack,mstr,50,2,repair,floor,50,500000,-19746,True,27,-19746,14581,14581
knapsack,mstr,50,2,repair,floor,50,500000,-19746,True,28,-19746,23574,23574
knapsack,mstr,50,2,repair,floor,50,500000,-19746,True,29,-19746,14379,14379
knapsack,mstr,50,2,repair,floor,50,500000,-19746,True,30,-19746,7084,7084
knapsack,mstr,50,2,repair,ils,50,500000,-19746,True,0,-19746,13629,13629
knapsack,mstr,50,2,repair,ils,50,500000,-19746,True,1,-19746,10747,10747
knapsack,mstr,50,2,repair,ils,50,500000,-19746,True,2,-19746,18024,18024
knapsack,mstr,50,2,repair,ils,50,500000,-19746,True,3,-19746,16812,16812
knapsack,mstr,50,2,repair,ils,50,500000,-19746,True,4,-19746,31108,31108
knapsack,mstr,50,2,repair,ils,50,500000,-19746,True,5,-19746,17321,17321
knapsack,mstr,50,2,repair,ils,50,500000,-19746,True,6,-19746,9051,9051
knapsack,mstr,50,2,repair,ils,50,500000,-19746,True,7,-19746,6018,6018
knapsack,mstr,50,2,repair,ils,50,500000,-19746,True,8,-19746,187738,187738
knapsack,mstr,50,2,repair,ils,50,500000,-19746,True,9,-19746,15417,15417
knapsack,mstr,50,2,repair,ils,50,500000,-19746,True,10,-19746,78,78
knapsack,mstr,50,2,repair,ils,50,500000,-19746,True,11,-19746,21803,21803
knapsack,mstr,50,2,repair,ils,50,500000,-19746,True,12,-19746,840,840
knapsack,mstr,50,2,repair,ils,50,500000,-19746,True,13,-19746,24988,24988
knapsack,mstr,50,2,repair,ils,50,500000,-19746,True,14,-19746,7731,7731
knapsack,mstr,50,2,repair,ils,50,500000,-19746,True,15,-19746,26693,26693
knapsack,mstr,50,2,repair,ils,50,500000,-19746,True,16,-19746,6131,6131
knapsack,mstr,50,2,repair,ils,50,500000,-19746,True,17,-19746,9197,9197
knapsack,mstr,50,2,repair,ils,50,500000,-19746,True,18,-19746,17866,17866
knapsack,mstr,50,2,repair,ils,50,500000,-19746,True,19,-19746,281698,281698
knapsack,mstr,50,2,repair,ils,50,500000,-19746,True,20,-19746,13591,13591
knapsack,mstr,50,2,repair,ils,50,500000,-19746,True,21,-19746,8377,8377
knapsack,mstr,50,2,repair,ils,50,500000,-19746,True,22,-19746,6286,6286
knapsack,mstr,50,2,repair,ils,50,500000,-19746,True,23,-19746,2210,2210
knapsack,mstr,50,2,repair,ils,50,500000,-19746,True,24,-19746,12941,12941
knapsack,mstr,50,2,repair,ils,50,500000,-19746,True,25,-19746,4277,4277
knapsack,mstr,50,2,repair,ils,50,500000,-19746,True,26,-19746,9090,9090
knapsack,mstr,50,2,repair,ils,50,500000,-19746,True,27,-19746,11724,11724
knapsack,mstr,50,2,repair,ils,50,500000,-19746,True,28,-19746,24734,24734
knapsack,mstr,50,2,repair,ils,50,500000,-19746,True,29,-19746,4500,4500
knapsack,mstr,50,2,repair,ils,50,500000,-19746,True,30,-19746,8602,8602
knapsack,mstr,80,0,penalty,floor,80,800000,-33272,True,0,-31562,,800000
knapsack,mstr,80,0,penalty,floor,80,800000,-33272,True,1,-31548,,800000
knapsack,mstr,80,0,penalty,floor,80,800000,-33272,True,2,-31462,,800000
knapsack,mstr,80,0,penalty,floor,80,800000,-33272,True,3,-31569,,800000
knapsack,mstr,80,0,penalty,floor,80,800000,-33272,True,4,-31569,,800000
knapsack,mstr,80,0,penalty,floor,80,800000,-33272,True,5,-31707,,800000
knapsack,mstr,80,0,penalty,floor,80,800000,-33272,True,6,-31572,,800000
knapsack,mstr,80,0,penalty,floor,80,800000,-33272,True,7,-31545,,800000
knapsack,mstr,80,0,penalty,floor,80,800000,-33272,True,8,-31530,,800000
knapsack,mstr,80,0,penalty,floor,80,800000,-33272,True,9,-31754,,800000
knapsack,mstr,80,0,penalty,floor,80,800000,-33272,True,10,-31372,,800000
knapsack,mstr,80,0,penalty,floor,80,800000,-33272,True,11,-31846,,800000
knapsack,mstr,80,0,penalty,floor,80,800000,-33272,True,12,-31571,,800000
knapsack,mstr,80,0,penalty,floor,80,800000,-33272,True,13,-31657,,800000
knapsack,mstr,80,0,penalty,floor,80,800000,-33272,True,14,-31668,,800000
knapsack,mstr,80,0,penalty,floor,80,800000,-33272,True,15,-31469,,800000
knapsack,mstr,80,0,penalty,floor,80,800000,-33272,True,16,-31572,,800000
knapsack,mstr,80,0,penalty,floor,80,800000,-33272,True,17,-31464,,800000
knapsack,mstr,80,0,penalty,floor,80,800000,-33272,True,18,-31670,,800000
knapsack,mstr,80,0,penalty,floor,80,800000,-33272,True,19,-31670,,800000
knapsack,mstr,80,0,penalty,floor,80,800000,-33272,True,20,-31769,,800000
knapsack,mstr,80,0,penalty,floor,80,800000,-33272,True,21,-31772,,800000
knapsack,mstr,80,0,penalty,floor,80,800000,-33272,True,22,-31643,,800000
knapsack,mstr,80,0,penalty,floor,80,800000,-33272,True,23,-31949,,800000
knapsack,mstr,80,0,penalty,floor,80,800000,-33272,True,24,-31372,,800000
knapsack,mstr,80,0,penalty,floor,80,800000,-33272,True,25,-31540,,800000
knapsack,mstr,80,0,penalty,floor,80,800000,-33272,True,26,-31658,,800000
knapsack,mstr,80,0,penalty,floor,80,800000,-33272,True,27,-31572,,800000
knapsack,mstr,80,0,penalty,floor,80,800000,-33272,True,28,-31662,,800000
knapsack,mstr,80,0,penalty,floor,80,800000,-33272,True,29,-31300,,800000
knapsack,mstr,80,0,penalty,floor,80,800000,-33272,True,30,-31742,,800000
knapsack,mstr,80,0,penalty,ils,80,800000,-33272,True,0,-33272,325119,325119
knapsack,mstr,80,0,penalty,ils,80,800000,-33272,True,1,-33163,,800000
knapsack,mstr,80,0,penalty,ils,80,800000,-33272,True,2,-33272,459988,459988
knapsack,mstr,80,0,penalty,ils,80,800000,-33272,True,3,-33257,,800000
knapsack,mstr,80,0,penalty,ils,80,800000,-33272,True,4,-33255,,800000
knapsack,mstr,80,0,penalty,ils,80,800000,-33272,True,5,-33172,,800000
knapsack,mstr,80,0,penalty,ils,80,800000,-33272,True,6,-33272,289999,289999
knapsack,mstr,80,0,penalty,ils,80,800000,-33272,True,7,-33263,,800000
knapsack,mstr,80,0,penalty,ils,80,800000,-33272,True,8,-33170,,800000
knapsack,mstr,80,0,penalty,ils,80,800000,-33272,True,9,-33171,,800000
knapsack,mstr,80,0,penalty,ils,80,800000,-33272,True,10,-33168,,800000
knapsack,mstr,80,0,penalty,ils,80,800000,-33272,True,11,-33256,,800000
knapsack,mstr,80,0,penalty,ils,80,800000,-33272,True,12,-33255,,800000
knapsack,mstr,80,0,penalty,ils,80,800000,-33272,True,13,-33269,,800000
knapsack,mstr,80,0,penalty,ils,80,800000,-33272,True,14,-33269,,800000
knapsack,mstr,80,0,penalty,ils,80,800000,-33272,True,15,-33172,,800000
knapsack,mstr,80,0,penalty,ils,80,800000,-33272,True,16,-33261,,800000
knapsack,mstr,80,0,penalty,ils,80,800000,-33272,True,17,-33256,,800000
knapsack,mstr,80,0,penalty,ils,80,800000,-33272,True,18,-33160,,800000
knapsack,mstr,80,0,penalty,ils,80,800000,-33272,True,19,-33171,,800000
knapsack,mstr,80,0,penalty,ils,80,800000,-33272,True,20,-33169,,800000
knapsack,mstr,80,0,penalty,ils,80,800000,-33272,True,21,-33170,,800000
knapsack,mstr,80,0,penalty,ils,80,800000,-33272,True,22,-33269,,800000
knapsack,mstr,80,0,penalty,ils,80,800000,-33272,True,23,-33163,,800000
knapsack,mstr,80,0,penalty,ils,80,800000,-33272,True,24,-33269,,800000
knapsack,mstr,80,0,penalty,ils,80,800000,-33272,True,25,-33256,,800000
knapsack,mstr,80,0,penalty,ils,80,800000,-33272,True,26,-33170,,800000
knapsack,mstr,80,0,penalty,ils,80,800000,-33272,True,27,-33172,,800000
knapsack,mstr,80,0,penalty,ils,80,800000,-33272,True,28,-33172,,800000
knapsack,mstr,80,0,penalty,ils,80,800000,-33272,True,29,-33255,,800000
knapsack,mstr,80,0,penalty,ils,80,800000,-33272,True,30,-33253,,800000
knapsack,mstr,80,0,penalty,mga,80,800000,-33272,True,0,-33172,,800000
knapsack,mstr,80,0,penalty,mga,80,800000,-33272,True,1,-33172,,800000
knapsack,mstr,80,0,penalty,mga,80,800000,-33272,True,2,-33171,,800000
knapsack,mstr,80,0,penalty,mga,80,800000,-33272,True,3,-33171,,800000
knapsack,mstr,80,0,penalty,mga,80,800000,-33272,True,4,-33168,,800000
knapsack,mstr,80,0,penalty,mga,80,800000,-33272,True,5,-33165,,800000
knapsack,mstr,80,0,penalty,mga,80,800000,-33272,True,6,-33170,,800000
knapsack,mstr,80,0,penalty,mga,80,800000,-33272,True,7,-33245,,800000
knapsack,mstr,80,0,penalty,mga,80,800000,-33272,True,8,-33169,,800000
knapsack,mstr,80,0,penalty,mga,80,800000,-33272,True,9,-33166,,800000
knapsack,mstr,80,0,penalty,mga,80,800000,-33272,True,10,-33264,,800000
knapsack,mstr,80,0,penalty,mga,80,800000,-33272,True,11,-33169,,800000
knapsack,mstr,80,0,penalty,mga,80,800000,-33272,True,12,-33070,,800000
knapsack,mstr,80,0,penalty,mga,80,800000,-33272,True,13,-33169,,800000
knapsack,mstr,80,0,penalty,mga,80,800000,-33272,True,14,-33171,,800000
knapsack,mstr,80,0,penalty,mga,80,800000,-33272,True,15,-33269,,800000
knapsack,mstr,80,0,penalty,mga,80,800000,-33272,True,16,-33170,,800000
knapsack,mstr,80,0,penalty,mga,80,800000,-33272,True,17,-33255,,800000
knapsack,mstr,80,0,penalty,mga,80,800000,-33272,True,18,-33269,,800000
knapsack,mstr,80,0,penalty,mga,80,800000,-33272,True,19,-33172,,800000
knapsack,mstr,80,0,penalty,mga,80,800000,-33272,True,20,-33172,,800000
knapsack,mstr,80,0,penalty,mga,80,800000,-33272,True,21,-33070,,800000
knapsack,mstr,80,0,penalty,mga,80,800000,-33272,True,22,-33253,,800000
knapsack,mstr,80,0,penalty,mga,80,800000,-33272,True,23,-33265,,800000
knapsack,mstr,80,0,penalty,mga,80,800000,-33272,True,24,-33071,,800000
knapsack,mstr,80,0,penalty,mga,80,800000,-33272,True,25,-33255,,800000
knapsack,mstr,80,0,penalty,mga,80,800000,-33272,True,26,-33269,,800000
knapsack,mstr,80,0,penalty,mga,80,800000,-33272,True,27,-33170,,800000
knapsack,mstr,80,0,penalty,mga,80,800000,-33272,True,28,-33171,,800000
knapsack,mstr,80,0,penalty,mga,80,800000,-33272,True,29,-33169,,800000
knapsack,mstr,80,0,penalty,mga,80,800000,-33272,True,30,-33264,,800000
knapsack,strongly,120,1,repair,mga,120,1200000,-39579,True,0,-39579,405468,405468
knapsack,strongly,120,1,repair,mga,120,1200000,-39579,True,1,-39578,,1200000
knapsack,strongly,120,1,repair,mga,120,1200000,-39579,True,2,-39579,648121,648121
knapsack,strongly,120,1,repair,mga,120,1200000,-39579,True,3,-39579,20611,20611
knapsack,strongly,120,1,repair,mga,120,1200000,-39579,True,4,-39579,592196,592196
knapsack,strongly,120,1,repair,mga,120,1200000,-39579,True,5,-39579,59883,59883
knapsack,strongly,120,1,repair,mga,120,1200000,-39579,True,6,-39579,818032,818032
knapsack,strongly,120,1,repair,mga,120,1200000,-39579,True,7,-39579,192863,192863
knapsack,strongly,120,1,repair,mga,120,1200000,-39579,True,8,-39578,,1200000
knapsack,strongly,120,1,repair,mga,120,1200000,-39579,True,9,-39579,1135149,1135149
knapsack,strongly,120,1,repair,mga,120,1200000,-39579,True,10,-39579,22665,22665
knapsack,strongly,120,1,repair,mga,120,1200000,-39579,True,11,-39579,12604,12604
knapsack,strongly,120,1,repair,mga,120,1200000,-39579,True,12,-39479,,1200000
knapsack,strongly,120,1,repair,mga,120,1200000,-39579,True,13,-39578,,1200000
knapsack,strongly,120,1,repair,mga,120,1200000,-39579,True,14,-39479,,1200000
knapsack,strongly,120,1,repair,mga,120,1200000,-39579,True,15,-39579,146441,146441
knapsack,strongly,120,1,repair,mga,120,1200000,-39579,True,16,-39479,,1200000
knapsack,strongly,120,1,repair,mga,120,1200000,-39579,True,17,-39579,83692,83692
knapsack,strongly,120,1,repair,mga,120,1200000,-39579,True,18,-39478,,1200000
knapsack,strongly,120,1,repair,mga,120,1200000,-39579,True,19,-39579,2526,2526
knapsack,strongly,120,1,repair,mga,120,1200000,-39579,True,20,-39579,530658,530658
knapsack,strongly,120,1,repair,mga,120,1200000,-39579,True,21,-39479,,1200000
knapsack,strongly,120,1,repair,mga,120,1200000,-39579,True,22,-39578,,1200000
knapsack,strongly,120,1,repair,mga,120,1200000,-39579,True,23,-39579,108826,108826
knapsack,strongly,120,1,repair,mga,120,1200000,-39579,True,24,-39579,13450,13450
knapsack,strongly,120,1,repair,mga,120,1200000,-39579,True,25,-39579,1166205,1166205
knapsack,strongly,120,1,repair,mga,120,1200000,-39579,True,26,-39579,856288,856288
knapsack,strongly,120,1,repair,mga,120,1200000,-39579,True,27,-39579,1200,1200
knapsack,strongly,120,1,repair,mga,120,1200000,-39579,True,28,-39479,,1200000
knapsack,strongly,120,1,repair,mga,120,1200000,-39579,True,29,-39579,1297,1297
knapsack,strongly,120,1,repair,mga,120,1200000,-39579,True,30,-39479,,1200000
knapsack,mstr,50,2,repair,mga,50,500000,-19746,True,0,-19746,45429,45429
knapsack,mstr,50,2,repair,mga,50,500000,-19746,True,1,-19745,,500000
knapsack,mstr,50,2,repair,mga,50,500000,-19746,True,2,-19746,418351,418351
knapsack,mstr,50,2,repair,mga,50,500000,-19746,True,3,-19743,,500000
knapsack,mstr,50,2,repair,mga,50,500000,-19746,True,4,-19742,,500000
knapsack,mstr,50,2,repair,mga,50,500000,-19746,True,5,-19745,,500000
knapsack,mstr,50,2,repair,mga,50,500000,-19746,True,6,-19746,66830,66830
knapsack,mstr,50,2,repair,mga,50,500000,-19746,True,7,-19746,5795,5795
knapsack,mstr,50,2,repair,mga,50,500000,-19746,True,8,-19746,36167,36167
knapsack,mstr,50,2,repair,mga,50,500000,-19746,True,9,-19746,3188,3188
knapsack,mstr,50,2,repair,mga,50,500000,-19746,True,10,-19746,624,624
knapsack,mstr,50,2,repair,mga,50,500000,-19746,True,11,-19746,192010,192010
knapsack,mstr,50,2,repair,mga,50,500000,-19746,True,12,-19746,29395,29395
knapsack,mstr,50,2,repair,mga,50,500000,-19746,True,13,-19746,5870,5870
knapsack,mstr,50,2,repair,mga,50,500000,-19746,True,14,-19746,242870,242870
knapsack,mstr,50,2,repair,mga,50,500000,-19746,True,15,-19746,70263,70263
knapsack,mstr,50,2,repair,mga,50,500000,-19746,True,16,-19746,440271,440271
knapsack,mstr,50,2,repair,mga,50,500000,-19746,True,17,-19744,,500000
knapsack,mstr,50,2,repair,mga,50,500000,-19746,True,18,-19746,2217,2217
knapsack,mstr,50,2,repair,mga,50,500000,-19746,True,19,-19746,4994,4994
knapsack,mstr,50,2,repair,mga,50,500000,-19746,True,20,-19746,830,830
knapsack,mstr,50,2,repair,mga,50,500000,-19746,True,21,-19745,,500000
knapsack,mstr,50,2,repair,mga,50,500000,-19746,True,22,-19743,,500000
knapsack,mstr,50,2,repair,mga,50,500000,-19746,True,23,-19746,212845,212845
knapsack,mstr,50,2,repair,mga,50,500000,-19746,True,24,-19745,,500000
knapsack,mstr,50,2,repair,mga,50,500000,-19746,True,25,-19746,209439,209439
knapsack,mstr,50,2,repair,mga,50,500000,-19746,True,26,-19743,,500000
knapsack,mstr,50,2,repair,mga,50,500000,-19746,True,27,-19743,,500000
knapsack,mstr,50,2,repair,mga,50,500000,-19746,True,28,-19746,15439,15439
knapsack,mstr,50,2,repair,mga,50,500000,-19746,True,29,-19746,40960,40960
knapsack,mstr,50,2,repair,mga,50,500000,-19746,True,30,-19746,842,842
knapsack,mstr,50,1,repair,mga,50,500000,-20476,True,0,-20463,,500000
knapsack,mstr,50,1,repair,mga,50,500000,-20476,True,1,-20463,,500000
knapsack,mstr,50,1,repair,mga,50,500000,-20476,True,2,-20463,,500000
knapsack,mstr,50,1,repair,mga,50,500000,-20476,True,3,-20463,,500000
knapsack,mstr,50,1,repair,mga,50,500000,-20476,True,4,-20463,,500000
knapsack,mstr,50,1,repair,mga,50,500000,-20476,True,5,-20474,,500000
knapsack,mstr,50,1,repair,mga,50,500000,-20476,True,6,-20463,,500000
knapsack,mstr,50,1,repair,mga,50,500000,-20476,True,7,-20463,,500000
knapsack,mstr,50,1,repair,mga,50,500000,-20476,True,8,-20463,,500000
knapsack,mstr,50,1,repair,mga,50,500000,-20476,True,9,-20463,,500000
knapsack,mstr,50,1,repair,mga,50,500000,-20476,True,10,-20476,5278,5278
knapsack,mstr,50,1,repair,mga,50,500000,-20476,True,11,-20463,,500000
knapsack,mstr,50,1,repair,mga,50,500000,-20476,True,12,-20463,,500000
knapsack,mstr,50,1,repair,mga,50,500000,-20476,True,13,-20463,,500000
knapsack,mstr,50,1,repair,mga,50,500000,-20476,True,14,-20474,,500000
knapsack,mstr,50,1,repair,mga,50,500000,-20476,True,15,-20463,,500000
knapsack,mstr,50,1,repair,mga,50,500000,-20476,True,16,-20463,,500000
knapsack,mstr,50,1,repair,mga,50,500000,-20476,True,17,-20463,,500000
knapsack,mstr,50,1,repair,mga,50,500000,-20476,True,18,-20476,694,694
knapsack,mstr,50,1,repair,mga,50,500000,-20476,True,19,-20463,,500000
knapsack,mstr,50,1,repair,mga,50,500000,-20476,True,20,-20463,,500000
knapsack,mstr,50,1,repair,mga,50,500000,-20476,True,21,-20463,,500000
knapsack,mstr,50,1,repair,mga,50,500000,-20476,True,22,-20463,,500000
knapsack,mstr,50,1,repair,mga,50,500000,-20476,True,23,-20463,,500000
knapsack,mstr,50,1,repair,mga,50,500000,-20476,True,24,-20476,1224,1224
knapsack,mstr,50,1,repair,mga,50,500000,-20476,True,25,-20474,,500000
knapsack,mstr,50,1,repair,mga,50,500000,-20476,True,26,-20463,,500000
knapsack,mstr,50,1,repair,mga,50,500000,-20476,True,27,-20474,,500000
knapsack,mstr,50,1,repair,mga,50,500000,-20476,True,28,-20474,,500000
knapsack,mstr,50,1,repair,mga,50,500000,-20476,True,29,-20463,,500000
knapsack,mstr,50,1,repair,mga,50,500000,-20476,True,30,-20474,,500000
knapsack,mstr,80,1,penalty,floor,80,800000,-32076,True,0,-30373,,800000
knapsack,mstr,80,1,penalty,floor,80,800000,-32076,True,1,-30453,,800000
knapsack,mstr,80,1,penalty,floor,80,800000,-32076,True,2,-30377,,800000
knapsack,mstr,80,1,penalty,floor,80,800000,-32076,True,3,-30777,,800000
knapsack,mstr,80,1,penalty,floor,80,800000,-32076,True,4,-30266,,800000
knapsack,mstr,80,1,penalty,floor,80,800000,-32076,True,5,-30176,,800000
knapsack,mstr,80,1,penalty,floor,80,800000,-32076,True,6,-30373,,800000
knapsack,mstr,80,1,penalty,floor,80,800000,-32076,True,7,-30375,,800000
knapsack,mstr,80,1,penalty,floor,80,800000,-32076,True,8,-30375,,800000
knapsack,mstr,80,1,penalty,floor,80,800000,-32076,True,9,-30330,,800000
knapsack,mstr,80,1,penalty,floor,80,800000,-32076,True,10,-30358,,800000
knapsack,mstr,80,1,penalty,floor,80,800000,-32076,True,11,-30178,,800000
knapsack,mstr,80,1,penalty,floor,80,800000,-32076,True,12,-30279,,800000
knapsack,mstr,80,1,penalty,floor,80,800000,-32076,True,13,-30462,,800000
knapsack,mstr,80,1,penalty,floor,80,800000,-32076,True,14,-30551,,800000
knapsack,mstr,80,1,penalty,floor,80,800000,-32076,True,15,-30675,,800000
knapsack,mstr,80,1,penalty,floor,80,800000,-32076,True,16,-30730,,800000
knapsack,mstr,80,1,penalty,floor,80,800000,-32076,True,17,-30364,,800000
knapsack,mstr,80,1,penalty,floor,80,800000,-32076,True,18,-30421,,800000
knapsack,mstr,80,1,penalty,floor,80,800000,-32076,True,19,-30250,,800000
knapsack,mstr,80,1,penalty,floor,80,800000,-32076,True,20,-30421,,800000
knapsack,mstr,80,1,penalty,floor,80,800000,-32076,True,21,-30479,,800000
knapsack,mstr,80,1,penalty,floor,80,800000,-32076,True,22,-30174,,800000
knapsack,mstr,80,1,penalty,floor,80,800000,-32076,True,23,-30348,,800000
knapsack,mstr,80,1,penalty,floor,80,800000,-32076,True,24,-30279,,800000
knapsack,mstr,80,1,penalty,floor,80,800000,-32076,True,25,-30254,,800000
knapsack,mstr,80,1,penalty,floor,80,800000,-32076,True,26,-30176,,800000
knapsack,mstr,80,1,penalty,floor,80,800000,-32076,True,27,-30243,,800000
knapsack,mstr,80,1,penalty,floor,80,800000,-32076,True,28,-30243,,800000
knapsack,mstr,80,1,penalty,floor,80,800000,-32076,True,29,-30671,,800000
knapsack,mstr,80,1,penalty,floor,80,800000,-32076,True,30,-30378,,800000
knapsack,mstr,80,1,penalty,ils,80,800000,-32076,True,0,-31876,,800000
knapsack,mstr,80,1,penalty,ils,80,800000,-32076,True,1,-31979,,800000
knapsack,mstr,80,1,penalty,ils,80,800000,-32076,True,2,-31871,,800000
knapsack,mstr,80,1,penalty,ils,80,800000,-32076,True,3,-31977,,800000
knapsack,mstr,80,1,penalty,ils,80,800000,-32076,True,4,-31979,,800000
knapsack,mstr,80,1,penalty,ils,80,800000,-32076,True,5,-31973,,800000
knapsack,mstr,80,1,penalty,ils,80,800000,-32076,True,6,-31976,,800000
knapsack,mstr,80,1,penalty,ils,80,800000,-32076,True,7,-31979,,800000
knapsack,mstr,80,1,penalty,ils,80,800000,-32076,True,8,-31779,,800000
knapsack,mstr,80,1,penalty,ils,80,800000,-32076,True,9,-31979,,800000
knapsack,mstr,80,1,penalty,ils,80,800000,-32076,True,10,-31778,,800000
knapsack,mstr,80,1,penalty,ils,80,800000,-32076,True,11,-31879,,800000
knapsack,mstr,80,1,penalty,ils,80,800000,-32076,True,12,-31879,,800000
knapsack,mstr,80,1,penalty,ils,80,800000,-32076,True,13,-31976,,800000
knapsack,mstr,80,1,penalty,ils,80,800000,-32076,True,14,-31979,,800000
knapsack,mstr,80,1,penalty,ils,80,800000,-32076,True,15,-31878,,800000
knapsack,mstr,80,1,penalty,ils,80,800000,-32076,True,16,-31979,,800000
knapsack,mstr,80,1,penalty,ils,80,800000,-32076,True,17,-31979,,800000
knapsack,mstr,80,1,penalty,ils,80,800000,-32076,True,18,-31878,,800000
knapsack,mstr,80,1,penalty,ils,80,800000,-32076,True,19,-31879,,800000
knapsack,mstr,80,1,penalty,ils,80,800000,-32076,True,20,-31879,,800000
knapsack,mstr,80,1,penalty,ils,80,800000,-32076,True,21,-31976,,800000
knapsack,mstr,80,1,penalty,ils,80,800000,-32076,True,22,-31977,,800000
knapsack,mstr,80,1,penalty,ils,80,800000,-32076,True,23,-31879,,800000
knapsack,mstr,80,1,penalty,ils,80,800000,-32076,True,24,-31974,,800000
knapsack,mstr,80,1,penalty,ils,80,800000,-32076,True,25,-31779,,800000
knapsack,mstr,80,1,penalty,ils,80,800000,-32076,True,26,-31879,,800000
knapsack,mstr,80,1,penalty,ils,80,800000,-32076,True,27,-31879,,800000
knapsack,mstr,80,1,penalty,ils,80,800000,-32076,True,28,-31979,,800000
knapsack,mstr,80,1,penalty,ils,80,800000,-32076,True,29,-31978,,800000
knapsack,mstr,80,1,penalty,ils,80,800000,-32076,True,30,-31879,,800000
knapsack,mstr,80,1,penalty,mga,80,800000,-32076,True,0,-31979,,800000
knapsack,mstr,80,1,penalty,mga,80,800000,-32076,True,1,-31779,,800000
knapsack,mstr,80,1,penalty,mga,80,800000,-32076,True,2,-31879,,800000
knapsack,mstr,80,1,penalty,mga,80,800000,-32076,True,3,-31879,,800000
knapsack,mstr,80,1,penalty,mga,80,800000,-32076,True,4,-31779,,800000
knapsack,mstr,80,1,penalty,mga,80,800000,-32076,True,5,-31879,,800000
knapsack,mstr,80,1,penalty,mga,80,800000,-32076,True,6,-31778,,800000
knapsack,mstr,80,1,penalty,mga,80,800000,-32076,True,7,-31778,,800000
knapsack,mstr,80,1,penalty,mga,80,800000,-32076,True,8,-31778,,800000
knapsack,mstr,80,1,penalty,mga,80,800000,-32076,True,9,-31979,,800000
knapsack,mstr,80,1,penalty,mga,80,800000,-32076,True,10,-31878,,800000
knapsack,mstr,80,1,penalty,mga,80,800000,-32076,True,11,-31779,,800000
knapsack,mstr,80,1,penalty,mga,80,800000,-32076,True,12,-31779,,800000
knapsack,mstr,80,1,penalty,mga,80,800000,-32076,True,13,-31879,,800000
knapsack,mstr,80,1,penalty,mga,80,800000,-32076,True,14,-31977,,800000
knapsack,mstr,80,1,penalty,mga,80,800000,-32076,True,15,-31877,,800000
knapsack,mstr,80,1,penalty,mga,80,800000,-32076,True,16,-31976,,800000
knapsack,mstr,80,1,penalty,mga,80,800000,-32076,True,17,-31877,,800000
knapsack,mstr,80,1,penalty,mga,80,800000,-32076,True,18,-31878,,800000
knapsack,mstr,80,1,penalty,mga,80,800000,-32076,True,19,-31778,,800000
knapsack,mstr,80,1,penalty,mga,80,800000,-32076,True,20,-31779,,800000
knapsack,mstr,80,1,penalty,mga,80,800000,-32076,True,21,-31779,,800000
knapsack,mstr,80,1,penalty,mga,80,800000,-32076,True,22,-31879,,800000
knapsack,mstr,80,1,penalty,mga,80,800000,-32076,True,23,-31879,,800000
knapsack,mstr,80,1,penalty,mga,80,800000,-32076,True,24,-31778,,800000
knapsack,mstr,80,1,penalty,mga,80,800000,-32076,True,25,-31879,,800000
knapsack,mstr,80,1,penalty,mga,80,800000,-32076,True,26,-31879,,800000
knapsack,mstr,80,1,penalty,mga,80,800000,-32076,True,27,-31879,,800000
knapsack,mstr,80,1,penalty,mga,80,800000,-32076,True,28,-31878,,800000
knapsack,mstr,80,1,penalty,mga,80,800000,-32076,True,29,-31779,,800000
knapsack,mstr,80,1,penalty,mga,80,800000,-32076,True,30,-31879,,800000
knapsack,strongly,120,2,repair,mga,120,1200000,-39245,True,0,-39245,152961,152961
knapsack,strongly,120,2,repair,mga,120,1200000,-39245,True,1,-39244,,1200000
knapsack,strongly,120,2,repair,mga,120,1200000,-39245,True,2,-39244,,1200000
knapsack,strongly,120,2,repair,mga,120,1200000,-39245,True,3,-39145,,1200000
knapsack,strongly,120,2,repair,mga,120,1200000,-39245,True,4,-39245,44198,44198
knapsack,strongly,120,2,repair,mga,120,1200000,-39245,True,5,-39245,96781,96781
knapsack,strongly,120,2,repair,mga,120,1200000,-39245,True,6,-39245,16591,16591
knapsack,strongly,120,2,repair,mga,120,1200000,-39245,True,7,-39245,235628,235628
knapsack,strongly,120,2,repair,mga,120,1200000,-39245,True,8,-39145,,1200000
knapsack,strongly,120,2,repair,mga,120,1200000,-39245,True,9,-39245,227903,227903
knapsack,strongly,120,2,repair,mga,120,1200000,-39245,True,10,-39245,71901,71901
knapsack,strongly,120,2,repair,mga,120,1200000,-39245,True,11,-39245,18334,18334
knapsack,strongly,120,2,repair,mga,120,1200000,-39245,True,12,-39245,396475,396475
knapsack,strongly,120,2,repair,mga,120,1200000,-39245,True,13,-39245,1178538,1178538
knapsack,strongly,120,2,repair,mga,120,1200000,-39245,True,14,-39245,1000537,1000537
knapsack,strongly,120,2,repair,mga,120,1200000,-39245,True,15,-39243,,1200000
knapsack,strongly,120,2,repair,mga,120,1200000,-39245,True,16,-39244,,1200000
knapsack,strongly,120,2,repair,mga,120,1200000,-39245,True,17,-39245,1719,1719
knapsack,strongly,120,2,repair,mga,120,1200000,-39245,True,18,-39245,265772,265772
knapsack,strongly,120,2,repair,mga,120,1200000,-39245,True,19,-39245,1819,1819
knapsack,strongly,120,2,repair,mga,120,1200000,-39245,True,20,-39145,,1200000
knapsack,strongly,120,2,repair,mga,120,1200000,-39245,True,21,-39245,36177,36177
knapsack,strongly,120,2,repair,mga,120,1200000,-39245,True,22,-39244,,1200000
knapsack,strongly,120,2,repair,mga,120,1200000,-39245,True,23,-39245,185257,185257
knapsack,strongly,120,2,repair,mga,120,1200000,-39245,True,24,-39245,41798,41798
knapsack,strongly,120,2,repair,mga,120,1200000,-39245,True,25,-39245,108060,108060
knapsack,strongly,120,2,repair,mga,120,1200000,-39245,True,26,-39244,,1200000
knapsack,strongly,120,2,repair,mga,120,1200000,-39245,True,27,-39245,27421,27421
knapsack,strongly,120,2,repair,mga,120,1200000,-39245,True,28,-39242,,1200000
knapsack,strongly,120,2,repair,mga,120,1200000,-39245,True,29,-39245,518330,518330
knapsack,strongly,120,2,repair,mga,120,1200000,-39245,True,30,-39245,35873,35873
knapsack,strongly,120,0,repair,floor,120,1200000,-36951,True,0,-36851,,1200000
knapsack,strongly,120,0,repair,floor,120,1200000,-36951,True,1,-36851,,1200000
knapsack,strongly,120,0,repair,floor,120,1200000,-36951,True,2,-36851,,1200000
knapsack,strongly,120,0,repair,floor,120,1200000,-36951,True,3,-36851,,1200000
knapsack,strongly,120,0,repair,floor,120,1200000,-36951,True,4,-36949,,1200000
knapsack,strongly,120,0,repair,floor,120,1200000,-36951,True,5,-36924,,1200000
knapsack,strongly,120,0,repair,floor,120,1200000,-36951,True,6,-36851,,1200000
knapsack,strongly,120,0,repair,floor,120,1200000,-36951,True,7,-36949,,1200000
knapsack,strongly,120,0,repair,floor,120,1200000,-36951,True,8,-36946,,1200000
knapsack,strongly,120,0,repair,floor,120,1200000,-36951,True,9,-36944,,1200000
knapsack,strongly,120,0,repair,floor,120,1200000,-36951,True,10,-36851,,1200000
knapsack,strongly,120,0,repair,floor,120,1200000,-36951,True,11,-36851,,1200000
knapsack,strongly,120,0,repair,floor,120,1200000,-36951,True,12,-36851,,1200000
knapsack,strongly,120,0,repair,floor,120,1200000,-36951,True,13,-36913,,1200000
knapsack,strongly,120,0,repair,floor,120,1200000,-36951,True,14,-36950,,1200000
knapsack,strongly,120,0,repair,floor,120,1200000,-36951,True,15,-36938,,1200000
knapsack,strongly,120,0,repair,floor,120,1200000,-36951,True,16,-36851,,1200000
knapsack,strongly,120,0,repair,floor,120,1200000,-36951,True,17,-36851,,1200000
knapsack,strongly,120,0,repair,floor,120,1200000,-36951,True,18,-36934,,1200000
knapsack,strongly,120,0,repair,floor,120,1200000,-36951,True,19,-36851,,1200000
knapsack,strongly,120,0,repair,floor,120,1200000,-36951,True,20,-36950,,1200000
knapsack,strongly,120,0,repair,floor,120,1200000,-36951,True,21,-36851,,1200000
knapsack,strongly,120,0,repair,floor,120,1200000,-36951,True,22,-36935,,1200000
knapsack,strongly,120,0,repair,floor,120,1200000,-36951,True,23,-36946,,1200000
knapsack,strongly,120,0,repair,floor,120,1200000,-36951,True,24,-36851,,1200000
knapsack,strongly,120,0,repair,floor,120,1200000,-36951,True,25,-36947,,1200000
knapsack,strongly,120,0,repair,floor,120,1200000,-36951,True,26,-36951,479746,479746
knapsack,strongly,120,0,repair,floor,120,1200000,-36951,True,27,-36851,,1200000
knapsack,strongly,120,0,repair,floor,120,1200000,-36951,True,28,-36851,,1200000
knapsack,strongly,120,0,repair,floor,120,1200000,-36951,True,29,-36851,,1200000
knapsack,strongly,120,0,repair,floor,120,1200000,-36951,True,30,-36851,,1200000
knapsack,mstr,80,1,repair,ils,80,800000,-32076,True,0,-31979,,800000
knapsack,mstr,80,1,repair,ils,80,800000,-32076,True,1,-32076,5467,5467
knapsack,mstr,80,1,repair,ils,80,800000,-32076,True,2,-32076,29348,29348
knapsack,mstr,80,1,repair,ils,80,800000,-32076,True,3,-32076,56188,56188
knapsack,mstr,80,1,repair,ils,80,800000,-32076,True,4,-32076,42781,42781
knapsack,mstr,80,1,repair,ils,80,800000,-32076,True,5,-32076,129917,129917
knapsack,mstr,80,1,repair,ils,80,800000,-32076,True,6,-31979,,800000
knapsack,mstr,80,1,repair,ils,80,800000,-32076,True,7,-31979,,800000
knapsack,mstr,80,1,repair,ils,80,800000,-32076,True,8,-32076,437073,437073
knapsack,mstr,80,1,repair,ils,80,800000,-32076,True,9,-32076,376240,376240
knapsack,mstr,80,1,repair,ils,80,800000,-32076,True,10,-32076,91052,91052
knapsack,mstr,80,1,repair,ils,80,800000,-32076,True,11,-32076,62791,62791
knapsack,mstr,80,1,repair,ils,80,800000,-32076,True,12,-32076,82373,82373
knapsack,mstr,80,1,repair,ils,80,800000,-32076,True,13,-32076,505022,505022
knapsack,mstr,80,1,repair,ils,80,800000,-32076,True,14,-32076,51133,51133
knapsack,mstr,80,1,repair,ils,80,800000,-32076,True,15,-31979,,800000
knapsack,mstr,80,1,repair,ils,80,800000,-32076,True,16,-32076,11400,11400
knapsack,mstr,80,1,repair,ils,80,800000,-32076,True,17,-32076,10438,10438
knapsack,mstr,80,1,repair,ils,80,800000,-32076,True,18,-32076,786501,786501
knapsack,mstr,80,1,repair,ils,80,800000,-32076,True,19,-32076,294716,294716
knapsack,mstr,80,1,repair,ils,80,800000,-32076,True,20,-32076,335304,335304
knapsack,mstr,80,1,repair,ils,80,800000,-32076,True,21,-32076,767046,767046
knapsack,mstr,80,1,repair,ils,80,800000,-32076,True,22,-32076,62654,62654
knapsack,mstr,80,1,repair,ils,80,800000,-32076,True,23,-31979,,800000
knapsack,mstr,80,1,repair,ils,80,800000,-32076,True,24,-32076,101634,101634
knapsack,mstr,80,1,repair,ils,80,800000,-32076,True,25,-32076,25548,25548
knapsack,mstr,80,1,repair,ils,80,800000,-32076,True,26,-32076,84632,84632
knapsack,mstr,80,1,repair,ils,80,800000,-32076,True,27,-32076,9725,9725
knapsack,mstr,80,1,repair,ils,80,800000,-32076,True,28,-32076,429590,429590
knapsack,mstr,80,1,repair,ils,80,800000,-32076,True,29,-31979,,800000
knapsack,mstr,80,1,repair,ils,80,800000,-32076,True,30,-32076,21805,21805
knapsack,mstr,80,2,penalty,floor,80,800000,-32085,True,0,-30183,,800000
knapsack,mstr,80,2,penalty,floor,80,800000,-32085,True,1,-30584,,800000
knapsack,mstr,80,2,penalty,floor,80,800000,-32085,True,2,-30470,,800000
knapsack,mstr,80,2,penalty,floor,80,800000,-32085,True,3,-30171,,800000
knapsack,mstr,80,2,penalty,floor,80,800000,-32085,True,4,-30166,,800000
knapsack,mstr,80,2,penalty,floor,80,800000,-32085,True,5,-29976,,800000
knapsack,mstr,80,2,penalty,floor,80,800000,-32085,True,6,-30435,,800000
knapsack,mstr,80,2,penalty,floor,80,800000,-32085,True,7,-30285,,800000
knapsack,mstr,80,2,penalty,floor,80,800000,-32085,True,8,-30084,,800000
knapsack,mstr,80,2,penalty,floor,80,800000,-32085,True,9,-30254,,800000
knapsack,mstr,80,2,penalty,floor,80,800000,-32085,True,10,-30260,,800000
knapsack,mstr,80,2,penalty,floor,80,800000,-32085,True,11,-30152,,800000
knapsack,mstr,80,2,penalty,floor,80,800000,-32085,True,12,-30481,,800000
knapsack,mstr,80,2,penalty,floor,80,800000,-32085,True,13,-30380,,800000
knapsack,mstr,80,2,penalty,floor,80,800000,-32085,True,14,-30583,,800000
knapsack,mstr,80,2,penalty,floor,80,800000,-32085,True,15,-29984,,800000
knapsack,mstr,80,2,penalty,floor,80,800000,-32085,True,16,-30276,,800000
knapsack,mstr,80,2,penalty,floor,80,800000,-32085,True,17,-30172,,800000
knapsack,mstr,80,2,penalty,floor,80,800000,-32085,True,18,-30284,,800000
knapsack,mstr,80,2,penalty,floor,80,800000,-32085,True,19,-30273,,800000
knapsack,mstr,80,2,penalty,floor,80,800000,-32085,True,20,-30322,,800000
knapsack,mstr,80,2,penalty,floor,80,800000,-32085,True,21,-30345,,800000
knapsack,mstr,80,2,penalty,floor,80,800000,-32085,True,22,-30464,,800000
knapsack,mstr,80,2,penalty,floor,80,800000,-32085,True,23,-30479,,800000
knapsack,mstr,80,2,penalty,floor,80,800000,-32085,True,24,-30284,,800000
knapsack,mstr,80,2,penalty,floor,80,800000,-32085,True,25,-30279,,800000
knapsack,mstr,80,2,penalty,floor,80,800000,-32085,True,26,-30063,,800000
knapsack,mstr,80,2,penalty,floor,80,800000,-32085,True,27,-30383,,800000
knapsack,mstr,80,2,penalty,floor,80,800000,-32085,True,28,-30184,,800000
knapsack,mstr,80,2,penalty,floor,80,800000,-32085,True,29,-30158,,800000
knapsack,mstr,80,2,penalty,floor,80,800000,-32085,True,30,-30373,,800000
knapsack,mstr,80,2,penalty,ils,80,800000,-32085,True,0,-31985,,800000
knapsack,mstr,80,2,penalty,ils,80,800000,-32085,True,1,-31884,,800000
knapsack,mstr,80,2,penalty,ils,80,800000,-32085,True,2,-31885,,800000
knapsack,mstr,80,2,penalty,ils,80,800000,-32085,True,3,-32083,,800000
knapsack,mstr,80,2,penalty,ils,80,800000,-32085,True,4,-31885,,800000
knapsack,mstr,80,2,penalty,ils,80,800000,-32085,True,5,-31885,,800000
knapsack,mstr,80,2,penalty,ils,80,800000,-32085,True,6,-31885,,800000
knapsack,mstr,80,2,penalty,ils,80,800000,-32085,True,7,-31985,,800000
knapsack,mstr,80,2,penalty,ils,80,800000,-32085,True,8,-31983,,800000
knapsack,mstr,80,2,penalty,ils,80,800000,-32085,True,9,-31984,,800000
knapsack,mstr,80,2,penalty,ils,80,800000,-32085,True,10,-31884,,800000
knapsack,mstr,80,2,penalty,ils,80,800000,-32085,True,11,-32085,510812,510812
knapsack,mstr,80,2,penalty,ils,80,800000,-32085,True,12,-31985,,800000
knapsack,mstr,80,2,penalty,ils,80,800000,-32085,True,13,-31885,,800000
knapsack,mstr,80,2,penalty,ils,80,800000,-32085,True,14,-31882,,800000
knapsack,mstr,80,2,penalty,ils,80,800000,-32085,True,15,-32069,,800000
knapsack,mstr,80,2,penalty,ils,80,800000,-32085,True,16,-31985,,800000
knapsack,mstr,80,2,penalty,ils,80,800000,-32085,True,17,-31878,,800000
knapsack,mstr,80,2,penalty,ils,80,800000,-32085,True,18,-31885,,800000
knapsack,mstr,80,2,penalty,ils,80,800000,-32085,True,19,-31885,,800000
knapsack,mstr,80,2,penalty,ils,80,800000,-32085,True,20,-31885,,800000
knapsack,mstr,80,2,penalty,ils,80,800000,-32085,True,21,-31985,,800000
knapsack,mstr,80,2,penalty,ils,80,800000,-32085,True,22,-31983,,800000
knapsack,mstr,80,2,penalty,ils,80,800000,-32085,True,23,-31984,,800000
knapsack,mstr,80,2,penalty,ils,80,800000,-32085,True,24,-32081,,800000
knapsack,mstr,80,2,penalty,ils,80,800000,-32085,True,25,-31984,,800000
knapsack,mstr,80,2,penalty,ils,80,800000,-32085,True,26,-32077,,800000
knapsack,mstr,80,2,penalty,ils,80,800000,-32085,True,27,-31883,,800000
knapsack,mstr,80,2,penalty,ils,80,800000,-32085,True,28,-31884,,800000
knapsack,mstr,80,2,penalty,ils,80,800000,-32085,True,29,-32079,,800000
knapsack,mstr,80,2,penalty,ils,80,800000,-32085,True,30,-31985,,800000
knapsack,mstr,80,2,penalty,mga,80,800000,-32085,True,0,-31885,,800000
knapsack,mstr,80,2,penalty,mga,80,800000,-32085,True,1,-31882,,800000
knapsack,mstr,80,2,penalty,mga,80,800000,-32085,True,2,-31885,,800000
knapsack,mstr,80,2,penalty,mga,80,800000,-32085,True,3,-31884,,800000
knapsack,mstr,80,2,penalty,mga,80,800000,-32085,True,4,-31881,,800000
knapsack,mstr,80,2,penalty,mga,80,800000,-32085,True,5,-31884,,800000
knapsack,mstr,80,2,penalty,mga,80,800000,-32085,True,6,-31885,,800000
knapsack,mstr,80,2,penalty,mga,80,800000,-32085,True,7,-31885,,800000
knapsack,mstr,80,2,penalty,mga,80,800000,-32085,True,8,-31982,,800000
knapsack,mstr,80,2,penalty,mga,80,800000,-32085,True,9,-31981,,800000
knapsack,mstr,80,2,penalty,mga,80,800000,-32085,True,10,-31884,,800000
knapsack,mstr,80,2,penalty,mga,80,800000,-32085,True,11,-32085,710446,710446
knapsack,mstr,80,2,penalty,mga,80,800000,-32085,True,12,-31883,,800000
knapsack,mstr,80,2,penalty,mga,80,800000,-32085,True,13,-31884,,800000
knapsack,mstr,80,2,penalty,mga,80,800000,-32085,True,14,-31983,,800000
knapsack,mstr,80,2,penalty,mga,80,800000,-32085,True,15,-32071,,800000
knapsack,mstr,80,2,penalty,mga,80,800000,-32085,True,16,-31884,,800000
knapsack,mstr,80,2,penalty,mga,80,800000,-32085,True,17,-31884,,800000
knapsack,mstr,80,2,penalty,mga,80,800000,-32085,True,18,-32081,,800000
knapsack,mstr,80,2,penalty,mga,80,800000,-32085,True,19,-31684,,800000
knapsack,mstr,80,2,penalty,mga,80,800000,-32085,True,20,-32079,,800000
knapsack,mstr,80,2,penalty,mga,80,800000,-32085,True,21,-31684,,800000
knapsack,mstr,80,2,penalty,mga,80,800000,-32085,True,22,-31885,,800000
knapsack,mstr,80,2,penalty,mga,80,800000,-32085,True,23,-31881,,800000
knapsack,mstr,80,2,penalty,mga,80,800000,-32085,True,24,-31784,,800000
knapsack,mstr,80,2,penalty,mga,80,800000,-32085,True,25,-31784,,800000
knapsack,mstr,80,2,penalty,mga,80,800000,-32085,True,26,-31685,,800000
knapsack,mstr,80,2,penalty,mga,80,800000,-32085,True,27,-31884,,800000
knapsack,mstr,80,2,penalty,mga,80,800000,-32085,True,28,-31884,,800000
knapsack,mstr,80,2,penalty,mga,80,800000,-32085,True,29,-31883,,800000
knapsack,mstr,80,2,penalty,mga,80,800000,-32085,True,30,-31779,,800000
knapsack,strongly,120,1,repair,floor,120,1200000,-39579,True,0,-39477,,1200000
knapsack,strongly,120,1,repair,floor,120,1200000,-39579,True,1,-39479,,1200000
knapsack,strongly,120,1,repair,floor,120,1200000,-39579,True,2,-39479,,1200000
knapsack,strongly,120,1,repair,floor,120,1200000,-39579,True,3,-39473,,1200000
knapsack,strongly,120,1,repair,floor,120,1200000,-39579,True,4,-39478,,1200000
knapsack,strongly,120,1,repair,floor,120,1200000,-39579,True,5,-39473,,1200000
knapsack,strongly,120,1,repair,floor,120,1200000,-39579,True,6,-39479,,1200000
knapsack,strongly,120,1,repair,floor,120,1200000,-39579,True,7,-39476,,1200000
knapsack,strongly,120,1,repair,floor,120,1200000,-39579,True,8,-39479,,1200000
knapsack,strongly,120,1,repair,floor,120,1200000,-39579,True,9,-39472,,1200000
knapsack,strongly,120,1,repair,floor,120,1200000,-39579,True,10,-39549,,1200000
knapsack,strongly,120,1,repair,floor,120,1200000,-39579,True,11,-39478,,1200000
knapsack,strongly,120,1,repair,floor,120,1200000,-39579,True,12,-39470,,1200000
knapsack,strongly,120,1,repair,floor,120,1200000,-39579,True,13,-39478,,1200000
knapsack,strongly,120,1,repair,floor,120,1200000,-39579,True,14,-39479,,1200000
knapsack,strongly,120,1,repair,floor,120,1200000,-39579,True,15,-39476,,1200000
knapsack,strongly,120,1,repair,floor,120,1200000,-39579,True,16,-39478,,1200000
knapsack,strongly,120,1,repair,floor,120,1200000,-39579,True,17,-39479,,1200000
knapsack,strongly,120,1,repair,floor,120,1200000,-39579,True,18,-39476,,1200000
knapsack,strongly,120,1,repair,floor,120,1200000,-39579,True,19,-39471,,1200000
knapsack,strongly,120,1,repair,floor,120,1200000,-39579,True,20,-39477,,1200000
knapsack,strongly,120,1,repair,floor,120,1200000,-39579,True,21,-39478,,1200000
knapsack,strongly,120,1,repair,floor,120,1200000,-39579,True,22,-39479,,1200000
knapsack,strongly,120,1,repair,floor,120,1200000,-39579,True,23,-39474,,1200000
knapsack,strongly,120,1,repair,floor,120,1200000,-39579,True,24,-39479,,1200000
knapsack,strongly,120,1,repair,floor,120,1200000,-39579,True,25,-39479,,1200000
knapsack,strongly,120,1,repair,floor,120,1200000,-39579,True,26,-39475,,1200000
knapsack,strongly,120,1,repair,floor,120,1200000,-39579,True,27,-39477,,1200000
knapsack,strongly,120,1,repair,floor,120,1200000,-39579,True,28,-39478,,1200000
knapsack,strongly,120,1,repair,floor,120,1200000,-39579,True,29,-39479,,1200000
knapsack,strongly,120,1,repair,floor,120,1200000,-39579,True,30,-39478,,1200000
knapsack,mstr,80,0,repair,ils,80,800000,-33272,True,0,-33272,25943,25943
knapsack,mstr,80,0,repair,ils,80,800000,-33272,True,1,-33272,182845,182845
knapsack,mstr,80,0,repair,ils,80,800000,-33272,True,2,-33267,,800000
knapsack,mstr,80,0,repair,ils,80,800000,-33272,True,3,-33267,,800000
knapsack,mstr,80,0,repair,ils,80,800000,-33272,True,4,-33267,,800000
knapsack,mstr,80,0,repair,ils,80,800000,-33272,True,5,-33267,,800000
knapsack,mstr,80,0,repair,ils,80,800000,-33272,True,6,-33267,,800000
knapsack,mstr,80,0,repair,ils,80,800000,-33272,True,7,-33269,,800000
knapsack,mstr,80,0,repair,ils,80,800000,-33272,True,8,-33267,,800000
knapsack,mstr,80,0,repair,ils,80,800000,-33272,True,9,-33272,38636,38636
knapsack,mstr,80,0,repair,ils,80,800000,-33272,True,10,-33269,,800000
knapsack,mstr,80,0,repair,ils,80,800000,-33272,True,11,-33263,,800000
knapsack,mstr,80,0,repair,ils,80,800000,-33272,True,12,-33269,,800000
knapsack,mstr,80,0,repair,ils,80,800000,-33272,True,13,-33272,627924,627924
knapsack,mstr,80,0,repair,ils,80,800000,-33272,True,14,-33267,,800000
knapsack,mstr,80,0,repair,ils,80,800000,-33272,True,15,-33267,,800000
knapsack,mstr,80,0,repair,ils,80,800000,-33272,True,16,-33272,380267,380267
knapsack,mstr,80,0,repair,ils,80,800000,-33272,True,17,-33267,,800000
knapsack,mstr,80,0,repair,ils,80,800000,-33272,True,18,-33267,,800000
knapsack,mstr,80,0,repair,ils,80,800000,-33272,True,19,-33260,,800000
knapsack,mstr,80,0,repair,ils,80,800000,-33272,True,20,-33269,,800000
knapsack,mstr,80,0,repair,ils,80,800000,-33272,True,21,-33267,,800000
knapsack,mstr,80,0,repair,ils,80,800000,-33272,True,22,-33269,,800000
knapsack,mstr,80,0,repair,ils,80,800000,-33272,True,23,-33272,161874,161874
knapsack,mstr,80,0,repair,ils,80,800000,-33272,True,24,-33269,,800000
knapsack,mstr,80,0,repair,ils,80,800000,-33272,True,25,-33267,,800000
knapsack,mstr,80,0,repair,ils,80,800000,-33272,True,26,-33272,14063,14063
knapsack,mstr,80,0,repair,ils,80,800000,-33272,True,27,-33269,,800000
knapsack,mstr,80,0,repair,ils,80,800000,-33272,True,28,-33269,,800000
knapsack,mstr,80,0,repair,ils,80,800000,-33272,True,29,-33269,,800000
knapsack,mstr,80,0,repair,ils,80,800000,-33272,True,30,-33269,,800000
knapsack,mstr,80,0,repair,floor,80,800000,-33272,True,0,-33269,,800000
knapsack,mstr,80,0,repair,floor,80,800000,-33272,True,1,-33269,,800000
knapsack,mstr,80,0,repair,floor,80,800000,-33272,True,2,-33272,412954,412954
knapsack,mstr,80,0,repair,floor,80,800000,-33272,True,3,-33267,,800000
knapsack,mstr,80,0,repair,floor,80,800000,-33272,True,4,-33271,,800000
knapsack,mstr,80,0,repair,floor,80,800000,-33272,True,5,-33269,,800000
knapsack,mstr,80,0,repair,floor,80,800000,-33272,True,6,-33271,,800000
knapsack,mstr,80,0,repair,floor,80,800000,-33272,True,7,-33269,,800000
knapsack,mstr,80,0,repair,floor,80,800000,-33272,True,8,-33269,,800000
knapsack,mstr,80,0,repair,floor,80,800000,-33272,True,9,-33267,,800000
knapsack,mstr,80,0,repair,floor,80,800000,-33272,True,10,-33269,,800000
knapsack,mstr,80,0,repair,floor,80,800000,-33272,True,11,-33267,,800000
knapsack,mstr,80,0,repair,floor,80,800000,-33272,True,12,-33272,316831,316831
knapsack,mstr,80,0,repair,floor,80,800000,-33272,True,13,-33272,678994,678994
knapsack,mstr,80,0,repair,floor,80,800000,-33272,True,14,-33267,,800000
knapsack,mstr,80,0,repair,floor,80,800000,-33272,True,15,-33269,,800000
knapsack,mstr,80,0,repair,floor,80,800000,-33272,True,16,-33266,,800000
knapsack,mstr,80,0,repair,floor,80,800000,-33272,True,17,-33263,,800000
knapsack,mstr,80,0,repair,floor,80,800000,-33272,True,18,-33269,,800000
knapsack,mstr,80,0,repair,floor,80,800000,-33272,True,19,-33269,,800000
knapsack,mstr,80,0,repair,floor,80,800000,-33272,True,20,-33269,,800000
knapsack,mstr,80,0,repair,floor,80,800000,-33272,True,21,-33272,79997,79997
knapsack,mstr,80,0,repair,floor,80,800000,-33272,True,22,-33272,598577,598577
knapsack,mstr,80,0,repair,floor,80,800000,-33272,True,23,-33272,324293,324293
knapsack,mstr,80,0,repair,floor,80,800000,-33272,True,24,-33269,,800000
knapsack,mstr,80,0,repair,floor,80,800000,-33272,True,25,-33269,,800000
knapsack,mstr,80,0,repair,floor,80,800000,-33272,True,26,-33269,,800000
knapsack,mstr,80,0,repair,floor,80,800000,-33272,True,27,-33271,,800000
knapsack,mstr,80,0,repair,floor,80,800000,-33272,True,28,-33267,,800000
knapsack,mstr,80,0,repair,floor,80,800000,-33272,True,29,-33270,,800000
knapsack,mstr,80,0,repair,floor,80,800000,-33272,True,30,-33272,299446,299446
knapsack,mstr,120,0,penalty,floor,120,1200000,-47488,True,0,-44379,,1200000
knapsack,mstr,120,0,penalty,floor,120,1200000,-47488,True,1,-43972,,1200000
knapsack,mstr,120,0,penalty,floor,120,1200000,-47488,True,2,-44085,,1200000
knapsack,mstr,120,0,penalty,floor,120,1200000,-47488,True,3,-44687,,1200000
knapsack,mstr,120,0,penalty,floor,120,1200000,-47488,True,4,-44187,,1200000
knapsack,mstr,120,0,penalty,floor,120,1200000,-47488,True,5,-43985,,1200000
knapsack,mstr,120,0,penalty,floor,120,1200000,-47488,True,6,-44276,,1200000
knapsack,mstr,120,0,penalty,floor,120,1200000,-47488,True,7,-44084,,1200000
knapsack,mstr,120,0,penalty,floor,120,1200000,-47488,True,8,-44183,,1200000
knapsack,mstr,120,0,penalty,floor,120,1200000,-47488,True,9,-44288,,1200000
knapsack,mstr,120,0,penalty,floor,120,1200000,-47488,True,10,-44183,,1200000
knapsack,mstr,120,0,penalty,floor,120,1200000,-47488,True,11,-44086,,1200000
knapsack,mstr,120,0,penalty,floor,120,1200000,-47488,True,12,-44578,,1200000
knapsack,mstr,120,0,penalty,floor,120,1200000,-47488,True,13,-44385,,1200000
knapsack,mstr,120,0,penalty,floor,120,1200000,-47488,True,14,-43980,,1200000
knapsack,mstr,120,0,penalty,floor,120,1200000,-47488,True,15,-43960,,1200000
knapsack,mstr,120,0,penalty,floor,120,1200000,-47488,True,16,-44177,,1200000
knapsack,mstr,120,0,penalty,floor,120,1200000,-47488,True,17,-43884,,1200000
knapsack,mstr,120,0,penalty,floor,120,1200000,-47488,True,18,-44182,,1200000
knapsack,mstr,120,0,penalty,floor,120,1200000,-47488,True,19,-44486,,1200000
knapsack,mstr,120,0,penalty,floor,120,1200000,-47488,True,20,-44282,,1200000
knapsack,mstr,120,0,penalty,floor,120,1200000,-47488,True,21,-44380,,1200000
knapsack,mstr,120,0,penalty,floor,120,1200000,-47488,True,22,-44183,,1200000
knapsack,mstr,120,0,penalty,floor,120,1200000,-47488,True,23,-44482,,1200000
knapsack,mstr,120,0,penalty,floor,120,1200000,-47488,True,24,-44159,,1200000
knapsack,mstr,120,0,penalty,floor,120,1200000,-47488,True,25,-44067,,1200000
knapsack,mstr,120,0,penalty,floor,120,1200000,-47488,True,26,-44285,,1200000
knapsack,mstr,120,0,penalty,floor,120,1200000,-47488,True,27,-44366,,1200000
knapsack,mstr,120,0,penalty,floor,120,1200000,-47488,True,28,-43984,,1200000
knapsack,mstr,120,0,penalty,floor,120,1200000,-47488,True,29,-43988,,1200000
knapsack,mstr,120,0,penalty,floor,120,1200000,-47488,True,30,-44378,,1200000
knapsack,mstr,120,0,penalty,ils,120,1200000,-47488,True,0,-47388,,1200000
knapsack,mstr,120,0,penalty,ils,120,1200000,-47488,True,1,-47388,,1200000
knapsack,mstr,120,0,penalty,ils,120,1200000,-47488,True,2,-47477,,1200000
knapsack,mstr,120,0,penalty,ils,120,1200000,-47488,True,3,-47288,,1200000
knapsack,mstr,120,0,penalty,ils,120,1200000,-47488,True,4,-47287,,1200000
knapsack,mstr,120,0,penalty,ils,120,1200000,-47488,True,5,-47281,,1200000
knapsack,mstr,120,0,penalty,ils,120,1200000,-47488,True,6,-47288,,1200000
knapsack,mstr,120,0,penalty,ils,120,1200000,-47488,True,7,-47386,,1200000
knapsack,mstr,120,0,penalty,ils,120,1200000,-47488,True,8,-47084,,1200000
knapsack,mstr,120,0,penalty,ils,120,1200000,-47488,True,9,-47388,,1200000
knapsack,mstr,120,0,penalty,ils,120,1200000,-47488,True,10,-47380,,1200000
knapsack,mstr,120,0,penalty,ils,120,1200000,-47488,True,11,-47387,,1200000
knapsack,mstr,120,0,penalty,ils,120,1200000,-47488,True,12,-47288,,1200000
knapsack,mstr,120,0,penalty,ils,120,1200000,-47488,True,13,-47288,,1200000
knapsack,mstr,120,0,penalty,ils,120,1200000,-47488,True,14,-47388,,1200000
knapsack,mstr,120,0,penalty,ils,120,1200000,-47488,True,15,-47386,,1200000
knapsack,mstr,120,0,penalty,ils,120,1200000,-47488,True,16,-47387,,1200000
knapsack,mstr,120,0,penalty,ils,120,1200000,-47488,True,17,-47287,,1200000
knapsack,mstr,120,0,penalty,ils,120,1200000,-47488,True,18,-47388,,1200000
knapsack,mstr,120,0,penalty,ils,120,1200000,-47488,True,19,-47382,,1200000
knapsack,mstr,120,0,penalty,ils,120,1200000,-47488,True,20,-47187,,1200000
knapsack,mstr,120,0,penalty,ils,120,1200000,-47488,True,21,-47477,,1200000
knapsack,mstr,120,0,penalty,ils,120,1200000,-47488,True,22,-47384,,1200000
knapsack,mstr,120,0,penalty,ils,120,1200000,-47488,True,23,-47287,,1200000
knapsack,mstr,120,0,penalty,ils,120,1200000,-47488,True,24,-47288,,1200000
knapsack,mstr,120,0,penalty,ils,120,1200000,-47488,True,25,-47435,,1200000
knapsack,mstr,120,0,penalty,ils,120,1200000,-47488,True,26,-47286,,1200000
knapsack,mstr,120,0,penalty,ils,120,1200000,-47488,True,27,-47283,,1200000
knapsack,mstr,120,0,penalty,ils,120,1200000,-47488,True,28,-47287,,1200000
knapsack,mstr,120,0,penalty,ils,120,1200000,-47488,True,29,-47287,,1200000
knapsack,mstr,120,0,penalty,ils,120,1200000,-47488,True,30,-47287,,1200000
knapsack,mstr,120,0,penalty,mga,120,1200000,-47488,True,0,-46988,,1200000
knapsack,mstr,120,0,penalty,mga,120,1200000,-47488,True,1,-47088,,1200000
knapsack,mstr,120,0,penalty,mga,120,1200000,-47488,True,2,-47388,,1200000
knapsack,mstr,120,0,penalty,mga,120,1200000,-47488,True,3,-47287,,1200000
knapsack,mstr,120,0,penalty,mga,120,1200000,-47488,True,4,-47187,,1200000
knapsack,mstr,120,0,penalty,mga,120,1200000,-47488,True,5,-47185,,1200000
knapsack,mstr,120,0,penalty,mga,120,1200000,-47488,True,6,-47287,,1200000
knapsack,mstr,120,0,penalty,mga,120,1200000,-47488,True,7,-47285,,1200000
knapsack,mstr,120,0,penalty,mga,120,1200000,-47488,True,8,-47384,,1200000
knapsack,mstr,120,0,penalty,mga,120,1200000,-47488,True,9,-47285,,1200000
knapsack,mstr,120,0,penalty,mga,120,1200000,-47488,True,10,-47185,,1200000
knapsack,mstr,120,0,penalty,mga,120,1200000,-47488,True,11,-46988,,1200000
knapsack,mstr,120,0,penalty,mga,120,1200000,-47488,True,12,-47088,,1200000
knapsack,mstr,120,0,penalty,mga,120,1200000,-47488,True,13,-46987,,1200000
knapsack,mstr,120,0,penalty,mga,120,1200000,-47488,True,14,-47188,,1200000
knapsack,mstr,120,0,penalty,mga,120,1200000,-47488,True,15,-47187,,1200000
knapsack,mstr,120,0,penalty,mga,120,1200000,-47488,True,16,-47085,,1200000
knapsack,mstr,120,0,penalty,mga,120,1200000,-47488,True,17,-47188,,1200000
knapsack,mstr,120,0,penalty,mga,120,1200000,-47488,True,18,-47088,,1200000
knapsack,mstr,120,0,penalty,mga,120,1200000,-47488,True,19,-47087,,1200000
knapsack,mstr,120,0,penalty,mga,120,1200000,-47488,True,20,-47187,,1200000
knapsack,mstr,120,0,penalty,mga,120,1200000,-47488,True,21,-47386,,1200000
knapsack,mstr,120,0,penalty,mga,120,1200000,-47488,True,22,-47287,,1200000
knapsack,mstr,120,0,penalty,mga,120,1200000,-47488,True,23,-47088,,1200000
knapsack,mstr,120,0,penalty,mga,120,1200000,-47488,True,24,-47188,,1200000
knapsack,mstr,120,0,penalty,mga,120,1200000,-47488,True,25,-47388,,1200000
knapsack,mstr,120,0,penalty,mga,120,1200000,-47488,True,26,-47287,,1200000
knapsack,mstr,120,0,penalty,mga,120,1200000,-47488,True,27,-47287,,1200000
knapsack,mstr,120,0,penalty,mga,120,1200000,-47488,True,28,-47286,,1200000
knapsack,mstr,120,0,penalty,mga,120,1200000,-47488,True,29,-47286,,1200000
knapsack,mstr,120,0,penalty,mga,120,1200000,-47488,True,30,-47086,,1200000
knapsack,strongly,120,2,repair,floor,120,1200000,-39245,True,0,-39142,,1200000
knapsack,strongly,120,2,repair,floor,120,1200000,-39245,True,1,-39145,,1200000
knapsack,strongly,120,2,repair,floor,120,1200000,-39245,True,2,-39145,,1200000
knapsack,strongly,120,2,repair,floor,120,1200000,-39245,True,3,-39144,,1200000
knapsack,strongly,120,2,repair,floor,120,1200000,-39245,True,4,-39145,,1200000
knapsack,strongly,120,2,repair,floor,120,1200000,-39245,True,5,-39195,,1200000
knapsack,strongly,120,2,repair,floor,120,1200000,-39245,True,6,-39145,,1200000
knapsack,strongly,120,2,repair,floor,120,1200000,-39245,True,7,-39143,,1200000
knapsack,strongly,120,2,repair,floor,120,1200000,-39245,True,8,-39144,,1200000
knapsack,strongly,120,2,repair,floor,120,1200000,-39245,True,9,-39145,,1200000
knapsack,strongly,120,2,repair,floor,120,1200000,-39245,True,10,-39144,,1200000
knapsack,strongly,120,2,repair,floor,120,1200000,-39245,True,11,-39145,,1200000
knapsack,strongly,120,2,repair,floor,120,1200000,-39245,True,12,-39145,,1200000
knapsack,strongly,120,2,repair,floor,120,1200000,-39245,True,13,-39145,,1200000
knapsack,strongly,120,2,repair,floor,120,1200000,-39245,True,14,-39145,,1200000
knapsack,strongly,120,2,repair,floor,120,1200000,-39245,True,15,-39145,,1200000
knapsack,strongly,120,2,repair,floor,120,1200000,-39245,True,16,-39145,,1200000
knapsack,strongly,120,2,repair,floor,120,1200000,-39245,True,17,-39145,,1200000
knapsack,strongly,120,2,repair,floor,120,1200000,-39245,True,18,-39143,,1200000
knapsack,strongly,120,2,repair,floor,120,1200000,-39245,True,19,-39145,,1200000
knapsack,strongly,120,2,repair,floor,120,1200000,-39245,True,20,-39145,,1200000
knapsack,strongly,120,2,repair,floor,120,1200000,-39245,True,21,-39145,,1200000
knapsack,strongly,120,2,repair,floor,120,1200000,-39245,True,22,-39232,,1200000
knapsack,strongly,120,2,repair,floor,120,1200000,-39245,True,23,-39145,,1200000
knapsack,strongly,120,2,repair,floor,120,1200000,-39245,True,24,-39144,,1200000
knapsack,strongly,120,2,repair,floor,120,1200000,-39245,True,25,-39145,,1200000
knapsack,strongly,120,2,repair,floor,120,1200000,-39245,True,26,-39145,,1200000
knapsack,strongly,120,2,repair,floor,120,1200000,-39245,True,27,-39145,,1200000
knapsack,strongly,120,2,repair,floor,120,1200000,-39245,True,28,-39144,,1200000
knapsack,strongly,120,2,repair,floor,120,1200000,-39245,True,29,-39145,,1200000
knapsack,strongly,120,2,repair,floor,120,1200000,-39245,True,30,-39145,,1200000
knapsack,mstr,80,1,repair,floor,80,800000,-32076,True,0,-32076,154563,154563
knapsack,mstr,80,1,repair,floor,80,800000,-32076,True,1,-31979,,800000
knapsack,mstr,80,1,repair,floor,80,800000,-32076,True,2,-32076,548478,548478
knapsack,mstr,80,1,repair,floor,80,800000,-32076,True,3,-31977,,800000
knapsack,mstr,80,1,repair,floor,80,800000,-32076,True,4,-31978,,800000
knapsack,mstr,80,1,repair,floor,80,800000,-32076,True,5,-31978,,800000
knapsack,mstr,80,1,repair,floor,80,800000,-32076,True,6,-31977,,800000
knapsack,mstr,80,1,repair,floor,80,800000,-32076,True,7,-31975,,800000
knapsack,mstr,80,1,repair,floor,80,800000,-32076,True,8,-31978,,800000
knapsack,mstr,80,1,repair,floor,80,800000,-32076,True,9,-32076,670791,670791
knapsack,mstr,80,1,repair,floor,80,800000,-32076,True,10,-32076,312273,312273
knapsack,mstr,80,1,repair,floor,80,800000,-32076,True,11,-31979,,800000
knapsack,mstr,80,1,repair,floor,80,800000,-32076,True,12,-31978,,800000
knapsack,mstr,80,1,repair,floor,80,800000,-32076,True,13,-31979,,800000
knapsack,mstr,80,1,repair,floor,80,800000,-32076,True,14,-31979,,800000
knapsack,mstr,80,1,repair,floor,80,800000,-32076,True,15,-32076,620146,620146
knapsack,mstr,80,1,repair,floor,80,800000,-32076,True,16,-32076,558768,558768
knapsack,mstr,80,1,repair,floor,80,800000,-32076,True,17,-31978,,800000
knapsack,mstr,80,1,repair,floor,80,800000,-32076,True,18,-32076,654822,654822
knapsack,mstr,80,1,repair,floor,80,800000,-32076,True,19,-31979,,800000
knapsack,mstr,80,1,repair,floor,80,800000,-32076,True,20,-32076,268080,268080
knapsack,mstr,80,1,repair,floor,80,800000,-32076,True,21,-32076,698670,698670
knapsack,mstr,80,1,repair,floor,80,800000,-32076,True,22,-31979,,800000
knapsack,mstr,80,1,repair,floor,80,800000,-32076,True,23,-31979,,800000
knapsack,mstr,80,1,repair,floor,80,800000,-32076,True,24,-31979,,800000
knapsack,mstr,80,1,repair,floor,80,800000,-32076,True,25,-32076,438680,438680
knapsack,mstr,80,1,repair,floor,80,800000,-32076,True,26,-32076,574916,574916
knapsack,mstr,80,1,repair,floor,80,800000,-32076,True,27,-31978,,800000
knapsack,mstr,80,1,repair,floor,80,800000,-32076,True,28,-31979,,800000
knapsack,mstr,80,1,repair,floor,80,800000,-32076,True,29,-32076,612680,612680
knapsack,mstr,80,1,repair,floor,80,800000,-32076,True,30,-31979,,800000
knapsack,mstr,80,2,repair,ils,80,800000,-32085,True,0,-32085,84674,84674
knapsack,mstr,80,2,repair,ils,80,800000,-32085,True,1,-32085,679361,679361
knapsack,mstr,80,2,repair,ils,80,800000,-32085,True,2,-32083,,800000
knapsack,mstr,80,2,repair,ils,80,800000,-32085,True,3,-32085,27358,27358
knapsack,mstr,80,2,repair,ils,80,800000,-32085,True,4,-32085,27210,27210
knapsack,mstr,80,2,repair,ils,80,800000,-32085,True,5,-32085,6372,6372
knapsack,mstr,80,2,repair,ils,80,800000,-32085,True,6,-32083,,800000
knapsack,mstr,80,2,repair,ils,80,800000,-32085,True,7,-32085,47515,47515
knapsack,mstr,80,2,repair,ils,80,800000,-32085,True,8,-32083,,800000
knapsack,mstr,80,2,repair,ils,80,800000,-32085,True,9,-32085,13899,13899
knapsack,mstr,80,2,repair,ils,80,800000,-32085,True,10,-32085,236244,236244
knapsack,mstr,80,2,repair,ils,80,800000,-32085,True,11,-32085,253258,253258
knapsack,mstr,80,2,repair,ils,80,800000,-32085,True,12,-32085,15104,15104
knapsack,mstr,80,2,repair,ils,80,800000,-32085,True,13,-32085,82276,82276
knapsack,mstr,80,2,repair,ils,80,800000,-32085,True,14,-32083,,800000
knapsack,mstr,80,2,repair,ils,80,800000,-32085,True,15,-32085,45318,45318
knapsack,mstr,80,2,repair,ils,80,800000,-32085,True,16,-32085,70901,70901
knapsack,mstr,80,2,repair,ils,80,800000,-32085,True,17,-32085,37493,37493
knapsack,mstr,80,2,repair,ils,80,800000,-32085,True,18,-32085,653576,653576
knapsack,mstr,80,2,repair,ils,80,800000,-32085,True,19,-32083,,800000
knapsack,mstr,80,2,repair,ils,80,800000,-32085,True,20,-32083,,800000
knapsack,mstr,80,2,repair,ils,80,800000,-32085,True,21,-32085,84323,84323
knapsack,mstr,80,2,repair,ils,80,800000,-32085,True,22,-32085,22715,22715
knapsack,mstr,80,2,repair,ils,80,800000,-32085,True,23,-32085,483034,483034
knapsack,mstr,80,2,repair,ils,80,800000,-32085,True,24,-32085,178304,178304
knapsack,mstr,80,2,repair,ils,80,800000,-32085,True,25,-32085,163259,163259
knapsack,mstr,80,2,repair,ils,80,800000,-32085,True,26,-32085,653682,653682
knapsack,mstr,80,2,repair,ils,80,800000,-32085,True,27,-32083,,800000
knapsack,mstr,80,2,repair,ils,80,800000,-32085,True,28,-32085,153273,153273
knapsack,mstr,80,2,repair,ils,80,800000,-32085,True,29,-32085,144137,144137
knapsack,mstr,80,2,repair,ils,80,800000,-32085,True,30,-32085,35254,35254
knapsack,mstr,120,1,penalty,floor,120,1200000,-47947,True,0,-44943,,1200000
knapsack,mstr,120,1,penalty,floor,120,1200000,-47947,True,1,-44926,,1200000
knapsack,mstr,120,1,penalty,floor,120,1200000,-47947,True,2,-44842,,1200000
knapsack,mstr,120,1,penalty,floor,120,1200000,-47947,True,3,-44740,,1200000
knapsack,mstr,120,1,penalty,floor,120,1200000,-47947,True,4,-44843,,1200000
knapsack,mstr,120,1,penalty,floor,120,1200000,-47947,True,5,-45338,,1200000
knapsack,mstr,120,1,penalty,floor,120,1200000,-47947,True,6,-45033,,1200000
knapsack,mstr,120,1,penalty,floor,120,1200000,-47947,True,7,-44995,,1200000
knapsack,mstr,120,1,penalty,floor,120,1200000,-47947,True,8,-44728,,1200000
knapsack,mstr,120,1,penalty,floor,120,1200000,-47947,True,9,-44830,,1200000
knapsack,mstr,120,1,penalty,floor,120,1200000,-47947,True,10,-45241,,1200000
knapsack,mstr,120,1,penalty,floor,120,1200000,-47947,True,11,-45232,,1200000
knapsack,mstr,120,1,penalty,floor,120,1200000,-47947,True,12,-45039,,1200000
knapsack,mstr,120,1,penalty,floor,120,1200000,-47947,True,13,-45136,,1200000
knapsack,mstr,120,1,penalty,floor,120,1200000,-47947,True,14,-44644,,1200000
knapsack,mstr,120,1,penalty,floor,120,1200000,-47947,True,15,-44738,,1200000
knapsack,mstr,120,1,penalty,floor,120,1200000,-47947,True,16,-45140,,1200000
knapsack,mstr,120,1,penalty,floor,120,1200000,-47947,True,17,-44842,,1200000
knapsack,mstr,120,1,penalty,floor,120,1200000,-47947,True,18,-45128,,1200000
knapsack,mstr,120,1,penalty,floor,120,1200000,-47947,True,19,-44744,,1200000
knapsack,mstr,120,1,penalty,floor,120,1200000,-47947,True,20,-45027,,1200000
knapsack,mstr,120,1,penalty,floor,120,1200000,-47947,True,21,-45021,,1200000
knapsack,mstr,120,1,penalty,floor,120,1200000,-47947,True,22,-44741,,1200000
knapsack,mstr,120,1,penalty,floor,120,1200000,-47947,True,23,-44834,,1200000
knapsack,mstr,120,1,penalty,floor,120,1200000,-47947,True,24,-44447,,1200000
knapsack,mstr,120,1,penalty,floor,120,1200000,-47947,True,25,-44647,,1200000
knapsack,mstr,120,1,penalty,floor,120,1200000,-47947,True,26,-44833,,1200000
knapsack,mstr,120,1,penalty,floor,120,1200000,-47947,True,27,-44943,,1200000
knapsack,mstr,120,1,penalty,floor,120,1200000,-47947,True,28,-45045,,1200000
knapsack,mstr,120,1,penalty,floor,120,1200000,-47947,True,29,-45438,,1200000
knapsack,mstr,120,1,penalty,floor,120,1200000,-47947,True,30,-44929,,1200000
knapsack,mstr,120,1,penalty,ils,120,1200000,-47947,True,0,-47747,,1200000
knapsack,mstr,120,1,penalty,ils,120,1200000,-47947,True,1,-47547,,1200000
knapsack,mstr,120,1,penalty,ils,120,1200000,-47947,True,2,-47745,,1200000
knapsack,mstr,120,1,penalty,ils,120,1200000,-47947,True,3,-47746,,1200000
knapsack,mstr,120,1,penalty,ils,120,1200000,-47947,True,4,-47647,,1200000
knapsack,mstr,120,1,penalty,ils,120,1200000,-47947,True,5,-47747,,1200000
knapsack,mstr,120,1,penalty,ils,120,1200000,-47947,True,6,-47645,,1200000
knapsack,mstr,120,1,penalty,ils,120,1200000,-47947,True,7,-47847,,1200000
knapsack,mstr,120,1,penalty,ils,120,1200000,-47947,True,8,-47847,,1200000
knapsack,mstr,120,1,penalty,ils,120,1200000,-47947,True,9,-47747,,1200000
knapsack,mstr,120,1,penalty,ils,120,1200000,-47947,True,10,-47847,,1200000
knapsack,mstr,120,1,penalty,ils,120,1200000,-47947,True,11,-47747,,1200000
knapsack,mstr,120,1,penalty,ils,120,1200000,-47947,True,12,-47646,,1200000
knapsack,mstr,120,1,penalty,ils,120,1200000,-47947,True,13,-47747,,1200000
knapsack,mstr,120,1,penalty,ils,120,1200000,-47947,True,14,-47846,,1200000
knapsack,mstr,120,1,penalty,ils,120,1200000,-47947,True,15,-47647,,1200000
knapsack,mstr,120,1,penalty,ils,120,1200000,-47947,True,16,-47644,,1200000
knapsack,mstr,120,1,penalty,ils,120,1200000,-47947,True,17,-47830,,1200000
knapsack,mstr,120,1,penalty,ils,120,1200000,-47947,True,18,-47743,,1200000
knapsack,mstr,120,1,penalty,ils,120,1200000,-47947,True,19,-47747,,1200000
knapsack,mstr,120,1,penalty,ils,120,1200000,-47947,True,20,-47645,,1200000
knapsack,mstr,120,1,penalty,ils,120,1200000,-47947,True,21,-47745,,1200000
knapsack,mstr,120,1,penalty,ils,120,1200000,-47947,True,22,-47747,,1200000
knapsack,mstr,120,1,penalty,ils,120,1200000,-47947,True,23,-47647,,1200000
knapsack,mstr,120,1,penalty,ils,120,1200000,-47947,True,24,-47846,,1200000
knapsack,mstr,120,1,penalty,ils,120,1200000,-47947,True,25,-47547,,1200000
knapsack,mstr,120,1,penalty,ils,120,1200000,-47947,True,26,-47547,,1200000
knapsack,mstr,120,1,penalty,ils,120,1200000,-47947,True,27,-47647,,1200000
knapsack,mstr,120,1,penalty,ils,120,1200000,-47947,True,28,-47836,,1200000
knapsack,mstr,120,1,penalty,ils,120,1200000,-47947,True,29,-47647,,1200000
knapsack,mstr,120,1,penalty,ils,120,1200000,-47947,True,30,-47745,,1200000
knapsack,mstr,120,1,penalty,mga,120,1200000,-47947,True,0,-47546,,1200000
knapsack,mstr,120,1,penalty,mga,120,1200000,-47947,True,1,-47647,,1200000
knapsack,mstr,120,1,penalty,mga,120,1200000,-47947,True,2,-47647,,1200000
knapsack,mstr,120,1,penalty,mga,120,1200000,-47947,True,3,-47747,,1200000
knapsack,mstr,120,1,penalty,mga,120,1200000,-47947,True,4,-47647,,1200000
knapsack,mstr,120,1,penalty,mga,120,1200000,-47947,True,5,-47747,,1200000
knapsack,mstr,120,1,penalty,mga,120,1200000,-47947,True,6,-47646,,1200000
knapsack,mstr,120,1,penalty,mga,120,1200000,-47947,True,7,-47447,,1200000
knapsack,mstr,120,1,penalty,mga,120,1200000,-47947,True,8,-47547,,1200000
knapsack,mstr,120,1,penalty,mga,120,1200000,-47947,True,9,-47645,,1200000
knapsack,mstr,120,1,penalty,mga,120,1200000,-47947,True,10,-47647,,1200000
knapsack,mstr,120,1,penalty,mga,120,1200000,-47947,True,11,-47546,,1200000
knapsack,mstr,120,1,penalty,mga,120,1200000,-47947,True,12,-47647,,1200000
knapsack,mstr,120,1,penalty,mga,120,1200000,-47947,True,13,-47447,,1200000
knapsack,mstr,120,1,penalty,mga,120,1200000,-47947,True,14,-47547,,1200000
knapsack,mstr,120,1,penalty,mga,120,1200000,-47947,True,15,-47646,,1200000
knapsack,mstr,120,1,penalty,mga,120,1200000,-47947,True,16,-47745,,1200000
knapsack,mstr,120,1,penalty,mga,120,1200000,-47947,True,17,-47647,,1200000
knapsack,mstr,120,1,penalty,mga,120,1200000,-47947,True,18,-47747,,1200000
knapsack,mstr,120,1,penalty,mga,120,1200000,-47947,True,19,-47746,,1200000
knapsack,mstr,120,1,penalty,mga,120,1200000,-47947,True,20,-47647,,1200000
knapsack,mstr,120,1,penalty,mga,120,1200000,-47947,True,21,-47747,,1200000
knapsack,mstr,120,1,penalty,mga,120,1200000,-47947,True,22,-47846,,1200000
knapsack,mstr,120,1,penalty,mga,120,1200000,-47947,True,23,-47547,,1200000
knapsack,mstr,120,1,penalty,mga,120,1200000,-47947,True,24,-47746,,1200000
knapsack,mstr,120,1,penalty,mga,120,1200000,-47947,True,25,-47744,,1200000
knapsack,mstr,120,1,penalty,mga,120,1200000,-47947,True,26,-47547,,1200000
knapsack,mstr,120,1,penalty,mga,120,1200000,-47947,True,27,-47546,,1200000
knapsack,mstr,120,1,penalty,mga,120,1200000,-47947,True,28,-47646,,1200000
knapsack,mstr,120,1,penalty,mga,120,1200000,-47947,True,29,-47746,,1200000
knapsack,mstr,120,1,penalty,mga,120,1200000,-47947,True,30,-47647,,1200000
knapsack,mstr,80,1,repair,mga,80,800000,-32076,True,0,-32076,2930,2930
knapsack,mstr,80,1,repair,mga,80,800000,-32076,True,1,-32076,17942,17942
knapsack,mstr,80,1,repair,mga,80,800000,-32076,True,2,-32076,72976,72976
knapsack,mstr,80,1,repair,mga,80,800000,-32076,True,3,-32076,1042,1042
knapsack,mstr,80,1,repair,mga,80,800000,-32076,True,4,-32076,3569,3569
knapsack,mstr,80,1,repair,mga,80,800000,-32076,True,5,-31977,,800000
knapsack,mstr,80,1,repair,mga,80,800000,-32076,True,6,-31979,,800000
knapsack,mstr,80,1,repair,mga,80,800000,-32076,True,7,-32076,269212,269212
knapsack,mstr,80,1,repair,mga,80,800000,-32076,True,8,-32076,195484,195484
knapsack,mstr,80,1,repair,mga,80,800000,-32076,True,9,-31979,,800000
knapsack,mstr,80,1,repair,mga,80,800000,-32076,True,10,-31979,,800000
knapsack,mstr,80,1,repair,mga,80,800000,-32076,True,11,-31979,,800000
knapsack,mstr,80,1,repair,mga,80,800000,-32076,True,12,-31978,,800000
knapsack,mstr,80,1,repair,mga,80,800000,-32076,True,13,-32076,871,871
knapsack,mstr,80,1,repair,mga,80,800000,-32076,True,14,-31978,,800000
knapsack,mstr,80,1,repair,mga,80,800000,-32076,True,15,-31979,,800000
knapsack,mstr,80,1,repair,mga,80,800000,-32076,True,16,-32076,162783,162783
knapsack,mstr,80,1,repair,mga,80,800000,-32076,True,17,-32076,48351,48351
knapsack,mstr,80,1,repair,mga,80,800000,-32076,True,18,-32076,1874,1874
knapsack,mstr,80,1,repair,mga,80,800000,-32076,True,19,-32076,7685,7685
knapsack,mstr,80,1,repair,mga,80,800000,-32076,True,20,-32076,66469,66469
knapsack,mstr,80,1,repair,mga,80,800000,-32076,True,21,-32076,82068,82068
knapsack,mstr,80,1,repair,mga,80,800000,-32076,True,22,-32076,2176,2176
knapsack,mstr,80,1,repair,mga,80,800000,-32076,True,23,-31976,,800000
knapsack,mstr,80,1,repair,mga,80,800000,-32076,True,24,-32076,709737,709737
knapsack,mstr,80,1,repair,mga,80,800000,-32076,True,25,-32076,767254,767254
knapsack,mstr,80,1,repair,mga,80,800000,-32076,True,26,-32076,603760,603760
knapsack,mstr,80,1,repair,mga,80,800000,-32076,True,27,-32076,38003,38003
knapsack,mstr,80,1,repair,mga,80,800000,-32076,True,28,-32076,22871,22871
knapsack,mstr,80,1,repair,mga,80,800000,-32076,True,29,-31976,,800000
knapsack,mstr,80,1,repair,mga,80,800000,-32076,True,30,-31979,,800000
knapsack,mstr,80,0,repair,mga,80,800000,-33272,True,0,-33267,,800000
knapsack,mstr,80,0,repair,mga,80,800000,-33272,True,1,-33267,,800000
knapsack,mstr,80,0,repair,mga,80,800000,-33272,True,2,-33267,,800000
knapsack,mstr,80,0,repair,mga,80,800000,-33272,True,3,-33263,,800000
knapsack,mstr,80,0,repair,mga,80,800000,-33272,True,4,-33267,,800000
knapsack,mstr,80,0,repair,mga,80,800000,-33272,True,5,-33271,,800000
knapsack,mstr,80,0,repair,mga,80,800000,-33272,True,6,-33255,,800000
knapsack,mstr,80,0,repair,mga,80,800000,-33272,True,7,-33269,,800000
knapsack,mstr,80,0,repair,mga,80,800000,-33272,True,8,-33256,,800000
knapsack,mstr,80,0,repair,mga,80,800000,-33272,True,9,-33269,,800000
knapsack,mstr,80,0,repair,mga,80,800000,-33272,True,10,-33261,,800000
knapsack,mstr,80,0,repair,mga,80,800000,-33272,True,11,-33267,,800000
knapsack,mstr,80,0,repair,mga,80,800000,-33272,True,12,-33269,,800000
knapsack,mstr,80,0,repair,mga,80,800000,-33272,True,13,-33269,,800000
knapsack,mstr,80,0,repair,mga,80,800000,-33272,True,14,-33267,,800000
knapsack,mstr,80,0,repair,mga,80,800000,-33272,True,15,-33256,,800000
knapsack,mstr,80,0,repair,mga,80,800000,-33272,True,16,-33267,,800000
knapsack,mstr,80,0,repair,mga,80,800000,-33272,True,17,-33272,1035,1035
knapsack,mstr,80,0,repair,mga,80,800000,-33272,True,18,-33269,,800000
knapsack,mstr,80,0,repair,mga,80,800000,-33272,True,19,-33269,,800000
knapsack,mstr,80,0,repair,mga,80,800000,-33272,True,20,-33269,,800000
knapsack,mstr,80,0,repair,mga,80,800000,-33272,True,21,-33267,,800000
knapsack,mstr,80,0,repair,mga,80,800000,-33272,True,22,-33267,,800000
knapsack,mstr,80,0,repair,mga,80,800000,-33272,True,23,-33263,,800000
knapsack,mstr,80,0,repair,mga,80,800000,-33272,True,24,-33256,,800000
knapsack,mstr,80,0,repair,mga,80,800000,-33272,True,25,-33269,,800000
knapsack,mstr,80,0,repair,mga,80,800000,-33272,True,26,-33267,,800000
knapsack,mstr,80,0,repair,mga,80,800000,-33272,True,27,-33267,,800000
knapsack,mstr,80,0,repair,mga,80,800000,-33272,True,28,-33269,,800000
knapsack,mstr,80,0,repair,mga,80,800000,-33272,True,29,-33269,,800000
knapsack,mstr,80,0,repair,mga,80,800000,-33272,True,30,-33267,,800000
knapsack,mstr,120,0,repair,ils,120,1200000,-47488,True,0,-47488,354281,354281
knapsack,mstr,120,0,repair,ils,120,1200000,-47488,True,1,-47488,484289,484289
knapsack,mstr,120,0,repair,ils,120,1200000,-47488,True,2,-47488,104538,104538
knapsack,mstr,120,0,repair,ils,120,1200000,-47488,True,3,-47488,17703,17703
knapsack,mstr,120,0,repair,ils,120,1200000,-47488,True,4,-47488,349902,349902
knapsack,mstr,120,0,repair,ils,120,1200000,-47488,True,5,-47488,489310,489310
knapsack,mstr,120,0,repair,ils,120,1200000,-47488,True,6,-47488,284430,284430
knapsack,mstr,120,0,repair,ils,120,1200000,-47488,True,7,-47488,348159,348159
knapsack,mstr,120,0,repair,ils,120,1200000,-47488,True,8,-47488,869387,869387
knapsack,mstr,120,0,repair,ils,120,1200000,-47488,True,9,-47488,136193,136193
knapsack,mstr,120,0,repair,ils,120,1200000,-47488,True,10,-47488,113159,113159
knapsack,mstr,120,0,repair,ils,120,1200000,-47488,True,11,-47488,175489,175489
knapsack,mstr,120,0,repair,ils,120,1200000,-47488,True,12,-47488,467402,467402
knapsack,mstr,120,0,repair,ils,120,1200000,-47488,True,13,-47488,198988,198988
knapsack,mstr,120,0,repair,ils,120,1200000,-47488,True,14,-47488,422268,422268
knapsack,mstr,120,0,repair,ils,120,1200000,-47488,True,15,-47488,263608,263608
knapsack,mstr,120,0,repair,ils,120,1200000,-47488,True,16,-47488,562110,562110
knapsack,mstr,120,0,repair,ils,120,1200000,-47488,True,17,-47488,179135,179135
knapsack,mstr,120,0,repair,ils,120,1200000,-47488,True,18,-47488,96199,96199
knapsack,mstr,120,0,repair,ils,120,1200000,-47488,True,19,-47488,49807,49807
knapsack,mstr,120,0,repair,ils,120,1200000,-47488,True,20,-47488,334911,334911
knapsack,mstr,120,0,repair,ils,120,1200000,-47488,True,21,-47488,139876,139876
knapsack,mstr,120,0,repair,ils,120,1200000,-47488,True,22,-47488,11173,11173
knapsack,mstr,120,0,repair,ils,120,1200000,-47488,True,23,-47488,42090,42090
knapsack,mstr,120,0,repair,ils,120,1200000,-47488,True,24,-47488,18659,18659
knapsack,mstr,120,0,repair,ils,120,1200000,-47488,True,25,-47487,,1200000
knapsack,mstr,120,0,repair,ils,120,1200000,-47488,True,26,-47488,295136,295136
knapsack,mstr,120,0,repair,ils,120,1200000,-47488,True,27,-47488,163089,163089
knapsack,mstr,120,0,repair,ils,120,1200000,-47488,True,28,-47488,203165,203165
knapsack,mstr,120,0,repair,ils,120,1200000,-47488,True,29,-47487,,1200000
knapsack,mstr,120,0,repair,ils,120,1200000,-47488,True,30,-47488,129964,129964
knapsack,mstr,120,2,penalty,floor,120,1200000,-48473,True,0,-45172,,1200000
knapsack,mstr,120,2,penalty,floor,120,1200000,-48473,True,1,-45358,,1200000
knapsack,mstr,120,2,penalty,floor,120,1200000,-48473,True,2,-45255,,1200000
knapsack,mstr,120,2,penalty,floor,120,1200000,-48473,True,3,-45264,,1200000
knapsack,mstr,120,2,penalty,floor,120,1200000,-48473,True,4,-45372,,1200000
knapsack,mstr,120,2,penalty,floor,120,1200000,-48473,True,5,-45359,,1200000
knapsack,mstr,120,2,penalty,floor,120,1200000,-48473,True,6,-45244,,1200000
knapsack,mstr,120,2,penalty,floor,120,1200000,-48473,True,7,-45764,,1200000
knapsack,mstr,120,2,penalty,floor,120,1200000,-48473,True,8,-45168,,1200000
knapsack,mstr,120,2,penalty,floor,120,1200000,-48473,True,9,-45061,,1200000
knapsack,mstr,120,2,penalty,floor,120,1200000,-48473,True,10,-45761,,1200000
knapsack,mstr,120,2,penalty,floor,120,1200000,-48473,True,11,-45251,,1200000
knapsack,mstr,120,2,penalty,floor,120,1200000,-48473,True,12,-45161,,1200000
knapsack,mstr,120,2,penalty,floor,120,1200000,-48473,True,13,-45260,,1200000
knapsack,mstr,120,2,penalty,floor,120,1200000,-48473,True,14,-45372,,1200000
knapsack,mstr,120,2,penalty,floor,120,1200000,-48473,True,15,-45255,,1200000
knapsack,mstr,120,2,penalty,floor,120,1200000,-48473,True,16,-45173,,1200000
knapsack,mstr,120,2,penalty,floor,120,1200000,-48473,True,17,-45358,,1200000
knapsack,mstr,120,2,penalty,floor,120,1200000,-48473,True,18,-45266,,1200000
knapsack,mstr,120,2,penalty,floor,120,1200000,-48473,True,19,-45272,,1200000
knapsack,mstr,120,2,penalty,floor,120,1200000,-48473,True,20,-45164,,1200000
knapsack,mstr,120,2,penalty,floor,120,1200000,-48473,True,21,-45242,,1200000
knapsack,mstr,120,2,penalty,floor,120,1200000,-48473,True,22,-45164,,1200000
knapsack,mstr,120,2,penalty,floor,120,1200000,-48473,True,23,-45359,,1200000
knapsack,mstr,120,2,penalty,floor,120,1200000,-48473,True,24,-45258,,1200000
knapsack,mstr,120,2,penalty,floor,120,1200000,-48473,True,25,-44930,,1200000
knapsack,mstr,120,2,penalty,floor,120,1200000,-48473,True,26,-45071,,1200000
knapsack,mstr,120,2,penalty,floor,120,1200000,-48473,True,27,-45269,,1200000
knapsack,mstr,120,2,penalty,floor,120,1200000,-48473,True,28,-45172,,1200000
knapsack,mstr,120,2,penalty,floor,120,1200000,-48473,True,29,-45370,,1200000
knapsack,mstr,120,2,penalty,floor,120,1200000,-48473,True,30,-45164,,1200000
knapsack,mstr,120,2,penalty,ils,120,1200000,-48473,True,0,-48273,,1200000
knapsack,mstr,120,2,penalty,ils,120,1200000,-48473,True,1,-48272,,1200000
knapsack,mstr,120,2,penalty,ils,120,1200000,-48473,True,2,-48373,,1200000
knapsack,mstr,120,2,penalty,ils,120,1200000,-48473,True,3,-48371,,1200000
knapsack,mstr,120,2,penalty,ils,120,1200000,-48473,True,4,-48272,,1200000
knapsack,mstr,120,2,penalty,ils,120,1200000,-48473,True,5,-48369,,1200000
knapsack,mstr,120,2,penalty,ils,120,1200000,-48473,True,6,-48273,,1200000
knapsack,mstr,120,2,penalty,ils,120,1200000,-48473,True,7,-48273,,1200000
knapsack,mstr,120,2,penalty,ils,120,1200000,-48473,True,8,-48172,,1200000
knapsack,mstr,120,2,penalty,ils,120,1200000,-48473,True,9,-48273,,1200000
knapsack,mstr,120,2,penalty,ils,120,1200000,-48473,True,10,-48272,,1200000
knapsack,mstr,120,2,penalty,ils,120,1200000,-48473,True,11,-48173,,1200000
knapsack,mstr,120,2,penalty,ils,120,1200000,-48473,True,12,-48273,,1200000
knapsack,mstr,120,2,penalty,ils,120,1200000,-48473,True,13,-48273,,1200000
knapsack,mstr,120,2,penalty,ils,120,1200000,-48473,True,14,-48273,,1200000
knapsack,mstr,120,2,penalty,ils,120,1200000,-48473,True,15,-48264,,1200000
knapsack,mstr,120,2,penalty,ils,120,1200000,-48473,True,16,-48371,,1200000
knapsack,mstr,120,2,penalty,ils,120,1200000,-48473,True,17,-48372,,1200000
knapsack,mstr,120,2,penalty,ils,120,1200000,-48473,True,18,-48255,,1200000
knapsack,mstr,120,2,penalty,ils,120,1200000,-48473,True,19,-48272,,1200000
knapsack,mstr,120,2,penalty,ils,120,1200000,-48473,True,20,-48373,,1200000
knapsack,mstr,120,2,penalty,ils,120,1200000,-48473,True,21,-48272,,1200000
knapsack,mstr,120,2,penalty,ils,120,1200000,-48473,True,22,-48371,,1200000
knapsack,mstr,120,2,penalty,ils,120,1200000,-48473,True,23,-48369,,1200000
knapsack,mstr,120,2,penalty,ils,120,1200000,-48473,True,24,-48372,,1200000
knapsack,mstr,120,2,penalty,ils,120,1200000,-48473,True,25,-48373,,1200000
knapsack,mstr,120,2,penalty,ils,120,1200000,-48473,True,26,-48273,,1200000
knapsack,mstr,120,2,penalty,ils,120,1200000,-48473,True,27,-48369,,1200000
knapsack,mstr,120,2,penalty,ils,120,1200000,-48473,True,28,-48372,,1200000
knapsack,mstr,120,2,penalty,ils,120,1200000,-48473,True,29,-48172,,1200000
knapsack,mstr,120,2,penalty,ils,120,1200000,-48473,True,30,-48268,,1200000
knapsack,mstr,120,2,penalty,mga,120,1200000,-48473,True,0,-48172,,1200000
knapsack,mstr,120,2,penalty,mga,120,1200000,-48473,True,1,-48173,,1200000
knapsack,mstr,120,2,penalty,mga,120,1200000,-48473,True,2,-48072,,1200000
knapsack,mstr,120,2,penalty,mga,120,1200000,-48473,True,3,-48168,,1200000
knapsack,mstr,120,2,penalty,mga,120,1200000,-48473,True,4,-48364,,1200000
knapsack,mstr,120,2,penalty,mga,120,1200000,-48473,True,5,-48271,,1200000
knapsack,mstr,120,2,penalty,mga,120,1200000,-48473,True,6,-48168,,1200000
knapsack,mstr,120,2,penalty,mga,120,1200000,-48473,True,7,-48271,,1200000
knapsack,mstr,120,2,penalty,mga,120,1200000,-48473,True,8,-48072,,1200000
knapsack,mstr,120,2,penalty,mga,120,1200000,-48473,True,9,-48173,,1200000
knapsack,mstr,120,2,penalty,mga,120,1200000,-48473,True,10,-48071,,1200000
knapsack,mstr,120,2,penalty,mga,120,1200000,-48473,True,11,-47971,,1200000
knapsack,mstr,120,2,penalty,mga,120,1200000,-48473,True,12,-48272,,1200000
knapsack,mstr,120,2,penalty,mga,120,1200000,-48473,True,13,-48173,,1200000
knapsack,mstr,120,2,penalty,mga,120,1200000,-48473,True,14,-48172,,1200000
knapsack,mstr,120,2,penalty,mga,120,1200000,-48473,True,15,-48171,,1200000
knapsack,mstr,120,2,penalty,mga,120,1200000,-48473,True,16,-48172,,1200000
knapsack,mstr,120,2,penalty,mga,120,1200000,-48473,True,17,-48266,,1200000
knapsack,mstr,120,2,penalty,mga,120,1200000,-48473,True,18,-48168,,1200000
knapsack,mstr,120,2,penalty,mga,120,1200000,-48473,True,19,-48373,,1200000
knapsack,mstr,120,2,penalty,mga,120,1200000,-48473,True,20,-48271,,1200000
knapsack,mstr,120,2,penalty,mga,120,1200000,-48473,True,21,-48073,,1200000
knapsack,mstr,120,2,penalty,mga,120,1200000,-48473,True,22,-48273,,1200000
knapsack,mstr,120,2,penalty,mga,120,1200000,-48473,True,23,-48269,,1200000
knapsack,mstr,120,2,penalty,mga,120,1200000,-48473,True,24,-48172,,1200000
knapsack,mstr,120,2,penalty,mga,120,1200000,-48473,True,25,-48271,,1200000
knapsack,mstr,120,2,penalty,mga,120,1200000,-48473,True,26,-48273,,1200000
knapsack,mstr,120,2,penalty,mga,120,1200000,-48473,True,27,-47971,,1200000
knapsack,mstr,120,2,penalty,mga,120,1200000,-48473,True,28,-48369,,1200000
knapsack,mstr,120,2,penalty,mga,120,1200000,-48473,True,29,-47973,,1200000
knapsack,mstr,120,2,penalty,mga,120,1200000,-48473,True,30,-48271,,1200000
knapsack,mstr,80,2,repair,mga,80,800000,-32085,True,0,-31985,,800000
knapsack,mstr,80,2,repair,mga,80,800000,-32085,True,1,-32083,,800000
knapsack,mstr,80,2,repair,mga,80,800000,-32085,True,2,-32085,5502,5502
knapsack,mstr,80,2,repair,mga,80,800000,-32085,True,3,-32085,32296,32296
knapsack,mstr,80,2,repair,mga,80,800000,-32085,True,4,-31984,,800000
knapsack,mstr,80,2,repair,mga,80,800000,-32085,True,5,-32085,46043,46043
knapsack,mstr,80,2,repair,mga,80,800000,-32085,True,6,-32084,,800000
knapsack,mstr,80,2,repair,mga,80,800000,-32085,True,7,-32083,,800000
knapsack,mstr,80,2,repair,mga,80,800000,-32085,True,8,-31985,,800000
knapsack,mstr,80,2,repair,mga,80,800000,-32085,True,9,-31984,,800000
knapsack,mstr,80,2,repair,mga,80,800000,-32085,True,10,-32085,175304,175304
knapsack,mstr,80,2,repair,mga,80,800000,-32085,True,11,-32085,565521,565521
knapsack,mstr,80,2,repair,mga,80,800000,-32085,True,12,-32085,108785,108785
knapsack,mstr,80,2,repair,mga,80,800000,-32085,True,13,-31985,,800000
knapsack,mstr,80,2,repair,mga,80,800000,-32085,True,14,-31985,,800000
knapsack,mstr,80,2,repair,mga,80,800000,-32085,True,15,-32085,16789,16789
knapsack,mstr,80,2,repair,mga,80,800000,-32085,True,16,-32082,,800000
knapsack,mstr,80,2,repair,mga,80,800000,-32085,True,17,-32083,,800000
knapsack,mstr,80,2,repair,mga,80,800000,-32085,True,18,-32084,,800000
knapsack,mstr,80,2,repair,mga,80,800000,-32085,True,19,-32083,,800000
knapsack,mstr,80,2,repair,mga,80,800000,-32085,True,20,-32085,533148,533148
knapsack,mstr,80,2,repair,mga,80,800000,-32085,True,21,-32085,303643,303643
knapsack,mstr,80,2,repair,mga,80,800000,-32085,True,22,-32084,,800000
knapsack,mstr,80,2,repair,mga,80,800000,-32085,True,23,-31985,,800000
knapsack,mstr,80,2,repair,mga,80,800000,-32085,True,24,-31984,,800000
knapsack,mstr,80,2,repair,mga,80,800000,-32085,True,25,-32085,161947,161947
knapsack,mstr,80,2,repair,mga,80,800000,-32085,True,26,-32079,,800000
knapsack,mstr,80,2,repair,mga,80,800000,-32085,True,27,-32083,,800000
knapsack,mstr,80,2,repair,mga,80,800000,-32085,True,28,-32085,60247,60247
knapsack,mstr,80,2,repair,mga,80,800000,-32085,True,29,-32085,6148,6148
knapsack,mstr,80,2,repair,mga,80,800000,-32085,True,30,-32085,12389,12389
knapsack,mstr,80,2,repair,floor,80,800000,-32085,True,0,-31980,,800000
knapsack,mstr,80,2,repair,floor,80,800000,-32085,True,1,-31984,,800000
knapsack,mstr,80,2,repair,floor,80,800000,-32085,True,2,-31983,,800000
knapsack,mstr,80,2,repair,floor,80,800000,-32085,True,3,-31983,,800000
knapsack,mstr,80,2,repair,floor,80,800000,-32085,True,4,-32081,,800000
knapsack,mstr,80,2,repair,floor,80,800000,-32085,True,5,-32084,,800000
knapsack,mstr,80,2,repair,floor,80,800000,-32085,True,6,-32084,,800000
knapsack,mstr,80,2,repair,floor,80,800000,-32085,True,7,-31983,,800000
knapsack,mstr,80,2,repair,floor,80,800000,-32085,True,8,-31984,,800000
knapsack,mstr,80,2,repair,floor,80,800000,-32085,True,9,-31985,,800000
knapsack,mstr,80,2,repair,floor,80,800000,-32085,True,10,-31985,,800000
knapsack,mstr,80,2,repair,floor,80,800000,-32085,True,11,-32067,,800000
knapsack,mstr,80,2,repair,floor,80,800000,-32085,True,12,-32082,,800000
knapsack,mstr,80,2,repair,floor,80,800000,-32085,True,13,-31983,,800000
knapsack,mstr,80,2,repair,floor,80,800000,-32085,True,14,-32082,,800000
knapsack,mstr,80,2,repair,floor,80,800000,-32085,True,15,-31982,,800000
knapsack,mstr,80,2,repair,floor,80,800000,-32085,True,16,-32068,,800000
knapsack,mstr,80,2,repair,floor,80,800000,-32085,True,17,-32012,,800000
knapsack,mstr,80,2,repair,floor,80,800000,-32085,True,18,-32073,,800000
knapsack,mstr,80,2,repair,floor,80,800000,-32085,True,19,-31985,,800000
knapsack,mstr,80,2,repair,floor,80,800000,-32085,True,20,-31984,,800000
knapsack,mstr,80,2,repair,floor,80,800000,-32085,True,21,-32073,,800000
knapsack,mstr,80,2,repair,floor,80,800000,-32085,True,22,-31985,,800000
knapsack,mstr,80,2,repair,floor,80,800000,-32085,True,23,-32065,,800000
knapsack,mstr,80,2,repair,floor,80,800000,-32085,True,24,-32067,,800000
knapsack,mstr,80,2,repair,floor,80,800000,-32085,True,25,-32084,,800000
knapsack,mstr,80,2,repair,floor,80,800000,-32085,True,26,-32081,,800000
knapsack,mstr,80,2,repair,floor,80,800000,-32085,True,27,-31988,,800000
knapsack,mstr,80,2,repair,floor,80,800000,-32085,True,28,-32081,,800000
knapsack,mstr,80,2,repair,floor,80,800000,-32085,True,29,-31984,,800000
knapsack,mstr,80,2,repair,floor,80,800000,-32085,True,30,-32081,,800000
knapsack,mstr,120,1,repair,ils,120,1200000,-47947,True,0,-47947,39954,39954
knapsack,mstr,120,1,repair,ils,120,1200000,-47947,True,1,-47947,1067120,1067120
knapsack,mstr,120,1,repair,ils,120,1200000,-47947,True,2,-47946,,1200000
knapsack,mstr,120,1,repair,ils,120,1200000,-47947,True,3,-47947,36580,36580
knapsack,mstr,120,1,repair,ils,120,1200000,-47947,True,4,-47947,136877,136877
knapsack,mstr,120,1,repair,ils,120,1200000,-47947,True,5,-47947,179235,179235
knapsack,mstr,120,1,repair,ils,120,1200000,-47947,True,6,-47947,731434,731434
knapsack,mstr,120,1,repair,ils,120,1200000,-47947,True,7,-47947,278267,278267
knapsack,mstr,120,1,repair,ils,120,1200000,-47947,True,8,-47947,151541,151541
knapsack,mstr,120,1,repair,ils,120,1200000,-47947,True,9,-47947,716730,716730
knapsack,mstr,120,1,repair,ils,120,1200000,-47947,True,10,-47947,1046931,1046931
knapsack,mstr,120,1,repair,ils,120,1200000,-47947,True,11,-47947,104059,104059
knapsack,mstr,120,1,repair,ils,120,1200000,-47947,True,12,-47947,290306,290306
knapsack,mstr,120,1,repair,ils,120,1200000,-47947,True,13,-47947,729094,729094
knapsack,mstr,120,1,repair,ils,120,1200000,-47947,True,14,-47947,515557,515557
knapsack,mstr,120,1,repair,ils,120,1200000,-47947,True,15,-47947,434358,434358
knapsack,mstr,120,1,repair,ils,120,1200000,-47947,True,16,-47947,183153,183153
knapsack,mstr,120,1,repair,ils,120,1200000,-47947,True,17,-47947,86988,86988
knapsack,mstr,120,1,repair,ils,120,1200000,-47947,True,18,-47947,178937,178937
knapsack,mstr,120,1,repair,ils,120,1200000,-47947,True,19,-47947,197110,197110
knapsack,mstr,120,1,repair,ils,120,1200000,-47947,True,20,-47947,93643,93643
knapsack,mstr,120,1,repair,ils,120,1200000,-47947,True,21,-47947,330373,330373
knapsack,mstr,120,1,repair,ils,120,1200000,-47947,True,22,-47947,512740,512740
knapsack,mstr,120,1,repair,ils,120,1200000,-47947,True,23,-47947,238548,238548
knapsack,mstr,120,1,repair,ils,120,1200000,-47947,True,24,-47947,862714,862714
knapsack,mstr,120,1,repair,ils,120,1200000,-47947,True,25,-47947,184331,184331
knapsack,mstr,120,1,repair,ils,120,1200000,-47947,True,26,-47947,765978,765978
knapsack,mstr,120,1,repair,ils,120,1200000,-47947,True,27,-47947,405127,405127
knapsack,mstr,120,1,repair,ils,120,1200000,-47947,True,28,-47947,73241,73241
knapsack,mstr,120,1,repair,ils,120,1200000,-47947,True,29,-47947,711531,711531
knapsack,mstr,120,1,repair,ils,120,1200000,-47947,True,30,-47947,187654,187654
knapsack,spanner,30,0,penalty,floor,30,300000,-8000,True,0,-7991,,300000
knapsack,spanner,30,0,penalty,floor,30,300000,-8000,True,1,-7991,,300000
knapsack,spanner,30,0,penalty,floor,30,300000,-8000,True,2,-7991,,300000
knapsack,spanner,30,0,penalty,floor,30,300000,-8000,True,3,-7991,,300000
knapsack,spanner,30,0,penalty,floor,30,300000,-8000,True,4,-7991,,300000
knapsack,spanner,30,0,penalty,floor,30,300000,-8000,True,5,-7991,,300000
knapsack,spanner,30,0,penalty,floor,30,300000,-8000,True,6,-7991,,300000
knapsack,spanner,30,0,penalty,floor,30,300000,-8000,True,7,-7991,,300000
knapsack,spanner,30,0,penalty,floor,30,300000,-8000,True,8,-7991,,300000
knapsack,spanner,30,0,penalty,floor,30,300000,-8000,True,9,-7991,,300000
knapsack,spanner,30,0,penalty,floor,30,300000,-8000,True,10,-7991,,300000
knapsack,spanner,30,0,penalty,floor,30,300000,-8000,True,11,-7996,,300000
knapsack,spanner,30,0,penalty,floor,30,300000,-8000,True,12,-7991,,300000
knapsack,spanner,30,0,penalty,floor,30,300000,-8000,True,13,-7991,,300000
knapsack,spanner,30,0,penalty,floor,30,300000,-8000,True,14,-7991,,300000
knapsack,spanner,30,0,penalty,floor,30,300000,-8000,True,15,-7991,,300000
knapsack,spanner,30,0,penalty,floor,30,300000,-8000,True,16,-7991,,300000
knapsack,spanner,30,0,penalty,floor,30,300000,-8000,True,17,-7991,,300000
knapsack,spanner,30,0,penalty,floor,30,300000,-8000,True,18,-7991,,300000
knapsack,spanner,30,0,penalty,floor,30,300000,-8000,True,19,-7991,,300000
knapsack,spanner,30,0,penalty,floor,30,300000,-8000,True,20,-7991,,300000
knapsack,spanner,30,0,penalty,floor,30,300000,-8000,True,21,-7991,,300000
knapsack,spanner,30,0,penalty,floor,30,300000,-8000,True,22,-7991,,300000
knapsack,spanner,30,0,penalty,floor,30,300000,-8000,True,23,-7991,,300000
knapsack,spanner,30,0,penalty,floor,30,300000,-8000,True,24,-7991,,300000
knapsack,spanner,30,0,penalty,floor,30,300000,-8000,True,25,-7991,,300000
knapsack,spanner,30,0,penalty,floor,30,300000,-8000,True,26,-7991,,300000
knapsack,spanner,30,0,penalty,floor,30,300000,-8000,True,27,-7991,,300000
knapsack,spanner,30,0,penalty,floor,30,300000,-8000,True,28,-7991,,300000
knapsack,spanner,30,0,penalty,floor,30,300000,-8000,True,29,-7991,,300000
knapsack,spanner,30,0,penalty,floor,30,300000,-8000,True,30,-8000,298111,298111
knapsack,spanner,30,0,penalty,ils,30,300000,-8000,True,0,-7982,,300000
knapsack,spanner,30,0,penalty,ils,30,300000,-8000,True,1,-7991,,300000
knapsack,spanner,30,0,penalty,ils,30,300000,-8000,True,2,-7991,,300000
knapsack,spanner,30,0,penalty,ils,30,300000,-8000,True,3,-7991,,300000
knapsack,spanner,30,0,penalty,ils,30,300000,-8000,True,4,-7991,,300000
knapsack,spanner,30,0,penalty,ils,30,300000,-8000,True,5,-7991,,300000
knapsack,spanner,30,0,penalty,ils,30,300000,-8000,True,6,-7991,,300000
knapsack,spanner,30,0,penalty,ils,30,300000,-8000,True,7,-7991,,300000
knapsack,spanner,30,0,penalty,ils,30,300000,-8000,True,8,-7991,,300000
knapsack,spanner,30,0,penalty,ils,30,300000,-8000,True,9,-7991,,300000
knapsack,spanner,30,0,penalty,ils,30,300000,-8000,True,10,-7991,,300000
knapsack,spanner,30,0,penalty,ils,30,300000,-8000,True,11,-7982,,300000
knapsack,spanner,30,0,penalty,ils,30,300000,-8000,True,12,-7991,,300000
knapsack,spanner,30,0,penalty,ils,30,300000,-8000,True,13,-7991,,300000
knapsack,spanner,30,0,penalty,ils,30,300000,-8000,True,14,-7991,,300000
knapsack,spanner,30,0,penalty,ils,30,300000,-8000,True,15,-7991,,300000
knapsack,spanner,30,0,penalty,ils,30,300000,-8000,True,16,-7982,,300000
knapsack,spanner,30,0,penalty,ils,30,300000,-8000,True,17,-7982,,300000
knapsack,spanner,30,0,penalty,ils,30,300000,-8000,True,18,-7991,,300000
knapsack,spanner,30,0,penalty,ils,30,300000,-8000,True,19,-7991,,300000
knapsack,spanner,30,0,penalty,ils,30,300000,-8000,True,20,-7991,,300000
knapsack,spanner,30,0,penalty,ils,30,300000,-8000,True,21,-7982,,300000
knapsack,spanner,30,0,penalty,ils,30,300000,-8000,True,22,-7991,,300000
knapsack,spanner,30,0,penalty,ils,30,300000,-8000,True,23,-7991,,300000
knapsack,spanner,30,0,penalty,ils,30,300000,-8000,True,24,-7982,,300000
knapsack,spanner,30,0,penalty,ils,30,300000,-8000,True,25,-7991,,300000
knapsack,spanner,30,0,penalty,ils,30,300000,-8000,True,26,-7991,,300000
knapsack,spanner,30,0,penalty,ils,30,300000,-8000,True,27,-7982,,300000
knapsack,spanner,30,0,penalty,ils,30,300000,-8000,True,28,-7991,,300000
knapsack,spanner,30,0,penalty,ils,30,300000,-8000,True,29,-7982,,300000
knapsack,spanner,30,0,penalty,ils,30,300000,-8000,True,30,-7991,,300000
knapsack,spanner,30,0,penalty,mga,30,300000,-8000,True,0,-7991,,300000
knapsack,spanner,30,0,penalty,mga,30,300000,-8000,True,1,-7991,,300000
knapsack,spanner,30,0,penalty,mga,30,300000,-8000,True,2,-7991,,300000
knapsack,spanner,30,0,penalty,mga,30,300000,-8000,True,3,-7991,,300000
knapsack,spanner,30,0,penalty,mga,30,300000,-8000,True,4,-7991,,300000
knapsack,spanner,30,0,penalty,mga,30,300000,-8000,True,5,-7991,,300000
knapsack,spanner,30,0,penalty,mga,30,300000,-8000,True,6,-7991,,300000
knapsack,spanner,30,0,penalty,mga,30,300000,-8000,True,7,-7991,,300000
knapsack,spanner,30,0,penalty,mga,30,300000,-8000,True,8,-7991,,300000
knapsack,spanner,30,0,penalty,mga,30,300000,-8000,True,9,-7991,,300000
knapsack,spanner,30,0,penalty,mga,30,300000,-8000,True,10,-7991,,300000
knapsack,spanner,30,0,penalty,mga,30,300000,-8000,True,11,-7991,,300000
knapsack,spanner,30,0,penalty,mga,30,300000,-8000,True,12,-7991,,300000
knapsack,spanner,30,0,penalty,mga,30,300000,-8000,True,13,-7991,,300000
knapsack,spanner,30,0,penalty,mga,30,300000,-8000,True,14,-7991,,300000
knapsack,spanner,30,0,penalty,mga,30,300000,-8000,True,15,-7991,,300000
knapsack,spanner,30,0,penalty,mga,30,300000,-8000,True,16,-7991,,300000
knapsack,spanner,30,0,penalty,mga,30,300000,-8000,True,17,-7991,,300000
knapsack,spanner,30,0,penalty,mga,30,300000,-8000,True,18,-7991,,300000
knapsack,spanner,30,0,penalty,mga,30,300000,-8000,True,19,-7991,,300000
knapsack,spanner,30,0,penalty,mga,30,300000,-8000,True,20,-7991,,300000
knapsack,spanner,30,0,penalty,mga,30,300000,-8000,True,21,-7991,,300000
knapsack,spanner,30,0,penalty,mga,30,300000,-8000,True,22,-7991,,300000
knapsack,spanner,30,0,penalty,mga,30,300000,-8000,True,23,-7991,,300000
knapsack,spanner,30,0,penalty,mga,30,300000,-8000,True,24,-7991,,300000
knapsack,spanner,30,0,penalty,mga,30,300000,-8000,True,25,-7991,,300000
knapsack,spanner,30,0,penalty,mga,30,300000,-8000,True,26,-7991,,300000
knapsack,spanner,30,0,penalty,mga,30,300000,-8000,True,27,-7991,,300000
knapsack,spanner,30,0,penalty,mga,30,300000,-8000,True,28,-7991,,300000
knapsack,spanner,30,0,penalty,mga,30,300000,-8000,True,29,-7991,,300000
knapsack,spanner,30,0,penalty,mga,30,300000,-8000,True,30,-7991,,300000
knapsack,spanner,30,0,repair,floor,30,300000,-8000,True,0,-8000,5716,5716
knapsack,spanner,30,0,repair,floor,30,300000,-8000,True,1,-8000,1067,1067
knapsack,spanner,30,0,repair,floor,30,300000,-8000,True,2,-8000,153,153
knapsack,spanner,30,0,repair,floor,30,300000,-8000,True,3,-8000,27598,27598
knapsack,spanner,30,0,repair,floor,30,300000,-8000,True,4,-8000,5140,5140
knapsack,spanner,30,0,repair,floor,30,300000,-8000,True,5,-8000,16231,16231
knapsack,spanner,30,0,repair,floor,30,300000,-8000,True,6,-8000,12160,12160
knapsack,spanner,30,0,repair,floor,30,300000,-8000,True,7,-8000,4227,4227
knapsack,spanner,30,0,repair,floor,30,300000,-8000,True,8,-8000,761,761
knapsack,spanner,30,0,repair,floor,30,300000,-8000,True,9,-8000,1702,1702
knapsack,spanner,30,0,repair,floor,30,300000,-8000,True,10,-8000,2984,2984
knapsack,spanner,30,0,repair,floor,30,300000,-8000,True,11,-8000,50034,50034
knapsack,spanner,30,0,repair,floor,30,300000,-8000,True,12,-8000,27219,27219
knapsack,spanner,30,0,repair,floor,30,300000,-8000,True,13,-8000,9786,9786
knapsack,spanner,30,0,repair,floor,30,300000,-8000,True,14,-8000,6657,6657
knapsack,spanner,30,0,repair,floor,30,300000,-8000,True,15,-8000,3862,3862
knapsack,spanner,30,0,repair,floor,30,300000,-8000,True,16,-8000,36528,36528
knapsack,spanner,30,0,repair,floor,30,300000,-8000,True,17,-8000,11135,11135
knapsack,spanner,30,0,repair,floor,30,300000,-8000,True,18,-8000,11670,11670
knapsack,spanner,30,0,repair,floor,30,300000,-8000,True,19,-8000,9458,9458
knapsack,spanner,30,0,repair,floor,30,300000,-8000,True,20,-8000,3524,3524
knapsack,spanner,30,0,repair,floor,30,300000,-8000,True,21,-8000,1703,1703
knapsack,spanner,30,0,repair,floor,30,300000,-8000,True,22,-8000,11938,11938
knapsack,spanner,30,0,repair,floor,30,300000,-8000,True,23,-8000,8665,8665
knapsack,spanner,30,0,repair,floor,30,300000,-8000,True,24,-8000,11639,11639
knapsack,spanner,30,0,repair,floor,30,300000,-8000,True,25,-8000,9570,9570
knapsack,spanner,30,0,repair,floor,30,300000,-8000,True,26,-8000,791,791
knapsack,spanner,30,0,repair,floor,30,300000,-8000,True,27,-8000,2095,2095
knapsack,spanner,30,0,repair,floor,30,300000,-8000,True,28,-8000,12066,12066
knapsack,spanner,30,0,repair,floor,30,300000,-8000,True,29,-8000,183,183
knapsack,spanner,30,0,repair,floor,30,300000,-8000,True,30,-8000,668,668
knapsack,spanner,30,0,repair,ils,30,300000,-8000,True,0,-8000,80186,80186
knapsack,spanner,30,0,repair,ils,30,300000,-8000,True,1,-8000,30796,30796
knapsack,spanner,30,0,repair,ils,30,300000,-8000,True,2,-8000,215679,215679
knapsack,spanner,30,0,repair,ils,30,300000,-8000,True,3,-7991,,300000
knapsack,spanner,30,0,repair,ils,30,300000,-8000,True,4,-7991,,300000
knapsack,spanner,30,0,repair,ils,30,300000,-8000,True,5,-7991,,300000
knapsack,spanner,30,0,repair,ils,30,300000,-8000,True,6,-7991,,300000
knapsack,spanner,30,0,repair,ils,30,300000,-8000,True,7,-7998,,300000
knapsack,spanner,30,0,repair,ils,30,300000,-8000,True,8,-7991,,300000
knapsack,spanner,30,0,repair,ils,30,300000,-8000,True,9,-7991,,300000
knapsack,spanner,30,0,repair,ils,30,300000,-8000,True,10,-7991,,300000
knapsack,spanner,30,0,repair,ils,30,300000,-8000,True,11,-8000,65419,65419
knapsack,spanner,30,0,repair,ils,30,300000,-8000,True,12,-7991,,300000
knapsack,spanner,30,0,repair,ils,30,300000,-8000,True,13,-8000,237488,237488
knapsack,spanner,30,0,repair,ils,30,300000,-8000,True,14,-8000,124738,124738
knapsack,spanner,30,0,repair,ils,30,300000,-8000,True,15,-7991,,300000
knapsack,spanner,30,0,repair,ils,30,300000,-8000,True,16,-8000,86815,86815
knapsack,spanner,30,0,repair,ils,30,300000,-8000,True,17,-7991,,300000
knapsack,spanner,30,0,repair,ils,30,300000,-8000,True,18,-8000,250335,250335
knapsack,spanner,30,0,repair,ils,30,300000,-8000,True,19,-7991,,300000
knapsack,spanner,30,0,repair,ils,30,300000,-8000,True,20,-7991,,300000
knapsack,spanner,30,0,repair,ils,30,300000,-8000,True,21,-8000,42514,42514
knapsack,spanner,30,0,repair,ils,30,300000,-8000,True,22,-7991,,300000
knapsack,spanner,30,0,repair,ils,30,300000,-8000,True,23,-8000,167356,167356
knapsack,spanner,30,0,repair,ils,30,300000,-8000,True,24,-7991,,300000
knapsack,spanner,30,0,repair,ils,30,300000,-8000,True,25,-7991,,300000
knapsack,spanner,30,0,repair,ils,30,300000,-8000,True,26,-8000,7375,7375
knapsack,spanner,30,0,repair,ils,30,300000,-8000,True,27,-8000,159190,159190
knapsack,spanner,30,0,repair,ils,30,300000,-8000,True,28,-8000,207486,207486
knapsack,spanner,30,0,repair,ils,30,300000,-8000,True,29,-8000,277505,277505
knapsack,spanner,30,0,repair,ils,30,300000,-8000,True,30,-8000,120383,120383
knapsack,spanner,30,0,repair,mga,30,300000,-8000,True,0,-8000,35250,35250
knapsack,spanner,30,0,repair,mga,30,300000,-8000,True,1,-8000,27150,27150
knapsack,spanner,30,0,repair,mga,30,300000,-8000,True,2,-8000,87750,87750
knapsack,spanner,30,0,repair,mga,30,300000,-8000,True,3,-7991,,300000
knapsack,spanner,30,0,repair,mga,30,300000,-8000,True,4,-7991,,300000
knapsack,spanner,30,0,repair,mga,30,300000,-8000,True,5,-7991,,300000
knapsack,spanner,30,0,repair,mga,30,300000,-8000,True,6,-8000,145397,145397
knapsack,spanner,30,0,repair,mga,30,300000,-8000,True,7,-8000,134790,134790
knapsack,spanner,30,0,repair,mga,30,300000,-8000,True,8,-8000,31757,31757
knapsack,spanner,30,0,repair,mga,30,300000,-8000,True,9,-8000,270,270
knapsack,spanner,30,0,repair,mga,30,300000,-8000,True,10,-8000,1110,1110
knapsack,spanner,30,0,repair,mga,30,300000,-8000,True,11,-8000,150,150
knapsack,spanner,30,0,repair,mga,30,300000,-8000,True,12,-8000,262770,262770
knapsack,spanner,30,0,repair,mga,30,300000,-8000,True,13,-7991,,300000
knapsack,spanner,30,0,repair,mga,30,300000,-8000,True,14,-8000,28530,28530
knapsack,spanner,30,0,repair,mga,30,300000,-8000,True,15,-8000,86121,86121
knapsack,spanner,30,0,repair,mga,30,300000,-8000,True,16,-7991,,300000
knapsack,spanner,30,0,repair,mga,30,300000,-8000,True,17,-7991,,300000
knapsack,spanner,30,0,repair,mga,30,300000,-8000,True,18,-8000,117990,117990
knapsack,spanner,30,0,repair,mga,30,300000,-8000,True,19,-8000,150,150
knapsack,spanner,30,0,repair,mga,30,300000,-8000,True,20,-8000,210510,210510
knapsack,spanner,30,0,repair,mga,30,300000,-8000,True,21,-8000,62790,62790
knapsack,spanner,30,0,repair,mga,30,300000,-8000,True,22,-7991,,300000
knapsack,spanner,30,0,repair,mga,30,300000,-8000,True,23,-8000,58290,58290
knapsack,spanner,30,0,repair,mga,30,300000,-8000,True,24,-8000,4950,4950
knapsack,spanner,30,0,repair,mga,30,300000,-8000,True,25,-7991,,300000
knapsack,spanner,30,0,repair,mga,30,300000,-8000,True,26,-7991,,300000
knapsack,spanner,30,0,repair,mga,30,300000,-8000,True,27,-8000,597,597
knapsack,spanner,30,0,repair,mga,30,300000,-8000,True,28,-8000,78450,78450
knapsack,spanner,30,0,repair,mga,30,300000,-8000,True,29,-7991,,300000
knapsack,spanner,30,0,repair,mga,30,300000,-8000,True,30,-7991,,300000
knapsack,spanner,30,1,penalty,floor,30,300000,-2870,True,0,-2870,35956,35956
knapsack,spanner,30,1,penalty,floor,30,300000,-2870,True,1,-2870,14989,14989
knapsack,spanner,30,1,penalty,floor,30,300000,-2870,True,2,-2870,3298,3298
knapsack,spanner,30,1,penalty,floor,30,300000,-2870,True,3,-2870,10927,10927
knapsack,spanner,30,1,penalty,floor,30,300000,-2870,True,4,-2870,18253,18253
knapsack,spanner,30,1,penalty,floor,30,300000,-2870,True,5,-2870,79654,79654
knapsack,spanner,30,1,penalty,floor,30,300000,-2870,True,6,-2870,19009,19009
knapsack,spanner,30,1,penalty,floor,30,300000,-2870,True,7,-2870,4845,4845
knapsack,spanner,30,1,penalty,floor,30,300000,-2870,True,8,-2870,46836,46836
knapsack,spanner,30,1,penalty,floor,30,300000,-2870,True,9,-2870,50530,50530
knapsack,spanner,30,1,penalty,floor,30,300000,-2870,True,10,-2870,6657,6657
knapsack,spanner,30,1,penalty,floor,30,300000,-2870,True,11,-2870,6630,6630
knapsack,spanner,30,1,penalty,floor,30,300000,-2870,True,12,-2870,32791,32791
knapsack,spanner,30,1,penalty,floor,30,300000,-2870,True,13,-2870,43351,43351
knapsack,spanner,30,1,penalty,floor,30,300000,-2870,True,14,-2870,35639,35639
knapsack,spanner,30,1,penalty,floor,30,300000,-2870,True,15,-2870,45967,45967
knapsack,spanner,30,1,penalty,floor,30,300000,-2870,True,16,-2870,32092,32092
knapsack,spanner,30,1,penalty,floor,30,300000,-2870,True,17,-2870,7446,7446
knapsack,spanner,30,1,penalty,floor,30,300000,-2870,True,18,-2870,16139,16139
knapsack,spanner,30,1,penalty,floor,30,300000,-2870,True,19,-2870,8566,8566
knapsack,spanner,30,1,penalty,floor,30,300000,-2870,True,20,-2870,44190,44190
knapsack,spanner,30,1,penalty,floor,30,300000,-2870,True,21,-2870,47896,47896
knapsack,spanner,30,1,penalty,floor,30,300000,-2870,True,22,-2870,29275,29275
knapsack,spanner,30,1,penalty,floor,30,300000,-2870,True,23,-2870,34697,34697
knapsack,spanner,30,1,penalty,floor,30,300000,-2870,True,24,-2870,30938,30938
knapsack,spanner,30,1,penalty,floor,30,300000,-2870,True,25,-2870,81260,81260
knapsack,spanner,30,1,penalty,floor,30,300000,-2870,True,26,-2870,1301,1301
knapsack,spanner,30,1,penalty,floor,30,300000,-2870,True,27,-2870,29099,29099
knapsack,spanner,30,1,penalty,floor,30,300000,-2870,True,28,-2870,10475,10475
knapsack,spanner,30,1,penalty,floor,30,300000,-2870,True,29,-2870,15012,15012
knapsack,spanner,30,1,penalty,floor,30,300000,-2870,True,30,-2870,4571,4571
knapsack,spanner,30,1,penalty,ils,30,300000,-2870,True,0,-2870,205,205
knapsack,spanner,30,1,penalty,ils,30,300000,-2870,True,1,-2870,300,300
knapsack,spanner,30,1,penalty,ils,30,300000,-2870,True,2,-2870,934,934
knapsack,spanner,30,1,penalty,ils,30,300000,-2870,True,3,-2870,598,598
knapsack,spanner,30,1,penalty,ils,30,300000,-2870,True,4,-2870,231,231
knapsack,spanner,30,1,penalty,ils,30,300000,-2870,True,5,-2870,168,168
knapsack,spanner,30,1,penalty,ils,30,300000,-2870,True,6,-2870,525,525
knapsack,spanner,30,1,penalty,ils,30,300000,-2870,True,7,-2870,555,555
knapsack,spanner,30,1,penalty,ils,30,300000,-2870,True,8,-2870,514,514
knapsack,spanner,30,1,penalty,ils,30,300000,-2870,True,9,-2870,346,346
knapsack,spanner,30,1,penalty,ils,30,300000,-2870,True,10,-2870,314,314
knapsack,spanner,30,1,penalty,ils,30,300000,-2870,True,11,-2870,675,675
knapsack,spanner,30,1,penalty,ils,30,300000,-2870,True,12,-2870,754,754
knapsack,spanner,30,1,penalty,ils,30,300000,-2870,True,13,-2870,306,306
knapsack,spanner,30,1,penalty,ils,30,300000,-2870,True,14,-2870,138,138
knapsack,spanner,30,1,penalty,ils,30,300000,-2870,True,15,-2870,676,676
knapsack,spanner,30,1,penalty,ils,30,300000,-2870,True,16,-2870,222,222
knapsack,spanner,30,1,penalty,ils,30,300000,-2870,True,17,-2870,447,447
knapsack,spanner,30,1,penalty,ils,30,300000,-2870,True,18,-2870,342,342
knapsack,spanner,30,1,penalty,ils,30,300000,-2870,True,19,-2870,311,311
knapsack,spanner,30,1,penalty,ils,30,300000,-2870,True,20,-2870,562,562
knapsack,spanner,30,1,penalty,ils,30,300000,-2870,True,21,-2870,170,170
knapsack,spanner,30,1,penalty,ils,30,300000,-2870,True,22,-2870,671,671
knapsack,spanner,30,1,penalty,ils,30,300000,-2870,True,23,-2870,407,407
knapsack,spanner,30,1,penalty,ils,30,300000,-2870,True,24,-2870,134,134
knapsack,spanner,30,1,penalty,ils,30,300000,-2870,True,25,-2870,1008,1008
knapsack,spanner,30,1,penalty,ils,30,300000,-2870,True,26,-2870,362,362
knapsack,spanner,30,1,penalty,ils,30,300000,-2870,True,27,-2870,968,968
knapsack,spanner,30,1,penalty,ils,30,300000,-2870,True,28,-2870,324,324
knapsack,spanner,30,1,penalty,ils,30,300000,-2870,True,29,-2870,314,314
knapsack,spanner,30,1,penalty,ils,30,300000,-2870,True,30,-2870,1023,1023
knapsack,spanner,30,1,penalty,mga,30,300000,-2870,True,0,-2870,42783,42783
knapsack,spanner,30,1,penalty,mga,30,300000,-2870,True,1,-2870,1276,1276
knapsack,spanner,30,1,penalty,mga,30,300000,-2870,True,2,-2870,805,805
knapsack,spanner,30,1,penalty,mga,30,300000,-2870,True,3,-2870,742,742
knapsack,spanner,30,1,penalty,mga,30,300000,-2870,True,4,-2870,2206,2206
knapsack,spanner,30,1,penalty,mga,30,300000,-2870,True,5,-2870,813,813
knapsack,spanner,30,1,penalty,mga,30,300000,-2870,True,6,-2870,737,737
knapsack,spanner,30,1,penalty,mga,30,300000,-2870,True,7,-2870,40952,40952
knapsack,spanner,30,1,penalty,mga,30,300000,-2870,True,8,-2870,4570,4570
knapsack,spanner,30,1,penalty,mga,30,300000,-2870,True,9,-2870,3268,3268
knapsack,spanner,30,1,penalty,mga,30,300000,-2870,True,10,-2870,2897,2897
knapsack,spanner,30,1,penalty,mga,30,300000,-2870,True,11,-2870,1525,1525
knapsack,spanner,30,1,penalty,mga,30,300000,-2870,True,12,-2870,1738,1738
knapsack,spanner,30,1,penalty,mga,30,300000,-2870,True,13,-2870,1305,1305
knapsack,spanner,30,1,penalty,mga,30,300000,-2870,True,14,-2870,22144,22144
knapsack,spanner,30,1,penalty,mga,30,300000,-2870,True,15,-2870,24252,24252
knapsack,spanner,30,1,penalty,mga,30,300000,-2870,True,16,-2870,10333,10333
knapsack,spanner,30,1,penalty,mga,30,300000,-2870,True,17,-2870,2384,2384
knapsack,spanner,30,1,penalty,mga,30,300000,-2870,True,18,-2870,30582,30582
knapsack,spanner,30,1,penalty,mga,30,300000,-2870,True,19,-2870,34486,34486
knapsack,spanner,30,1,penalty,mga,30,300000,-2870,True,20,-2870,20190,20190
knapsack,spanner,30,1,penalty,mga,30,300000,-2870,True,21,-2870,1180,1180
knapsack,spanner,30,1,penalty,mga,30,300000,-2870,True,22,-2870,36562,36562
knapsack,spanner,30,1,penalty,mga,30,300000,-2870,True,23,-2870,2044,2044
knapsack,spanner,30,1,penalty,mga,30,300000,-2870,True,24,-2870,3749,3749
knapsack,spanner,30,1,penalty,mga,30,300000,-2870,True,25,-2870,6778,6778
knapsack,spanner,30,1,penalty,mga,30,300000,-2870,True,26,-2870,7830,7830
knapsack,spanner,30,1,penalty,mga,30,300000,-2870,True,27,-2870,1419,1419
knapsack,spanner,30,1,penalty,mga,30,300000,-2870,True,28,-2870,391,391
knapsack,spanner,30,1,penalty,mga,30,300000,-2870,True,29,-2870,1236,1236
knapsack,spanner,30,1,penalty,mga,30,300000,-2870,True,30,-2870,1370,1370
knapsack,spanner,30,1,repair,floor,30,300000,-2870,True,0,-2870,31,31
knapsack,spanner,30,1,repair,floor,30,300000,-2870,True,1,-2870,62,62
knapsack,spanner,30,1,repair,floor,30,300000,-2870,True,2,-2870,32,32
knapsack,spanner,30,1,repair,floor,30,300000,-2870,True,3,-2870,61,61
knapsack,spanner,30,1,repair,floor,30,300000,-2870,True,4,-2870,31,31
knapsack,spanner,30,1,repair,floor,30,300000,-2870,True,5,-2870,31,31
knapsack,spanner,30,1,repair,floor,30,300000,-2870,True,6,-2870,32,32
knapsack,spanner,30,1,repair,floor,30,300000,-2870,True,7,-2870,31,31
knapsack,spanner,30,1,repair,floor,30,300000,-2870,True,8,-2870,31,31
knapsack,spanner,30,1,repair,floor,30,300000,-2870,True,9,-2870,31,31
knapsack,spanner,30,1,repair,floor,30,300000,-2870,True,10,-2870,62,62
knapsack,spanner,30,1,repair,floor,30,300000,-2870,True,11,-2870,31,31
knapsack,spanner,30,1,repair,floor,30,300000,-2870,True,12,-2870,62,62
knapsack,spanner,30,1,repair,floor,30,300000,-2870,True,13,-2870,31,31
knapsack,spanner,30,1,repair,floor,30,300000,-2870,True,14,-2870,31,31
knapsack,spanner,30,1,repair,floor,30,300000,-2870,True,15,-2870,31,31
knapsack,spanner,30,1,repair,floor,30,300000,-2870,True,16,-2870,62,62
knapsack,spanner,30,1,repair,floor,30,300000,-2870,True,17,-2870,31,31
knapsack,spanner,30,1,repair,floor,30,300000,-2870,True,18,-2870,61,61
knapsack,spanner,30,1,repair,floor,30,300000,-2870,True,19,-2870,31,31
knapsack,spanner,30,1,repair,floor,30,300000,-2870,True,20,-2870,62,62
knapsack,spanner,30,1,repair,floor,30,300000,-2870,True,21,-2870,31,31
knapsack,spanner,30,1,repair,floor,30,300000,-2870,True,22,-2870,31,31
knapsack,spanner,30,1,repair,floor,30,300000,-2870,True,23,-2870,62,62
knapsack,spanner,30,1,repair,floor,30,300000,-2870,True,24,-2870,31,31
knapsack,spanner,30,1,repair,floor,30,300000,-2870,True,25,-2870,31,31
knapsack,spanner,30,1,repair,floor,30,300000,-2870,True,26,-2870,62,62
knapsack,spanner,30,1,repair,floor,30,300000,-2870,True,27,-2870,62,62
knapsack,spanner,30,1,repair,floor,30,300000,-2870,True,28,-2870,62,62
knapsack,spanner,30,1,repair,floor,30,300000,-2870,True,29,-2870,31,31
knapsack,spanner,30,1,repair,floor,30,300000,-2870,True,30,-2870,32,32
knapsack,spanner,30,1,repair,ils,30,300000,-2870,True,0,-2870,33,33
knapsack,spanner,30,1,repair,ils,30,300000,-2870,True,1,-2870,48,48
knapsack,spanner,30,1,repair,ils,30,300000,-2870,True,2,-2870,31,31
knapsack,spanner,30,1,repair,ils,30,300000,-2870,True,3,-2870,31,31
knapsack,spanner,30,1,repair,ils,30,300000,-2870,True,4,-2870,51,51
knapsack,spanner,30,1,repair,ils,30,300000,-2870,True,5,-2870,59,59
knapsack,spanner,30,1,repair,ils,30,300000,-2870,True,6,-2870,31,31
knapsack,spanner,30,1,repair,ils,30,300000,-2870,True,7,-2870,73,73
knapsack,spanner,30,1,repair,ils,30,300000,-2870,True,8,-2870,31,31
knapsack,spanner,30,1,repair,ils,30,300000,-2870,True,9,-2870,31,31
knapsack,spanner,30,1,repair,ils,30,300000,-2870,True,10,-2870,32,32
knapsack,spanner,30,1,repair,ils,30,300000,-2870,True,11,-2870,56,56
knapsack,spanner,30,1,repair,ils,30,300000,-2870,True,12,-2870,48,48
knapsack,spanner,30,1,repair,ils,30,300000,-2870,True,13,-2870,52,52
knapsack,spanner,30,1,repair,ils,30,300000,-2870,True,14,-2870,32,32
knapsack,spanner,30,1,repair,ils,30,300000,-2870,True,15,-2870,31,31
knapsack,spanner,30,1,repair,ils,30,300000,-2870,True,16,-2870,41,41
knapsack,spanner,30,1,repair,ils,30,300000,-2870,True,17,-2870,31,31
knapsack,spanner,30,1,repair,ils,30,300000,-2870,True,18,-2870,61,61
knapsack,spanner,30,1,repair,ils,30,300000,-2870,True,19,-2870,34,34
knapsack,spanner,30,1,repair,ils,30,300000,-2870,True,20,-2870,51,51
knapsack,spanner,30,1,repair,ils,30,300000,-2870,True,21,-2870,31,31
knapsack,spanner,30,1,repair,ils,30,300000,-2870,True,22,-2870,62,62
knapsack,spanner,30,1,repair,ils,30,300000,-2870,True,23,-2870,37,37
knapsack,spanner,30,1,repair,ils,30,300000,-2870,True,24,-2870,31,31
knapsack,spanner,30,1,repair,ils,30,300000,-2870,True,25,-2870,31,31
knapsack,spanner,30,1,repair,ils,30,300000,-2870,True,26,-2870,41,41
knapsack,spanner,30,1,repair,ils,30,300000,-2870,True,27,-2870,34,34
knapsack,spanner,30,1,repair,ils,30,300000,-2870,True,28,-2870,34,34
knapsack,spanner,30,1,repair,ils,30,300000,-2870,True,29,-2870,31,31
knapsack,spanner,30,1,repair,ils,30,300000,-2870,True,30,-2870,31,31
knapsack,spanner,30,1,repair,mga,30,300000,-2870,True,0,-2870,30,30
knapsack,spanner,30,1,repair,mga,30,300000,-2870,True,1,-2870,30,30
knapsack,spanner,30,1,repair,mga,30,300000,-2870,True,2,-2870,30,30
knapsack,spanner,30,1,repair,mga,30,300000,-2870,True,3,-2870,30,30
knapsack,spanner,30,1,repair,mga,30,300000,-2870,True,4,-2870,30,30
knapsack,spanner,30,1,repair,mga,30,300000,-2870,True,5,-2870,30,30
knapsack,spanner,30,1,repair,mga,30,300000,-2870,True,6,-2870,30,30
knapsack,spanner,30,1,repair,mga,30,300000,-2870,True,7,-2870,30,30
knapsack,spanner,30,1,repair,mga,30,300000,-2870,True,8,-2870,30,30
knapsack,spanner,30,1,repair,mga,30,300000,-2870,True,9,-2870,30,30
knapsack,spanner,30,1,repair,mga,30,300000,-2870,True,10,-2870,30,30
knapsack,spanner,30,1,repair,mga,30,300000,-2870,True,11,-2870,30,30
knapsack,spanner,30,1,repair,mga,30,300000,-2870,True,12,-2870,30,30
knapsack,spanner,30,1,repair,mga,30,300000,-2870,True,13,-2870,30,30
knapsack,spanner,30,1,repair,mga,30,300000,-2870,True,14,-2870,30,30
knapsack,spanner,30,1,repair,mga,30,300000,-2870,True,15,-2870,30,30
knapsack,spanner,30,1,repair,mga,30,300000,-2870,True,16,-2870,30,30
knapsack,spanner,30,1,repair,mga,30,300000,-2870,True,17,-2870,30,30
knapsack,spanner,30,1,repair,mga,30,300000,-2870,True,18,-2870,30,30
knapsack,spanner,30,1,repair,mga,30,300000,-2870,True,19,-2870,30,30
knapsack,spanner,30,1,repair,mga,30,300000,-2870,True,20,-2870,30,30
knapsack,spanner,30,1,repair,mga,30,300000,-2870,True,21,-2870,30,30
knapsack,spanner,30,1,repair,mga,30,300000,-2870,True,22,-2870,30,30
knapsack,spanner,30,1,repair,mga,30,300000,-2870,True,23,-2870,30,30
knapsack,spanner,30,1,repair,mga,30,300000,-2870,True,24,-2870,30,30
knapsack,spanner,30,1,repair,mga,30,300000,-2870,True,25,-2870,30,30
knapsack,spanner,30,1,repair,mga,30,300000,-2870,True,26,-2870,30,30
knapsack,spanner,30,1,repair,mga,30,300000,-2870,True,27,-2870,30,30
knapsack,spanner,30,1,repair,mga,30,300000,-2870,True,28,-2870,30,30
knapsack,spanner,30,1,repair,mga,30,300000,-2870,True,29,-2870,30,30
knapsack,spanner,30,1,repair,mga,30,300000,-2870,True,30,-2870,30,30
knapsack,spanner,30,2,penalty,floor,30,300000,-5150,True,0,-5145,,300000
knapsack,spanner,30,2,penalty,floor,30,300000,-5150,True,1,-5145,,300000
knapsack,spanner,30,2,penalty,floor,30,300000,-5150,True,2,-5145,,300000
knapsack,spanner,30,2,penalty,floor,30,300000,-5150,True,3,-5145,,300000
knapsack,spanner,30,2,penalty,floor,30,300000,-5150,True,4,-5150,267894,267894
knapsack,spanner,30,2,penalty,floor,30,300000,-5150,True,5,-5145,,300000
knapsack,spanner,30,2,penalty,floor,30,300000,-5150,True,6,-5145,,300000
knapsack,spanner,30,2,penalty,floor,30,300000,-5150,True,7,-5145,,300000
knapsack,spanner,30,2,penalty,floor,30,300000,-5150,True,8,-5145,,300000
knapsack,spanner,30,2,penalty,floor,30,300000,-5150,True,9,-5134,,300000
knapsack,spanner,30,2,penalty,floor,30,300000,-5150,True,10,-5145,,300000
knapsack,spanner,30,2,penalty,floor,30,300000,-5150,True,11,-5145,,300000
knapsack,spanner,30,2,penalty,floor,30,300000,-5150,True,12,-5145,,300000
knapsack,spanner,30,2,penalty,floor,30,300000,-5150,True,13,-5145,,300000
knapsack,spanner,30,2,penalty,floor,30,300000,-5150,True,14,-5145,,300000
knapsack,spanner,30,2,penalty,floor,30,300000,-5150,True,15,-5145,,300000
knapsack,spanner,30,2,penalty,floor,30,300000,-5150,True,16,-5145,,300000
knapsack,spanner,30,2,penalty,floor,30,300000,-5150,True,17,-5145,,300000
knapsack,spanner,30,2,penalty,floor,30,300000,-5150,True,18,-5145,,300000
knapsack,spanner,30,2,penalty,floor,30,300000,-5150,True,19,-5145,,300000
knapsack,spanner,30,2,penalty,floor,30,300000,-5150,True,20,-5145,,300000
knapsack,spanner,30,2,penalty,floor,30,300000,-5150,True,21,-5145,,300000
knapsack,spanner,30,2,penalty,floor,30,300000,-5150,True,22,-5145,,300000
knapsack,spanner,30,2,penalty,floor,30,300000,-5150,True,23,-5145,,300000
knapsack,spanner,30,2,penalty,floor,30,300000,-5150,True,24,-5145,,300000
knapsack,spanner,30,2,penalty,floor,30,300000,-5150,True,25,-5145,,300000
knapsack,spanner,30,2,penalty,floor,30,300000,-5150,True,26,-5145,,300000
knapsack,spanner,30,2,penalty,floor,30,300000,-5150,True,27,-5145,,300000
knapsack,spanner,30,2,penalty,floor,30,300000,-5150,True,28,-5145,,300000
knapsack,spanner,30,2,penalty,floor,30,300000,-5150,True,29,-5145,,300000
knapsack,spanner,30,2,penalty,floor,30,300000,-5150,True,30,-5145,,300000
knapsack,spanner,30,2,penalty,ils,30,300000,-5150,True,0,-5150,50724,50724
knapsack,spanner,30,2,penalty,ils,30,300000,-5150,True,1,-5150,285477,285477
knapsack,spanner,30,2,penalty,ils,30,300000,-5150,True,2,-5150,64032,64032
knapsack,spanner,30,2,penalty,ils,30,300000,-5150,True,3,-5150,95614,95614
knapsack,spanner,30,2,penalty,ils,30,300000,-5150,True,4,-5150,2675,2675
knapsack,spanner,30,2,penalty,ils,30,300000,-5150,True,5,-5150,9482,9482
knapsack,spanner,30,2,penalty,ils,30,300000,-5150,True,6,-5150,76330,76330
knapsack,spanner,30,2,penalty,ils,30,300000,-5150,True,7,-5150,24737,24737
knapsack,spanner,30,2,penalty,ils,30,300000,-5150,True,8,-5150,62822,62822
knapsack,spanner,30,2,penalty,ils,30,300000,-5150,True,9,-5150,148805,148805
knapsack,spanner,30,2,penalty,ils,30,300000,-5150,True,10,-5150,218420,218420
knapsack,spanner,30,2,penalty,ils,30,300000,-5150,True,11,-5150,131060,131060
knapsack,spanner,30,2,penalty,ils,30,300000,-5150,True,12,-5150,5511,5511
knapsack,spanner,30,2,penalty,ils,30,300000,-5150,True,13,-5150,50910,50910
knapsack,spanner,30,2,penalty,ils,30,300000,-5150,True,14,-5150,71309,71309
knapsack,spanner,30,2,penalty,ils,30,300000,-5150,True,15,-5150,88759,88759
knapsack,spanner,30,2,penalty,ils,30,300000,-5150,True,16,-5150,272301,272301
knapsack,spanner,30,2,penalty,ils,30,300000,-5150,True,17,-5145,,300000
knapsack,spanner,30,2,penalty,ils,30,300000,-5150,True,18,-5150,84200,84200
knapsack,spanner,30,2,penalty,ils,30,300000,-5150,True,19,-5150,24304,24304
knapsack,spanner,30,2,penalty,ils,30,300000,-5150,True,20,-5150,9141,9141
knapsack,spanner,30,2,penalty,ils,30,300000,-5150,True,21,-5150,227581,227581
knapsack,spanner,30,2,penalty,ils,30,300000,-5150,True,22,-5150,60838,60838
knapsack,spanner,30,2,penalty,ils,30,300000,-5150,True,23,-5150,186064,186064
knapsack,spanner,30,2,penalty,ils,30,300000,-5150,True,24,-5150,45636,45636
knapsack,spanner,30,2,penalty,ils,30,300000,-5150,True,25,-5150,34452,34452
knapsack,spanner,30,2,penalty,ils,30,300000,-5150,True,26,-5150,121587,121587
knapsack,spanner,30,2,penalty,ils,30,300000,-5150,True,27,-5150,88336,88336
knapsack,spanner,30,2,penalty,ils,30,300000,-5150,True,28,-5150,137520,137520
knapsack,spanner,30,2,penalty,ils,30,300000,-5150,True,29,-5150,51377,51377
knapsack,spanner,30,2,penalty,ils,30,300000,-5150,True,30,-5150,49796,49796
knapsack,spanner,30,2,penalty,mga,30,300000,-5150,True,0,-5145,,300000
knapsack,spanner,30,2,penalty,mga,30,300000,-5150,True,1,-5145,,300000
knapsack,spanner,30,2,penalty,mga,30,300000,-5150,True,2,-5150,163259,163259
knapsack,spanner,30,2,penalty,mga,30,300000,-5150,True,3,-5150,16710,16710
knapsack,spanner,30,2,penalty,mga,30,300000,-5150,True,4,-5150,61530,61530
knapsack,spanner,30,2,penalty,mga,30,300000,-5150,True,5,-5150,34950,34950
knapsack,spanner,30,2,penalty,mga,30,300000,-5150,True,6,-5150,4953,4953
knapsack,spanner,30,2,penalty,mga,30,300000,-5150,True,7,-5150,11670,11670
knapsack,spanner,30,2,penalty,mga,30,300000,-5150,True,8,-5150,24816,24816
knapsack,spanner,30,2,penalty,mga,30,300000,-5150,True,9,-5145,,300000
knapsack,spanner,30,2,penalty,mga,30,300000,-5150,True,10,-5150,249868,249868
knapsack,spanner,30,2,penalty,mga,30,300000,-5150,True,11,-5150,51270,51270
knapsack,spanner,30,2,penalty,mga,30,300000,-5150,True,12,-5145,,300000
knapsack,spanner,30,2,penalty,mga,30,300000,-5150,True,13,-5150,60839,60839
knapsack,spanner,30,2,penalty,mga,30,300000,-5150,True,14,-5150,104676,104676
knapsack,spanner,30,2,penalty,mga,30,300000,-5150,True,15,-5150,76710,76710
knapsack,spanner,30,2,penalty,mga,30,300000,-5150,True,16,-5145,,300000
knapsack,spanner,30,2,penalty,mga,30,300000,-5150,True,17,-5150,6105,6105
knapsack,spanner,30,2,penalty,mga,30,300000,-5150,True,18,-5150,60539,60539
knapsack,spanner,30,2,penalty,mga,30,300000,-5150,True,19,-5150,19419,19419
knapsack,spanner,30,2,penalty,mga,30,300000,-5150,True,20,-5150,21030,21030
knapsack,spanner,30,2,penalty,mga,30,300000,-5150,True,21,-5150,21270,21270
knapsack,spanner,30,2,penalty,mga,30,300000,-5150,True,22,-5145,,300000
knapsack,spanner,30,2,penalty,mga,30,300000,-5150,True,23,-5150,23610,23610
knapsack,spanner,30,2,penalty,mga,30,300000,-5150,True,24,-5150,127230,127230
knapsack,spanner,30,2,penalty,mga,30,300000,-5150,True,25,-5150,65376,65376
knapsack,spanner,30,2,penalty,mga,30,300000,-5150,True,26,-5150,162599,162599
knapsack,spanner,30,2,penalty,mga,30,300000,-5150,True,27,-5150,107776,107776
knapsack,spanner,30,2,penalty,mga,30,300000,-5150,True,28,-5145,,300000
knapsack,spanner,30,2,penalty,mga,30,300000,-5150,True,29,-5150,36936,36936
knapsack,spanner,30,2,penalty,mga,30,300000,-5150,True,30,-5150,13865,13865
knapsack,spanner,30,2,repair,floor,30,300000,-5150,True,0,-5150,1879,1879
knapsack,spanner,30,2,repair,floor,30,300000,-5150,True,1,-5150,1092,1092
knapsack,spanner,30,2,repair,floor,30,300000,-5150,True,2,-5150,122,122
knapsack,spanner,30,2,repair,floor,30,300000,-5150,True,3,-5150,454,454
knapsack,spanner,30,2,repair,floor,30,300000,-5150,True,4,-5150,61,61
knapsack,spanner,30,2,repair,floor,30,300000,-5150,True,5,-5150,395,395
knapsack,spanner,30,2,repair,floor,30,300000,-5150,True,6,-5150,851,851
knapsack,spanner,30,2,repair,floor,30,300000,-5150,True,7,-5150,182,182
knapsack,spanner,30,2,repair,floor,30,300000,-5150,True,8,-5150,1489,1489
knapsack,spanner,30,2,repair,floor,30,300000,-5150,True,9,-5150,2848,2848
knapsack,spanner,30,2,repair,floor,30,300000,-5150,True,10,-5150,426,426
knapsack,spanner,30,2,repair,floor,30,300000,-5150,True,11,-5150,2824,2824
knapsack,spanner,30,2,repair,floor,30,300000,-5150,True,12,-5150,183,183
knapsack,spanner,30,2,repair,floor,30,300000,-5150,True,13,-5150,638,638
knapsack,spanner,30,2,repair,floor,30,300000,-5150,True,14,-5150,2856,2856
knapsack,spanner,30,2,repair,floor,30,300000,-5150,True,15,-5150,607,607
knapsack,spanner,30,2,repair,floor,30,300000,-5150,True,16,-5150,61,61
knapsack,spanner,30,2,repair,floor,30,300000,-5150,True,17,-5150,426,426
knapsack,spanner,30,2,repair,floor,30,300000,-5150,True,18,-5150,4492,4492
knapsack,spanner,30,2,repair,floor,30,300000,-5150,True,19,-5150,2097,2097
knapsack,spanner,30,2,repair,floor,30,300000,-5150,True,20,-5150,4282,4282
knapsack,spanner,30,2,repair,floor,30,300000,-5150,True,21,-5150,6128,6128
knapsack,spanner,30,2,repair,floor,30,300000,-5150,True,22,-5150,3036,3036
knapsack,spanner,30,2,repair,floor,30,300000,-5150,True,23,-5150,456,456
knapsack,spanner,30,2,repair,floor,30,300000,-5150,True,24,-5150,1609,1609
knapsack,spanner,30,2,repair,floor,30,300000,-5150,True,25,-5150,3487,3487
knapsack,spanner,30,2,repair,floor,30,300000,-5150,True,26,-5150,514,514
knapsack,spanner,30,2,repair,floor,30,300000,-5150,True,27,-5150,213,213
knapsack,spanner,30,2,repair,floor,30,300000,-5150,True,28,-5150,4067,4067
knapsack,spanner,30,2,repair,floor,30,300000,-5150,True,29,-5150,31,31
knapsack,spanner,30,2,repair,floor,30,300000,-5150,True,30,-5150,729,729
knapsack,spanner,30,2,repair,ils,30,300000,-5150,True,0,-5150,2951,2951
knapsack,spanner,30,2,repair,ils,30,300000,-5150,True,1,-5150,1133,1133
knapsack,spanner,30,2,repair,ils,30,300000,-5150,True,2,-5150,68,68
knapsack,spanner,30,2,repair,ils,30,300000,-5150,True,3,-5150,1617,1617
knapsack,spanner,30,2,repair,ils,30,300000,-5150,True,4,-5150,253,253
knapsack,spanner,30,2,repair,ils,30,300000,-5150,True,5,-5150,155,155
knapsack,spanner,30,2,repair,ils,30,300000,-5150,True,6,-5150,1115,1115
knapsack,spanner,30,2,repair,ils,30,300000,-5150,True,7,-5150,1145,1145
knapsack,spanner,30,2,repair,ils,30,300000,-5150,True,8,-5150,346,346
knapsack,spanner,30,2,repair,ils,30,300000,-5150,True,9,-5150,371,371
knapsack,spanner,30,2,repair,ils,30,300000,-5150,True,10,-5150,471,471
knapsack,spanner,30,2,repair,ils,30,300000,-5150,True,11,-5150,81,81
knapsack,spanner,30,2,repair,ils,30,300000,-5150,True,12,-5150,147,147
knapsack,spanner,30,2,repair,ils,30,300000,-5150,True,13,-5150,474,474
knapsack,spanner,30,2,repair,ils,30,300000,-5150,True,14,-5150,1261,1261
knapsack,spanner,30,2,repair,ils,30,300000,-5150,True,15,-5150,2201,2201
knapsack,spanner,30,2,repair,ils,30,300000,-5150,True,16,-5150,1370,1370
knapsack,spanner,30,2,repair,ils,30,300000,-5150,True,17,-5150,829,829
knapsack,spanner,30,2,repair,ils,30,300000,-5150,True,18,-5150,371,371
knapsack,spanner,30,2,repair,ils,30,300000,-5150,True,19,-5150,5090,5090
knapsack,spanner,30,2,repair,ils,30,300000,-5150,True,20,-5150,733,733
knapsack,spanner,30,2,repair,ils,30,300000,-5150,True,21,-5150,2905,2905
knapsack,spanner,30,2,repair,ils,30,300000,-5150,True,22,-5150,435,435
knapsack,spanner,30,2,repair,ils,30,300000,-5150,True,23,-5150,3764,3764
knapsack,spanner,30,2,repair,ils,30,300000,-5150,True,24,-5150,177,177
knapsack,spanner,30,2,repair,ils,30,300000,-5150,True,25,-5150,5247,5247
knapsack,spanner,30,2,repair,ils,30,300000,-5150,True,26,-5150,3839,3839
knapsack,spanner,30,2,repair,ils,30,300000,-5150,True,27,-5150,537,537
knapsack,spanner,30,2,repair,ils,30,300000,-5150,True,28,-5150,2272,2272
knapsack,spanner,30,2,repair,ils,30,300000,-5150,True,29,-5150,93,93
knapsack,spanner,30,2,repair,ils,30,300000,-5150,True,30,-5150,183,183
knapsack,spanner,30,2,repair,mga,30,300000,-5150,True,0,-5150,330,330
knapsack,spanner,30,2,repair,mga,30,300000,-5150,True,1,-5150,178,178
knapsack,spanner,30,2,repair,mga,30,300000,-5150,True,2,-5150,398,398
knapsack,spanner,30,2,repair,mga,30,300000,-5150,True,3,-5150,270,270
knapsack,spanner,30,2,repair,mga,30,300000,-5150,True,4,-5150,270,270
knapsack,spanner,30,2,repair,mga,30,300000,-5150,True,5,-5150,118,118
knapsack,spanner,30,2,repair,mga,30,300000,-5150,True,6,-5150,164,164
knapsack,spanner,30,2,repair,mga,30,300000,-5150,True,7,-5150,238,238
knapsack,spanner,30,2,repair,mga,30,300000,-5150,True,8,-5150,150,150
knapsack,spanner,30,2,repair,mga,30,300000,-5150,True,9,-5150,90,90
knapsack,spanner,30,2,repair,mga,30,300000,-5150,True,10,-5150,90,90
knapsack,spanner,30,2,repair,mga,30,300000,-5150,True,11,-5150,210,210
knapsack,spanner,30,2,repair,mga,30,300000,-5150,True,12,-5150,210,210
knapsack,spanner,30,2,repair,mga,30,300000,-5150,True,13,-5150,210,210
knapsack,spanner,30,2,repair,mga,30,300000,-5150,True,14,-5150,270,270
knapsack,spanner,30,2,repair,mga,30,300000,-5150,True,15,-5150,150,150
knapsack,spanner,30,2,repair,mga,30,300000,-5150,True,16,-5150,1017,1017
knapsack,spanner,30,2,repair,mga,30,300000,-5150,True,17,-5150,150,150
knapsack,spanner,30,2,repair,mga,30,300000,-5150,True,18,-5150,107,107
knapsack,spanner,30,2,repair,mga,30,300000,-5150,True,19,-5150,289,289
knapsack,spanner,30,2,repair,mga,30,300000,-5150,True,20,-5150,648,648
knapsack,spanner,30,2,repair,mga,30,300000,-5150,True,21,-5150,5451,5451
knapsack,spanner,30,2,repair,mga,30,300000,-5150,True,22,-5150,3511,3511
knapsack,spanner,30,2,repair,mga,30,300000,-5150,True,23,-5150,3172,3172
knapsack,spanner,30,2,repair,mga,30,300000,-5150,True,24,-5150,90,90
knapsack,spanner,30,2,repair,mga,30,300000,-5150,True,25,-5150,7530,7530
knapsack,spanner,30,2,repair,mga,30,300000,-5150,True,26,-5150,107,107
knapsack,spanner,30,2,repair,mga,30,300000,-5150,True,27,-5150,214,214
knapsack,spanner,30,2,repair,mga,30,300000,-5150,True,28,-5150,750,750
knapsack,spanner,30,2,repair,mga,30,300000,-5150,True,29,-5150,895,895
knapsack,spanner,30,2,repair,mga,30,300000,-5150,True,30,-5150,210,210
knapsack,spanner,50,0,penalty,floor,50,500000,-8083,True,0,-8075,,500000
knapsack,spanner,50,0,penalty,floor,50,500000,-8083,True,1,-8079,,500000
knapsack,spanner,50,0,penalty,floor,50,500000,-8083,True,2,-8044,,500000
knapsack,spanner,50,0,penalty,floor,50,500000,-8083,True,3,-8075,,500000
knapsack,spanner,50,0,penalty,floor,50,500000,-8083,True,4,-8079,,500000
knapsack,spanner,50,0,penalty,floor,50,500000,-8083,True,5,-8075,,500000
knapsack,spanner,50,0,penalty,floor,50,500000,-8083,True,6,-8079,,500000
knapsack,spanner,50,0,penalty,floor,50,500000,-8083,True,7,-8052,,500000
knapsack,spanner,50,0,penalty,floor,50,500000,-8083,True,8,-8075,,500000
knapsack,spanner,50,0,penalty,floor,50,500000,-8083,True,9,-8044,,500000
knapsack,spanner,50,0,penalty,floor,50,500000,-8083,True,10,-8075,,500000
knapsack,spanner,50,0,penalty,floor,50,500000,-8083,True,11,-8044,,500000
knapsack,spanner,50,0,penalty,floor,50,500000,-8083,True,12,-8013,,500000
knapsack,spanner,50,0,penalty,floor,50,500000,-8083,True,13,-8013,,500000
knapsack,spanner,50,0,penalty,floor,50,500000,-8083,True,14,-8044,,500000
knapsack,spanner,50,0,penalty,floor,50,500000,-8083,True,15,-8075,,500000
knapsack,spanner,50,0,penalty,floor,50,500000,-8083,True,16,-8075,,500000
knapsack,spanner,50,0,penalty,floor,50,500000,-8083,True,17,-8044,,500000
knapsack,spanner,50,0,penalty,floor,50,500000,-8083,True,18,-8075,,500000
knapsack,spanner,50,0,penalty,floor,50,500000,-8083,True,19,-8079,,500000
knapsack,spanner,50,0,penalty,floor,50,500000,-8083,True,20,-8044,,500000
knapsack,spanner,50,0,penalty,floor,50,500000,-8083,True,21,-8044,,500000
knapsack,spanner,50,0,penalty,floor,50,500000,-8083,True,22,-8079,,500000
knapsack,spanner,50,0,penalty,floor,50,500000,-8083,True,23,-8044,,500000
knapsack,spanner,50,0,penalty,floor,50,500000,-8083,True,24,-8044,,500000
knapsack,spanner,50,0,penalty,floor,50,500000,-8083,True,25,-8044,,500000
knapsack,spanner,50,0,penalty,floor,50,500000,-8083,True,26,-8044,,500000
knapsack,spanner,50,0,penalty,floor,50,500000,-8083,True,27,-8044,,500000
knapsack,spanner,50,0,penalty,floor,50,500000,-8083,True,28,-8013,,500000
knapsack,spanner,50,0,penalty,floor,50,500000,-8083,True,29,-8075,,500000
knapsack,spanner,50,0,penalty,floor,50,500000,-8083,True,30,-8013,,500000
knapsack,spanner,50,0,penalty,ils,50,500000,-8083,True,0,-8083,3333,3333
knapsack,spanner,50,0,penalty,ils,50,500000,-8083,True,1,-8083,2334,2334
knapsack,spanner,50,0,penalty,ils,50,500000,-8083,True,2,-8083,5613,5613
knapsack,spanner,50,0,penalty,ils,50,500000,-8083,True,3,-8083,10396,10396
knapsack,spanner,50,0,penalty,ils,50,500000,-8083,True,4,-8083,4829,4829
knapsack,spanner,50,0,penalty,ils,50,500000,-8083,True,5,-8083,6130,6130
knapsack,spanner,50,0,penalty,ils,50,500000,-8083,True,6,-8083,587,587
knapsack,spanner,50,0,penalty,ils,50,500000,-8083,True,7,-8083,3225,3225
knapsack,spanner,50,0,penalty,ils,50,500000,-8083,True,8,-8083,3484,3484
knapsack,spanner,50,0,penalty,ils,50,500000,-8083,True,9,-8083,4623,4623
knapsack,spanner,50,0,penalty,ils,50,500000,-8083,True,10,-8083,2760,2760
knapsack,spanner,50,0,penalty,ils,50,500000,-8083,True,11,-8083,9390,9390
knapsack,spanner,50,0,penalty,ils,50,500000,-8083,True,12,-8083,3938,3938
knapsack,spanner,50,0,penalty,ils,50,500000,-8083,True,13,-8083,5770,5770
knapsack,spanner,50,0,penalty,ils,50,500000,-8083,True,14,-8083,3109,3109
knapsack,spanner,50,0,penalty,ils,50,500000,-8083,True,15,-8083,2162,2162
knapsack,spanner,50,0,penalty,ils,50,500000,-8083,True,16,-8083,3972,3972
knapsack,spanner,50,0,penalty,ils,50,500000,-8083,True,17,-8083,7062,7062
knapsack,spanner,50,0,penalty,ils,50,500000,-8083,True,18,-8083,1935,1935
knapsack,spanner,50,0,penalty,ils,50,500000,-8083,True,19,-8083,2124,2124
knapsack,spanner,50,0,penalty,ils,50,500000,-8083,True,20,-8083,4786,4786
knapsack,spanner,50,0,penalty,ils,50,500000,-8083,True,21,-8083,3289,3289
knapsack,spanner,50,0,penalty,ils,50,500000,-8083,True,22,-8083,2426,2426
knapsack,spanner,50,0,penalty,ils,50,500000,-8083,True,23,-8083,2416,2416
knapsack,spanner,50,0,penalty,ils,50,500000,-8083,True,24,-8083,730,730
knapsack,spanner,50,0,penalty,ils,50,500000,-8083,True,25,-8083,1925,1925
knapsack,spanner,50,0,penalty,ils,50,500000,-8083,True,26,-8083,2423,2423
knapsack,spanner,50,0,penalty,ils,50,500000,-8083,True,27,-8083,2270,2270
knapsack,spanner,50,0,penalty,ils,50,500000,-8083,True,28,-8083,2371,2371
knapsack,spanner,50,0,penalty,ils,50,500000,-8083,True,29,-8083,1141,1141
knapsack,spanner,50,0,penalty,ils,50,500000,-8083,True,30,-8083,4201,4201
knapsack,spanner,50,0,penalty,mga,50,500000,-8083,True,0,-8083,20159,20159
knapsack,spanner,50,0,penalty,mga,50,500000,-8083,True,1,-8083,73992,73992
knapsack,spanner,50,0,penalty,mga,50,500000,-8083,True,2,-8079,,500000
knapsack,spanner,50,0,penalty,mga,50,500000,-8083,True,3,-8083,10042,10042
knapsack,spanner,50,0,penalty,mga,50,500000,-8083,True,4,-8083,283883,283883
knapsack,spanner,50,0,penalty,mga,50,500000,-8083,True,5,-8083,377769,377769
knapsack,spanner,50,0,penalty,mga,50,500000,-8083,True,6,-8083,220749,220749
knapsack,spanner,50,0,penalty,mga,50,500000,-8083,True,7,-8083,73612,73612
knapsack,spanner,50,0,penalty,mga,50,500000,-8083,True,8,-8083,63394,63394
knapsack,spanner,50,0,penalty,mga,50,500000,-8083,True,9,-8083,17772,17772
knapsack,spanner,50,0,penalty,mga,50,500000,-8083,True,10,-8083,8205,8205
knapsack,spanner,50,0,penalty,mga,50,500000,-8083,True,11,-8083,7763,7763
knapsack,spanner,50,0,penalty,mga,50,500000,-8083,True,12,-8079,,500000
knapsack,spanner,50,0,penalty,mga,50,500000,-8083,True,13,-8083,12854,12854
knapsack,spanner,50,0,penalty,mga,50,500000,-8083,True,14,-8083,18430,18430
knapsack,spanner,50,0,penalty,mga,50,500000,-8083,True,15,-8083,26301,26301
knapsack,spanner,50,0,penalty,mga,50,500000,-8083,True,16,-8083,11460,11460
knapsack,spanner,50,0,penalty,mga,50,500000,-8083,True,17,-8083,406,406
knapsack,spanner,50,0,penalty,mga,50,500000,-8083,True,18,-8083,86570,86570
knapsack,spanner,50,0,penalty,mga,50,500000,-8083,True,19,-8083,240023,240023
knapsack,spanner,50,0,penalty,mga,50,500000,-8083,True,20,-8083,17361,17361
knapsack,spanner,50,0,penalty,mga,50,500000,-8083,True,21,-8083,17911,17911
knapsack,spanner,50,0,penalty,mga,50,500000,-8083,True,22,-8083,48055,48055
knapsack,spanner,50,0,penalty,mga,50,500000,-8083,True,23,-8083,18742,18742
knapsack,spanner,50,0,penalty,mga,50,500000,-8083,True,24,-8083,6200,6200
knapsack,spanner,50,0,penalty,mga,50,500000,-8083,True,25,-8083,6653,6653
knapsack,spanner,50,0,penalty,mga,50,500000,-8083,True,26,-8083,182914,182914
knapsack,spanner,50,0,penalty,mga,50,500000,-8083,True,27,-8083,296656,296656
knapsack,spanner,50,0,penalty,mga,50,500000,-8083,True,28,-8083,24482,24482
knapsack,spanner,50,0,penalty,mga,50,500000,-8083,True,29,-8083,11168,11168
knapsack,spanner,50,0,penalty,mga,50,500000,-8083,True,30,-8083,35059,35059
knapsack,spanner,50,0,repair,floor,50,500000,-8083,True,0,-8083,202,202
knapsack,spanner,50,0,repair,floor,50,500000,-8083,True,1,-8083,454,454
knapsack,spanner,50,0,repair,floor,50,500000,-8083,True,2,-8083,252,252
knapsack,spanner,50,0,repair,floor,50,500000,-8083,True,3,-8083,403,403
knapsack,spanner,50,0,repair,floor,50,500000,-8083,True,4,-8083,101,101
knapsack,spanner,50,0,repair,floor,50,500000,-8083,True,5,-8083,102,102
knapsack,spanner,50,0,repair,floor,50,500000,-8083,True,6,-8083,252,252
knapsack,spanner,50,0,repair,floor,50,500000,-8083,True,7,-8083,203,203
knapsack,spanner,50,0,repair,floor,50,500000,-8083,True,8,-8083,152,152
knapsack,spanner,50,0,repair,floor,50,500000,-8083,True,9,-8083,52,52
knapsack,spanner,50,0,repair,floor,50,500000,-8083,True,10,-8083,51,51
knapsack,spanner,50,0,repair,floor,50,500000,-8083,True,11,-8083,102,102
knapsack,spanner,50,0,repair,floor,50,500000,-8083,True,12,-8083,51,51
knapsack,spanner,50,0,repair,floor,50,500000,-8083,True,13,-8083,151,151
knapsack,spanner,50,0,repair,floor,50,500000,-8083,True,14,-8083,303,303
knapsack,spanner,50,0,repair,floor,50,500000,-8083,True,15,-8083,101,101
knapsack,spanner,50,0,repair,floor,50,500000,-8083,True,16,-8083,302,302
knapsack,spanner,50,0,repair,floor,50,500000,-8083,True,17,-8083,51,51
knapsack,spanner,50,0,repair,floor,50,500000,-8083,True,18,-8083,403,403
knapsack,spanner,50,0,repair,floor,50,500000,-8083,True,19,-8083,51,51
knapsack,spanner,50,0,repair,floor,50,500000,-8083,True,20,-8083,52,52
knapsack,spanner,50,0,repair,floor,50,500000,-8083,True,21,-8083,304,304
knapsack,spanner,50,0,repair,floor,50,500000,-8083,True,22,-8083,102,102
knapsack,spanner,50,0,repair,floor,50,500000,-8083,True,23,-8083,51,51
knapsack,spanner,50,0,repair,floor,50,500000,-8083,True,24,-8083,101,101
knapsack,spanner,50,0,repair,floor,50,500000,-8083,True,25,-8083,252,252
knapsack,spanner,50,0,repair,floor,50,500000,-8083,True,26,-8083,52,52
knapsack,spanner,50,0,repair,floor,50,500000,-8083,True,27,-8083,102,102
knapsack,spanner,50,0,repair,floor,50,500000,-8083,True,28,-8083,51,51
knapsack,spanner,50,0,repair,floor,50,500000,-8083,True,29,-8083,51,51
knapsack,spanner,50,0,repair,floor,50,500000,-8083,True,30,-8083,51,51
knapsack,spanner,50,0,repair,ils,50,500000,-8083,True,0,-8083,66,66
knapsack,spanner,50,0,repair,ils,50,500000,-8083,True,1,-8083,414,414
knapsack,spanner,50,0,repair,ils,50,500000,-8083,True,2,-8083,70,70
knapsack,spanner,50,0,repair,ils,50,500000,-8083,True,3,-8083,452,452
knapsack,spanner,50,0,repair,ils,50,500000,-8083,True,4,-8083,89,89
knapsack,spanner,50,0,repair,ils,50,500000,-8083,True,5,-8083,62,62
knapsack,spanner,50,0,repair,ils,50,500000,-8083,True,6,-8083,63,63
knapsack,spanner,50,0,repair,ils,50,500000,-8083,True,7,-8083,1019,1019
knapsack,spanner,50,0,repair,ils,50,500000,-8083,True,8,-8083,69,69
knapsack,spanner,50,0,repair,ils,50,500000,-8083,True,9,-8083,51,51
knapsack,spanner,50,0,repair,ils,50,500000,-8083,True,10,-8083,143,143
knapsack,spanner,50,0,repair,ils,50,500000,-8083,True,11,-8083,55,55
knapsack,spanner,50,0,repair,ils,50,500000,-8083,True,12,-8083,54,54
knapsack,spanner,50,0,repair,ils,50,500000,-8083,True,13,-8083,220,220
knapsack,spanner,50,0,repair,ils,50,500000,-8083,True,14,-8083,308,308
knapsack,spanner,50,0,repair,ils,50,500000,-8083,True,15,-8083,140,140
knapsack,spanner,50,0,repair,ils,50,500000,-8083,True,16,-8083,73,73
knapsack,spanner,50,0,repair,ils,50,500000,-8083,True,17,-8083,148,148
knapsack,spanner,50,0,repair,ils,50,500000,-8083,True,18,-8083,125,125
knapsack,spanner,50,0,repair,ils,50,500000,-8083,True,19,-8083,293,293
knapsack,spanner,50,0,repair,ils,50,500000,-8083,True,20,-8083,51,51
knapsack,spanner,50,0,repair,ils,50,500000,-8083,True,21,-8083,290,290
knapsack,spanner,50,0,repair,ils,50,500000,-8083,True,22,-8083,51,51
knapsack,spanner,50,0,repair,ils,50,500000,-8083,True,23,-8083,65,65
knapsack,spanner,50,0,repair,ils,50,500000,-8083,True,24,-8083,602,602
knapsack,spanner,50,0,repair,ils,50,500000,-8083,True,25,-8083,54,54
knapsack,spanner,50,0,repair,ils,50,500000,-8083,True,26,-8083,51,51
knapsack,spanner,50,0,repair,ils,50,500000,-8083,True,27,-8083,51,51
knapsack,spanner,50,0,repair,ils,50,500000,-8083,True,28,-8083,59,59
knapsack,spanner,50,0,repair,ils,50,500000,-8083,True,29,-8083,51,51
knapsack,spanner,50,0,repair,ils,50,500000,-8083,True,30,-8083,373,373
knapsack,spanner,50,0,repair,mga,50,500000,-8083,True,0,-8083,30,30
knapsack,spanner,50,0,repair,mga,50,500000,-8083,True,1,-8083,30,30
knapsack,spanner,50,0,repair,mga,50,500000,-8083,True,2,-8083,30,30
knapsack,spanner,50,0,repair,mga,50,500000,-8083,True,3,-8083,30,30
knapsack,spanner,50,0,repair,mga,50,500000,-8083,True,4,-8083,30,30
knapsack,spanner,50,0,repair,mga,50,500000,-8083,True,5,-8083,30,30
knapsack,spanner,50,0,repair,mga,50,500000,-8083,True,6,-8083,30,30
knapsack,spanner,50,0,repair,mga,50,500000,-8083,True,7,-8083,30,30
knapsack,spanner,50,0,repair,mga,50,500000,-8083,True,8,-8083,30,30
knapsack,spanner,50,0,repair,mga,50,500000,-8083,True,9,-8083,30,30
knapsack,spanner,50,0,repair,mga,50,500000,-8083,True,10,-8083,30,30
knapsack,spanner,50,0,repair,mga,50,500000,-8083,True,11,-8083,30,30
knapsack,spanner,50,0,repair,mga,50,500000,-8083,True,12,-8083,30,30
knapsack,spanner,50,0,repair,mga,50,500000,-8083,True,13,-8083,30,30
knapsack,spanner,50,0,repair,mga,50,500000,-8083,True,14,-8083,30,30
knapsack,spanner,50,0,repair,mga,50,500000,-8083,True,15,-8083,30,30
knapsack,spanner,50,0,repair,mga,50,500000,-8083,True,16,-8083,30,30
knapsack,spanner,50,0,repair,mga,50,500000,-8083,True,17,-8083,30,30
knapsack,spanner,50,0,repair,mga,50,500000,-8083,True,18,-8083,30,30
knapsack,spanner,50,0,repair,mga,50,500000,-8083,True,19,-8083,30,30
knapsack,spanner,50,0,repair,mga,50,500000,-8083,True,20,-8083,30,30
knapsack,spanner,50,0,repair,mga,50,500000,-8083,True,21,-8083,110,110
knapsack,spanner,50,0,repair,mga,50,500000,-8083,True,22,-8083,30,30
knapsack,spanner,50,0,repair,mga,50,500000,-8083,True,23,-8083,30,30
knapsack,spanner,50,0,repair,mga,50,500000,-8083,True,24,-8083,30,30
knapsack,spanner,50,0,repair,mga,50,500000,-8083,True,25,-8083,30,30
knapsack,spanner,50,0,repair,mga,50,500000,-8083,True,26,-8083,30,30
knapsack,spanner,50,0,repair,mga,50,500000,-8083,True,27,-8083,30,30
knapsack,spanner,50,0,repair,mga,50,500000,-8083,True,28,-8083,30,30
knapsack,spanner,50,0,repair,mga,50,500000,-8083,True,29,-8083,30,30
knapsack,spanner,50,0,repair,mga,50,500000,-8083,True,30,-8083,30,30
knapsack,spanner,50,1,penalty,floor,50,500000,-7926,True,0,-7847,,500000
knapsack,spanner,50,1,penalty,floor,50,500000,-7926,True,1,-7832,,500000
knapsack,spanner,50,1,penalty,floor,50,500000,-7926,True,2,-7848,,500000
knapsack,spanner,50,1,penalty,floor,50,500000,-7926,True,3,-7832,,500000
knapsack,spanner,50,1,penalty,floor,50,500000,-7926,True,4,-7832,,500000
knapsack,spanner,50,1,penalty,floor,50,500000,-7926,True,5,-7817,,500000
knapsack,spanner,50,1,penalty,floor,50,500000,-7926,True,6,-7847,,500000
knapsack,spanner,50,1,penalty,floor,50,500000,-7926,True,7,-7848,,500000
knapsack,spanner,50,1,penalty,floor,50,500000,-7926,True,8,-7832,,500000
knapsack,spanner,50,1,penalty,floor,50,500000,-7926,True,9,-7817,,500000
knapsack,spanner,50,1,penalty,floor,50,500000,-7926,True,10,-7832,,500000
knapsack,spanner,50,1,penalty,floor,50,500000,-7926,True,11,-7832,,500000
knapsack,spanner,50,1,penalty,floor,50,500000,-7926,True,12,-7832,,500000
knapsack,spanner,50,1,penalty,floor,50,500000,-7926,True,13,-7848,,500000
knapsack,spanner,50,1,penalty,floor,50,500000,-7926,True,14,-7848,,500000
knapsack,spanner,50,1,penalty,floor,50,500000,-7926,True,15,-7832,,500000
knapsack,spanner,50,1,penalty,floor,50,500000,-7926,True,16,-7817,,500000
knapsack,spanner,50,1,penalty,floor,50,500000,-7926,True,17,-7832,,500000
knapsack,spanner,50,1,penalty,floor,50,500000,-7926,True,18,-7848,,500000
knapsack,spanner,50,1,penalty,floor,50,500000,-7926,True,19,-7848,,500000
knapsack,spanner,50,1,penalty,floor,50,500000,-7926,True,20,-7848,,500000
knapsack,spanner,50,1,penalty,floor,50,500000,-7926,True,21,-7848,,500000
knapsack,spanner,50,1,penalty,floor,50,500000,-7926,True,22,-7832,,500000
knapsack,spanner,50,1,penalty,floor,50,500000,-7926,True,23,-7832,,500000
knapsack,spanner,50,1,penalty,floor,50,500000,-7926,True,24,-7817,,500000
knapsack,spanner,50,1,penalty,floor,50,500000,-7926,True,25,-7817,,500000
knapsack,spanner,50,1,penalty,floor,50,500000,-7926,True,26,-7832,,500000
knapsack,spanner,50,1,penalty,floor,50,500000,-7926,True,27,-7832,,500000
knapsack,spanner,50,1,penalty,floor,50,500000,-7926,True,28,-7832,,500000
knapsack,spanner,50,1,penalty,floor,50,500000,-7926,True,29,-7848,,500000
knapsack,spanner,50,1,penalty,floor,50,500000,-7926,True,30,-7864,,500000
knapsack,spanner,50,1,penalty,ils,50,500000,-7926,True,0,-7926,31162,31162
knapsack,spanner,50,1,penalty,ils,50,500000,-7926,True,1,-7926,16948,16948
knapsack,spanner,50,1,penalty,ils,50,500000,-7926,True,2,-7926,58787,58787
knapsack,spanner,50,1,penalty,ils,50,500000,-7926,True,3,-7926,82865,82865
knapsack,spanner,50,1,penalty,ils,50,500000,-7926,True,4,-7926,33118,33118
knapsack,spanner,50,1,penalty,ils,50,500000,-7926,True,5,-7926,127801,127801
knapsack,spanner,50,1,penalty,ils,50,500000,-7926,True,6,-7926,8551,8551
knapsack,spanner,50,1,penalty,ils,50,500000,-7926,True,7,-7926,29967,29967
knapsack,spanner,50,1,penalty,ils,50,500000,-7926,True,8,-7926,15525,15525
knapsack,spanner,50,1,penalty,ils,50,500000,-7926,True,9,-7926,27352,27352
knapsack,spanner,50,1,penalty,ils,50,500000,-7926,True,10,-7926,39792,39792
knapsack,spanner,50,1,penalty,ils,50,500000,-7926,True,11,-7926,51970,51970
knapsack,spanner,50,1,penalty,ils,50,500000,-7926,True,12,-7926,40374,40374
knapsack,spanner,50,1,penalty,ils,50,500000,-7926,True,13,-7926,39922,39922
knapsack,spanner,50,1,penalty,ils,50,500000,-7926,True,14,-7926,34858,34858
knapsack,spanner,50,1,penalty,ils,50,500000,-7926,True,15,-7926,14724,14724
knapsack,spanner,50,1,penalty,ils,50,500000,-7926,True,16,-7926,26708,26708
knapsack,spanner,50,1,penalty,ils,50,500000,-7926,True,17,-7926,77344,77344
knapsack,spanner,50,1,penalty,ils,50,500000,-7926,True,18,-7926,45284,45284
knapsack,spanner,50,1,penalty,ils,50,500000,-7926,True,19,-7926,112633,112633
knapsack,spanner,50,1,penalty,ils,50,500000,-7926,True,20,-7926,31614,31614
knapsack,spanner,50,1,penalty,ils,50,500000,-7926,True,21,-7926,54013,54013
knapsack,spanner,50,1,penalty,ils,50,500000,-7926,True,22,-7926,59499,59499
knapsack,spanner,50,1,penalty,ils,50,500000,-7926,True,23,-7926,46940,46940
knapsack,spanner,50,1,penalty,ils,50,500000,-7926,True,24,-7926,14211,14211
knapsack,spanner,50,1,penalty,ils,50,500000,-7926,True,25,-7926,71459,71459
knapsack,spanner,50,1,penalty,ils,50,500000,-7926,True,26,-7926,93570,93570
knapsack,spanner,50,1,penalty,ils,50,500000,-7926,True,27,-7926,28951,28951
knapsack,spanner,50,1,penalty,ils,50,500000,-7926,True,28,-7926,38586,38586
knapsack,spanner,50,1,penalty,ils,50,500000,-7926,True,29,-7926,37917,37917
knapsack,spanner,50,1,penalty,ils,50,500000,-7926,True,30,-7926,35917,35917
knapsack,spanner,50,1,penalty,mga,50,500000,-7926,True,0,-7895,,500000
knapsack,spanner,50,1,penalty,mga,50,500000,-7926,True,1,-7926,498472,498472
knapsack,spanner,50,1,penalty,mga,50,500000,-7926,True,2,-7926,98670,98670
knapsack,spanner,50,1,penalty,mga,50,500000,-7926,True,3,-7895,,500000
knapsack,spanner,50,1,penalty,mga,50,500000,-7926,True,4,-7895,,500000
knapsack,spanner,50,1,penalty,mga,50,500000,-7926,True,5,-7926,80350,80350
knapsack,spanner,50,1,penalty,mga,50,500000,-7926,True,6,-7926,172112,172112
knapsack,spanner,50,1,penalty,mga,50,500000,-7926,True,7,-7926,127792,127792
knapsack,spanner,50,1,penalty,mga,50,500000,-7926,True,8,-7926,36518,36518
knapsack,spanner,50,1,penalty,mga,50,500000,-7926,True,9,-7926,422830,422830
knapsack,spanner,50,1,penalty,mga,50,500000,-7926,True,10,-7926,206205,206205
knapsack,spanner,50,1,penalty,mga,50,500000,-7926,True,11,-7926,171993,171993
knapsack,spanner,50,1,penalty,mga,50,500000,-7926,True,12,-7926,78715,78715
knapsack,spanner,50,1,penalty,mga,50,500000,-7926,True,13,-7926,123710,123710
knapsack,spanner,50,1,penalty,mga,50,500000,-7926,True,14,-7910,,500000
knapsack,spanner,50,1,penalty,mga,50,500000,-7926,True,15,-7910,,500000
knapsack,spanner,50,1,penalty,mga,50,500000,-7926,True,16,-7926,136449,136449
knapsack,spanner,50,1,penalty,mga,50,500000,-7926,True,17,-7926,96170,96170
knapsack,spanner,50,1,penalty,mga,50,500000,-7926,True,18,-7926,235392,235392
knapsack,spanner,50,1,penalty,mga,50,500000,-7926,True,19,-7926,404350,404350
knapsack,spanner,50,1,penalty,mga,50,500000,-7926,True,20,-7926,98874,98874
knapsack,spanner,50,1,penalty,mga,50,500000,-7926,True,21,-7926,209764,209764
knapsack,spanner,50,1,penalty,mga,50,500000,-7926,True,22,-7926,78670,78670
knapsack,spanner,50,1,penalty,mga,50,500000,-7926,True,23,-7926,336736,336736
knapsack,spanner,50,1,penalty,mga,50,500000,-7926,True,24,-7910,,500000
knapsack,spanner,50,1,penalty,mga,50,500000,-7926,True,25,-7895,,500000
knapsack,spanner,50,1,penalty,mga,50,500000,-7926,True,26,-7926,86678,86678
knapsack,spanner,50,1,penalty,mga,50,500000,-7926,True,27,-7926,77156,77156
knapsack,spanner,50,1,penalty,mga,50,500000,-7926,True,28,-7926,327952,327952
knapsack,spanner,50,1,penalty,mga,50,500000,-7926,True,29,-7926,243152,243152
knapsack,spanner,50,1,penalty,mga,50,500000,-7926,True,30,-7910,,500000
knapsack,spanner,50,1,repair,floor,50,500000,-7926,True,0,-7926,2464,2464
knapsack,spanner,50,1,repair,floor,50,500000,-7926,True,1,-7926,1813,1813
knapsack,spanner,50,1,repair,floor,50,500000,-7926,True,2,-7926,552,552
knapsack,spanner,50,1,repair,floor,50,500000,-7926,True,3,-7926,354,354
knapsack,spanner,50,1,repair,floor,50,500000,-7926,True,4,-7926,1258,1258
knapsack,spanner,50,1,repair,floor,50,500000,-7926,True,5,-7926,251,251
knapsack,spanner,50,1,repair,floor,50,500000,-7926,True,6,-7926,452,452
knapsack,spanner,50,1,repair,floor,50,500000,-7926,True,7,-7926,703,703
knapsack,spanner,50,1,repair,floor,50,500000,-7926,True,8,-7926,705,705
knapsack,spanner,50,1,repair,floor,50,500000,-7926,True,9,-7926,101,101
knapsack,spanner,50,1,repair,floor,50,500000,-7926,True,10,-7926,857,857
knapsack,spanner,50,1,repair,floor,50,500000,-7926,True,11,-7926,402,402
knapsack,spanner,50,1,repair,floor,50,500000,-7926,True,12,-7926,251,251
knapsack,spanner,50,1,repair,floor,50,500000,-7926,True,13,-7926,1056,1056
knapsack,spanner,50,1,repair,floor,50,500000,-7926,True,14,-7926,1257,1257
knapsack,spanner,50,1,repair,floor,50,500000,-7926,True,15,-7926,1207,1207
knapsack,spanner,50,1,repair,floor,50,500000,-7926,True,16,-7926,552,552
knapsack,spanner,50,1,repair,floor,50,500000,-7926,True,17,-7926,1508,1508
knapsack,spanner,50,1,repair,floor,50,500000,-7926,True,18,-7926,1308,1308
knapsack,spanner,50,1,repair,floor,50,500000,-7926,True,19,-7926,201,201
knapsack,spanner,50,1,repair,floor,50,500000,-7926,True,20,-7926,452,452
knapsack,spanner,50,1,repair,floor,50,500000,-7926,True,21,-7926,1156,1156
knapsack,spanner,50,1,repair,floor,50,500000,-7926,True,22,-7926,451,451
knapsack,spanner,50,1,repair,floor,50,500000,-7926,True,23,-7926,351,351
knapsack,spanner,50,1,repair,floor,50,500000,-7926,True,24,-7926,702,702
knapsack,spanner,50,1,repair,floor,50,500000,-7926,True,25,-7926,1156,1156
knapsack,spanner,50,1,repair,floor,50,500000,-7926,True,26,-7926,251,251
knapsack,spanner,50,1,repair,floor,50,500000,-7926,True,27,-7926,1711,1711
knapsack,spanner,50,1,repair,floor,50,500000,-7926,True,28,-7926,1156,1156
knapsack,spanner,50,1,repair,floor,50,500000,-7926,True,29,-7926,202,202
knapsack,spanner,50,1,repair,floor,50,500000,-7926,True,30,-7926,954,954
knapsack,spanner,50,1,repair,ils,50,500000,-7926,True,0,-7926,581,581
knapsack,spanner,50,1,repair,ils,50,500000,-7926,True,1,-7926,1546,1546
knapsack,spanner,50,1,repair,ils,50,500000,-7926,True,2,-7926,67,67
knapsack,spanner,50,1,repair,ils,50,500000,-7926,True,3,-7926,273,273
knapsack,spanner,50,1,repair,ils,50,500000,-7926,True,4,-7926,902,902
knapsack,spanner,50,1,repair,ils,50,500000,-7926,True,5,-7926,632,632
knapsack,spanner,50,1,repair,ils,50,500000,-7926,True,6,-7926,277,277
knapsack,spanner,50,1,repair,ils,50,500000,-7926,True,7,-7926,262,262
knapsack,spanner,50,1,repair,ils,50,500000,-7926,True,8,-7926,822,822
knapsack,spanner,50,1,repair,ils,50,500000,-7926,True,9,-7926,201,201
knapsack,spanner,50,1,repair,ils,50,500000,-7926,True,10,-7926,798,798
knapsack,spanner,50,1,repair,ils,50,500000,-7926,True,11,-7926,154,154
knapsack,spanner,50,1,repair,ils,50,500000,-7926,True,12,-7926,716,716
knapsack,spanner,50,1,repair,ils,50,500000,-7926,True,13,-7926,1556,1556
knapsack,spanner,50,1,repair,ils,50,500000,-7926,True,14,-7926,767,767
knapsack,spanner,50,1,repair,ils,50,500000,-7926,True,15,-7926,353,353
knapsack,spanner,50,1,repair,ils,50,500000,-7926,True,16,-7926,226,226
knapsack,spanner,50,1,repair,ils,50,500000,-7926,True,17,-7926,517,517
knapsack,spanner,50,1,repair,ils,50,500000,-7926,True,18,-7926,644,644
knapsack,spanner,50,1,repair,ils,50,500000,-7926,True,19,-7926,298,298
knapsack,spanner,50,1,repair,ils,50,500000,-7926,True,20,-7926,137,137
knapsack,spanner,50,1,repair,ils,50,500000,-7926,True,21,-7926,316,316
knapsack,spanner,50,1,repair,ils,50,500000,-7926,True,22,-7926,177,177
knapsack,spanner,50,1,repair,ils,50,500000,-7926,True,23,-7926,140,140
knapsack,spanner,50,1,repair,ils,50,500000,-7926,True,24,-7926,355,355
knapsack,spanner,50,1,repair,ils,50,500000,-7926,True,25,-7926,959,959
knapsack,spanner,50,1,repair,ils,50,500000,-7926,True,26,-7926,125,125
knapsack,spanner,50,1,repair,ils,50,500000,-7926,True,27,-7926,2924,2924
knapsack,spanner,50,1,repair,ils,50,500000,-7926,True,28,-7926,197,197
knapsack,spanner,50,1,repair,ils,50,500000,-7926,True,29,-7926,98,98
knapsack,spanner,50,1,repair,ils,50,500000,-7926,True,30,-7926,905,905
knapsack,spanner,50,1,repair,mga,50,500000,-7926,True,0,-7926,312,312
knapsack,spanner,50,1,repair,mga,50,500000,-7926,True,1,-7926,184,184
knapsack,spanner,50,1,repair,mga,50,500000,-7926,True,2,-7926,30,30
knapsack,spanner,50,1,repair,mga,50,500000,-7926,True,3,-7926,110,110
knapsack,spanner,50,1,repair,mga,50,500000,-7926,True,4,-7926,152,152
knapsack,spanner,50,1,repair,mga,50,500000,-7926,True,5,-7926,195,195
knapsack,spanner,50,1,repair,mga,50,500000,-7926,True,6,-7926,161,161
knapsack,spanner,50,1,repair,mga,50,500000,-7926,True,7,-7926,370,370
knapsack,spanner,50,1,repair,mga,50,500000,-7926,True,8,-7926,241,241
knapsack,spanner,50,1,repair,mga,50,500000,-7926,True,9,-7926,186,186
knapsack,spanner,50,1,repair,mga,50,500000,-7926,True,10,-7926,162,162
knapsack,spanner,50,1,repair,mga,50,500000,-7926,True,11,-7926,209,209
knapsack,spanner,50,1,repair,mga,50,500000,-7926,True,12,-7926,164,164
knapsack,spanner,50,1,repair,mga,50,500000,-7926,True,13,-7926,147,147
knapsack,spanner,50,1,repair,mga,50,500000,-7926,True,14,-7926,110,110
knapsack,spanner,50,1,repair,mga,50,500000,-7926,True,15,-7926,901,901
knapsack,spanner,50,1,repair,mga,50,500000,-7926,True,16,-7926,182,182
knapsack,spanner,50,1,repair,mga,50,500000,-7926,True,17,-7926,901,901
knapsack,spanner,50,1,repair,mga,50,500000,-7926,True,18,-7926,161,161
knapsack,spanner,50,1,repair,mga,50,500000,-7926,True,19,-7926,208,208
knapsack,spanner,50,1,repair,mga,50,500000,-7926,True,20,-7926,1010,1010
knapsack,spanner,50,1,repair,mga,50,500000,-7926,True,21,-7926,229,229
knapsack,spanner,50,1,repair,mga,50,500000,-7926,True,22,-7926,170,170
knapsack,spanner,50,1,repair,mga,50,500000,-7926,True,23,-7926,317,317
knapsack,spanner,50,1,repair,mga,50,500000,-7926,True,24,-7926,192,192
knapsack,spanner,50,1,repair,mga,50,500000,-7926,True,25,-7926,196,196
knapsack,spanner,50,1,repair,mga,50,500000,-7926,True,26,-7926,110,110
knapsack,spanner,50,1,repair,mga,50,500000,-7926,True,27,-7926,199,199
knapsack,spanner,50,1,repair,mga,50,500000,-7926,True,28,-7926,110,110
knapsack,spanner,50,1,repair,mga,50,500000,-7926,True,29,-7926,271,271
knapsack,spanner,50,1,repair,mga,50,500000,-7926,True,30,-7926,438,438
knapsack,spanner,50,2,penalty,floor,50,500000,-12208,True,0,-12176,,500000
knapsack,spanner,50,2,penalty,floor,50,500000,-12208,True,1,-12192,,500000
knapsack,spanner,50,2,penalty,floor,50,500000,-12208,True,2,-12153,,500000
knapsack,spanner,50,2,penalty,floor,50,500000,-12208,True,3,-12184,,500000
knapsack,spanner,50,2,penalty,floor,50,500000,-12208,True,4,-12153,,500000
knapsack,spanner,50,2,penalty,floor,50,500000,-12208,True,5,-12153,,500000
knapsack,spanner,50,2,penalty,floor,50,500000,-12208,True,6,-12153,,500000
knapsack,spanner,50,2,penalty,floor,50,500000,-12208,True,7,-12176,,500000
knapsack,spanner,50,2,penalty,floor,50,500000,-12208,True,8,-12184,,500000
knapsack,spanner,50,2,penalty,floor,50,500000,-12208,True,9,-12154,,500000
knapsack,spanner,50,2,penalty,floor,50,500000,-12208,True,10,-12161,,500000
knapsack,spanner,50,2,penalty,floor,50,500000,-12208,True,11,-12153,,500000
knapsack,spanner,50,2,penalty,floor,50,500000,-12208,True,12,-12176,,500000
knapsack,spanner,50,2,penalty,floor,50,500000,-12208,True,13,-12153,,500000
knapsack,spanner,50,2,penalty,floor,50,500000,-12208,True,14,-12184,,500000
knapsack,spanner,50,2,penalty,floor,50,500000,-12208,True,15,-12176,,500000
knapsack,spanner,50,2,penalty,floor,50,500000,-12208,True,16,-12176,,500000
knapsack,spanner,50,2,penalty,floor,50,500000,-12208,True,17,-12153,,500000
knapsack,spanner,50,2,penalty,floor,50,500000,-12208,True,18,-12176,,500000
knapsack,spanner,50,2,penalty,floor,50,500000,-12208,True,19,-12184,,500000
knapsack,spanner,50,2,penalty,floor,50,500000,-12208,True,20,-12153,,500000
knapsack,spanner,50,2,penalty,floor,50,500000,-12208,True,21,-12184,,500000
knapsack,spanner,50,2,penalty,floor,50,500000,-12208,True,22,-12161,,500000
knapsack,spanner,50,2,penalty,floor,50,500000,-12208,True,23,-12153,,500000
knapsack,spanner,50,2,penalty,floor,50,500000,-12208,True,24,-12176,,500000
knapsack,spanner,50,2,penalty,floor,50,500000,-12208,True,25,-12176,,500000
knapsack,spanner,50,2,penalty,floor,50,500000,-12208,True,26,-12176,,500000
knapsack,spanner,50,2,penalty,floor,50,500000,-12208,True,27,-12176,,500000
knapsack,spanner,50,2,penalty,floor,50,500000,-12208,True,28,-12176,,500000
knapsack,spanner,50,2,penalty,floor,50,500000,-12208,True,29,-12184,,500000
knapsack,spanner,50,2,penalty,floor,50,500000,-12208,True,30,-12176,,500000
knapsack,spanner,50,2,penalty,ils,50,500000,-12208,True,0,-12200,,500000
knapsack,spanner,50,2,penalty,ils,50,500000,-12208,True,1,-12200,,500000
knapsack,spanner,50,2,penalty,ils,50,500000,-12208,True,2,-12200,,500000
knapsack,spanner,50,2,penalty,ils,50,500000,-12208,True,3,-12200,,500000
knapsack,spanner,50,2,penalty,ils,50,500000,-12208,True,4,-12200,,500000
knapsack,spanner,50,2,penalty,ils,50,500000,-12208,True,5,-12200,,500000
knapsack,spanner,50,2,penalty,ils,50,500000,-12208,True,6,-12200,,500000
knapsack,spanner,50,2,penalty,ils,50,500000,-12208,True,7,-12192,,500000
knapsack,spanner,50,2,penalty,ils,50,500000,-12208,True,8,-12200,,500000
knapsack,spanner,50,2,penalty,ils,50,500000,-12208,True,9,-12208,240725,240725
knapsack,spanner,50,2,penalty,ils,50,500000,-12208,True,10,-12200,,500000
knapsack,spanner,50,2,penalty,ils,50,500000,-12208,True,11,-12200,,500000
knapsack,spanner,50,2,penalty,ils,50,500000,-12208,True,12,-12200,,500000
knapsack,spanner,50,2,penalty,ils,50,500000,-12208,True,13,-12200,,500000
knapsack,spanner,50,2,penalty,ils,50,500000,-12208,True,14,-12200,,500000
knapsack,spanner,50,2,penalty,ils,50,500000,-12208,True,15,-12200,,500000
knapsack,spanner,50,2,penalty,ils,50,500000,-12208,True,16,-12200,,500000
knapsack,spanner,50,2,penalty,ils,50,500000,-12208,True,17,-12200,,500000
knapsack,spanner,50,2,penalty,ils,50,500000,-12208,True,18,-12200,,500000
knapsack,spanner,50,2,penalty,ils,50,500000,-12208,True,19,-12208,187503,187503
knapsack,spanner,50,2,penalty,ils,50,500000,-12208,True,20,-12192,,500000
knapsack,spanner,50,2,penalty,ils,50,500000,-12208,True,21,-12200,,500000
knapsack,spanner,50,2,penalty,ils,50,500000,-12208,True,22,-12200,,500000
knapsack,spanner,50,2,penalty,ils,50,500000,-12208,True,23,-12200,,500000
knapsack,spanner,50,2,penalty,ils,50,500000,-12208,True,24,-12200,,500000
knapsack,spanner,50,2,penalty,ils,50,500000,-12208,True,25,-12200,,500000
knapsack,spanner,50,2,penalty,ils,50,500000,-12208,True,26,-12200,,500000
knapsack,spanner,50,2,penalty,ils,50,500000,-12208,True,27,-12200,,500000
knapsack,spanner,50,2,penalty,ils,50,500000,-12208,True,28,-12200,,500000
knapsack,spanner,50,2,penalty,ils,50,500000,-12208,True,29,-12208,96643,96643
knapsack,spanner,50,2,penalty,ils,50,500000,-12208,True,30,-12208,304861,304861
knapsack,spanner,50,2,penalty,mga,50,500000,-12208,True,0,-12200,,500000
knapsack,spanner,50,2,penalty,mga,50,500000,-12208,True,1,-12200,,500000
knapsack,spanner,50,2,penalty,mga,50,500000,-12208,True,2,-12200,,500000
knapsack,spanner,50,2,penalty,mga,50,500000,-12208,True,3,-12192,,500000
knapsack,spanner,50,2,penalty,mga,50,500000,-12208,True,4,-12200,,500000
knapsack,spanner,50,2,penalty,mga,50,500000,-12208,True,5,-12200,,500000
knapsack,spanner,50,2,penalty,mga,50,500000,-12208,True,6,-12200,,500000
knapsack,spanner,50,2,penalty,mga,50,500000,-12208,True,7,-12200,,500000
knapsack,spanner,50,2,penalty,mga,50,500000,-12208,True,8,-12200,,500000
knapsack,spanner,50,2,penalty,mga,50,500000,-12208,True,9,-12208,275569,275569
knapsack,spanner,50,2,penalty,mga,50,500000,-12208,True,10,-12208,283070,283070
knapsack,spanner,50,2,penalty,mga,50,500000,-12208,True,11,-12200,,500000
knapsack,spanner,50,2,penalty,mga,50,500000,-12208,True,12,-12200,,500000
knapsack,spanner,50,2,penalty,mga,50,500000,-12208,True,13,-12200,,500000
knapsack,spanner,50,2,penalty,mga,50,500000,-12208,True,14,-12200,,500000
knapsack,spanner,50,2,penalty,mga,50,500000,-12208,True,15,-12200,,500000
knapsack,spanner,50,2,penalty,mga,50,500000,-12208,True,16,-12200,,500000
knapsack,spanner,50,2,penalty,mga,50,500000,-12208,True,17,-12192,,500000
knapsack,spanner,50,2,penalty,mga,50,500000,-12208,True,18,-12200,,500000
knapsack,spanner,50,2,penalty,mga,50,500000,-12208,True,19,-12208,367790,367790
knapsack,spanner,50,2,penalty,mga,50,500000,-12208,True,20,-12200,,500000
knapsack,spanner,50,2,penalty,mga,50,500000,-12208,True,21,-12208,490682,490682
knapsack,spanner,50,2,penalty,mga,50,500000,-12208,True,22,-12208,429150,429150
knapsack,spanner,50,2,penalty,mga,50,500000,-12208,True,23,-12192,,500000
knapsack,spanner,50,2,penalty,mga,50,500000,-12208,True,24,-12192,,500000
knapsack,spanner,50,2,penalty,mga,50,500000,-12208,True,25,-12200,,500000
knapsack,spanner,50,2,penalty,mga,50,500000,-12208,True,26,-12200,,500000
knapsack,spanner,50,2,penalty,mga,50,500000,-12208,True,27,-12200,,500000
knapsack,spanner,50,2,penalty,mga,50,500000,-12208,True,28,-12208,289973,289973
knapsack,spanner,50,2,penalty,mga,50,500000,-12208,True,29,-12208,276042,276042
knapsack,spanner,50,2,penalty,mga,50,500000,-12208,True,30,-12200,,500000
knapsack,spanner,50,2,repair,floor,50,500000,-12208,True,0,-12208,27282,27282
knapsack,spanner,50,2,repair,floor,50,500000,-12208,True,1,-12208,2515,2515
knapsack,spanner,50,2,repair,floor,50,500000,-12208,True,2,-12208,13836,13836
knapsack,spanner,50,2,repair,floor,50,500000,-12208,True,3,-12208,82232,82232
knapsack,spanner,50,2,repair,floor,50,500000,-12208,True,4,-12208,13129,13129
knapsack,spanner,50,2,repair,floor,50,500000,-12208,True,5,-12208,4926,4926
knapsack,spanner,50,2,repair,floor,50,500000,-12208,True,6,-12208,35275,35275
knapsack,spanner,50,2,repair,floor,50,500000,-12208,True,7,-12208,6494,6494
knapsack,spanner,50,2,repair,floor,50,500000,-12208,True,8,-12208,48153,48153
knapsack,spanner,50,2,repair,floor,50,500000,-12208,True,9,-12208,32603,32603
knapsack,spanner,50,2,repair,floor,50,500000,-12208,True,10,-12208,34669,34669
knapsack,spanner,50,2,repair,floor,50,500000,-12208,True,11,-12208,32003,32003
knapsack,spanner,50,2,repair,floor,50,500000,-12208,True,12,-12208,10970,10970
knapsack,spanner,50,2,repair,floor,50,500000,-12208,True,13,-12208,17410,17410
knapsack,spanner,50,2,repair,floor,50,500000,-12208,True,14,-12208,40152,40152
knapsack,spanner,50,2,repair,floor,50,500000,-12208,True,15,-12208,21938,21938
knapsack,spanner,50,2,repair,floor,50,500000,-12208,True,16,-12208,58062,58062
knapsack,spanner,50,2,repair,floor,50,500000,-12208,True,17,-12208,43522,43522
knapsack,spanner,50,2,repair,floor,50,500000,-12208,True,18,-12208,56396,56396
knapsack,spanner,50,2,repair,floor,50,500000,-12208,True,19,-12208,50929,50929
knapsack,spanner,50,2,repair,floor,50,500000,-12208,True,20,-12208,158418,158418
knapsack,spanner,50,2,repair,floor,50,500000,-12208,True,21,-12208,9701,9701
knapsack,spanner,50,2,repair,floor,50,500000,-12208,True,22,-12208,10918,10918
knapsack,spanner,50,2,repair,floor,50,500000,-12208,True,23,-12208,11571,11571
knapsack,spanner,50,2,repair,floor,50,500000,-12208,True,24,-12208,179904,179904
knapsack,spanner,50,2,repair,floor,50,500000,-12208,True,25,-12208,34077,34077
knapsack,spanner,50,2,repair,floor,50,500000,-12208,True,26,-12208,15999,15999
knapsack,spanner,50,2,repair,floor,50,500000,-12208,True,27,-12208,116527,116527
knapsack,spanner,50,2,repair,floor,50,500000,-12208,True,28,-12208,48910,48910
knapsack,spanner,50,2,repair,floor,50,500000,-12208,True,29,-12208,117145,117145
knapsack,spanner,50,2,repair,floor,50,500000,-12208,True,30,-12208,4378,4378
knapsack,spanner,50,2,repair,ils,50,500000,-12208,True,0,-12208,3392,3392
knapsack,spanner,50,2,repair,ils,50,500000,-12208,True,1,-12208,8361,8361
knapsack,spanner,50,2,repair,ils,50,500000,-12208,True,2,-12208,2332,2332
knapsack,spanner,50,2,repair,ils,50,500000,-12208,True,3,-12208,16298,16298
knapsack,spanner,50,2,repair,ils,50,500000,-12208,True,4,-12208,1222,1222
knapsack,spanner,50,2,repair,ils,50,500000,-12208,True,5,-12208,9466,9466
knapsack,spanner,50,2,repair,ils,50,500000,-12208,True,6,-12208,842,842
knapsack,spanner,50,2,repair,ils,50,500000,-12208,True,7,-12208,1789,1789
knapsack,spanner,50,2,repair,ils,50,500000,-12208,True,8,-12208,5768,5768
knapsack,spanner,50,2,repair,ils,50,500000,-12208,True,9,-12208,10221,10221
knapsack,spanner,50,2,repair,ils,50,500000,-12208,True,10,-12208,4889,4889
knapsack,spanner,50,2,repair,ils,50,500000,-12208,True,11,-12208,4270,4270
knapsack,spanner,50,2,repair,ils,50,500000,-12208,True,12,-12208,2961,2961
knapsack,spanner,50,2,repair,ils,50,500000,-12208,True,13,-12208,3302,3302
knapsack,spanner,50,2,repair,ils,50,500000,-12208,True,14,-12208,1835,1835
knapsack,spanner,50,2,repair,ils,50,500000,-12208,True,15,-12208,2515,2515
knapsack,spanner,50,2,repair,ils,50,500000,-12208,True,16,-12208,5063,5063
knapsack,spanner,50,2,repair,ils,50,500000,-12208,True,17,-12208,3649,3649
knapsack,spanner,50,2,repair,ils,50,500000,-12208,True,18,-12208,4084,4084
knapsack,spanner,50,2,repair,ils,50,500000,-12208,True,19,-12208,7197,7197
knapsack,spanner,50,2,repair,ils,50,500000,-12208,True,20,-12208,2794,2794
knapsack,spanner,50,2,repair,ils,50,500000,-12208,True,21,-12208,2382,2382
knapsack,spanner,50,2,repair,ils,50,500000,-12208,True,22,-12208,7642,7642
knapsack,spanner,50,2,repair,ils,50,500000,-12208,True,23,-12208,3354,3354
knapsack,spanner,50,2,repair,ils,50,500000,-12208,True,24,-12208,957,957
knapsack,spanner,50,2,repair,ils,50,500000,-12208,True,25,-12208,2188,2188
knapsack,spanner,50,2,repair,ils,50,500000,-12208,True,26,-12208,5503,5503
knapsack,spanner,50,2,repair,ils,50,500000,-12208,True,27,-12208,4422,4422
knapsack,spanner,50,2,repair,ils,50,500000,-12208,True,28,-12208,5589,5589
knapsack,spanner,50,2,repair,ils,50,500000,-12208,True,29,-12208,4911,4911
knapsack,spanner,50,2,repair,ils,50,500000,-12208,True,30,-12208,7132,7132
knapsack,spanner,50,2,repair,mga,50,500000,-12208,True,0,-12208,3433,3433
knapsack,spanner,50,2,repair,mga,50,500000,-12208,True,1,-12208,1070,1070
knapsack,spanner,50,2,repair,mga,50,500000,-12208,True,2,-12208,29272,29272
knapsack,spanner,50,2,repair,mga,50,500000,-12208,True,3,-12208,1111,1111
knapsack,spanner,50,2,repair,mga,50,500000,-12208,True,4,-12208,750,750
knapsack,spanner,50,2,repair,mga,50,500000,-12208,True,5,-12208,63176,63176
knapsack,spanner,50,2,repair,mga,50,500000,-12208,True,6,-12208,2208,2208
knapsack,spanner,50,2,repair,mga,50,500000,-12208,True,7,-12208,3336,3336
knapsack,spanner,50,2,repair,mga,50,500000,-12208,True,8,-12208,648,648
knapsack,spanner,50,2,repair,mga,50,500000,-12208,True,9,-12208,636,636
knapsack,spanner,50,2,repair,mga,50,500000,-12208,True,10,-12208,2832,2832
knapsack,spanner,50,2,repair,mga,50,500000,-12208,True,11,-12208,456,456
knapsack,spanner,50,2,repair,mga,50,500000,-12208,True,12,-12208,3116,3116
knapsack,spanner,50,2,repair,mga,50,500000,-12208,True,13,-12208,397,397
knapsack,spanner,50,2,repair,mga,50,500000,-12208,True,14,-12208,1645,1645
knapsack,spanner,50,2,repair,mga,50,500000,-12208,True,15,-12208,4356,4356
knapsack,spanner,50,2,repair,mga,50,500000,-12208,True,16,-12208,1106,1106
knapsack,spanner,50,2,repair,mga,50,500000,-12208,True,17,-12208,1906,1906
knapsack,spanner,50,2,repair,mga,50,500000,-12208,True,18,-12208,944,944
knapsack,spanner,50,2,repair,mga,50,500000,-12208,True,19,-12208,623,623
knapsack,spanner,50,2,repair,mga,50,500000,-12208,True,20,-12208,3070,3070
knapsack,spanner,50,2,repair,mga,50,500000,-12208,True,21,-12208,1097,1097
knapsack,spanner,50,2,repair,mga,50,500000,-12208,True,22,-12208,618,618
knapsack,spanner,50,2,repair,mga,50,500000,-12208,True,23,-12208,5390,5390
knapsack,spanner,50,2,repair,mga,50,500000,-12208,True,24,-12208,18750,18750
knapsack,spanner,50,2,repair,mga,50,500000,-12208,True,25,-12208,782,782
knapsack,spanner,50,2,repair,mga,50,500000,-12208,True,26,-12208,782,782
knapsack,spanner,50,2,repair,mga,50,500000,-12208,True,27,-12208,1176,1176
knapsack,spanner,50,2,repair,mga,50,500000,-12208,True,28,-12208,750,750
knapsack,spanner,50,2,repair,mga,50,500000,-12208,True,29,-12208,852,852
knapsack,spanner,50,2,repair,mga,50,500000,-12208,True,30,-12208,201,201
knapsack,spanner,80,0,penalty,floor,80,800000,-10965,True,0,-10662,,800000
knapsack,spanner,80,0,penalty,floor,80,800000,-10965,True,1,-10662,,800000
knapsack,spanner,80,0,penalty,floor,80,800000,-10965,True,2,-10662,,800000
knapsack,spanner,80,0,penalty,floor,80,800000,-10965,True,3,-10662,,800000
knapsack,spanner,80,0,penalty,floor,80,800000,-10965,True,4,-10662,,800000
knapsack,spanner,80,0,penalty,floor,80,800000,-10965,True,5,-10551,,800000
knapsack,spanner,80,0,penalty,floor,80,800000,-10965,True,6,-10758,,800000
knapsack,spanner,80,0,penalty,floor,80,800000,-10965,True,7,-10758,,800000
knapsack,spanner,80,0,penalty,floor,80,800000,-10965,True,8,-10662,,800000
knapsack,spanner,80,0,penalty,floor,80,800000,-10965,True,9,-10758,,800000
knapsack,spanner,80,0,penalty,floor,80,800000,-10965,True,10,-10662,,800000
knapsack,spanner,80,0,penalty,floor,80,800000,-10965,True,11,-10662,,800000
knapsack,spanner,80,0,penalty,floor,80,800000,-10965,True,12,-10662,,800000
knapsack,spanner,80,0,penalty,floor,80,800000,-10965,True,13,-10662,,800000
knapsack,spanner,80,0,penalty,floor,80,800000,-10965,True,14,-10662,,800000
knapsack,spanner,80,0,penalty,floor,80,800000,-10965,True,15,-10662,,800000
knapsack,spanner,80,0,penalty,floor,80,800000,-10965,True,16,-10662,,800000
knapsack,spanner,80,0,penalty,floor,80,800000,-10965,True,17,-10662,,800000
knapsack,spanner,80,0,penalty,floor,80,800000,-10965,True,18,-10662,,800000
knapsack,spanner,80,0,penalty,floor,80,800000,-10965,True,19,-10662,,800000
knapsack,spanner,80,0,penalty,floor,80,800000,-10965,True,20,-10758,,800000
knapsack,spanner,80,0,penalty,floor,80,800000,-10965,True,21,-10662,,800000
knapsack,spanner,80,0,penalty,floor,80,800000,-10965,True,22,-10662,,800000
knapsack,spanner,80,0,penalty,floor,80,800000,-10965,True,23,-10662,,800000
knapsack,spanner,80,0,penalty,floor,80,800000,-10965,True,24,-10662,,800000
knapsack,spanner,80,0,penalty,floor,80,800000,-10965,True,25,-10758,,800000
knapsack,spanner,80,0,penalty,floor,80,800000,-10965,True,26,-10662,,800000
knapsack,spanner,80,0,penalty,floor,80,800000,-10965,True,27,-10662,,800000
knapsack,spanner,80,0,penalty,floor,80,800000,-10965,True,28,-10662,,800000
knapsack,spanner,80,0,penalty,floor,80,800000,-10965,True,29,-10758,,800000
knapsack,spanner,80,0,penalty,floor,80,800000,-10965,True,30,-10662,,800000
knapsack,spanner,80,0,penalty,ils,80,800000,-10965,True,0,-10965,13136,13136
knapsack,spanner,80,0,penalty,ils,80,800000,-10965,True,1,-10965,3654,3654
knapsack,spanner,80,0,penalty,ils,80,800000,-10965,True,2,-10965,13694,13694
knapsack,spanner,80,0,penalty,ils,80,800000,-10965,True,3,-10965,8054,8054
knapsack,spanner,80,0,penalty,ils,80,800000,-10965,True,4,-10965,8816,8816
knapsack,spanner,80,0,penalty,ils,80,800000,-10965,True,5,-10965,6256,6256
knapsack,spanner,80,0,penalty,ils,80,800000,-10965,True,6,-10965,4415,4415
knapsack,spanner,80,0,penalty,ils,80,800000,-10965,True,7,-10965,40203,40203
knapsack,spanner,80,0,penalty,ils,80,800000,-10965,True,8,-10965,9457,9457
knapsack,spanner,80,0,penalty,ils,80,800000,-10965,True,9,-10965,1741,1741
knapsack,spanner,80,0,penalty,ils,80,800000,-10965,True,10,-10965,6119,6119
knapsack,spanner,80,0,penalty,ils,80,800000,-10965,True,11,-10965,10532,10532
knapsack,spanner,80,0,penalty,ils,80,800000,-10965,True,12,-10965,2283,2283
knapsack,spanner,80,0,penalty,ils,80,800000,-10965,True,13,-10965,11138,11138
knapsack,spanner,80,0,penalty,ils,80,800000,-10965,True,14,-10965,2800,2800
knapsack,spanner,80,0,penalty,ils,80,800000,-10965,True,15,-10965,10454,10454
knapsack,spanner,80,0,penalty,ils,80,800000,-10965,True,16,-10965,3718,3718
knapsack,spanner,80,0,penalty,ils,80,800000,-10965,True,17,-10965,8827,8827
knapsack,spanner,80,0,penalty,ils,80,800000,-10965,True,18,-10965,1429,1429
knapsack,spanner,80,0,penalty,ils,80,800000,-10965,True,19,-10965,10315,10315
knapsack,spanner,80,0,penalty,ils,80,800000,-10965,True,20,-10965,3926,3926
knapsack,spanner,80,0,penalty,ils,80,800000,-10965,True,21,-10965,26550,26550
knapsack,spanner,80,0,penalty,ils,80,800000,-10965,True,22,-10965,8580,8580
knapsack,spanner,80,0,penalty,ils,80,800000,-10965,True,23,-10965,3960,3960
knapsack,spanner,80,0,penalty,ils,80,800000,-10965,True,24,-10965,15270,15270
knapsack,spanner,80,0,penalty,ils,80,800000,-10965,True,25,-10965,2903,2903
knapsack,spanner,80,0,penalty,ils,80,800000,-10965,True,26,-10965,4193,4193
knapsack,spanner,80,0,penalty,ils,80,800000,-10965,True,27,-10965,10927,10927
knapsack,spanner,80,0,penalty,ils,80,800000,-10965,True,28,-10965,16909,16909
knapsack,spanner,80,0,penalty,ils,80,800000,-10965,True,29,-10965,5748,5748
knapsack,spanner,80,0,penalty,ils,80,800000,-10965,True,30,-10965,4182,4182
knapsack,spanner,80,0,penalty,mga,80,800000,-10965,True,0,-10965,19522,19522
knapsack,spanner,80,0,penalty,mga,80,800000,-10965,True,1,-10965,26526,26526
knapsack,spanner,80,0,penalty,mga,80,800000,-10965,True,2,-10965,14028,14028
knapsack,spanner,80,0,penalty,mga,80,800000,-10965,True,3,-10965,15117,15117
knapsack,spanner,80,0,penalty,mga,80,800000,-10965,True,4,-10965,10745,10745
knapsack,spanner,80,0,penalty,mga,80,800000,-10965,True,5,-10965,28405,28405
knapsack,spanner,80,0,penalty,mga,80,800000,-10965,True,6,-10965,23379,23379
knapsack,spanner,80,0,penalty,mga,80,800000,-10965,True,7,-10965,8942,8942
knapsack,spanner,80,0,penalty,mga,80,800000,-10965,True,8,-10965,3417,3417
knapsack,spanner,80,0,penalty,mga,80,800000,-10965,True,9,-10965,9351,9351
knapsack,spanner,80,0,penalty,mga,80,800000,-10965,True,10,-10965,7847,7847
knapsack,spanner,80,0,penalty,mga,80,800000,-10965,True,11,-10965,24526,24526
knapsack,spanner,80,0,penalty,mga,80,800000,-10965,True,12,-10965,16664,16664
knapsack,spanner,80,0,penalty,mga,80,800000,-10965,True,13,-10965,14647,14647
knapsack,spanner,80,0,penalty,mga,80,800000,-10965,True,14,-10965,27282,27282
knapsack,spanner,80,0,penalty,mga,80,800000,-10965,True,15,-10965,44503,44503
knapsack,spanner,80,0,penalty,mga,80,800000,-10965,True,16,-10965,6446,6446
knapsack,spanner,80,0,penalty,mga,80,800000,-10965,True,17,-10965,18703,18703
knapsack,spanner,80,0,penalty,mga,80,800000,-10965,True,18,-10965,13700,13700
knapsack,spanner,80,0,penalty,mga,80,800000,-10965,True,19,-10965,40511,40511
knapsack,spanner,80,0,penalty,mga,80,800000,-10965,True,20,-10965,301299,301299
knapsack,spanner,80,0,penalty,mga,80,800000,-10965,True,21,-10965,5327,5327
knapsack,spanner,80,0,penalty,mga,80,800000,-10965,True,22,-10965,20586,20586
knapsack,spanner,80,0,penalty,mga,80,800000,-10965,True,23,-10965,6816,6816
knapsack,spanner,80,0,penalty,mga,80,800000,-10965,True,24,-10965,18907,18907
knapsack,spanner,80,0,penalty,mga,80,800000,-10965,True,25,-10965,8254,8254
knapsack,spanner,80,0,penalty,mga,80,800000,-10965,True,26,-10965,32003,32003
knapsack,spanner,80,0,penalty,mga,80,800000,-10965,True,27,-10965,8894,8894
knapsack,spanner,80,0,penalty,mga,80,800000,-10965,True,28,-10965,12637,12637
knapsack,spanner,80,0,penalty,mga,80,800000,-10965,True,29,-10965,13095,13095
knapsack,spanner,80,0,penalty,mga,80,800000,-10965,True,30,-10965,47488,47488
knapsack,spanner,80,0,repair,floor,80,800000,-10965,True,0,-10965,563,563
knapsack,spanner,80,0,repair,floor,80,800000,-10965,True,1,-10965,482,482
knapsack,spanner,80,0,repair,floor,80,800000,-10965,True,2,-10965,321,321
knapsack,spanner,80,0,repair,floor,80,800000,-10965,True,3,-10965,724,724
knapsack,spanner,80,0,repair,floor,80,800000,-10965,True,4,-10965,81,81
knapsack,spanner,80,0,repair,floor,80,800000,-10965,True,5,-10965,162,162
knapsack,spanner,80,0,repair,floor,80,800000,-10965,True,6,-10965,81,81
knapsack,spanner,80,0,repair,floor,80,800000,-10965,True,7,-10965,885,885
knapsack,spanner,80,0,repair,floor,80,800000,-10965,True,8,-10965,644,644
knapsack,spanner,80,0,repair,floor,80,800000,-10965,True,9,-10965,242,242
knapsack,spanner,80,0,repair,floor,80,800000,-10965,True,10,-10965,1047,1047
knapsack,spanner,80,0,repair,floor,80,800000,-10965,True,11,-10965,967,967
knapsack,spanner,80,0,repair,floor,80,800000,-10965,True,12,-10965,242,242
knapsack,spanner,80,0,repair,floor,80,800000,-10965,True,13,-10965,964,964
knapsack,spanner,80,0,repair,floor,80,800000,-10965,True,14,-10965,242,242
knapsack,spanner,80,0,repair,floor,80,800000,-10965,True,15,-10965,322,322
knapsack,spanner,80,0,repair,floor,80,800000,-10965,True,16,-10965,242,242
knapsack,spanner,80,0,repair,floor,80,800000,-10965,True,17,-10965,403,403
knapsack,spanner,80,0,repair,floor,80,800000,-10965,True,18,-10965,81,81
knapsack,spanner,80,0,repair,floor,80,800000,-10965,True,19,-10965,403,403
knapsack,spanner,80,0,repair,floor,80,800000,-10965,True,20,-10965,81,81
knapsack,spanner,80,0,repair,floor,80,800000,-10965,True,21,-10965,563,563
knapsack,spanner,80,0,repair,floor,80,800000,-10965,True,22,-10965,81,81
knapsack,spanner,80,0,repair,floor,80,800000,-10965,True,23,-10965,323,323
knapsack,spanner,80,0,repair,floor,80,800000,-10965,True,24,-10965,483,483
knapsack,spanner,80,0,repair,floor,80,800000,-10965,True,25,-10965,161,161
knapsack,spanner,80,0,repair,floor,80,800000,-10965,True,26,-10965,1934,1934
knapsack,spanner,80,0,repair,floor,80,800000,-10965,True,27,-10965,1373,1373
knapsack,spanner,80,0,repair,floor,80,800000,-10965,True,28,-10965,161,161
knapsack,spanner,80,0,repair,floor,80,800000,-10965,True,29,-10965,321,321
knapsack,spanner,80,0,repair,floor,80,800000,-10965,True,30,-10965,241,241
knapsack,spanner,80,0,repair,ils,80,800000,-10965,True,0,-10965,355,355
knapsack,spanner,80,0,repair,ils,80,800000,-10965,True,1,-10965,133,133
knapsack,spanner,80,0,repair,ils,80,800000,-10965,True,2,-10965,976,976
knapsack,spanner,80,0,repair,ils,80,800000,-10965,True,3,-10965,1817,1817
knapsack,spanner,80,0,repair,ils,80,800000,-10965,True,4,-10965,8597,8597
knapsack,spanner,80,0,repair,ils,80,800000,-10965,True,5,-10965,101,101
knapsack,spanner,80,0,repair,ils,80,800000,-10965,True,6,-10965,3411,3411
knapsack,spanner,80,0,repair,ils,80,800000,-10965,True,7,-10965,4681,4681
knapsack,spanner,80,0,repair,ils,80,800000,-10965,True,8,-10965,11372,11372
knapsack,spanner,80,0,repair,ils,80,800000,-10965,True,9,-10965,137,137
knapsack,spanner,80,0,repair,ils,80,800000,-10965,True,10,-10965,3066,3066
knapsack,spanner,80,0,repair,ils,80,800000,-10965,True,11,-10965,1159,1159
knapsack,spanner,80,0,repair,ils,80,800000,-10965,True,12,-10965,104,104
knapsack,spanner,80,0,repair,ils,80,800000,-10965,True,13,-10965,6212,6212
knapsack,spanner,80,0,repair,ils,80,800000,-10965,True,14,-10965,86,86
knapsack,spanner,80,0,repair,ils,80,800000,-10965,True,15,-10965,415,415
knapsack,spanner,80,0,repair,ils,80,800000,-10965,True,16,-10965,92,92
knapsack,spanner,80,0,repair,ils,80,800000,-10965,True,17,-10965,205,205
knapsack,spanner,80,0,repair,ils,80,800000,-10965,True,18,-10965,310,310
knapsack,spanner,80,0,repair,ils,80,800000,-10965,True,19,-10965,8129,8129
knapsack,spanner,80,0,repair,ils,80,800000,-10965,True,20,-10965,2312,2312
knapsack,spanner,80,0,repair,ils,80,800000,-10965,True,21,-10965,1159,1159
knapsack,spanner,80,0,repair,ils,80,800000,-10965,True,22,-10965,1823,1823
knapsack,spanner,80,0,repair,ils,80,800000,-10965,True,23,-10965,1321,1321
knapsack,spanner,80,0,repair,ils,80,800000,-10965,True,24,-10965,4240,4240
knapsack,spanner,80,0,repair,ils,80,800000,-10965,True,25,-10965,4686,4686
knapsack,spanner,80,0,repair,ils,80,800000,-10965,True,26,-10965,2681,2681
knapsack,spanner,80,0,repair,ils,80,800000,-10965,True,27,-10965,1615,1615
knapsack,spanner,80,0,repair,ils,80,800000,-10965,True,28,-10965,8454,8454
knapsack,spanner,80,0,repair,ils,80,800000,-10965,True,29,-10965,5259,5259
knapsack,spanner,80,0,repair,ils,80,800000,-10965,True,30,-10965,5013,5013
knapsack,spanner,80,0,repair,mga,80,800000,-10965,True,0,-10965,30,30
knapsack,spanner,80,0,repair,mga,80,800000,-10965,True,1,-10965,211,211
knapsack,spanner,80,0,repair,mga,80,800000,-10965,True,2,-10965,5090,5090
knapsack,spanner,80,0,repair,mga,80,800000,-10965,True,3,-10965,250,250
knapsack,spanner,80,0,repair,mga,80,800000,-10965,True,4,-10965,30,30
knapsack,spanner,80,0,repair,mga,80,800000,-10965,True,5,-10965,160,160
knapsack,spanner,80,0,repair,mga,80,800000,-10965,True,6,-10965,30,30
knapsack,spanner,80,0,repair,mga,80,800000,-10965,True,7,-10965,140,140
knapsack,spanner,80,0,repair,mga,80,800000,-10965,True,8,-10965,140,140
knapsack,spanner,80,0,repair,mga,80,800000,-10965,True,9,-10965,140,140
knapsack,spanner,80,0,repair,mga,80,800000,-10965,True,10,-10965,140,140
knapsack,spanner,80,0,repair,mga,80,800000,-10965,True,11,-10965,19500,19500
knapsack,spanner,80,0,repair,mga,80,800000,-10965,True,12,-10965,360,360
knapsack,spanner,80,0,repair,mga,80,800000,-10965,True,13,-10965,140,140
knapsack,spanner,80,0,repair,mga,80,800000,-10965,True,14,-10965,2780,2780
knapsack,spanner,80,0,repair,mga,80,800000,-10965,True,15,-10965,360,360
knapsack,spanner,80,0,repair,mga,80,800000,-10965,True,16,-10965,360,360
knapsack,spanner,80,0,repair,mga,80,800000,-10965,True,17,-10965,30,30
knapsack,spanner,80,0,repair,mga,80,800000,-10965,True,18,-10965,140,140
knapsack,spanner,80,0,repair,mga,80,800000,-10965,True,19,-10965,140,140
knapsack,spanner,80,0,repair,mga,80,800000,-10965,True,20,-10965,213,213
knapsack,spanner,80,0,repair,mga,80,800000,-10965,True,21,-10965,30,30
knapsack,spanner,80,0,repair,mga,80,800000,-10965,True,22,-10965,35230,35230
knapsack,spanner,80,0,repair,mga,80,800000,-10965,True,23,-10965,30,30
knapsack,spanner,80,0,repair,mga,80,800000,-10965,True,24,-10965,30,30
knapsack,spanner,80,0,repair,mga,80,800000,-10965,True,25,-10965,5970,5970
knapsack,spanner,80,0,repair,mga,80,800000,-10965,True,26,-10965,140,140
knapsack,spanner,80,0,repair,mga,80,800000,-10965,True,27,-10965,1020,1020
knapsack,spanner,80,0,repair,mga,80,800000,-10965,True,28,-10965,30,30
knapsack,spanner,80,0,repair,mga,80,800000,-10965,True,29,-10965,140,140
knapsack,spanner,80,0,repair,mga,80,800000,-10965,True,30,-10965,470,470
knapsack,spanner,80,1,penalty,floor,80,800000,-15192,True,0,-15048,,800000
knapsack,spanner,80,1,penalty,floor,80,800000,-15192,True,1,-15036,,800000
knapsack,spanner,80,1,penalty,floor,80,800000,-15192,True,2,-15044,,800000
knapsack,spanner,80,1,penalty,floor,80,800000,-15192,True,3,-15056,,800000
knapsack,spanner,80,1,penalty,floor,80,800000,-15192,True,4,-15052,,800000
knapsack,spanner,80,1,penalty,floor,80,800000,-15192,True,5,-15116,,800000
knapsack,spanner,80,1,penalty,floor,80,800000,-15192,True,6,-15044,,800000
knapsack,spanner,80,1,penalty,floor,80,800000,-15192,True,7,-15044,,800000
knapsack,spanner,80,1,penalty,floor,80,800000,-15192,True,8,-15040,,800000
knapsack,spanner,80,1,penalty,floor,80,800000,-15192,True,9,-15036,,800000
knapsack,spanner,80,1,penalty,floor,80,800000,-15192,True,10,-15036,,800000
knapsack,spanner,80,1,penalty,floor,80,800000,-15192,True,11,-15052,,800000
knapsack,spanner,80,1,penalty,floor,80,800000,-15192,True,12,-15044,,800000
knapsack,spanner,80,1,penalty,floor,80,800000,-15192,True,13,-15044,,800000
knapsack,spanner,80,1,penalty,floor,80,800000,-15192,True,14,-15036,,800000
knapsack,spanner,80,1,penalty,floor,80,800000,-15192,True,15,-15052,,800000
knapsack,spanner,80,1,penalty,floor,80,800000,-15192,True,16,-15036,,800000
knapsack,spanner,80,1,penalty,floor,80,800000,-15192,True,17,-15104,,800000
knapsack,spanner,80,1,penalty,floor,80,800000,-15192,True,18,-15048,,800000
knapsack,spanner,80,1,penalty,floor,80,800000,-15192,True,19,-15036,,800000
knapsack,spanner,80,1,penalty,floor,80,800000,-15192,True,20,-15040,,800000
knapsack,spanner,80,1,penalty,floor,80,800000,-15192,True,21,-15040,,800000
knapsack,spanner,80,1,penalty,floor,80,800000,-15192,True,22,-15056,,800000
knapsack,spanner,80,1,penalty,floor,80,800000,-15192,True,23,-15040,,800000
knapsack,spanner,80,1,penalty,floor,80,800000,-15192,True,24,-15044,,800000
knapsack,spanner,80,1,penalty,floor,80,800000,-15192,True,25,-15044,,800000
knapsack,spanner,80,1,penalty,floor,80,800000,-15192,True,26,-15052,,800000
knapsack,spanner,80,1,penalty,floor,80,800000,-15192,True,27,-15040,,800000
knapsack,spanner,80,1,penalty,floor,80,800000,-15192,True,28,-15052,,800000
knapsack,spanner,80,1,penalty,floor,80,800000,-15192,True,29,-15048,,800000
knapsack,spanner,80,1,penalty,floor,80,800000,-15192,True,30,-15040,,800000
knapsack,spanner,80,1,penalty,ils,80,800000,-15192,True,0,-15192,13283,13283
knapsack,spanner,80,1,penalty,ils,80,800000,-15192,True,1,-15192,31133,31133
knapsack,spanner,80,1,penalty,ils,80,800000,-15192,True,2,-15192,49285,49285
knapsack,spanner,80,1,penalty,ils,80,800000,-15192,True,3,-15192,14469,14469
knapsack,spanner,80,1,penalty,ils,80,800000,-15192,True,4,-15192,9871,9871
knapsack,spanner,80,1,penalty,ils,80,800000,-15192,True,5,-15192,42896,42896
knapsack,spanner,80,1,penalty,ils,80,800000,-15192,True,6,-15192,14698,14698
knapsack,spanner,80,1,penalty,ils,80,800000,-15192,True,7,-15192,36069,36069
knapsack,spanner,80,1,penalty,ils,80,800000,-15192,True,8,-15192,63628,63628
knapsack,spanner,80,1,penalty,ils,80,800000,-15192,True,9,-15192,39694,39694
knapsack,spanner,80,1,penalty,ils,80,800000,-15192,True,10,-15192,9339,9339
knapsack,spanner,80,1,penalty,ils,80,800000,-15192,True,11,-15192,31311,31311
knapsack,spanner,80,1,penalty,ils,80,800000,-15192,True,12,-15192,21855,21855
knapsack,spanner,80,1,penalty,ils,80,800000,-15192,True,13,-15192,21803,21803
knapsack,spanner,80,1,penalty,ils,80,800000,-15192,True,14,-15192,30586,30586
knapsack,spanner,80,1,penalty,ils,80,800000,-15192,True,15,-15192,19058,19058
knapsack,spanner,80,1,penalty,ils,80,800000,-15192,True,16,-15192,18946,18946
knapsack,spanner,80,1,penalty,ils,80,800000,-15192,True,17,-15192,54632,54632
knapsack,spanner,80,1,penalty,ils,80,800000,-15192,True,18,-15192,53064,53064
knapsack,spanner,80,1,penalty,ils,80,800000,-15192,True,19,-15192,31294,31294
knapsack,spanner,80,1,penalty,ils,80,800000,-15192,True,20,-15192,22558,22558
knapsack,spanner,80,1,penalty,ils,80,800000,-15192,True,21,-15192,10508,10508
knapsack,spanner,80,1,penalty,ils,80,800000,-15192,True,22,-15192,27358,27358
knapsack,spanner,80,1,penalty,ils,80,800000,-15192,True,23,-15192,28144,28144
knapsack,spanner,80,1,penalty,ils,80,800000,-15192,True,24,-15192,5456,5456
knapsack,spanner,80,1,penalty,ils,80,800000,-15192,True,25,-15192,5068,5068
knapsack,spanner,80,1,penalty,ils,80,800000,-15192,True,26,-15192,20343,20343
knapsack,spanner,80,1,penalty,ils,80,800000,-15192,True,27,-15192,23001,23001
knapsack,spanner,80,1,penalty,ils,80,800000,-15192,True,28,-15192,20272,20272
knapsack,spanner,80,1,penalty,ils,80,800000,-15192,True,29,-15192,37438,37438
knapsack,spanner,80,1,penalty,ils,80,800000,-15192,True,30,-15192,43826,43826
knapsack,spanner,80,1,penalty,mga,80,800000,-15192,True,0,-15192,199273,199273
knapsack,spanner,80,1,penalty,mga,80,800000,-15192,True,1,-15192,247573,247573
knapsack,spanner,80,1,penalty,mga,80,800000,-15192,True,2,-15192,101273,101273
knapsack,spanner,80,1,penalty,mga,80,800000,-15192,True,3,-15192,509755,509755
knapsack,spanner,80,1,penalty,mga,80,800000,-15192,True,4,-15192,107297,107297
knapsack,spanner,80,1,penalty,mga,80,800000,-15192,True,5,-15192,135666,135666
knapsack,spanner,80,1,penalty,mga,80,800000,-15192,True,6,-15192,52750,52750
knapsack,spanner,80,1,penalty,mga,80,800000,-15192,True,7,-15192,183466,183466
knapsack,spanner,80,1,penalty,mga,80,800000,-15192,True,8,-15192,65329,65329
knapsack,spanner,80,1,penalty,mga,80,800000,-15192,True,9,-15192,108382,108382
knapsack,spanner,80,1,penalty,mga,80,800000,-15192,True,10,-15192,526388,526388
knapsack,spanner,80,1,penalty,mga,80,800000,-15192,True,11,-15192,92254,92254
knapsack,spanner,80,1,penalty,mga,80,800000,-15192,True,12,-15192,229912,229912
knapsack,spanner,80,1,penalty,mga,80,800000,-15192,True,13,-15192,198440,198440
knapsack,spanner,80,1,penalty,mga,80,800000,-15192,True,14,-15192,108302,108302
knapsack,spanner,80,1,penalty,mga,80,800000,-15192,True,15,-15192,413581,413581
knapsack,spanner,80,1,penalty,mga,80,800000,-15192,True,16,-15192,281303,281303
knapsack,spanner,80,1,penalty,mga,80,800000,-15192,True,17,-15192,67151,67151
knapsack,spanner,80,1,penalty,mga,80,800000,-15192,True,18,-15192,35289,35289
knapsack,spanner,80,1,penalty,mga,80,800000,-15192,True,19,-15192,80689,80689
knapsack,spanner,80,1,penalty,mga,80,800000,-15192,True,20,-15192,87240,87240
knapsack,spanner,80,1,penalty,mga,80,800000,-15192,True,21,-15192,166245,166245
knapsack,spanner,80,1,penalty,mga,80,800000,-15192,True,22,-15192,314007,314007
knapsack,spanner,80,1,penalty,mga,80,800000,-15192,True,23,-15188,,800000
knapsack,spanner,80,1,penalty,mga,80,800000,-15192,True,24,-15192,91323,91323
knapsack,spanner,80,1,penalty,mga,80,800000,-15192,True,25,-15192,26001,26001
knapsack,spanner,80,1,penalty,mga,80,800000,-15192,True,26,-15192,445755,445755
knapsack,spanner,80,1,penalty,mga,80,800000,-15192,True,27,-15192,257655,257655
knapsack,spanner,80,1,penalty,mga,80,800000,-15192,True,28,-15192,589009,589009
knapsack,spanner,80,1,penalty,mga,80,800000,-15192,True,29,-15192,47301,47301
knapsack,spanner,80,1,penalty,mga,80,800000,-15192,True,30,-15192,102940,102940
knapsack,spanner,80,1,repair,floor,80,800000,-15192,True,0,-15192,401,401
knapsack,spanner,80,1,repair,floor,80,800000,-15192,True,1,-15192,242,242
knapsack,spanner,80,1,repair,floor,80,800000,-15192,True,2,-15192,402,402
knapsack,spanner,80,1,repair,floor,80,800000,-15192,True,3,-15192,321,321
knapsack,spanner,80,1,repair,floor,80,800000,-15192,True,4,-15192,402,402
knapsack,spanner,80,1,repair,floor,80,800000,-15192,True,5,-15192,241,241
knapsack,spanner,80,1,repair,floor,80,800000,-15192,True,6,-15192,1123,1123
knapsack,spanner,80,1,repair,floor,80,800000,-15192,True,7,-15192,401,401
knapsack,spanner,80,1,repair,floor,80,800000,-15192,True,8,-15192,321,321
knapsack,spanner,80,1,repair,floor,80,800000,-15192,True,9,-15192,323,323
knapsack,spanner,80,1,repair,floor,80,800000,-15192,True,10,-15192,965,965
knapsack,spanner,80,1,repair,floor,80,800000,-15192,True,11,-15192,161,161
knapsack,spanner,80,1,repair,floor,80,800000,-15192,True,12,-15192,482,482
knapsack,spanner,80,1,repair,floor,80,800000,-15192,True,13,-15192,964,964
knapsack,spanner,80,1,repair,floor,80,800000,-15192,True,14,-15192,562,562
knapsack,spanner,80,1,repair,floor,80,800000,-15192,True,15,-15192,321,321
knapsack,spanner,80,1,repair,floor,80,800000,-15192,True,16,-15192,723,723
knapsack,spanner,80,1,repair,floor,80,800000,-15192,True,17,-15192,643,643
knapsack,spanner,80,1,repair,floor,80,800000,-15192,True,18,-15192,803,803
knapsack,spanner,80,1,repair,floor,80,800000,-15192,True,19,-15192,643,643
knapsack,spanner,80,1,repair,floor,80,800000,-15192,True,20,-15192,321,321
knapsack,spanner,80,1,repair,floor,80,800000,-15192,True,21,-15192,321,321
knapsack,spanner,80,1,repair,floor,80,800000,-15192,True,22,-15192,322,322
knapsack,spanner,80,1,repair,floor,80,800000,-15192,True,23,-15192,643,643
knapsack,spanner,80,1,repair,floor,80,800000,-15192,True,24,-15192,804,804
knapsack,spanner,80,1,repair,floor,80,800000,-15192,True,25,-15192,562,562
knapsack,spanner,80,1,repair,floor,80,800000,-15192,True,26,-15192,401,401
knapsack,spanner,80,1,repair,floor,80,800000,-15192,True,27,-15192,322,322
knapsack,spanner,80,1,repair,floor,80,800000,-15192,True,28,-15192,481,481
knapsack,spanner,80,1,repair,floor,80,800000,-15192,True,29,-15192,401,401
knapsack,spanner,80,1,repair,floor,80,800000,-15192,True,30,-15192,482,482
knapsack,spanner,80,1,repair,ils,80,800000,-15192,True,0,-15192,115,115
knapsack,spanner,80,1,repair,ils,80,800000,-15192,True,1,-15192,118,118
knapsack,spanner,80,1,repair,ils,80,800000,-15192,True,2,-15192,142,142
knapsack,spanner,80,1,repair,ils,80,800000,-15192,True,3,-15192,4923,4923
knapsack,spanner,80,1,repair,ils,80,800000,-15192,True,4,-15192,150,150
knapsack,spanner,80,1,repair,ils,80,800000,-15192,True,5,-15192,3388,3388
knapsack,spanner,80,1,repair,ils,80,800000,-15192,True,6,-15192,2465,2465
knapsack,spanner,80,1,repair,ils,80,800000,-15192,True,7,-15192,619,619
knapsack,spanner,80,1,repair,ils,80,800000,-15192,True,8,-15192,148,148
knapsack,spanner,80,1,repair,ils,80,800000,-15192,True,9,-15192,262,262
knapsack,spanner,80,1,repair,ils,80,800000,-15192,True,10,-15192,762,762
knapsack,spanner,80,1,repair,ils,80,800000,-15192,True,11,-15192,182,182
knapsack,spanner,80,1,repair,ils,80,800000,-15192,True,12,-15192,174,174
knapsack,spanner,80,1,repair,ils,80,800000,-15192,True,13,-15192,644,644
knapsack,spanner,80,1,repair,ils,80,800000,-15192,True,14,-15192,171,171
knapsack,spanner,80,1,repair,ils,80,800000,-15192,True,15,-15192,3209,3209
knapsack,spanner,80,1,repair,ils,80,800000,-15192,True,16,-15192,1168,1168
knapsack,spanner,80,1,repair,ils,80,800000,-15192,True,17,-15192,652,652
knapsack,spanner,80,1,repair,ils,80,800000,-15192,True,18,-15192,291,291
knapsack,spanner,80,1,repair,ils,80,800000,-15192,True,19,-15192,2546,2546
knapsack,spanner,80,1,repair,ils,80,800000,-15192,True,20,-15192,146,146
knapsack,spanner,80,1,repair,ils,80,800000,-15192,True,21,-15192,357,357
knapsack,spanner,80,1,repair,ils,80,800000,-15192,True,22,-15192,144,144
knapsack,spanner,80,1,repair,ils,80,800000,-15192,True,23,-15192,3985,3985
knapsack,spanner,80,1,repair,ils,80,800000,-15192,True,24,-15192,333,333
knapsack,spanner,80,1,repair,ils,80,800000,-15192,True,25,-15192,142,142
knapsack,spanner,80,1,repair,ils,80,800000,-15192,True,26,-15192,81,81
knapsack,spanner,80,1,repair,ils,80,800000,-15192,True,27,-15192,91,91
knapsack,spanner,80,1,repair,ils,80,800000,-15192,True,28,-15192,5261,5261
knapsack,spanner,80,1,repair,ils,80,800000,-15192,True,29,-15192,201,201
knapsack,spanner,80,1,repair,ils,80,800000,-15192,True,30,-15192,134,134
knapsack,spanner,80,1,repair,mga,80,800000,-15192,True,0,-15192,140,140
knapsack,spanner,80,1,repair,mga,80,800000,-15192,True,1,-15192,140,140
knapsack,spanner,80,1,repair,mga,80,800000,-15192,True,2,-15192,181,181
knapsack,spanner,80,1,repair,mga,80,800000,-15192,True,3,-15192,140,140
knapsack,spanner,80,1,repair,mga,80,800000,-15192,True,4,-15192,150,150
knapsack,spanner,80,1,repair,mga,80,800000,-15192,True,5,-15192,146,146
knapsack,spanner,80,1,repair,mga,80,800000,-15192,True,6,-15192,30,30
knapsack,spanner,80,1,repair,mga,80,800000,-15192,True,7,-15192,140,140
knapsack,spanner,80,1,repair,mga,80,800000,-15192,True,8,-15192,140,140
knapsack,spanner,80,1,repair,mga,80,800000,-15192,True,9,-15192,30,30
knapsack,spanner,80,1,repair,mga,80,800000,-15192,True,10,-15192,146,146
knapsack,spanner,80,1,repair,mga,80,800000,-15192,True,11,-15192,173,173
knapsack,spanner,80,1,repair,mga,80,800000,-15192,True,12,-15192,30,30
knapsack,spanner,80,1,repair,mga,80,800000,-15192,True,13,-15192,30,30
knapsack,spanner,80,1,repair,mga,80,800000,-15192,True,14,-15192,140,140
knapsack,spanner,80,1,repair,mga,80,800000,-15192,True,15,-15192,161,161
knapsack,spanner,80,1,repair,mga,80,800000,-15192,True,16,-15192,30,30
knapsack,spanner,80,1,repair,mga,80,800000,-15192,True,17,-15192,140,140
knapsack,spanner,80,1,repair,mga,80,800000,-15192,True,18,-15192,140,140
knapsack,spanner,80,1,repair,mga,80,800000,-15192,True,19,-15192,30,30
knapsack,spanner,80,1,repair,mga,80,800000,-15192,True,20,-15192,30,30
knapsack,spanner,80,1,repair,mga,80,800000,-15192,True,21,-15192,30,30
knapsack,spanner,80,1,repair,mga,80,800000,-15192,True,22,-15192,140,140
knapsack,spanner,80,1,repair,mga,80,800000,-15192,True,23,-15192,30,30
knapsack,spanner,80,1,repair,mga,80,800000,-15192,True,24,-15192,150,150
knapsack,spanner,80,1,repair,mga,80,800000,-15192,True,25,-15192,30,30
knapsack,spanner,80,1,repair,mga,80,800000,-15192,True,26,-15192,30,30
knapsack,spanner,80,1,repair,mga,80,800000,-15192,True,27,-15192,30,30
knapsack,spanner,80,1,repair,mga,80,800000,-15192,True,28,-15192,30,30
knapsack,spanner,80,1,repair,mga,80,800000,-15192,True,29,-15192,140,140
knapsack,spanner,80,1,repair,mga,80,800000,-15192,True,30,-15192,30,30
knapsack,spanner,80,2,penalty,floor,80,800000,-20171,True,0,-20110,,800000
knapsack,spanner,80,2,penalty,floor,80,800000,-20171,True,1,-20120,,800000
knapsack,spanner,80,2,penalty,floor,80,800000,-20171,True,2,-20130,,800000
knapsack,spanner,80,2,penalty,floor,80,800000,-20171,True,3,-20120,,800000
knapsack,spanner,80,2,penalty,floor,80,800000,-20171,True,4,-20120,,800000
knapsack,spanner,80,2,penalty,floor,80,800000,-20171,True,5,-20111,,800000
knapsack,spanner,80,2,penalty,floor,80,800000,-20171,True,6,-20120,,800000
knapsack,spanner,80,2,penalty,floor,80,800000,-20171,True,7,-20120,,800000
knapsack,spanner,80,2,penalty,floor,80,800000,-20171,True,8,-20130,,800000
knapsack,spanner,80,2,penalty,floor,80,800000,-20171,True,9,-20121,,800000
knapsack,spanner,80,2,penalty,floor,80,800000,-20171,True,10,-20111,,800000
knapsack,spanner,80,2,penalty,floor,80,800000,-20171,True,11,-20120,,800000
knapsack,spanner,80,2,penalty,floor,80,800000,-20171,True,12,-20130,,800000
knapsack,spanner,80,2,penalty,floor,80,800000,-20171,True,13,-20122,,800000
knapsack,spanner,80,2,penalty,floor,80,800000,-20171,True,14,-20120,,800000
knapsack,spanner,80,2,penalty,floor,80,800000,-20171,True,15,-20120,,800000
knapsack,spanner,80,2,penalty,floor,80,800000,-20171,True,16,-20121,,800000
knapsack,spanner,80,2,penalty,floor,80,800000,-20171,True,17,-20121,,800000
knapsack,spanner,80,2,penalty,floor,80,800000,-20171,True,18,-20120,,800000
knapsack,spanner,80,2,penalty,floor,80,800000,-20171,True,19,-20121,,800000
knapsack,spanner,80,2,penalty,floor,80,800000,-20171,True,20,-20130,,800000
knapsack,spanner,80,2,penalty,floor,80,800000,-20171,True,21,-20120,,800000
knapsack,spanner,80,2,penalty,floor,80,800000,-20171,True,22,-20130,,800000
knapsack,spanner,80,2,penalty,floor,80,800000,-20171,True,23,-20130,,800000
knapsack,spanner,80,2,penalty,floor,80,800000,-20171,True,24,-20120,,800000
knapsack,spanner,80,2,penalty,floor,80,800000,-20171,True,25,-20130,,800000
knapsack,spanner,80,2,penalty,floor,80,800000,-20171,True,26,-20120,,800000
knapsack,spanner,80,2,penalty,floor,80,800000,-20171,True,27,-20121,,800000
knapsack,spanner,80,2,penalty,floor,80,800000,-20171,True,28,-20120,,800000
knapsack,spanner,80,2,penalty,floor,80,800000,-20171,True,29,-20120,,800000
knapsack,spanner,80,2,penalty,floor,80,800000,-20171,True,30,-20120,,800000
knapsack,spanner,80,2,penalty,ils,80,800000,-20171,True,0,-20151,,800000
knapsack,spanner,80,2,penalty,ils,80,800000,-20171,True,1,-20161,,800000
knapsack,spanner,80,2,penalty,ils,80,800000,-20171,True,2,-20161,,800000
knapsack,spanner,80,2,penalty,ils,80,800000,-20171,True,3,-20151,,800000
knapsack,spanner,80,2,penalty,ils,80,800000,-20171,True,4,-20151,,800000
knapsack,spanner,80,2,penalty,ils,80,800000,-20171,True,5,-20161,,800000
knapsack,spanner,80,2,penalty,ils,80,800000,-20171,True,6,-20171,647615,647615
knapsack,spanner,80,2,penalty,ils,80,800000,-20171,True,7,-20151,,800000
knapsack,spanner,80,2,penalty,ils,80,800000,-20171,True,8,-20151,,800000
knapsack,spanner,80,2,penalty,ils,80,800000,-20171,True,9,-20171,692818,692818
knapsack,spanner,80,2,penalty,ils,80,800000,-20171,True,10,-20151,,800000
knapsack,spanner,80,2,penalty,ils,80,800000,-20171,True,11,-20152,,800000
knapsack,spanner,80,2,penalty,ils,80,800000,-20171,True,12,-20161,,800000
knapsack,spanner,80,2,penalty,ils,80,800000,-20171,True,13,-20161,,800000
knapsack,spanner,80,2,penalty,ils,80,800000,-20171,True,14,-20141,,800000
knapsack,spanner,80,2,penalty,ils,80,800000,-20171,True,15,-20151,,800000
knapsack,spanner,80,2,penalty,ils,80,800000,-20171,True,16,-20161,,800000
knapsack,spanner,80,2,penalty,ils,80,800000,-20171,True,17,-20151,,800000
knapsack,spanner,80,2,penalty,ils,80,800000,-20171,True,18,-20161,,800000
knapsack,spanner,80,2,penalty,ils,80,800000,-20171,True,19,-20151,,800000
knapsack,spanner,80,2,penalty,ils,80,800000,-20171,True,20,-20151,,800000
knapsack,spanner,80,2,penalty,ils,80,800000,-20171,True,21,-20161,,800000
knapsack,spanner,80,2,penalty,ils,80,800000,-20171,True,22,-20161,,800000
knapsack,spanner,80,2,penalty,ils,80,800000,-20171,True,23,-20151,,800000
knapsack,spanner,80,2,penalty,ils,80,800000,-20171,True,24,-20161,,800000
knapsack,spanner,80,2,penalty,ils,80,800000,-20171,True,25,-20161,,800000
knapsack,spanner,80,2,penalty,ils,80,800000,-20171,True,26,-20161,,800000
knapsack,spanner,80,2,penalty,ils,80,800000,-20171,True,27,-20161,,800000
knapsack,spanner,80,2,penalty,ils,80,800000,-20171,True,28,-20151,,800000
knapsack,spanner,80,2,penalty,ils,80,800000,-20171,True,29,-20151,,800000
knapsack,spanner,80,2,penalty,ils,80,800000,-20171,True,30,-20161,,800000
knapsack,spanner,80,2,penalty,mga,80,800000,-20171,True,0,-20161,,800000
knapsack,spanner,80,2,penalty,mga,80,800000,-20171,True,1,-20151,,800000
knapsack,spanner,80,2,penalty,mga,80,800000,-20171,True,2,-20161,,800000
knapsack,spanner,80,2,penalty,mga,80,800000,-20171,True,3,-20151,,800000
knapsack,spanner,80,2,penalty,mga,80,800000,-20171,True,4,-20151,,800000
knapsack,spanner,80,2,penalty,mga,80,800000,-20171,True,5,-20151,,800000
knapsack,spanner,80,2,penalty,mga,80,800000,-20171,True,6,-20141,,800000
knapsack,spanner,80,2,penalty,mga,80,800000,-20171,True,7,-20151,,800000
knapsack,spanner,80,2,penalty,mga,80,800000,-20171,True,8,-20151,,800000
knapsack,spanner,80,2,penalty,mga,80,800000,-20171,True,9,-20151,,800000
knapsack,spanner,80,2,penalty,mga,80,800000,-20171,True,10,-20151,,800000
knapsack,spanner,80,2,penalty,mga,80,800000,-20171,True,11,-20141,,800000
knapsack,spanner,80,2,penalty,mga,80,800000,-20171,True,12,-20140,,800000
knapsack,spanner,80,2,penalty,mga,80,800000,-20171,True,13,-20152,,800000
knapsack,spanner,80,2,penalty,mga,80,800000,-20171,True,14,-20141,,800000
knapsack,spanner,80,2,penalty,mga,80,800000,-20171,True,15,-20151,,800000
knapsack,spanner,80,2,penalty,mga,80,800000,-20171,True,16,-20151,,800000
knapsack,spanner,80,2,penalty,mga,80,800000,-20171,True,17,-20151,,800000
knapsack,spanner,80,2,penalty,mga,80,800000,-20171,True,18,-20161,,800000
knapsack,spanner,80,2,penalty,mga,80,800000,-20171,True,19,-20161,,800000
knapsack,spanner,80,2,penalty,mga,80,800000,-20171,True,20,-20161,,800000
knapsack,spanner,80,2,penalty,mga,80,800000,-20171,True,21,-20161,,800000
knapsack,spanner,80,2,penalty,mga,80,800000,-20171,True,22,-20141,,800000
knapsack,spanner,80,2,penalty,mga,80,800000,-20171,True,23,-20161,,800000
knapsack,spanner,80,2,penalty,mga,80,800000,-20171,True,24,-20151,,800000
knapsack,spanner,80,2,penalty,mga,80,800000,-20171,True,25,-20151,,800000
knapsack,spanner,80,2,penalty,mga,80,800000,-20171,True,26,-20151,,800000
knapsack,spanner,80,2,penalty,mga,80,800000,-20171,True,27,-20161,,800000
knapsack,spanner,80,2,penalty,mga,80,800000,-20171,True,28,-20151,,800000
knapsack,spanner,80,2,penalty,mga,80,800000,-20171,True,29,-20151,,800000
knapsack,spanner,80,2,penalty,mga,80,800000,-20171,True,30,-20151,,800000
knapsack,mstr,120,0,repair,floor,120,1200000,-47488,True,0,-47385,,1200000
knapsack,mstr,120,0,repair,floor,120,1200000,-47488,True,1,-47479,,1200000
knapsack,mstr,120,0,repair,floor,120,1200000,-47488,True,2,-47472,,1200000
knapsack,mstr,120,0,repair,floor,120,1200000,-47488,True,3,-47388,,1200000
knapsack,mstr,120,0,repair,floor,120,1200000,-47488,True,4,-47388,,1200000
knapsack,mstr,120,0,repair,floor,120,1200000,-47488,True,5,-47388,,1200000
knapsack,mstr,120,0,repair,floor,120,1200000,-47488,True,6,-47481,,1200000
knapsack,mstr,120,0,repair,floor,120,1200000,-47488,True,7,-47486,,1200000
knapsack,mstr,120,0,repair,floor,120,1200000,-47488,True,8,-47388,,1200000
knapsack,mstr,120,0,repair,floor,120,1200000,-47488,True,9,-47386,,1200000
knapsack,mstr,120,0,repair,floor,120,1200000,-47488,True,10,-47388,,1200000
knapsack,mstr,120,0,repair,floor,120,1200000,-47488,True,11,-47481,,1200000
knapsack,mstr,120,0,repair,floor,120,1200000,-47488,True,12,-47487,,1200000
knapsack,mstr,120,0,repair,floor,120,1200000,-47488,True,13,-47488,646726,646726
knapsack,mstr,120,0,repair,floor,120,1200000,-47488,True,14,-47483,,1200000
knapsack,mstr,120,0,repair,floor,120,1200000,-47488,True,15,-47488,778117,778117
knapsack,mstr,120,0,repair,floor,120,1200000,-47488,True,16,-47450,,1200000
knapsack,mstr,120,0,repair,floor,120,1200000,-47488,True,17,-47388,,1200000
knapsack,mstr,120,0,repair,floor,120,1200000,-47488,True,18,-47480,,1200000
knapsack,mstr,120,0,repair,floor,120,1200000,-47488,True,19,-47466,,1200000
knapsack,mstr,120,0,repair,floor,120,1200000,-47488,True,20,-47485,,1200000
knapsack,mstr,120,0,repair,floor,120,1200000,-47488,True,21,-47485,,1200000
knapsack,mstr,120,0,repair,floor,120,1200000,-47488,True,22,-47488,222822,222822
knapsack,mstr,120,0,repair,floor,120,1200000,-47488,True,23,-47482,,1200000
knapsack,mstr,120,0,repair,floor,120,1200000,-47488,True,24,-47388,,1200000
knapsack,mstr,120,0,repair,floor,120,1200000,-47488,True,25,-47388,,1200000
knapsack,mstr,120,0,repair,floor,120,1200000,-47488,True,26,-47388,,1200000
knapsack,mstr,120,0,repair,floor,120,1200000,-47488,True,27,-47483,,1200000
knapsack,mstr,120,0,repair,floor,120,1200000,-47488,True,28,-47483,,1200000
knapsack,mstr,120,0,repair,floor,120,1200000,-47488,True,29,-47488,773801,773801
knapsack,mstr,120,0,repair,floor,120,1200000,-47488,True,30,-47388,,1200000
knapsack,mstr,120,0,repair,mga,120,1200000,-47488,True,0,-47486,,1200000
knapsack,mstr,120,0,repair,mga,120,1200000,-47488,True,1,-47487,,1200000
knapsack,mstr,120,0,repair,mga,120,1200000,-47488,True,2,-47488,292160,292160
knapsack,mstr,120,0,repair,mga,120,1200000,-47488,True,3,-47385,,1200000
knapsack,mstr,120,0,repair,mga,120,1200000,-47488,True,4,-47472,,1200000
knapsack,mstr,120,0,repair,mga,120,1200000,-47488,True,5,-47472,,1200000
knapsack,mstr,120,0,repair,mga,120,1200000,-47488,True,6,-47486,,1200000
knapsack,mstr,120,0,repair,mga,120,1200000,-47488,True,7,-47488,321964,321964
knapsack,mstr,120,0,repair,mga,120,1200000,-47488,True,8,-47469,,1200000
knapsack,mstr,120,0,repair,mga,120,1200000,-47488,True,9,-47387,,1200000
knapsack,mstr,120,0,repair,mga,120,1200000,-47488,True,10,-47472,,1200000
knapsack,mstr,120,0,repair,mga,120,1200000,-47488,True,11,-47488,3253,3253
knapsack,mstr,120,0,repair,mga,120,1200000,-47488,True,12,-47387,,1200000
knapsack,mstr,120,0,repair,mga,120,1200000,-47488,True,13,-47488,2578,2578
knapsack,mstr,120,0,repair,mga,120,1200000,-47488,True,14,-47487,,1200000
knapsack,mstr,120,0,repair,mga,120,1200000,-47488,True,15,-47388,,1200000
knapsack,mstr,120,0,repair,mga,120,1200000,-47488,True,16,-47488,2397,2397
knapsack,mstr,120,0,repair,mga,120,1200000,-47488,True,17,-47488,1972,1972
knapsack,mstr,120,0,repair,mga,120,1200000,-47488,True,18,-47488,150295,150295
knapsack,mstr,120,0,repair,mga,120,1200000,-47488,True,19,-47488,988765,988765
knapsack,mstr,120,0,repair,mga,120,1200000,-47488,True,20,-47386,,1200000
knapsack,mstr,120,0,repair,mga,120,1200000,-47488,True,21,-47483,,1200000
knapsack,mstr,120,0,repair,mga,120,1200000,-47488,True,22,-47487,,1200000
knapsack,mstr,120,0,repair,mga,120,1200000,-47488,True,23,-47487,,1200000
knapsack,mstr,120,0,repair,mga,120,1200000,-47488,True,24,-47388,,1200000
knapsack,mstr,120,0,repair,mga,120,1200000,-47488,True,25,-47387,,1200000
knapsack,mstr,120,0,repair,mga,120,1200000,-47488,True,26,-47472,,1200000
knapsack,mstr,120,0,repair,mga,120,1200000,-47488,True,27,-47488,14482,14482
knapsack,mstr,120,0,repair,mga,120,1200000,-47488,True,28,-47472,,1200000
knapsack,mstr,120,0,repair,mga,120,1200000,-47488,True,29,-47487,,1200000
knapsack,mstr,120,0,repair,mga,120,1200000,-47488,True,30,-47486,,1200000
knapsack,spanner,80,2,repair,ils,80,800000,-20171,True,0,-20171,39620,39620
knapsack,spanner,80,2,repair,ils,80,800000,-20171,True,1,-20171,11399,11399
knapsack,spanner,80,2,repair,ils,80,800000,-20171,True,2,-20171,12601,12601
knapsack,spanner,80,2,repair,ils,80,800000,-20171,True,3,-20171,13945,13945
knapsack,spanner,80,2,repair,ils,80,800000,-20171,True,4,-20171,3309,3309
knapsack,spanner,80,2,repair,ils,80,800000,-20171,True,5,-20171,11146,11146
knapsack,spanner,80,2,repair,ils,80,800000,-20171,True,6,-20171,9823,9823
knapsack,spanner,80,2,repair,ils,80,800000,-20171,True,7,-20171,19242,19242
knapsack,spanner,80,2,repair,ils,80,800000,-20171,True,8,-20171,10868,10868
knapsack,spanner,80,2,repair,ils,80,800000,-20171,True,9,-20171,18417,18417
knapsack,spanner,80,2,repair,ils,80,800000,-20171,True,10,-20171,22482,22482
knapsack,spanner,80,2,repair,ils,80,800000,-20171,True,11,-20171,7735,7735
knapsack,spanner,80,2,repair,ils,80,800000,-20171,True,12,-20171,70936,70936
knapsack,spanner,80,2,repair,ils,80,800000,-20171,True,13,-20171,41381,41381
knapsack,spanner,80,2,repair,ils,80,800000,-20171,True,14,-20171,30273,30273
knapsack,spanner,80,2,repair,ils,80,800000,-20171,True,15,-20171,8266,8266
knapsack,spanner,80,2,repair,ils,80,800000,-20171,True,16,-20171,7171,7171
knapsack,spanner,80,2,repair,ils,80,800000,-20171,True,17,-20171,20405,20405
knapsack,spanner,80,2,repair,ils,80,800000,-20171,True,18,-20171,6984,6984
knapsack,spanner,80,2,repair,ils,80,800000,-20171,True,19,-20171,10936,10936
knapsack,spanner,80,2,repair,ils,80,800000,-20171,True,20,-20171,30022,30022
knapsack,spanner,80,2,repair,ils,80,800000,-20171,True,21,-20171,8665,8665
knapsack,spanner,80,2,repair,ils,80,800000,-20171,True,22,-20171,15731,15731
knapsack,spanner,80,2,repair,ils,80,800000,-20171,True,23,-20171,7241,7241
knapsack,spanner,80,2,repair,ils,80,800000,-20171,True,24,-20171,8571,8571
knapsack,spanner,80,2,repair,ils,80,800000,-20171,True,25,-20171,7028,7028
knapsack,spanner,80,2,repair,ils,80,800000,-20171,True,26,-20171,33146,33146
knapsack,spanner,80,2,repair,ils,80,800000,-20171,True,27,-20171,11491,11491
knapsack,spanner,80,2,repair,ils,80,800000,-20171,True,28,-20171,41938,41938
knapsack,spanner,80,2,repair,ils,80,800000,-20171,True,29,-20171,35758,35758
knapsack,spanner,80,2,repair,ils,80,800000,-20171,True,30,-20171,20748,20748
knapsack,spanner,120,0,penalty,floor,120,1200000,-25872,True,0,-25664,,1200000
knapsack,spanner,120,0,penalty,floor,120,1200000,-25872,True,1,-25618,,1200000
knapsack,spanner,120,0,penalty,floor,120,1200000,-25872,True,2,-25624,,1200000
knapsack,spanner,120,0,penalty,floor,120,1200000,-25872,True,3,-25620,,1200000
knapsack,spanner,120,0,penalty,floor,120,1200000,-25872,True,4,-25658,,1200000
knapsack,spanner,120,0,penalty,floor,120,1200000,-25872,True,5,-25622,,1200000
knapsack,spanner,120,0,penalty,floor,120,1200000,-25872,True,6,-25620,,1200000
knapsack,spanner,120,0,penalty,floor,120,1200000,-25872,True,7,-25622,,1200000
knapsack,spanner,120,0,penalty,floor,120,1200000,-25872,True,8,-25624,,1200000
knapsack,spanner,120,0,penalty,floor,120,1200000,-25872,True,9,-25622,,1200000
knapsack,spanner,120,0,penalty,floor,120,1200000,-25872,True,10,-25620,,1200000
knapsack,spanner,120,0,penalty,floor,120,1200000,-25872,True,11,-25624,,1200000
knapsack,spanner,120,0,penalty,floor,120,1200000,-25872,True,12,-25700,,1200000
knapsack,spanner,120,0,penalty,floor,120,1200000,-25872,True,13,-25708,,1200000
knapsack,spanner,120,0,penalty,floor,120,1200000,-25872,True,14,-25586,,1200000
knapsack,spanner,120,0,penalty,floor,120,1200000,-25872,True,15,-25618,,1200000
knapsack,spanner,120,0,penalty,floor,120,1200000,-25872,True,16,-25658,,1200000
knapsack,spanner,120,0,penalty,floor,120,1200000,-25872,True,17,-25660,,1200000
knapsack,spanner,120,0,penalty,floor,120,1200000,-25872,True,18,-25622,,1200000
knapsack,spanner,120,0,penalty,floor,120,1200000,-25872,True,19,-25658,,1200000
knapsack,spanner,120,0,penalty,floor,120,1200000,-25872,True,20,-25582,,1200000
knapsack,spanner,120,0,penalty,floor,120,1200000,-25872,True,21,-25626,,1200000
knapsack,spanner,120,0,penalty,floor,120,1200000,-25872,True,22,-25742,,1200000
knapsack,spanner,120,0,penalty,floor,120,1200000,-25872,True,23,-25622,,1200000
knapsack,spanner,120,0,penalty,floor,120,1200000,-25872,True,24,-25626,,1200000
knapsack,spanner,120,0,penalty,floor,120,1200000,-25872,True,25,-25660,,1200000
knapsack,spanner,120,0,penalty,floor,120,1200000,-25872,True,26,-25618,,1200000
knapsack,spanner,120,0,penalty,floor,120,1200000,-25872,True,27,-25620,,1200000
knapsack,spanner,120,0,penalty,floor,120,1200000,-25872,True,28,-25664,,1200000
knapsack,spanner,120,0,penalty,floor,120,1200000,-25872,True,29,-25702,,1200000
knapsack,spanner,120,0,penalty,floor,120,1200000,-25872,True,30,-25618,,1200000
knapsack,spanner,120,0,penalty,ils,120,1200000,-25872,True,0,-25868,,1200000
knapsack,spanner,120,0,penalty,ils,120,1200000,-25872,True,1,-25866,,1200000
knapsack,spanner,120,0,penalty,ils,120,1200000,-25872,True,2,-25870,,1200000
knapsack,spanner,120,0,penalty,ils,120,1200000,-25872,True,3,-25870,,1200000
knapsack,spanner,120,0,penalty,ils,120,1200000,-25872,True,4,-25866,,1200000
knapsack,spanner,120,0,penalty,ils,120,1200000,-25872,True,5,-25868,,1200000
knapsack,spanner,120,0,penalty,ils,120,1200000,-25872,True,6,-25868,,1200000
knapsack,spanner,120,0,penalty,ils,120,1200000,-25872,True,7,-25868,,1200000
knapsack,spanner,120,0,penalty,ils,120,1200000,-25872,True,8,-25868,,1200000
knapsack,spanner,120,0,penalty,ils,120,1200000,-25872,True,9,-25868,,1200000
knapsack,spanner,120,0,penalty,ils,120,1200000,-25872,True,10,-25866,,1200000
knapsack,spanner,120,0,penalty,ils,120,1200000,-25872,True,11,-25868,,1200000
knapsack,spanner,120,0,penalty,ils,120,1200000,-25872,True,12,-25868,,1200000
knapsack,spanner,120,0,penalty,ils,120,1200000,-25872,True,13,-25868,,1200000
knapsack,spanner,120,0,penalty,ils,120,1200000,-25872,True,14,-25866,,1200000
knapsack,spanner,120,0,penalty,ils,120,1200000,-25872,True,15,-25868,,1200000
knapsack,spanner,120,0,penalty,ils,120,1200000,-25872,True,16,-25868,,1200000
knapsack,spanner,120,0,penalty,ils,120,1200000,-25872,True,17,-25866,,1200000
knapsack,spanner,120,0,penalty,ils,120,1200000,-25872,True,18,-25868,,1200000
knapsack,spanner,120,0,penalty,ils,120,1200000,-25872,True,19,-25870,,1200000
knapsack,spanner,120,0,penalty,ils,120,1200000,-25872,True,20,-25868,,1200000
knapsack,spanner,120,0,penalty,ils,120,1200000,-25872,True,21,-25866,,1200000
knapsack,spanner,120,0,penalty,ils,120,1200000,-25872,True,22,-25866,,1200000
knapsack,spanner,120,0,penalty,ils,120,1200000,-25872,True,23,-25868,,1200000
knapsack,spanner,120,0,penalty,ils,120,1200000,-25872,True,24,-25866,,1200000
knapsack,spanner,120,0,penalty,ils,120,1200000,-25872,True,25,-25866,,1200000
knapsack,spanner,120,0,penalty,ils,120,1200000,-25872,True,26,-25866,,1200000
knapsack,spanner,120,0,penalty,ils,120,1200000,-25872,True,27,-25868,,1200000
knapsack,spanner,120,0,penalty,ils,120,1200000,-25872,True,28,-25868,,1200000
knapsack,spanner,120,0,penalty,ils,120,1200000,-25872,True,29,-25866,,1200000
knapsack,spanner,120,0,penalty,ils,120,1200000,-25872,True,30,-25868,,1200000
knapsack,spanner,120,0,penalty,mga,120,1200000,-25872,True,0,-25872,1102013,1102013
knapsack,spanner,120,0,penalty,mga,120,1200000,-25872,True,1,-25872,458580,458580
knapsack,spanner,120,0,penalty,mga,120,1200000,-25872,True,2,-25870,,1200000
knapsack,spanner,120,0,penalty,mga,120,1200000,-25872,True,3,-25870,,1200000
knapsack,spanner,120,0,penalty,mga,120,1200000,-25872,True,4,-25872,227130,227130
knapsack,spanner,120,0,penalty,mga,120,1200000,-25872,True,5,-25872,921657,921657
knapsack,spanner,120,0,penalty,mga,120,1200000,-25872,True,6,-25872,561036,561036
knapsack,spanner,120,0,penalty,mga,120,1200000,-25872,True,7,-25872,656018,656018
knapsack,spanner,120,0,penalty,mga,120,1200000,-25872,True,8,-25870,,1200000
knapsack,spanner,120,0,penalty,mga,120,1200000,-25872,True,9,-25872,843954,843954
knapsack,spanner,120,0,penalty,mga,120,1200000,-25872,True,10,-25870,,1200000
knapsack,spanner,120,0,penalty,mga,120,1200000,-25872,True,11,-25872,387186,387186
knapsack,spanner,120,0,penalty,mga,120,1200000,-25872,True,12,-25872,408362,408362
knapsack,spanner,120,0,penalty,mga,120,1200000,-25872,True,13,-25870,,1200000
knapsack,spanner,120,0,penalty,mga,120,1200000,-25872,True,14,-25870,,1200000
knapsack,spanner,120,0,penalty,mga,120,1200000,-25872,True,15,-25872,310080,310080
knapsack,spanner,120,0,penalty,mga,120,1200000,-25872,True,16,-25870,,1200000
knapsack,spanner,120,0,penalty,mga,120,1200000,-25872,True,17,-25872,213662,213662
knapsack,spanner,120,0,penalty,mga,120,1200000,-25872,True,18,-25872,1136436,1136436
knapsack,spanner,120,0,penalty,mga,120,1200000,-25872,True,19,-25872,843642,843642
knapsack,spanner,120,0,penalty,mga,120,1200000,-25872,True,20,-25870,,1200000
knapsack,spanner,120,0,penalty,mga,120,1200000,-25872,True,21,-25870,,1200000
knapsack,spanner,120,0,penalty,mga,120,1200000,-25872,True,22,-25872,562686,562686
knapsack,spanner,120,0,penalty,mga,120,1200000,-25872,True,23,-25872,653650,653650
knapsack,spanner,120,0,penalty,mga,120,1200000,-25872,True,24,-25872,614517,614517
knapsack,spanner,120,0,penalty,mga,120,1200000,-25872,True,25,-25870,,1200000
knapsack,spanner,120,0,penalty,mga,120,1200000,-25872,True,26,-25870,,1200000
knapsack,spanner,120,0,penalty,mga,120,1200000,-25872,True,27,-25872,490540,490540
knapsack,spanner,120,0,penalty,mga,120,1200000,-25872,True,28,-25870,,1200000
knapsack,spanner,120,0,penalty,mga,120,1200000,-25872,True,29,-25870,,1200000
knapsack,spanner,120,0,penalty,mga,120,1200000,-25872,True,30,-25870,,1200000
knapsack,spanner,80,2,repair,mga,80,800000,-20171,True,0,-20171,7292,7292
knapsack,spanner,80,2,repair,mga,80,800000,-20171,True,1,-20171,18591,18591
knapsack,spanner,80,2,repair,mga,80,800000,-20171,True,2,-20171,6499,6499
knapsack,spanner,80,2,repair,mga,80,800000,-20171,True,3,-20171,17422,17422
knapsack,spanner,80,2,repair,mga,80,800000,-20171,True,4,-20171,63130,63130
knapsack,spanner,80,2,repair,mga,80,800000,-20171,True,5,-20171,4814,4814
knapsack,spanner,80,2,repair,mga,80,800000,-20171,True,6,-20171,7047,7047
knapsack,spanner,80,2,repair,mga,80,800000,-20171,True,7,-20171,17586,17586
knapsack,spanner,80,2,repair,mga,80,800000,-20171,True,8,-20171,3500,3500
knapsack,spanner,80,2,repair,mga,80,800000,-20171,True,9,-20171,27242,27242
knapsack,spanner,80,2,repair,mga,80,800000,-20171,True,10,-20171,7040,7040
knapsack,spanner,80,2,repair,mga,80,800000,-20171,True,11,-20171,18183,18183
knapsack,spanner,80,2,repair,mga,80,800000,-20171,True,12,-20171,9883,9883
knapsack,spanner,80,2,repair,mga,80,800000,-20171,True,13,-20171,1511,1511
knapsack,spanner,80,2,repair,mga,80,800000,-20171,True,14,-20171,6993,6993
knapsack,spanner,80,2,repair,mga,80,800000,-20171,True,15,-20171,6003,6003
knapsack,spanner,80,2,repair,mga,80,800000,-20171,True,16,-20171,5455,5455
knapsack,spanner,80,2,repair,mga,80,800000,-20171,True,17,-20171,10747,10747
knapsack,spanner,80,2,repair,mga,80,800000,-20171,True,18,-20171,4693,4693
knapsack,spanner,80,2,repair,mga,80,800000,-20171,True,19,-20171,6073,6073
knapsack,spanner,80,2,repair,mga,80,800000,-20171,True,20,-20171,7324,7324
knapsack,spanner,80,2,repair,mga,80,800000,-20171,True,21,-20171,3493,3493
knapsack,spanner,80,2,repair,mga,80,800000,-20171,True,22,-20171,5226,5226
knapsack,spanner,80,2,repair,mga,80,800000,-20171,True,23,-20171,4808,4808
knapsack,spanner,80,2,repair,mga,80,800000,-20171,True,24,-20171,43362,43362
knapsack,spanner,80,2,repair,mga,80,800000,-20171,True,25,-20171,6197,6197
knapsack,spanner,80,2,repair,mga,80,800000,-20171,True,26,-20171,1886,1886
knapsack,spanner,80,2,repair,mga,80,800000,-20171,True,27,-20171,2068,2068
knapsack,spanner,80,2,repair,mga,80,800000,-20171,True,28,-20171,26086,26086
knapsack,spanner,80,2,repair,mga,80,800000,-20171,True,29,-20171,9470,9470
knapsack,spanner,80,2,repair,mga,80,800000,-20171,True,30,-20171,75944,75944
knapsack,spanner,120,0,repair,ils,120,1200000,-25872,True,0,-25872,3434,3434
knapsack,spanner,120,0,repair,ils,120,1200000,-25872,True,1,-25872,8531,8531
knapsack,spanner,120,0,repair,ils,120,1200000,-25872,True,2,-25872,15366,15366
knapsack,spanner,120,0,repair,ils,120,1200000,-25872,True,3,-25872,12947,12947
knapsack,spanner,120,0,repair,ils,120,1200000,-25872,True,4,-25872,16890,16890
knapsack,spanner,120,0,repair,ils,120,1200000,-25872,True,5,-25872,1871,1871
knapsack,spanner,120,0,repair,ils,120,1200000,-25872,True,6,-25872,21435,21435
knapsack,spanner,120,0,repair,ils,120,1200000,-25872,True,7,-25872,19336,19336
knapsack,spanner,120,0,repair,ils,120,1200000,-25872,True,8,-25872,4724,4724
knapsack,spanner,120,0,repair,ils,120,1200000,-25872,True,9,-25872,9057,9057
knapsack,spanner,120,0,repair,ils,120,1200000,-25872,True,10,-25872,2215,2215
knapsack,spanner,120,0,repair,ils,120,1200000,-25872,True,11,-25872,40920,40920
knapsack,spanner,120,0,repair,ils,120,1200000,-25872,True,12,-25872,2902,2902
knapsack,spanner,120,0,repair,ils,120,1200000,-25872,True,13,-25872,9517,9517
knapsack,spanner,120,0,repair,ils,120,1200000,-25872,True,14,-25872,14241,14241
knapsack,spanner,120,0,repair,ils,120,1200000,-25872,True,15,-25872,2040,2040
knapsack,spanner,120,0,repair,ils,120,1200000,-25872,True,16,-25872,6978,6978
knapsack,spanner,120,0,repair,ils,120,1200000,-25872,True,17,-25872,5135,5135
knapsack,spanner,120,0,repair,ils,120,1200000,-25872,True,18,-25872,4749,4749
knapsack,spanner,120,0,repair,ils,120,1200000,-25872,True,19,-25872,6752,6752
knapsack,spanner,120,0,repair,ils,120,1200000,-25872,True,20,-25872,3451,3451
knapsack,spanner,120,0,repair,ils,120,1200000,-25872,True,21,-25872,3004,3004
knapsack,spanner,120,0,repair,ils,120,1200000,-25872,True,22,-25872,3843,3843
knapsack,spanner,120,0,repair,ils,120,1200000,-25872,True,23,-25872,4288,4288
knapsack,spanner,120,0,repair,ils,120,1200000,-25872,True,24,-25872,10943,10943
knapsack,spanner,120,0,repair,ils,120,1200000,-25872,True,25,-25872,3599,3599
knapsack,spanner,120,0,repair,ils,120,1200000,-25872,True,26,-25872,19174,19174
knapsack,spanner,120,0,repair,ils,120,1200000,-25872,True,27,-25872,10904,10904
knapsack,spanner,120,0,repair,ils,120,1200000,-25872,True,28,-25872,3418,3418
knapsack,spanner,120,0,repair,ils,120,1200000,-25872,True,29,-25872,10954,10954
knapsack,spanner,120,0,repair,ils,120,1200000,-25872,True,30,-25872,9862,9862
knapsack,spanner,120,0,repair,mga,120,1200000,-25872,True,0,-25872,44525,44525
knapsack,spanner,120,0,repair,mga,120,1200000,-25872,True,1,-25872,1531,1531
knapsack,spanner,120,0,repair,mga,120,1200000,-25872,True,2,-25872,1707,1707
knapsack,spanner,120,0,repair,mga,120,1200000,-25872,True,3,-25872,1505,1505
knapsack,spanner,120,0,repair,mga,120,1200000,-25872,True,4,-25872,6740,6740
knapsack,spanner,120,0,repair,mga,120,1200000,-25872,True,5,-25872,16461,16461
knapsack,spanner,120,0,repair,mga,120,1200000,-25872,True,6,-25872,2167,2167
knapsack,spanner,120,0,repair,mga,120,1200000,-25872,True,7,-25872,1601,1601
knapsack,spanner,120,0,repair,mga,120,1200000,-25872,True,8,-25872,9121,9121
knapsack,spanner,120,0,repair,mga,120,1200000,-25872,True,9,-25872,2171,2171
knapsack,spanner,120,0,repair,mga,120,1200000,-25872,True,10,-25872,796,796
knapsack,spanner,120,0,repair,mga,120,1200000,-25872,True,11,-25872,1338,1338
knapsack,spanner,120,0,repair,mga,120,1200000,-25872,True,12,-25872,1678,1678
knapsack,spanner,120,0,repair,mga,120,1200000,-25872,True,13,-25872,1481,1481
knapsack,spanner,120,0,repair,mga,120,1200000,-25872,True,14,-25872,28699,28699
knapsack,spanner,120,0,repair,mga,120,1200000,-25872,True,15,-25872,1662,1662
knapsack,spanner,120,0,repair,mga,120,1200000,-25872,True,16,-25872,4028,4028
knapsack,spanner,120,0,repair,mga,120,1200000,-25872,True,17,-25872,16114,16114
knapsack,spanner,120,0,repair,mga,120,1200000,-25872,True,18,-25872,2726,2726
knapsack,spanner,120,0,repair,mga,120,1200000,-25872,True,19,-25872,1442,1442
knapsack,spanner,120,0,repair,mga,120,1200000,-25872,True,20,-25872,26090,26090
knapsack,spanner,120,0,repair,mga,120,1200000,-25872,True,21,-25872,1008,1008
knapsack,spanner,120,0,repair,mga,120,1200000,-25872,True,22,-25872,970,970
knapsack,spanner,120,0,repair,mga,120,1200000,-25872,True,23,-25872,1564,1564
knapsack,spanner,120,0,repair,mga,120,1200000,-25872,True,24,-25872,1636,1636
knapsack,spanner,120,0,repair,mga,120,1200000,-25872,True,25,-25872,1730,1730
knapsack,spanner,120,0,repair,mga,120,1200000,-25872,True,26,-25872,963,963
knapsack,spanner,120,0,repair,mga,120,1200000,-25872,True,27,-25872,1582,1582
knapsack,spanner,120,0,repair,mga,120,1200000,-25872,True,28,-25872,1555,1555
knapsack,spanner,120,0,repair,mga,120,1200000,-25872,True,29,-25872,11534,11534
knapsack,spanner,120,0,repair,mga,120,1200000,-25872,True,30,-25872,1144,1144
knapsack,spanner,120,1,penalty,floor,120,1200000,-19132,True,0,-18493,,1200000
knapsack,spanner,120,1,penalty,floor,120,1200000,-19132,True,1,-18542,,1200000
knapsack,spanner,120,1,penalty,floor,120,1200000,-19132,True,2,-18493,,1200000
knapsack,spanner,120,1,penalty,floor,120,1200000,-19132,True,3,-18591,,1200000
knapsack,spanner,120,1,penalty,floor,120,1200000,-19132,True,4,-18493,,1200000
knapsack,spanner,120,1,penalty,floor,120,1200000,-19132,True,5,-18542,,1200000
knapsack,spanner,120,1,penalty,floor,120,1200000,-19132,True,6,-18493,,1200000
knapsack,spanner,120,1,penalty,floor,120,1200000,-19132,True,7,-18542,,1200000
knapsack,spanner,120,1,penalty,floor,120,1200000,-19132,True,8,-18444,,1200000
knapsack,spanner,120,1,penalty,floor,120,1200000,-19132,True,9,-18591,,1200000
knapsack,spanner,120,1,penalty,floor,120,1200000,-19132,True,10,-18493,,1200000
knapsack,spanner,120,1,penalty,floor,120,1200000,-19132,True,11,-18591,,1200000
knapsack,spanner,120,1,penalty,floor,120,1200000,-19132,True,12,-18542,,1200000
knapsack,spanner,120,1,penalty,floor,120,1200000,-19132,True,13,-18542,,1200000
knapsack,spanner,120,1,penalty,floor,120,1200000,-19132,True,14,-18419,,1200000
knapsack,spanner,120,1,penalty,floor,120,1200000,-19132,True,15,-18444,,1200000
knapsack,spanner,120,1,penalty,floor,120,1200000,-19132,True,16,-18714,,1200000
knapsack,spanner,120,1,penalty,floor,120,1200000,-19132,True,17,-18493,,1200000
knapsack,spanner,120,1,penalty,floor,120,1200000,-19132,True,18,-18542,,1200000
knapsack,spanner,120,1,penalty,floor,120,1200000,-19132,True,19,-18444,,1200000
knapsack,spanner,120,1,penalty,floor,120,1200000,-19132,True,20,-18542,,1200000
knapsack,spanner,120,1,penalty,floor,120,1200000,-19132,True,21,-18616,,1200000
knapsack,spanner,120,1,penalty,floor,120,1200000,-19132,True,22,-18542,,1200000
knapsack,spanner,120,1,penalty,floor,120,1200000,-19132,True,23,-18542,,1200000
knapsack,spanner,120,1,penalty,floor,120,1200000,-19132,True,24,-18493,,1200000
knapsack,spanner,120,1,penalty,floor,120,1200000,-19132,True,25,-18493,,1200000
knapsack,spanner,120,1,penalty,floor,120,1200000,-19132,True,26,-18493,,1200000
knapsack,spanner,120,1,penalty,floor,120,1200000,-19132,True,27,-18493,,1200000
knapsack,spanner,120,1,penalty,floor,120,1200000,-19132,True,28,-18542,,1200000
knapsack,spanner,120,1,penalty,floor,120,1200000,-19132,True,29,-18542,,1200000
knapsack,spanner,120,1,penalty,floor,120,1200000,-19132,True,30,-18493,,1200000
knapsack,spanner,120,1,penalty,ils,120,1200000,-19132,True,0,-19132,92795,92795
knapsack,spanner,120,1,penalty,ils,120,1200000,-19132,True,1,-19132,23480,23480
knapsack,spanner,120,1,penalty,ils,120,1200000,-19132,True,2,-19132,69293,69293
knapsack,spanner,120,1,penalty,ils,120,1200000,-19132,True,3,-19132,140499,140499
knapsack,spanner,120,1,penalty,ils,120,1200000,-19132,True,4,-19132,83014,83014
knapsack,spanner,120,1,penalty,ils,120,1200000,-19132,True,5,-19132,15922,15922
knapsack,spanner,120,1,penalty,ils,120,1200000,-19132,True,6,-19132,59362,59362
knapsack,spanner,120,1,penalty,ils,120,1200000,-19132,True,7,-19132,63316,63316
knapsack,spanner,120,1,penalty,ils,120,1200000,-19132,True,8,-19132,50516,50516
knapsack,spanner,120,1,penalty,ils,120,1200000,-19132,True,9,-19132,19423,19423
knapsack,spanner,120,1,penalty,ils,120,1200000,-19132,True,10,-19132,288824,288824
knapsack,spanner,120,1,penalty,ils,120,1200000,-19132,True,11,-19132,34372,34372
knapsack,spanner,120,1,penalty,ils,120,1200000,-19132,True,12,-19132,57114,57114
knapsack,spanner,120,1,penalty,ils,120,1200000,-19132,True,13,-19132,103935,103935
knapsack,spanner,120,1,penalty,ils,120,1200000,-19132,True,14,-19132,69704,69704
knapsack,spanner,120,1,penalty,ils,120,1200000,-19132,True,15,-19132,28614,28614
knapsack,spanner,120,1,penalty,ils,120,1200000,-19132,True,16,-19132,41382,41382
knapsack,spanner,120,1,penalty,ils,120,1200000,-19132,True,17,-19132,173793,173793
knapsack,spanner,120,1,penalty,ils,120,1200000,-19132,True,18,-19132,99392,99392
knapsack,spanner,120,1,penalty,ils,120,1200000,-19132,True,19,-19132,26567,26567
knapsack,spanner,120,1,penalty,ils,120,1200000,-19132,True,20,-19132,14360,14360
knapsack,spanner,120,1,penalty,ils,120,1200000,-19132,True,21,-19132,98308,98308
knapsack,spanner,120,1,penalty,ils,120,1200000,-19132,True,22,-19132,47957,47957
knapsack,spanner,120,1,penalty,ils,120,1200000,-19132,True,23,-19132,13988,13988
knapsack,spanner,120,1,penalty,ils,120,1200000,-19132,True,24,-19132,29229,29229
knapsack,spanner,120,1,penalty,ils,120,1200000,-19132,True,25,-19132,35211,35211
knapsack,spanner,120,1,penalty,ils,120,1200000,-19132,True,26,-19132,95819,95819
knapsack,spanner,120,1,penalty,ils,120,1200000,-19132,True,27,-19132,300014,300014
knapsack,spanner,120,1,penalty,ils,120,1200000,-19132,True,28,-19132,21272,21272
knapsack,spanner,120,1,penalty,ils,120,1200000,-19132,True,29,-19132,36240,36240
knapsack,spanner,120,1,penalty,ils,120,1200000,-19132,True,30,-19132,40363,40363
knapsack,spanner,120,1,penalty,mga,120,1200000,-19132,True,0,-19132,745361,745361
knapsack,spanner,120,1,penalty,mga,120,1200000,-19132,True,1,-19132,366024,366024
knapsack,spanner,120,1,penalty,mga,120,1200000,-19132,True,2,-19132,204303,204303
knapsack,spanner,120,1,penalty,mga,120,1200000,-19132,True,3,-19132,152602,152602
knapsack,spanner,120,1,penalty,mga,120,1200000,-19132,True,4,-19132,67787,67787
knapsack,spanner,120,1,penalty,mga,120,1200000,-19132,True,5,-19132,31914,31914
knapsack,spanner,120,1,penalty,mga,120,1200000,-19132,True,6,-19132,150628,150628
knapsack,spanner,120,1,penalty,mga,120,1200000,-19132,True,7,-19132,55523,55523
knapsack,spanner,120,1,penalty,mga,120,1200000,-19132,True,8,-19132,90976,90976
knapsack,spanner,120,1,penalty,mga,120,1200000,-19132,True,9,-19132,132843,132843
knapsack,spanner,120,1,penalty,mga,120,1200000,-19132,True,10,-19132,96266,96266
knapsack,spanner,120,1,penalty,mga,120,1200000,-19132,True,11,-19132,97790,97790
knapsack,spanner,120,1,penalty,mga,120,1200000,-19132,True,12,-19132,112262,112262
knapsack,spanner,120,1,penalty,mga,120,1200000,-19132,True,13,-19132,880245,880245
knapsack,spanner,120,1,penalty,mga,120,1200000,-19132,True,14,-19132,115026,115026
knapsack,spanner,120,1,penalty,mga,120,1200000,-19132,True,15,-19132,190445,190445
knapsack,spanner,120,1,penalty,mga,120,1200000,-19132,True,16,-19132,305053,305053
knapsack,spanner,120,1,penalty,mga,120,1200000,-19132,True,17,-19132,619317,619317
knapsack,spanner,120,1,penalty,mga,120,1200000,-19132,True,18,-19132,52372,52372
knapsack,spanner,120,1,penalty,mga,120,1200000,-19132,True,19,-19132,90114,90114
knapsack,spanner,120,1,penalty,mga,120,1200000,-19132,True,20,-19132,261343,261343
knapsack,spanner,120,1,penalty,mga,120,1200000,-19132,True,21,-19132,168032,168032
knapsack,spanner,120,1,penalty,mga,120,1200000,-19132,True,22,-19132,106962,106962
knapsack,spanner,120,1,penalty,mga,120,1200000,-19132,True,23,-19132,145986,145986
knapsack,spanner,120,1,penalty,mga,120,1200000,-19132,True,24,-19132,744918,744918
knapsack,spanner,120,1,penalty,mga,120,1200000,-19132,True,25,-19132,54286,54286
knapsack,spanner,120,1,penalty,mga,120,1200000,-19132,True,26,-19132,167115,167115
knapsack,spanner,120,1,penalty,mga,120,1200000,-19132,True,27,-19132,289282,289282
knapsack,spanner,120,1,penalty,mga,120,1200000,-19132,True,28,-19132,25394,25394
knapsack,spanner,120,1,penalty,mga,120,1200000,-19132,True,29,-19132,104000,104000
knapsack,spanner,120,1,penalty,mga,120,1200000,-19132,True,30,-19132,61977,61977
knapsack,mstr,120,1,repair,mga,120,1200000,-47947,True,0,-47943,,1200000
knapsack,mstr,120,1,repair,mga,120,1200000,-47947,True,1,-47946,,1200000
knapsack,mstr,120,1,repair,mga,120,1200000,-47947,True,2,-47945,,1200000
knapsack,mstr,120,1,repair,mga,120,1200000,-47947,True,3,-47945,,1200000
knapsack,mstr,120,1,repair,mga,120,1200000,-47947,True,4,-47947,58949,58949
knapsack,mstr,120,1,repair,mga,120,1200000,-47947,True,5,-47947,92472,92472
knapsack,mstr,120,1,repair,mga,120,1200000,-47947,True,6,-47947,17253,17253
knapsack,mstr,120,1,repair,mga,120,1200000,-47947,True,7,-47946,,1200000
knapsack,mstr,120,1,repair,mga,120,1200000,-47947,True,8,-47946,,1200000
knapsack,mstr,120,1,repair,mga,120,1200000,-47947,True,9,-47945,,1200000
knapsack,mstr,120,1,repair,mga,120,1200000,-47947,True,10,-47947,599034,599034
knapsack,mstr,120,1,repair,mga,120,1200000,-47947,True,11,-47947,383731,383731
knapsack,mstr,120,1,repair,mga,120,1200000,-47947,True,12,-47947,2270,2270
knapsack,mstr,120,1,repair,mga,120,1200000,-47947,True,13,-47947,1183277,1183277
knapsack,mstr,120,1,repair,mga,120,1200000,-47947,True,14,-47847,,1200000
knapsack,mstr,120,1,repair,mga,120,1200000,-47947,True,15,-47947,236694,236694
knapsack,mstr,120,1,repair,mga,120,1200000,-47947,True,16,-47942,,1200000
knapsack,mstr,120,1,repair,mga,120,1200000,-47947,True,17,-47847,,1200000
knapsack,mstr,120,1,repair,mga,120,1200000,-47947,True,18,-47947,89214,89214
knapsack,mstr,120,1,repair,mga,120,1200000,-47947,True,19,-47947,67259,67259
knapsack,mstr,120,1,repair,mga,120,1200000,-47947,True,20,-47944,,1200000
knapsack,mstr,120,1,repair,mga,120,1200000,-47947,True,21,-47847,,1200000
knapsack,mstr,120,1,repair,mga,120,1200000,-47947,True,22,-47945,,1200000
knapsack,mstr,120,1,repair,mga,120,1200000,-47947,True,23,-47937,,1200000
knapsack,mstr,120,1,repair,mga,120,1200000,-47947,True,24,-47847,,1200000
knapsack,mstr,120,1,repair,mga,120,1200000,-47947,True,25,-47947,99217,99217
knapsack,mstr,120,1,repair,mga,120,1200000,-47947,True,26,-47947,226000,226000
knapsack,mstr,120,1,repair,mga,120,1200000,-47947,True,27,-47945,,1200000
knapsack,mstr,120,1,repair,mga,120,1200000,-47947,True,28,-47945,,1200000
knapsack,mstr,120,1,repair,mga,120,1200000,-47947,True,29,-47946,,1200000
knapsack,mstr,120,1,repair,mga,120,1200000,-47947,True,30,-47942,,1200000
knapsack,spanner,120,1,repair,ils,120,1200000,-19132,True,0,-19132,9478,9478
knapsack,spanner,120,1,repair,ils,120,1200000,-19132,True,1,-19132,60092,60092
knapsack,spanner,120,1,repair,ils,120,1200000,-19132,True,2,-19132,78128,78128
knapsack,spanner,120,1,repair,ils,120,1200000,-19132,True,3,-19132,3723,3723
knapsack,spanner,120,1,repair,ils,120,1200000,-19132,True,4,-19132,165767,165767
knapsack,spanner,120,1,repair,ils,120,1200000,-19132,True,5,-19132,42699,42699
knapsack,spanner,120,1,repair,ils,120,1200000,-19132,True,6,-19132,39151,39151
knapsack,spanner,120,1,repair,ils,120,1200000,-19132,True,7,-19132,105314,105314
knapsack,spanner,120,1,repair,ils,120,1200000,-19132,True,8,-19132,71403,71403
knapsack,spanner,120,1,repair,ils,120,1200000,-19132,True,9,-19132,44670,44670
knapsack,spanner,120,1,repair,ils,120,1200000,-19132,True,10,-19132,22815,22815
knapsack,spanner,120,1,repair,ils,120,1200000,-19132,True,11,-19132,19303,19303
knapsack,spanner,120,1,repair,ils,120,1200000,-19132,True,12,-19132,52991,52991
knapsack,spanner,120,1,repair,ils,120,1200000,-19132,True,13,-19132,18816,18816
knapsack,spanner,120,1,repair,ils,120,1200000,-19132,True,14,-19132,151210,151210
knapsack,spanner,120,1,repair,ils,120,1200000,-19132,True,15,-19132,158569,158569
knapsack,spanner,120,1,repair,ils,120,1200000,-19132,True,16,-19132,6361,6361
knapsack,spanner,120,1,repair,ils,120,1200000,-19132,True,17,-19132,18020,18020
knapsack,spanner,120,1,repair,ils,120,1200000,-19132,True,18,-19132,65238,65238
knapsack,spanner,120,1,repair,ils,120,1200000,-19132,True,19,-19132,81437,81437
knapsack,spanner,120,1,repair,ils,120,1200000,-19132,True,20,-19132,36336,36336
knapsack,spanner,120,1,repair,ils,120,1200000,-19132,True,21,-19132,948,948
knapsack,spanner,120,1,repair,ils,120,1200000,-19132,True,22,-19132,17924,17924
knapsack,spanner,120,1,repair,ils,120,1200000,-19132,True,23,-19132,25285,25285
knapsack,spanner,120,1,repair,ils,120,1200000,-19132,True,24,-19132,17772,17772
knapsack,spanner,120,1,repair,ils,120,1200000,-19132,True,25,-19132,10662,10662
knapsack,spanner,120,1,repair,ils,120,1200000,-19132,True,26,-19132,38669,38669
knapsack,spanner,120,1,repair,ils,120,1200000,-19132,True,27,-19132,147616,147616
knapsack,spanner,120,1,repair,ils,120,1200000,-19132,True,28,-19132,15998,15998
knapsack,spanner,120,1,repair,ils,120,1200000,-19132,True,29,-19132,14564,14564
knapsack,spanner,120,1,repair,ils,120,1200000,-19132,True,30,-19132,4681,4681
knapsack,spanner,120,1,repair,floor,120,1200000,-19132,True,0,-19132,1203,1203
knapsack,spanner,120,1,repair,floor,120,1200000,-19132,True,1,-19132,28407,28407
knapsack,spanner,120,1,repair,floor,120,1200000,-19132,True,2,-19132,79548,79548
knapsack,spanner,120,1,repair,floor,120,1200000,-19132,True,3,-19132,15291,15291
knapsack,spanner,120,1,repair,floor,120,1200000,-19132,True,4,-19132,2768,2768
knapsack,spanner,120,1,repair,floor,120,1200000,-19132,True,5,-19132,48143,48143
knapsack,spanner,120,1,repair,floor,120,1200000,-19132,True,6,-19132,1687,1687
knapsack,spanner,120,1,repair,floor,120,1200000,-19132,True,7,-19132,20822,20822
knapsack,spanner,120,1,repair,floor,120,1200000,-19132,True,8,-19132,167674,167674
knapsack,spanner,120,1,repair,floor,120,1200000,-19132,True,9,-19132,28522,28522
knapsack,spanner,120,1,repair,floor,120,1200000,-19132,True,10,-19132,93528,93528
knapsack,spanner,120,1,repair,floor,120,1200000,-19132,True,11,-19132,30445,30445
knapsack,spanner,120,1,repair,floor,120,1200000,-19132,True,12,-19132,54882,54882
knapsack,spanner,120,1,repair,floor,120,1200000,-19132,True,13,-19132,183426,183426
knapsack,spanner,120,1,repair,floor,120,1200000,-19132,True,14,-19132,11077,11077
knapsack,spanner,120,1,repair,floor,120,1200000,-19132,True,15,-19132,21434,21434
knapsack,spanner,120,1,repair,floor,120,1200000,-19132,True,16,-19132,127107,127107
knapsack,spanner,120,1,repair,floor,120,1200000,-19132,True,17,-19132,25274,25274
knapsack,spanner,120,1,repair,floor,120,1200000,-19132,True,18,-19132,28164,28164
knapsack,spanner,120,1,repair,floor,120,1200000,-19132,True,19,-19132,158989,158989
knapsack,spanner,120,1,repair,floor,120,1200000,-19132,True,20,-19132,46455,46455
knapsack,spanner,120,1,repair,floor,120,1200000,-19132,True,21,-19132,7825,7825
knapsack,spanner,120,1,repair,floor,120,1200000,-19132,True,22,-19132,25874,25874
knapsack,spanner,120,1,repair,floor,120,1200000,-19132,True,23,-19132,136009,136009
knapsack,spanner,120,1,repair,floor,120,1200000,-19132,True,24,-19132,50065,50065
knapsack,spanner,120,1,repair,floor,120,1200000,-19132,True,25,-19132,26602,26602
knapsack,spanner,120,1,repair,floor,120,1200000,-19132,True,26,-19132,8420,8420
knapsack,spanner,120,1,repair,floor,120,1200000,-19132,True,27,-19132,5775,5775
knapsack,spanner,120,1,repair,floor,120,1200000,-19132,True,28,-19132,99895,99895
knapsack,spanner,120,1,repair,floor,120,1200000,-19132,True,29,-19132,3611,3611
knapsack,spanner,120,1,repair,floor,120,1200000,-19132,True,30,-19132,9386,9386
knapsack,spanner,120,2,penalty,floor,120,1200000,-12323,True,0,-12177,,1200000
knapsack,spanner,120,2,penalty,floor,120,1200000,-12323,True,1,-12134,,1200000
knapsack,spanner,120,2,penalty,floor,120,1200000,-12323,True,2,-12154,,1200000
knapsack,spanner,120,2,penalty,floor,120,1200000,-12323,True,3,-12167,,1200000
knapsack,spanner,120,2,penalty,floor,120,1200000,-12323,True,4,-12157,,1200000
knapsack,spanner,120,2,penalty,floor,120,1200000,-12323,True,5,-12160,,1200000
knapsack,spanner,120,2,penalty,floor,120,1200000,-12323,True,6,-12173,,1200000
knapsack,spanner,120,2,penalty,floor,120,1200000,-12323,True,7,-12157,,1200000
knapsack,spanner,120,2,penalty,floor,120,1200000,-12323,True,8,-12170,,1200000
knapsack,spanner,120,2,penalty,floor,120,1200000,-12323,True,9,-12167,,1200000
knapsack,spanner,120,2,penalty,floor,120,1200000,-12323,True,10,-12167,,1200000
knapsack,spanner,120,2,penalty,floor,120,1200000,-12323,True,11,-12154,,1200000
knapsack,spanner,120,2,penalty,floor,120,1200000,-12323,True,12,-12154,,1200000
knapsack,spanner,120,2,penalty,floor,120,1200000,-12323,True,13,-12147,,1200000
knapsack,spanner,120,2,penalty,floor,120,1200000,-12323,True,14,-12164,,1200000
knapsack,spanner,120,2,penalty,floor,120,1200000,-12323,True,15,-12160,,1200000
knapsack,spanner,120,2,penalty,floor,120,1200000,-12323,True,16,-12144,,1200000
knapsack,spanner,120,2,penalty,floor,120,1200000,-12323,True,17,-12147,,1200000
knapsack,spanner,120,2,penalty,floor,120,1200000,-12323,True,18,-12187,,1200000
knapsack,spanner,120,2,penalty,floor,120,1200000,-12323,True,19,-12164,,1200000
knapsack,spanner,120,2,penalty,floor,120,1200000,-12323,True,20,-12197,,1200000
knapsack,spanner,120,2,penalty,floor,120,1200000,-12323,True,21,-12157,,1200000
knapsack,spanner,120,2,penalty,floor,120,1200000,-12323,True,22,-12154,,1200000
knapsack,spanner,120,2,penalty,floor,120,1200000,-12323,True,23,-12150,,1200000
knapsack,spanner,120,2,penalty,floor,120,1200000,-12323,True,24,-12144,,1200000
knapsack,spanner,120,2,penalty,floor,120,1200000,-12323,True,25,-12164,,1200000
knapsack,spanner,120,2,penalty,floor,120,1200000,-12323,True,26,-12154,,1200000
knapsack,spanner,120,2,penalty,floor,120,1200000,-12323,True,27,-12157,,1200000
knapsack,spanner,120,2,penalty,floor,120,1200000,-12323,True,28,-12160,,1200000
knapsack,spanner,120,2,penalty,floor,120,1200000,-12323,True,29,-12187,,1200000
knapsack,spanner,120,2,penalty,floor,120,1200000,-12323,True,30,-12197,,1200000
knapsack,spanner,120,2,penalty,ils,120,1200000,-12323,True,0,-12323,99194,99194
knapsack,spanner,120,2,penalty,ils,120,1200000,-12323,True,1,-12323,453504,453504
knapsack,spanner,120,2,penalty,ils,120,1200000,-12323,True,2,-12323,108170,108170
knapsack,spanner,120,2,penalty,ils,120,1200000,-12323,True,3,-12323,206908,206908
knapsack,spanner,120,2,penalty,ils,120,1200000,-12323,True,4,-12323,178811,178811
knapsack,spanner,120,2,penalty,ils,120,1200000,-12323,True,5,-12323,186769,186769
knapsack,spanner,120,2,penalty,ils,120,1200000,-12323,True,6,-12323,147151,147151
knapsack,spanner,120,2,penalty,ils,120,1200000,-12323,True,7,-12323,494640,494640
knapsack,spanner,120,2,penalty,ils,120,1200000,-12323,True,8,-12323,442398,442398
knapsack,spanner,120,2,penalty,ils,120,1200000,-12323,True,9,-12323,200423,200423
knapsack,spanner,120,2,penalty,ils,120,1200000,-12323,True,10,-12323,164224,164224
knapsack,spanner,120,2,penalty,ils,120,1200000,-12323,True,11,-12323,239636,239636
knapsack,spanner,120,2,penalty,ils,120,1200000,-12323,True,12,-12323,545486,545486
knapsack,spanner,120,2,penalty,ils,120,1200000,-12323,True,13,-12323,192942,192942
knapsack,spanner,120,2,penalty,ils,120,1200000,-12323,True,14,-12323,147326,147326
knapsack,spanner,120,2,penalty,ils,120,1200000,-12323,True,15,-12323,329421,329421
knapsack,spanner,120,2,penalty,ils,120,1200000,-12323,True,16,-12323,219312,219312
knapsack,spanner,120,2,penalty,ils,120,1200000,-12323,True,17,-12323,318019,318019
knapsack,spanner,120,2,penalty,ils,120,1200000,-12323,True,18,-12323,332489,332489
knapsack,spanner,120,2,penalty,ils,120,1200000,-12323,True,19,-12323,286118,286118
knapsack,spanner,120,2,penalty,ils,120,1200000,-12323,True,20,-12323,310410,310410
knapsack,spanner,120,2,penalty,ils,120,1200000,-12323,True,21,-12323,281240,281240
knapsack,spanner,120,2,penalty,ils,120,1200000,-12323,True,22,-12323,207923,207923
knapsack,spanner,120,2,penalty,ils,120,1200000,-12323,True,23,-12323,369549,369549
knapsack,spanner,120,2,penalty,ils,120,1200000,-12323,True,24,-12323,211908,211908
knapsack,spanner,120,2,penalty,ils,120,1200000,-12323,True,25,-12323,447602,447602
knapsack,spanner,120,2,penalty,ils,120,1200000,-12323,True,26,-12323,142025,142025
knapsack,spanner,120,2,penalty,ils,120,1200000,-12323,True,27,-12323,239000,239000
knapsack,spanner,120,2,penalty,ils,120,1200000,-12323,True,28,-12323,242570,242570
knapsack,spanner,120,2,penalty,ils,120,1200000,-12323,True,29,-12323,437225,437225
knapsack,spanner,120,2,penalty,ils,120,1200000,-12323,True,30,-12323,239814,239814
knapsack,spanner,120,2,penalty,mga,120,1200000,-12323,True,0,-12313,,1200000
knapsack,spanner,120,2,penalty,mga,120,1200000,-12323,True,1,-12313,,1200000
knapsack,spanner,120,2,penalty,mga,120,1200000,-12323,True,2,-12323,676129,676129
knapsack,spanner,120,2,penalty,mga,120,1200000,-12323,True,3,-12313,,1200000
knapsack,spanner,120,2,penalty,mga,120,1200000,-12323,True,4,-12323,535385,535385
knapsack,spanner,120,2,penalty,mga,120,1200000,-12323,True,5,-12313,,1200000
knapsack,spanner,120,2,penalty,mga,120,1200000,-12323,True,6,-12313,,1200000
knapsack,spanner,120,2,penalty,mga,120,1200000,-12323,True,7,-12313,,1200000
knapsack,spanner,120,2,penalty,mga,120,1200000,-12323,True,8,-12313,,1200000
knapsack,spanner,120,2,penalty,mga,120,1200000,-12323,True,9,-12313,,1200000
knapsack,spanner,120,2,penalty,mga,120,1200000,-12323,True,10,-12313,,1200000
knapsack,spanner,120,2,penalty,mga,120,1200000,-12323,True,11,-12323,932104,932104
knapsack,spanner,120,2,penalty,mga,120,1200000,-12323,True,12,-12323,1165230,1165230
knapsack,spanner,120,2,penalty,mga,120,1200000,-12323,True,13,-12323,646984,646984
knapsack,spanner,120,2,penalty,mga,120,1200000,-12323,True,14,-12313,,1200000
knapsack,spanner,120,2,penalty,mga,120,1200000,-12323,True,15,-12323,480786,480786
knapsack,spanner,120,2,penalty,mga,120,1200000,-12323,True,16,-12323,1041407,1041407
knapsack,spanner,120,2,penalty,mga,120,1200000,-12323,True,17,-12323,774673,774673
knapsack,spanner,120,2,penalty,mga,120,1200000,-12323,True,18,-12323,632430,632430
knapsack,spanner,120,2,penalty,mga,120,1200000,-12323,True,19,-12323,779286,779286
knapsack,spanner,120,2,penalty,mga,120,1200000,-12323,True,20,-12323,216288,216288
knapsack,spanner,120,2,penalty,mga,120,1200000,-12323,True,21,-12313,,1200000
knapsack,spanner,120,2,penalty,mga,120,1200000,-12323,True,22,-12303,,1200000
knapsack,spanner,120,2,penalty,mga,120,1200000,-12323,True,23,-12323,493249,493249
knapsack,spanner,120,2,penalty,mga,120,1200000,-12323,True,24,-12313,,1200000
knapsack,spanner,120,2,penalty,mga,120,1200000,-12323,True,25,-12323,910723,910723
knapsack,spanner,120,2,penalty,mga,120,1200000,-12323,True,26,-12313,,1200000
knapsack,spanner,120,2,penalty,mga,120,1200000,-12323,True,27,-12313,,1200000
knapsack,spanner,120,2,penalty,mga,120,1200000,-12323,True,28,-12313,,1200000
knapsack,spanner,120,2,penalty,mga,120,1200000,-12323,True,29,-12323,640457,640457
knapsack,spanner,120,2,penalty,mga,120,1200000,-12323,True,30,-12323,508385,508385
knapsack,spanner,80,2,repair,floor,80,800000,-20171,True,0,-20161,,800000
knapsack,spanner,80,2,repair,floor,80,800000,-20171,True,1,-20161,,800000
knapsack,spanner,80,2,repair,floor,80,800000,-20171,True,2,-20161,,800000
knapsack,spanner,80,2,repair,floor,80,800000,-20171,True,3,-20161,,800000
knapsack,spanner,80,2,repair,floor,80,800000,-20171,True,4,-20162,,800000
knapsack,spanner,80,2,repair,floor,80,800000,-20171,True,5,-20161,,800000
knapsack,spanner,80,2,repair,floor,80,800000,-20171,True,6,-20152,,800000
knapsack,spanner,80,2,repair,floor,80,800000,-20171,True,7,-20161,,800000
knapsack,spanner,80,2,repair,floor,80,800000,-20171,True,8,-20161,,800000
knapsack,spanner,80,2,repair,floor,80,800000,-20171,True,9,-20161,,800000
knapsack,spanner,80,2,repair,floor,80,800000,-20171,True,10,-20161,,800000
knapsack,spanner,80,2,repair,floor,80,800000,-20171,True,11,-20161,,800000
knapsack,spanner,80,2,repair,floor,80,800000,-20171,True,12,-20161,,800000
knapsack,spanner,80,2,repair,floor,80,800000,-20171,True,13,-20161,,800000
knapsack,spanner,80,2,repair,floor,80,800000,-20171,True,14,-20161,,800000
knapsack,spanner,80,2,repair,floor,80,800000,-20171,True,15,-20161,,800000
knapsack,spanner,80,2,repair,floor,80,800000,-20171,True,16,-20161,,800000
knapsack,spanner,80,2,repair,floor,80,800000,-20171,True,17,-20162,,800000
knapsack,spanner,80,2,repair,floor,80,800000,-20171,True,18,-20161,,800000
knapsack,spanner,80,2,repair,floor,80,800000,-20171,True,19,-20161,,800000
knapsack,spanner,80,2,repair,floor,80,800000,-20171,True,20,-20161,,800000
knapsack,spanner,80,2,repair,floor,80,800000,-20171,True,21,-20161,,800000
knapsack,spanner,80,2,repair,floor,80,800000,-20171,True,22,-20161,,800000
knapsack,spanner,80,2,repair,floor,80,800000,-20171,True,23,-20161,,800000
knapsack,spanner,80,2,repair,floor,80,800000,-20171,True,24,-20161,,800000
knapsack,spanner,80,2,repair,floor,80,800000,-20171,True,25,-20161,,800000
knapsack,spanner,80,2,repair,floor,80,800000,-20171,True,26,-20161,,800000
knapsack,spanner,80,2,repair,floor,80,800000,-20171,True,27,-20161,,800000
knapsack,spanner,80,2,repair,floor,80,800000,-20171,True,28,-20161,,800000
knapsack,spanner,80,2,repair,floor,80,800000,-20171,True,29,-20161,,800000
knapsack,spanner,80,2,repair,floor,80,800000,-20171,True,30,-20161,,800000
knapsack,mstr,120,1,repair,floor,120,1200000,-47947,True,0,-47847,,1200000
knapsack,mstr,120,1,repair,floor,120,1200000,-47947,True,1,-47842,,1200000
knapsack,mstr,120,1,repair,floor,120,1200000,-47947,True,2,-47845,,1200000
knapsack,mstr,120,1,repair,floor,120,1200000,-47947,True,3,-47845,,1200000
knapsack,mstr,120,1,repair,floor,120,1200000,-47947,True,4,-47847,,1200000
knapsack,mstr,120,1,repair,floor,120,1200000,-47947,True,5,-47847,,1200000
knapsack,mstr,120,1,repair,floor,120,1200000,-47947,True,6,-47845,,1200000
knapsack,mstr,120,1,repair,floor,120,1200000,-47947,True,7,-47832,,1200000
knapsack,mstr,120,1,repair,floor,120,1200000,-47947,True,8,-47845,,1200000
knapsack,mstr,120,1,repair,floor,120,1200000,-47947,True,9,-47834,,1200000
knapsack,mstr,120,1,repair,floor,120,1200000,-47947,True,10,-47839,,1200000
knapsack,mstr,120,1,repair,floor,120,1200000,-47947,True,11,-47844,,1200000
knapsack,mstr,120,1,repair,floor,120,1200000,-47947,True,12,-47846,,1200000
knapsack,mstr,120,1,repair,floor,120,1200000,-47947,True,13,-47835,,1200000
knapsack,mstr,120,1,repair,floor,120,1200000,-47947,True,14,-47842,,1200000
knapsack,mstr,120,1,repair,floor,120,1200000,-47947,True,15,-47845,,1200000
knapsack,mstr,120,1,repair,floor,120,1200000,-47947,True,16,-47830,,1200000
knapsack,mstr,120,1,repair,floor,120,1200000,-47947,True,17,-47807,,1200000
knapsack,mstr,120,1,repair,floor,120,1200000,-47947,True,18,-47841,,1200000
knapsack,mstr,120,1,repair,floor,120,1200000,-47947,True,19,-47845,,1200000
knapsack,mstr,120,1,repair,floor,120,1200000,-47947,True,20,-47845,,1200000
knapsack,mstr,120,1,repair,floor,120,1200000,-47947,True,21,-47843,,1200000
knapsack,mstr,120,1,repair,floor,120,1200000,-47947,True,22,-47840,,1200000
knapsack,mstr,120,1,repair,floor,120,1200000,-47947,True,23,-47842,,1200000
knapsack,mstr,120,1,repair,floor,120,1200000,-47947,True,24,-47845,,1200000
knapsack,mstr,120,1,repair,floor,120,1200000,-47947,True,25,-47846,,1200000
knapsack,mstr,120,1,repair,floor,120,1200000,-47947,True,26,-47846,,1200000
knapsack,mstr,120,1,repair,floor,120,1200000,-47947,True,27,-47846,,1200000
knapsack,mstr,120,1,repair,floor,120,1200000,-47947,True,28,-47846,,1200000
knapsack,mstr,120,1,repair,floor,120,1200000,-47947,True,29,-47842,,1200000
knapsack,mstr,120,1,repair,floor,120,1200000,-47947,True,30,-47841,,1200000
knapsack,spanner,120,2,repair,ils,120,1200000,-12323,True,0,-12323,26801,26801
knapsack,spanner,120,2,repair,ils,120,1200000,-12323,True,1,-12323,172120,172120
knapsack,spanner,120,2,repair,ils,120,1200000,-12323,True,2,-12323,30665,30665
knapsack,spanner,120,2,repair,ils,120,1200000,-12323,True,3,-12323,83470,83470
knapsack,spanner,120,2,repair,ils,120,1200000,-12323,True,4,-12323,28531,28531
knapsack,spanner,120,2,repair,ils,120,1200000,-12323,True,5,-12323,40126,40126
knapsack,spanner,120,2,repair,ils,120,1200000,-12323,True,6,-12323,119205,119205
knapsack,spanner,120,2,repair,ils,120,1200000,-12323,True,7,-12323,174353,174353
knapsack,spanner,120,2,repair,ils,120,1200000,-12323,True,8,-12323,4726,4726
knapsack,spanner,120,2,repair,ils,120,1200000,-12323,True,9,-12323,96931,96931
knapsack,spanner,120,2,repair,ils,120,1200000,-12323,True,10,-12323,37494,37494
knapsack,spanner,120,2,repair,ils,120,1200000,-12323,True,11,-12323,49091,49091
knapsack,spanner,120,2,repair,ils,120,1200000,-12323,True,12,-12323,147161,147161
knapsack,spanner,120,2,repair,ils,120,1200000,-12323,True,13,-12323,148471,148471
knapsack,spanner,120,2,repair,ils,120,1200000,-12323,True,14,-12323,75968,75968
knapsack,spanner,120,2,repair,ils,120,1200000,-12323,True,15,-12323,17685,17685
knapsack,spanner,120,2,repair,ils,120,1200000,-12323,True,16,-12323,12962,12962
knapsack,spanner,120,2,repair,ils,120,1200000,-12323,True,17,-12323,34182,34182
knapsack,spanner,120,2,repair,ils,120,1200000,-12323,True,18,-12323,188949,188949
knapsack,spanner,120,2,repair,ils,120,1200000,-12323,True,19,-12323,20613,20613
knapsack,spanner,120,2,repair,ils,120,1200000,-12323,True,20,-12323,1747,1747
knapsack,spanner,120,2,repair,ils,120,1200000,-12323,True,21,-12323,154895,154895
knapsack,spanner,120,2,repair,ils,120,1200000,-12323,True,22,-12323,5604,5604
knapsack,spanner,120,2,repair,ils,120,1200000,-12323,True,23,-12323,40514,40514
knapsack,spanner,120,2,repair,ils,120,1200000,-12323,True,24,-12323,51782,51782
knapsack,spanner,120,2,repair,ils,120,1200000,-12323,True,25,-12323,86568,86568
knapsack,spanner,120,2,repair,ils,120,1200000,-12323,True,26,-12323,116969,116969
knapsack,spanner,120,2,repair,ils,120,1200000,-12323,True,27,-12323,41152,41152
knapsack,spanner,120,2,repair,ils,120,1200000,-12323,True,28,-12323,24080,24080
knapsack,spanner,120,2,repair,ils,120,1200000,-12323,True,29,-12323,20781,20781
knapsack,spanner,120,2,repair,ils,120,1200000,-12323,True,30,-12323,26595,26595
scp,,60,0,penalty,floor,60,600000,10,True,0,10,308018,308018
scp,,60,0,penalty,floor,60,600000,10,True,1,10,289528,289528
scp,,60,0,penalty,floor,60,600000,10,True,2,10,63765,63765
scp,,60,0,penalty,floor,60,600000,10,True,3,10,267308,267308
scp,,60,0,penalty,floor,60,600000,10,True,4,10,352208,352208
scp,,60,0,penalty,floor,60,600000,10,True,5,10,527288,527288
scp,,60,0,penalty,floor,60,600000,10,True,6,10,5764,5764
scp,,60,0,penalty,floor,60,600000,10,True,7,10,50436,50436
scp,,60,0,penalty,floor,60,600000,10,True,8,10,4383,4383
scp,,60,0,penalty,floor,60,600000,10,True,9,10,507245,507245
scp,,60,0,penalty,floor,60,600000,10,True,10,10,461961,461961
scp,,60,0,penalty,floor,60,600000,10,True,11,11,,600000
scp,,60,0,penalty,floor,60,600000,10,True,12,10,562299,562299
scp,,60,0,penalty,floor,60,600000,10,True,13,10,117445,117445
scp,,60,0,penalty,floor,60,600000,10,True,14,10,206787,206787
scp,,60,0,penalty,floor,60,600000,10,True,15,10,287606,287606
scp,,60,0,penalty,floor,60,600000,10,True,16,10,235731,235731
scp,,60,0,penalty,floor,60,600000,10,True,17,10,323391,323391
scp,,60,0,penalty,floor,60,600000,10,True,18,10,342961,342961
scp,,60,0,penalty,floor,60,600000,10,True,19,11,,600000
scp,,60,0,penalty,floor,60,600000,10,True,20,10,364103,364103
scp,,60,0,penalty,floor,60,600000,10,True,21,10,128251,128251
scp,,60,0,penalty,floor,60,600000,10,True,22,10,323629,323629
scp,,60,0,penalty,floor,60,600000,10,True,23,10,43290,43290
scp,,60,0,penalty,floor,60,600000,10,True,24,10,24437,24437
scp,,60,0,penalty,floor,60,600000,10,True,25,10,32003,32003
scp,,60,0,penalty,floor,60,600000,10,True,26,10,177365,177365
scp,,60,0,penalty,floor,60,600000,10,True,27,10,214232,214232
scp,,60,0,penalty,floor,60,600000,10,True,28,10,89164,89164
scp,,60,0,penalty,floor,60,600000,10,True,29,10,2822,2822
scp,,60,0,penalty,floor,60,600000,10,True,30,10,134975,134975
scp,,60,0,penalty,ils,60,600000,10,True,0,10,7017,7017
scp,,60,0,penalty,ils,60,600000,10,True,1,10,5541,5541
scp,,60,0,penalty,ils,60,600000,10,True,2,10,5759,5759
scp,,60,0,penalty,ils,60,600000,10,True,3,10,8018,8018
scp,,60,0,penalty,ils,60,600000,10,True,4,10,24701,24701
scp,,60,0,penalty,ils,60,600000,10,True,5,10,6184,6184
scp,,60,0,penalty,ils,60,600000,10,True,6,10,5130,5130
scp,,60,0,penalty,ils,60,600000,10,True,7,10,12179,12179
scp,,60,0,penalty,ils,60,600000,10,True,8,10,9109,9109
scp,,60,0,penalty,ils,60,600000,10,True,9,10,5736,5736
scp,,60,0,penalty,ils,60,600000,10,True,10,10,5910,5910
scp,,60,0,penalty,ils,60,600000,10,True,11,10,6728,6728
scp,,60,0,penalty,ils,60,600000,10,True,12,10,27584,27584
scp,,60,0,penalty,ils,60,600000,10,True,13,10,11398,11398
scp,,60,0,penalty,ils,60,600000,10,True,14,10,15345,15345
scp,,60,0,penalty,ils,60,600000,10,True,15,10,3808,3808
scp,,60,0,penalty,ils,60,600000,10,True,16,10,3250,3250
scp,,60,0,penalty,ils,60,600000,10,True,17,10,5626,5626
scp,,60,0,penalty,ils,60,600000,10,True,18,10,7985,7985
scp,,60,0,penalty,ils,60,600000,10,True,19,10,14720,14720
scp,,60,0,penalty,ils,60,600000,10,True,20,10,3525,3525
scp,,60,0,penalty,ils,60,600000,10,True,21,10,6045,6045
scp,,60,0,penalty,ils,60,600000,10,True,22,10,22524,22524
scp,,60,0,penalty,ils,60,600000,10,True,23,10,9506,9506
scp,,60,0,penalty,ils,60,600000,10,True,24,10,5795,5795
scp,,60,0,penalty,ils,60,600000,10,True,25,10,5874,5874
scp,,60,0,penalty,ils,60,600000,10,True,26,10,10332,10332
scp,,60,0,penalty,ils,60,600000,10,True,27,10,6109,6109
scp,,60,0,penalty,ils,60,600000,10,True,28,10,4595,4595
scp,,60,0,penalty,ils,60,600000,10,True,29,10,4547,4547
scp,,60,0,penalty,ils,60,600000,10,True,30,10,35899,35899
scp,,60,0,penalty,mga,60,600000,10,True,0,10,403647,403647
scp,,60,0,penalty,mga,60,600000,10,True,1,10,376397,376397
scp,,60,0,penalty,mga,60,600000,10,True,2,11,,600000
scp,,60,0,penalty,mga,60,600000,10,True,3,10,92729,92729
scp,,60,0,penalty,mga,60,600000,10,True,4,10,273346,273346
scp,,60,0,penalty,mga,60,600000,10,True,5,10,586591,586591
scp,,60,0,penalty,mga,60,600000,10,True,6,10,590369,590369
scp,,60,0,penalty,mga,60,600000,10,True,7,10,584834,584834
scp,,60,0,penalty,mga,60,600000,10,True,8,10,350928,350928
scp,,60,0,penalty,mga,60,600000,10,True,9,10,461115,461115
scp,,60,0,penalty,mga,60,600000,10,True,10,10,187757,187757
scp,,60,0,penalty,mga,60,600000,10,True,11,11,,600000
scp,,60,0,penalty,mga,60,600000,10,True,12,11,,600000
scp,,60,0,penalty,mga,60,600000,10,True,13,10,587871,587871
scp,,60,0,penalty,mga,60,600000,10,True,14,10,343168,343168
scp,,60,0,penalty,mga,60,600000,10,True,15,10,8605,8605
scp,,60,0,penalty,mga,60,600000,10,True,16,10,425547,425547
scp,,60,0,penalty,mga,60,600000,10,True,17,11,,600000
scp,,60,0,penalty,mga,60,600000,10,True,18,10,747,747
scp,,60,0,penalty,mga,60,600000,10,True,19,10,562427,562427
scp,,60,0,penalty,mga,60,600000,10,True,20,10,475298,475298
scp,,60,0,penalty,mga,60,600000,10,True,21,11,,600000
scp,,60,0,penalty,mga,60,600000,10,True,22,12,,600000
scp,,60,0,penalty,mga,60,600000,10,True,23,10,741,741
scp,,60,0,penalty,mga,60,600000,10,True,24,10,481256,481256
scp,,60,0,penalty,mga,60,600000,10,True,25,12,,600000
scp,,60,0,penalty,mga,60,600000,10,True,26,10,264644,264644
scp,,60,0,penalty,mga,60,600000,10,True,27,10,586136,586136
scp,,60,0,penalty,mga,60,600000,10,True,28,12,,600000
scp,,60,0,penalty,mga,60,600000,10,True,29,10,246742,246742
scp,,60,0,penalty,mga,60,600000,10,True,30,10,406851,406851
scp,,60,0,repair,floor,60,600000,10,True,0,10,121,121
scp,,60,0,repair,floor,60,600000,10,True,1,10,181,181
scp,,60,0,repair,floor,60,600000,10,True,2,10,121,121
scp,,60,0,repair,floor,60,600000,10,True,3,10,301,301
scp,,60,0,repair,floor,60,600000,10,True,4,10,722,722
scp,,60,0,repair,floor,60,600000,10,True,5,10,302,302
scp,,60,0,repair,floor,60,600000,10,True,6,10,301,301
scp,,60,0,repair,floor,60,600000,10,True,7,10,602,602
scp,,60,0,repair,floor,60,600000,10,True,8,10,121,121
scp,,60,0,repair,floor,60,600000,10,True,9,10,181,181
scp,,60,0,repair,floor,60,600000,10,True,10,10,301,301
scp,,60,0,repair,floor,60,600000,10,True,11,10,361,361
scp,,60,0,repair,floor,60,600000,10,True,12,10,362,362
scp,,60,0,repair,floor,60,600000,10,True,13,10,181,181
scp,,60,0,repair,floor,60,600000,10,True,14,10,241,241
scp,,60,0,repair,floor,60,600000,10,True,15,10,301,301
scp,,60,0,repair,floor,60,600000,10,True,16,10,121,121
scp,,60,0,repair,floor,60,600000,10,True,17,10,181,181
scp,,60,0,repair,floor,60,600000,10,True,18,10,301,301
scp,,60,0,repair,floor,60,600000,10,True,19,10,61,61
scp,,60,0,repair,floor,60,600000,10,True,20,10,301,301
scp,,60,0,repair,floor,60,600000,10,True,21,10,422,422
scp,,60,0,repair,floor,60,600000,10,True,22,10,181,181
scp,,60,0,repair,floor,60,600000,10,True,23,10,241,241
scp,,60,0,repair,floor,60,600000,10,True,24,10,241,241
scp,,60,0,repair,floor,60,600000,10,True,25,10,241,241
scp,,60,0,repair,floor,60,600000,10,True,26,10,121,121
scp,,60,0,repair,floor,60,600000,10,True,27,10,121,121
scp,,60,0,repair,floor,60,600000,10,True,28,10,301,301
scp,,60,0,repair,floor,60,600000,10,True,29,10,241,241
scp,,60,0,repair,floor,60,600000,10,True,30,10,663,663
scp,,60,0,repair,ils,60,600000,10,True,0,10,233,233
scp,,60,0,repair,ils,60,600000,10,True,1,10,270,270
scp,,60,0,repair,ils,60,600000,10,True,2,10,498,498
scp,,60,0,repair,ils,60,600000,10,True,3,10,207,207
scp,,60,0,repair,ils,60,600000,10,True,4,10,277,277
scp,,60,0,repair,ils,60,600000,10,True,5,10,109,109
scp,,60,0,repair,ils,60,600000,10,True,6,10,189,189
scp,,60,0,repair,ils,60,600000,10,True,7,10,299,299
scp,,60,0,repair,ils,60,600000,10,True,8,10,285,285
scp,,60,0,repair,ils,60,600000,10,True,9,10,252,252
scp,,60,0,repair,ils,60,600000,10,True,10,10,1255,1255
scp,,60,0,repair,ils,60,600000,10,True,11,10,174,174
scp,,60,0,repair,ils,60,600000,10,True,12,10,179,179
scp,,60,0,repair,ils,60,600000,10,True,13,10,143,143
scp,,60,0,repair,ils,60,600000,10,True,14,10,231,231
scp,,60,0,repair,ils,60,600000,10,True,15,10,198,198
scp,,60,0,repair,ils,60,600000,10,True,16,10,197,197
scp,,60,0,repair,ils,60,600000,10,True,17,10,205,205
scp,,60,0,repair,ils,60,600000,10,True,18,10,184,184
scp,,60,0,repair,ils,60,600000,10,True,19,10,295,295
scp,,60,0,repair,ils,60,600000,10,True,20,10,159,159
scp,,60,0,repair,ils,60,600000,10,True,21,10,197,197
scp,,60,0,repair,ils,60,600000,10,True,22,10,200,200
scp,,60,0,repair,ils,60,600000,10,True,23,10,149,149
scp,,60,0,repair,ils,60,600000,10,True,24,10,166,166
scp,,60,0,repair,ils,60,600000,10,True,25,10,220,220
scp,,60,0,repair,ils,60,600000,10,True,26,10,192,192
scp,,60,0,repair,ils,60,600000,10,True,27,10,347,347
scp,,60,0,repair,ils,60,600000,10,True,28,10,166,166
scp,,60,0,repair,ils,60,600000,10,True,29,10,61,61
scp,,60,0,repair,ils,60,600000,10,True,30,10,877,877
scp,,60,0,repair,mga,60,600000,10,True,0,10,168,168
scp,,60,0,repair,mga,60,600000,10,True,1,10,168,168
scp,,60,0,repair,mga,60,600000,10,True,2,10,120,120
scp,,60,0,repair,mga,60,600000,10,True,3,10,120,120
scp,,60,0,repair,mga,60,600000,10,True,4,10,120,120
scp,,60,0,repair,mga,60,600000,10,True,5,10,168,168
scp,,60,0,repair,mga,60,600000,10,True,6,10,30,30
scp,,60,0,repair,mga,60,600000,10,True,7,10,178,178
scp,,60,0,repair,mga,60,600000,10,True,8,10,30,30
scp,,60,0,repair,mga,60,600000,10,True,9,10,120,120
scp,,60,0,repair,mga,60,600000,10,True,10,10,178,178
scp,,60,0,repair,mga,60,600000,10,True,11,10,157,157
scp,,60,0,repair,mga,60,600000,10,True,12,10,120,120
scp,,60,0,repair,mga,60,600000,10,True,13,10,171,171
scp,,60,0,repair,mga,60,600000,10,True,14,10,171,171
scp,,60,0,repair,mga,60,600000,10,True,15,10,137,137
scp,,60,0,repair,mga,60,600000,10,True,16,10,171,171
scp,,60,0,repair,mga,60,600000,10,True,17,10,120,120
scp,,60,0,repair,mga,60,600000,10,True,18,10,120,120
scp,,60,0,repair,mga,60,600000,10,True,19,10,120,120
scp,,60,0,repair,mga,60,600000,10,True,20,10,140,140
scp,,60,0,repair,mga,60,600000,10,True,21,10,120,120
scp,,60,0,repair,mga,60,600000,10,True,22,10,120,120
scp,,60,0,repair,mga,60,600000,10,True,23,10,30,30
scp,,60,0,repair,mga,60,600000,10,True,24,10,30,30
scp,,60,0,repair,mga,60,600000,10,True,25,10,30,30
scp,,60,0,repair,mga,60,600000,10,True,26,10,168,168
scp,,60,0,repair,mga,60,600000,10,True,27,10,146,146
scp,,60,0,repair,mga,60,600000,10,True,28,10,167,167
scp,,60,0,repair,mga,60,600000,10,True,29,10,30,30
scp,,60,0,repair,mga,60,600000,10,True,30,10,168,168
scp,,60,1,penalty,floor,60,600000,10,True,0,10,6425,6425
scp,,60,1,penalty,floor,60,600000,10,True,1,10,300639,300639
scp,,60,1,penalty,floor,60,600000,10,True,2,10,112520,112520
scp,,60,1,penalty,floor,60,600000,10,True,3,10,110419,110419
scp,,60,1,penalty,floor,60,600000,10,True,4,10,27139,27139
scp,,60,1,penalty,floor,60,600000,10,True,5,10,15611,15611
scp,,60,1,penalty,floor,60,600000,10,True,6,10,55181,55181
scp,,60,1,penalty,floor,60,600000,10,True,7,10,40349,40349
scp,,60,1,penalty,floor,60,600000,10,True,8,10,65689,65689
scp,,60,1,penalty,floor,60,600000,10,True,9,11,,600000
scp,,60,1,penalty,floor,60,600000,10,True,10,10,88922,88922
scp,,60,1,penalty,floor,60,600000,10,True,11,10,38788,38788
scp,,60,1,penalty,floor,60,600000,10,True,12,10,279681,279681
scp,,60,1,penalty,floor,60,600000,10,True,13,10,240535,240535
scp,,60,1,penalty,floor,60,600000,10,True,14,10,85682,85682
scp,,60,1,penalty,floor,60,600000,10,True,15,10,470139,470139
scp,,60,1,penalty,floor,60,600000,10,True,16,10,83581,83581
scp,,60,1,penalty,floor,60,600000,10,True,17,10,146988,146988
scp,,60,1,penalty,floor,60,600000,10,True,18,10,115824,115824
scp,,60,1,penalty,floor,60,600000,10,True,19,10,55060,55060
scp,,60,1,penalty,floor,60,600000,10,True,20,10,27560,27560
scp,,60,1,penalty,floor,60,600000,10,True,21,10,365726,365726
scp,,60,1,penalty,floor,60,600000,10,True,22,10,113482,113482
scp,,60,1,penalty,floor,60,600000,10,True,23,10,114506,114506
scp,,60,1,penalty,floor,60,600000,10,True,24,10,131494,131494
scp,,60,1,penalty,floor,60,600000,10,True,25,10,144704,144704
scp,,60,1,penalty,floor,60,600000,10,True,26,10,395261,395261
scp,,60,1,penalty,floor,60,600000,10,True,27,10,117324,117324
scp,,60,1,penalty,floor,60,600000,10,True,28,11,,600000
scp,,60,1,penalty,floor,60,600000,10,True,29,10,62924,62924
scp,,60,1,penalty,floor,60,600000,10,True,30,10,313244,313244
scp,,60,1,penalty,ils,60,600000,10,True,0,10,9117,9117
scp,,60,1,penalty,ils,60,600000,10,True,1,10,3106,3106
scp,,60,1,penalty,ils,60,600000,10,True,2,10,2705,2705
scp,,60,1,penalty,ils,60,600000,10,True,3,10,7055,7055
scp,,60,1,penalty,ils,60,600000,10,True,4,10,9066,9066
scp,,60,1,penalty,ils,60,600000,10,True,5,10,4384,4384
scp,,60,1,penalty,ils,60,600000,10,True,6,10,4131,4131
scp,,60,1,penalty,ils,60,600000,10,True,7,10,5530,5530
scp,,60,1,penalty,ils,60,600000,10,True,8,10,6812,6812
scp,,60,1,penalty,ils,60,600000,10,True,9,10,11546,11546
scp,,60,1,penalty,ils,60,600000,10,True,10,10,4328,4328
scp,,60,1,penalty,ils,60,600000,10,True,11,10,19295,19295
scp,,60,1,penalty,ils,60,600000,10,True,12,10,2656,2656
scp,,60,1,penalty,ils,60,600000,10,True,13,10,5829,5829
scp,,60,1,penalty,ils,60,600000,10,True,14,10,20620,20620
scp,,60,1,penalty,ils,60,600000,10,True,15,10,3385,3385
scp,,60,1,penalty,ils,60,600000,10,True,16,10,4287,4287
scp,,60,1,penalty,ils,60,600000,10,True,17,10,1561,1561
scp,,60,1,penalty,ils,60,600000,10,True,18,10,6004,6004
scp,,60,1,penalty,ils,60,600000,10,True,19,10,3943,3943
scp,,60,1,penalty,ils,60,600000,10,True,20,10,2971,2971
scp,,60,1,penalty,ils,60,600000,10,True,21,10,4628,4628
scp,,60,1,penalty,ils,60,600000,10,True,22,10,6481,6481
scp,,60,1,penalty,ils,60,600000,10,True,23,10,7493,7493
scp,,60,1,penalty,ils,60,600000,10,True,24,10,25615,25615
scp,,60,1,penalty,ils,60,600000,10,True,25,10,5011,5011
scp,,60,1,penalty,ils,60,600000,10,True,26,10,4706,4706
scp,,60,1,penalty,ils,60,600000,10,True,27,10,8159,8159
scp,,60,1,penalty,ils,60,600000,10,True,28,10,2682,2682
scp,,60,1,penalty,ils,60,600000,10,True,29,10,9989,9989
scp,,60,1,penalty,ils,60,600000,10,True,30,10,2122,2122
scp,,60,1,penalty,mga,60,600000,10,True,0,10,370332,370332
scp,,60,1,penalty,mga,60,600000,10,True,1,10,105833,105833
scp,,60,1,penalty,mga,60,600000,10,True,2,10,299527,299527
scp,,60,1,penalty,mga,60,600000,10,True,3,10,297649,297649
scp,,60,1,penalty,mga,60,600000,10,True,4,10,151177,151177
scp,,60,1,penalty,mga,60,600000,10,True,5,10,793,793
scp,,60,1,penalty,mga,60,600000,10,True,6,11,,600000
scp,,60,1,penalty,mga,60,600000,10,True,7,10,192856,192856
scp,,60,1,penalty,mga,60,600000,10,True,8,10,550807,550807
scp,,60,1,penalty,mga,60,600000,10,True,9,11,,600000
scp,,60,1,penalty,mga,60,600000,10,True,10,12,,600000
scp,,60,1,penalty,mga,60,600000,10,True,11,10,319865,319865
scp,,60,1,penalty,mga,60,600000,10,True,12,10,485070,485070
scp,,60,1,penalty,mga,60,600000,10,True,13,11,,600000
scp,,60,1,penalty,mga,60,600000,10,True,14,10,401458,401458
scp,,60,1,penalty,mga,60,600000,10,True,15,10,473211,473211
scp,,60,1,penalty,mga,60,600000,10,True,16,10,131029,131029
scp,,60,1,penalty,mga,60,600000,10,True,17,10,384287,384287
scp,,60,1,penalty,mga,60,600000,10,True,18,12,,600000
scp,,60,1,penalty,mga,60,600000,10,True,19,10,137870,137870
scp,,60,1,penalty,mga,60,600000,10,True,20,10,220925,220925
scp,,60,1,penalty,mga,60,600000,10,True,21,11,,600000
scp,,60,1,penalty,mga,60,600000,10,True,22,10,518095,518095
scp,,60,1,penalty,mga,60,600000,10,True,23,11,,600000
scp,,60,1,penalty,mga,60,600000,10,True,24,10,124162,124162
scp,,60,1,penalty,mga,60,600000,10,True,25,10,210958,210958
scp,,60,1,penalty,mga,60,600000,10,True,26,11,,600000
scp,,60,1,penalty,mga,60,600000,10,True,27,11,,600000
scp,,60,1,penalty,mga,60,600000,10,True,28,10,72365,72365
scp,,60,1,penalty,mga,60,600000,10,True,29,12,,600000
scp,,60,1,penalty,mga,60,600000,10,True,30,12,,600000
scp,,60,1,repair,floor,60,600000,10,True,0,10,421,421
scp,,60,1,repair,floor,60,600000,10,True,1,10,181,181
scp,,60,1,repair,floor,60,600000,10,True,2,10,61,61
scp,,60,1,repair,floor,60,600000,10,True,3,10,181,181
scp,,60,1,repair,floor,60,600000,10,True,4,10,121,121
scp,,60,1,repair,floor,60,600000,10,True,5,10,181,181
scp,,60,1,repair,floor,60,600000,10,True,6,10,241,241
scp,,60,1,repair,floor,60,600000,10,True,7,10,422,422
scp,,60,1,repair,floor,60,600000,10,True,8,10,301,301
scp,,60,1,repair,floor,60,600000,10,True,9,10,181,181
scp,,60,1,repair,floor,60,600000,10,True,10,10,121,121
scp,,60,1,repair,floor,60,600000,10,True,11,10,181,181
scp,,60,1,repair,floor,60,600000,10,True,12,10,181,181
scp,,60,1,repair,floor,60,600000,10,True,13,10,361,361
scp,,60,1,repair,floor,60,600000,10,True,14,10,301,301
scp,,60,1,repair,floor,60,600000,10,True,15,10,301,301
scp,,60,1,repair,floor,60,600000,10,True,16,10,241,241
scp,,60,1,repair,floor,60,600000,10,True,17,10,181,181
scp,,60,1,repair,floor,60,600000,10,True,18,10,362,362
scp,,60,1,repair,floor,60,600000,10,True,19,10,181,181
scp,,60,1,repair,floor,60,600000,10,True,20,10,121,121
scp,,60,1,repair,floor,60,600000,10,True,21,10,241,241
scp,,60,1,repair,floor,60,600000,10,True,22,10,181,181
scp,,60,1,repair,floor,60,600000,10,True,23,10,121,121
scp,,60,1,repair,floor,60,600000,10,True,24,10,181,181
scp,,60,1,repair,floor,60,600000,10,True,25,10,241,241
scp,,60,1,repair,floor,60,600000,10,True,26,10,422,422
scp,,60,1,repair,floor,60,600000,10,True,27,10,181,181
scp,,60,1,repair,floor,60,600000,10,True,28,10,181,181
scp,,60,1,repair,floor,60,600000,10,True,29,10,121,121
scp,,60,1,repair,floor,60,600000,10,True,30,10,241,241
scp,,60,1,repair,ils,60,600000,10,True,0,10,232,232
scp,,60,1,repair,ils,60,600000,10,True,1,10,650,650
scp,,60,1,repair,ils,60,600000,10,True,2,10,109,109
scp,,60,1,repair,ils,60,600000,10,True,3,10,686,686
scp,,60,1,repair,ils,60,600000,10,True,4,10,101,101
scp,,60,1,repair,ils,60,600000,10,True,5,10,415,415
scp,,60,1,repair,ils,60,600000,10,True,6,10,128,128
scp,,60,1,repair,ils,60,600000,10,True,7,10,258,258
scp,,60,1,repair,ils,60,600000,10,True,8,10,682,682
scp,,60,1,repair,ils,60,600000,10,True,9,10,159,159
scp,,60,1,repair,ils,60,600000,10,True,10,10,208,208
scp,,60,1,repair,ils,60,600000,10,True,11,10,196,196
scp,,60,1,repair,ils,60,600000,10,True,12,10,289,289
scp,,60,1,repair,ils,60,600000,10,True,13,10,199,199
scp,,60,1,repair,ils,60,600000,10,True,14,10,242,242
scp,,60,1,repair,ils,60,600000,10,True,15,10,1147,1147
scp,,60,1,repair,ils,60,600000,10,True,16,10,230,230
scp,,60,1,repair,ils,60,600000,10,True,17,10,654,654
scp,,60,1,repair,ils,60,600000,10,True,18,10,160,160
scp,,60,1,repair,ils,60,600000,10,True,19,10,119,119
scp,,60,1,repair,ils,60,600000,10,True,20,10,143,143
scp,,60,1,repair,ils,60,600000,10,True,21,10,129,129
scp,,60,1,repair,ils,60,600000,10,True,22,10,142,142
scp,,60,1,repair,ils,60,600000,10,True,23,10,651,651
scp,,60,1,repair,ils,60,600000,10,True,24,10,336,336
scp,,60,1,repair,ils,60,600000,10,True,25,10,344,344
scp,,60,1,repair,ils,60,600000,10,True,26,10,217,217
scp,,60,1,repair,ils,60,600000,10,True,27,10,146,146
scp,,60,1,repair,ils,60,600000,10,True,28,10,164,164
scp,,60,1,repair,ils,60,600000,10,True,29,10,144,144
scp,,60,1,repair,ils,60,600000,10,True,30,10,142,142
scp,,60,1,repair,mga,60,600000,10,True,0,10,30,30
scp,,60,1,repair,mga,60,600000,10,True,1,10,120,120
scp,,60,1,repair,mga,60,600000,10,True,2,10,145,145
scp,,60,1,repair,mga,60,600000,10,True,3,10,174,174
scp,,60,1,repair,mga,60,600000,10,True,4,10,30,30
scp,,60,1,repair,mga,60,600000,10,True,5,10,30,30
scp,,60,1,repair,mga,60,600000,10,True,6,10,166,166
scp,,60,1,repair,mga,60,600000,10,True,7,10,30,30
scp,,60,1,repair,mga,60,600000,10,True,8,10,174,174
scp,,60,1,repair,mga,60,600000,10,True,9,10,172,172
scp,,60,1,repair,mga,60,600000,10,True,10,10,120,120
scp,,60,1,repair,mga,60,600000,10,True,11,10,30,30
scp,,60,1,repair,mga,60,600000,10,True,12,10,148,148
scp,,60,1,repair,mga,60,600000,10,True,13,10,166,166
scp,,60,1,repair,mga,60,600000,10,True,14,10,169,169
scp,,60,1,repair,mga,60,600000,10,True,15,10,120,120
scp,,60,1,repair,mga,60,600000,10,True,16,10,120,120
scp,,60,1,repair,mga,60,600000,10,True,17,10,148,148
scp,,60,1,repair,mga,60,600000,10,True,18,10,148,148
scp,,60,1,repair,mga,60,600000,10,True,19,10,120,120
scp,,60,1,repair,mga,60,600000,10,True,20,10,30,30
scp,,60,1,repair,mga,60,600000,10,True,21,10,161,161
scp,,60,1,repair,mga,60,600000,10,True,22,10,156,156
scp,,60,1,repair,mga,60,600000,10,True,23,10,135,135
scp,,60,1,repair,mga,60,600000,10,True,24,10,120,120
scp,,60,1,repair,mga,60,600000,10,True,25,10,145,145
scp,,60,1,repair,mga,60,600000,10,True,26,10,156,156
scp,,60,1,repair,mga,60,600000,10,True,27,10,120,120
scp,,60,1,repair,mga,60,600000,10,True,28,10,166,166
scp,,60,1,repair,mga,60,600000,10,True,29,10,166,166
scp,,60,1,repair,mga,60,600000,10,True,30,10,174,174
scp,,60,2,penalty,floor,60,600000,10,True,0,10,147047,147047
scp,,60,2,penalty,floor,60,600000,10,True,1,10,262087,262087
scp,,60,2,penalty,floor,60,600000,10,True,2,10,118764,118764
scp,,60,2,penalty,floor,60,600000,10,True,3,10,491871,491871
scp,,60,2,penalty,floor,60,600000,10,True,4,10,92227,92227
scp,,60,2,penalty,floor,60,600000,10,True,5,10,223060,223060
scp,,60,2,penalty,floor,60,600000,10,True,6,10,333776,333776
scp,,60,2,penalty,floor,60,600000,10,True,7,10,10628,10628
scp,,60,2,penalty,floor,60,600000,10,True,8,10,13569,13569
scp,,60,2,penalty,floor,60,600000,10,True,9,10,284422,284422
scp,,60,2,penalty,floor,60,600000,10,True,10,11,,600000
scp,,60,2,penalty,floor,60,600000,10,True,11,10,397845,397845
scp,,60,2,penalty,floor,60,600000,10,True,12,10,57940,57940
scp,,60,2,penalty,floor,60,600000,10,True,13,10,267611,267611
scp,,60,2,penalty,floor,60,600000,10,True,14,10,417476,417476
scp,,60,2,penalty,floor,60,600000,10,True,15,10,408953,408953
scp,,60,2,penalty,floor,60,600000,10,True,16,10,211051,211051
scp,,60,2,penalty,floor,60,600000,10,True,17,10,195979,195979
scp,,60,2,penalty,floor,60,600000,10,True,18,10,12969,12969
scp,,60,2,penalty,floor,60,600000,10,True,19,10,539601,539601
scp,,60,2,penalty,floor,60,600000,10,True,20,10,110421,110421
scp,,60,2,penalty,floor,60,600000,10,True,21,10,290486,290486
scp,,60,2,penalty,floor,60,600000,10,True,22,10,332275,332275
scp,,60,2,penalty,floor,60,600000,10,True,23,10,338285,338285
scp,,60,2,penalty,floor,60,600000,10,True,24,10,395260,395260
scp,,60,2,penalty,floor,60,600000,10,True,25,10,162000,162000
scp,,60,2,penalty,floor,60,600000,10,True,26,10,12729,12729
scp,,60,2,penalty,floor,60,600000,10,True,27,10,82859,82859
scp,,60,2,penalty,floor,60,600000,10,True,28,10,307119,307119
scp,,60,2,penalty,floor,60,600000,10,True,29,10,340865,340865
scp,,60,2,penalty,floor,60,600000,10,True,30,10,444734,444734
scp,,60,2,penalty,ils,60,600000,10,True,0,10,11709,11709
scp,,60,2,penalty,ils,60,600000,10,True,1,10,1018,1018
scp,,60,2,penalty,ils,60,600000,10,True,2,10,6116,6116
scp,,60,2,penalty,ils,60,600000,10,True,3,10,10963,10963
scp,,60,2,penalty,ils,60,600000,10,True,4,10,11472,11472
scp,,60,2,penalty,ils,60,600000,10,True,5,10,6078,6078
scp,,60,2,penalty,ils,60,600000,10,True,6,10,8830,8830
scp,,60,2,penalty,ils,60,600000,10,True,7,10,4880,4880
scp,,60,2,penalty,ils,60,600000,10,True,8,10,12513,12513
scp,,60,2,penalty,ils,60,600000,10,True,9,10,17468,17468
scp,,60,2,penalty,ils,60,600000,10,True,10,10,27335,27335
scp,,60,2,penalty,ils,60,600000,10,True,11,10,9466,9466
scp,,60,2,penalty,ils,60,600000,10,True,12,10,8892,8892
scp,,60,2,penalty,ils,60,600000,10,True,13,10,5666,5666
scp,,60,2,penalty,ils,60,600000,10,True,14,10,12236,12236
scp,,60,2,penalty,ils,60,600000,10,True,15,10,13277,13277
scp,,60,2,penalty,ils,60,600000,10,True,16,10,9425,9425
scp,,60,2,penalty,ils,60,600000,10,True,17,10,9196,9196
scp,,60,2,penalty,ils,60,600000,10,True,18,10,12610,12610
scp,,60,2,penalty,ils,60,600000,10,True,19,10,1389,1389
scp,,60,2,penalty,ils,60,600000,10,True,20,10,8376,8376
scp,,60,2,penalty,ils,60,600000,10,True,21,10,4720,4720
scp,,60,2,penalty,ils,60,600000,10,True,22,10,8376,8376
scp,,60,2,penalty,ils,60,600000,10,True,23,10,10725,10725
scp,,60,2,penalty,ils,60,600000,10,True,24,10,7338,7338
scp,,60,2,penalty,ils,60,600000,10,True,25,10,4866,4866
scp,,60,2,penalty,ils,60,600000,10,True,26,10,1958,1958
scp,,60,2,penalty,ils,60,600000,10,True,27,10,1347,1347
scp,,60,2,penalty,ils,60,600000,10,True,28,10,8745,8745
scp,,60,2,penalty,ils,60,600000,10,True,29,10,5423,5423
scp,,60,2,penalty,ils,60,600000,10,True,30,10,14862,14862
scp,,60,2,penalty,mga,60,600000,10,True,0,10,463831,463831
scp,,60,2,penalty,mga,60,600000,10,True,1,10,354749,354749
scp,,60,2,penalty,mga,60,600000,10,True,2,11,,600000
scp,,60,2,penalty,mga,60,600000,10,True,3,10,84671,84671
scp,,60,2,penalty,mga,60,600000,10,True,4,11,,600000
scp,,60,2,penalty,mga,60,600000,10,True,5,11,,600000
scp,,60,2,penalty,mga,60,600000,10,True,6,10,392462,392462
scp,,60,2,penalty,mga,60,600000,10,True,7,10,150159,150159
scp,,60,2,penalty,mga,60,600000,10,True,8,11,,600000
scp,,60,2,penalty,mga,60,600000,10,True,9,10,276538,276538
scp,,60,2,penalty,mga,60,600000,10,True,10,11,,600000
scp,,60,2,penalty,mga,60,600000,10,True,11,10,412510,412510
scp,,60,2,penalty,mga,60,600000,10,True,12,11,,600000
scp,,60,2,penalty,mga,60,600000,10,True,13,10,217033,217033
scp,,60,2,penalty,mga,60,600000,10,True,14,10,241526,241526
scp,,60,2,penalty,mga,60,600000,10,True,15,10,400584,400584
scp,,60,2,penalty,mga,60,600000,10,True,16,11,,600000
scp,,60,2,penalty,mga,60,600000,10,True,17,12,,600000
scp,,60,2,penalty,mga,60,600000,10,True,18,10,377940,377940
scp,,60,2,penalty,mga,60,600000,10,True,19,10,244631,244631
scp,,60,2,penalty,mga,60,600000,10,True,20,10,196101,196101
scp,,60,2,penalty,mga,60,600000,10,True,21,12,,600000
scp,,60,2,penalty,mga,60,600000,10,True,22,10,234084,234084
scp,,60,2,penalty,mga,60,600000,10,True,23,10,486683,486683
scp,,60,2,penalty,mga,60,600000,10,True,24,10,335453,335453
scp,,60,2,penalty,mga,60,600000,10,True,25,10,259337,259337
scp,,60,2,penalty,mga,60,600000,10,True,26,11,,600000
scp,,60,2,penalty,mga,60,600000,10,True,27,11,,600000
scp,,60,2,penalty,mga,60,600000,10,True,28,11,,600000
scp,,60,2,penalty,mga,60,600000,10,True,29,12,,600000
scp,,60,2,penalty,mga,60,600000,10,True,30,10,570529,570529
scp,,60,2,repair,floor,60,600000,10,True,0,10,241,241
scp,,60,2,repair,floor,60,600000,10,True,1,10,242,242
scp,,60,2,repair,floor,60,600000,10,True,2,10,482,482
scp,,60,2,repair,floor,60,600000,10,True,3,10,361,361
scp,,60,2,repair,floor,60,600000,10,True,4,10,121,121
scp,,60,2,repair,floor,60,600000,10,True,5,10,121,121
scp,,60,2,repair,floor,60,600000,10,True,6,10,121,121
scp,,60,2,repair,floor,60,600000,10,True,7,10,301,301
scp,,60,2,repair,floor,60,600000,10,True,8,10,121,121
scp,,60,2,repair,floor,60,600000,10,True,9,10,181,181
scp,,60,2,repair,floor,60,600000,10,True,10,10,482,482
scp,,60,2,repair,floor,60,600000,10,True,11,10,121,121
scp,,60,2,repair,floor,60,600000,10,True,12,10,542,542
scp,,60,2,repair,floor,60,600000,10,True,13,10,543,543
scp,,60,2,repair,floor,60,600000,10,True,14,10,301,301
scp,,60,2,repair,floor,60,600000,10,True,15,10,181,181
scp,,60,2,repair,floor,60,600000,10,True,16,10,121,121
scp,,60,2,repair,floor,60,600000,10,True,17,10,181,181
scp,,60,2,repair,floor,60,600000,10,True,18,10,241,241
scp,,60,2,repair,floor,60,600000,10,True,19,10,241,241
scp,,60,2,repair,floor,60,600000,10,True,20,10,301,301
scp,,60,2,repair,floor,60,600000,10,True,21,10,602,602
scp,,60,2,repair,floor,60,600000,10,True,22,10,241,241
scp,,60,2,repair,floor,60,600000,10,True,23,10,241,241
scp,,60,2,repair,floor,60,600000,10,True,24,10,301,301
scp,,60,2,repair,floor,60,600000,10,True,25,10,241,241
scp,,60,2,repair,floor,60,600000,10,True,26,10,602,602
scp,,60,2,repair,floor,60,600000,10,True,27,10,241,241
scp,,60,2,repair,floor,60,600000,10,True,28,10,302,302
scp,,60,2,repair,floor,60,600000,10,True,29,10,301,301
scp,,60,2,repair,floor,60,600000,10,True,30,10,241,241
scp,,60,2,repair,ils,60,600000,10,True,0,10,173,173
scp,,60,2,repair,ils,60,600000,10,True,1,10,104,104
scp,,60,2,repair,ils,60,600000,10,True,2,10,162,162
scp,,60,2,repair,ils,60,600000,10,True,3,10,342,342
scp,,60,2,repair,ils,60,600000,10,True,4,10,184,184
scp,,60,2,repair,ils,60,600000,10,True,5,10,181,181
scp,,60,2,repair,ils,60,600000,10,True,6,10,257,257
scp,,60,2,repair,ils,60,600000,10,True,7,10,110,110
scp,,60,2,repair,ils,60,600000,10,True,8,10,266,266
scp,,60,2,repair,ils,60,600000,10,True,9,10,185,185
scp,,60,2,repair,ils,60,600000,10,True,10,10,198,198
scp,,60,2,repair,ils,60,600000,10,True,11,10,216,216
scp,,60,2,repair,ils,60,600000,10,True,12,10,237,237
scp,,60,2,repair,ils,60,600000,10,True,13,10,1140,1140
scp,,60,2,repair,ils,60,600000,10,True,14,10,137,137
scp,,60,2,repair,ils,60,600000,10,True,15,10,179,179
scp,,60,2,repair,ils,60,600000,10,True,16,10,239,239
scp,,60,2,repair,ils,60,600000,10,True,17,10,183,183
scp,,60,2,repair,ils,60,600000,10,True,18,10,300,300
scp,,60,2,repair,ils,60,600000,10,True,19,10,105,105
scp,,60,2,repair,ils,60,600000,10,True,20,10,194,194
scp,,60,2,repair,ils,60,600000,10,True,21,10,178,178
scp,,60,2,repair,ils,60,600000,10,True,22,10,218,218
scp,,60,2,repair,ils,60,600000,10,True,23,10,262,262
scp,,60,2,repair,ils,60,600000,10,True,24,10,190,190
scp,,60,2,repair,ils,60,600000,10,True,25,10,140,140
scp,,60,2,repair,ils,60,600000,10,True,26,10,205,205
scp,,60,2,repair,ils,60,600000,10,True,27,10,183,183
scp,,60,2,repair,ils,60,600000,10,True,28,10,113,113
scp,,60,2,repair,ils,60,600000,10,True,29,10,859,859
scp,,60,2,repair,ils,60,600000,10,True,30,10,195,195
scp,,60,2,repair,mga,60,600000,10,True,0,10,151,151
scp,,60,2,repair,mga,60,600000,10,True,1,10,120,120
scp,,60,2,repair,mga,60,600000,10,True,2,10,120,120
scp,,60,2,repair,mga,60,600000,10,True,3,10,153,153
scp,,60,2,repair,mga,60,600000,10,True,4,10,390,390
scp,,60,2,repair,mga,60,600000,10,True,5,10,143,143
scp,,60,2,repair,mga,60,600000,10,True,6,10,178,178
scp,,60,2,repair,mga,60,600000,10,True,7,10,30,30
scp,,60,2,repair,mga,60,600000,10,True,8,10,30,30
scp,,60,2,repair,mga,60,600000,10,True,9,10,120,120
scp,,60,2,repair,mga,60,600000,10,True,10,10,120,120
scp,,60,2,repair,mga,60,600000,10,True,11,10,137,137
scp,,60,2,repair,mga,60,600000,10,True,12,10,120,120
scp,,60,2,repair,mga,60,600000,10,True,13,10,218,218
scp,,60,2,repair,mga,60,600000,10,True,14,10,177,177
scp,,60,2,repair,mga,60,600000,10,True,15,10,166,166
scp,,60,2,repair,mga,60,600000,10,True,16,10,153,153
scp,,60,2,repair,mga,60,600000,10,True,17,10,137,137
scp,,60,2,repair,mga,60,600000,10,True,18,10,30,30
scp,,60,2,repair,mga,60,600000,10,True,19,10,164,164
scp,,60,2,repair,mga,60,600000,10,True,20,10,177,177
scp,,60,2,repair,mga,60,600000,10,True,21,10,138,138
scp,,60,2,repair,mga,60,600000,10,True,22,10,130,130
scp,,60,2,repair,mga,60,600000,10,True,23,10,161,161
scp,,60,2,repair,mga,60,600000,10,True,24,10,174,174
scp,,60,2,repair,mga,60,600000,10,True,25,10,166,166
scp,,60,2,repair,mga,60,600000,10,True,26,10,30,30
scp,,60,2,repair,mga,60,600000,10,True,27,10,120,120
scp,,60,2,repair,mga,60,600000,10,True,28,10,177,177
scp,,60,2,repair,mga,60,600000,10,True,29,10,120,120
scp,,60,2,repair,mga,60,600000,10,True,30,10,130,130
scp,,90,0,penalty,floor,90,900000,15,True,0,15,97319,97319
scp,,90,0,penalty,floor,90,900000,15,True,1,15,423040,423040
scp,,90,0,penalty,floor,90,900000,15,True,2,15,88947,88947
scp,,90,0,penalty,floor,90,900000,15,True,3,15,677181,677181
scp,,90,0,penalty,floor,90,900000,15,True,4,15,255946,255946
scp,,90,0,penalty,floor,90,900000,15,True,5,16,,900000
scp,,90,0,penalty,floor,90,900000,15,True,6,16,,900000
scp,,90,0,penalty,floor,90,900000,15,True,7,16,,900000
scp,,90,0,penalty,floor,90,900000,15,True,8,15,495149,495149
scp,,90,0,penalty,floor,90,900000,15,True,9,15,395581,395581
scp,,90,0,penalty,floor,90,900000,15,True,10,15,396117,396117
scp,,90,0,penalty,floor,90,900000,15,True,11,15,7292,7292
scp,,90,0,penalty,floor,90,900000,15,True,12,15,323377,323377
scp,,90,0,penalty,floor,90,900000,15,True,13,16,,900000
scp,,90,0,penalty,floor,90,900000,15,True,14,15,51405,51405
scp,,90,0,penalty,floor,90,900000,15,True,15,15,269271,269271
scp,,90,0,penalty,floor,90,900000,15,True,16,15,370014,370014
scp,,90,0,penalty,floor,90,900000,15,True,17,15,622178,622178
scp,,90,0,penalty,floor,90,900000,15,True,18,15,104881,104881
scp,,90,0,penalty,floor,90,900000,15,True,19,15,406562,406562
scp,,90,0,penalty,floor,90,900000,15,True,20,15,61129,61129
scp,,90,0,penalty,floor,90,900000,15,True,21,16,,900000
scp,,90,0,penalty,floor,90,900000,15,True,22,16,,900000
scp,,90,0,penalty,floor,90,900000,15,True,23,15,479490,479490
scp,,90,0,penalty,floor,90,900000,15,True,24,16,,900000
scp,,90,0,penalty,floor,90,900000,15,True,25,15,672057,672057
scp,,90,0,penalty,floor,90,900000,15,True,26,15,410794,410794
scp,,90,0,penalty,floor,90,900000,15,True,27,15,655576,655576
scp,,90,0,penalty,floor,90,900000,15,True,28,16,,900000
scp,,90,0,penalty,floor,90,900000,15,True,29,16,,900000
scp,,90,0,penalty,floor,90,900000,15,True,30,16,,900000
scp,,90,0,penalty,ils,90,900000,15,True,0,15,26636,26636
scp,,90,0,penalty,ils,90,900000,15,True,1,15,43358,43358
scp,,90,0,penalty,ils,90,900000,15,True,2,15,9254,9254
scp,,90,0,penalty,ils,90,900000,15,True,3,15,10672,10672
scp,,90,0,penalty,ils,90,900000,15,True,4,15,10683,10683
scp,,90,0,penalty,ils,90,900000,15,True,5,15,19086,19086
scp,,90,0,penalty,ils,90,900000,15,True,6,15,19924,19924
scp,,90,0,penalty,ils,90,900000,15,True,7,15,46245,46245
scp,,90,0,penalty,ils,90,900000,15,True,8,15,9705,9705
scp,,90,0,penalty,ils,90,900000,15,True,9,15,24592,24592
scp,,90,0,penalty,ils,90,900000,15,True,10,15,42226,42226
scp,,90,0,penalty,ils,90,900000,15,True,11,15,1769,1769
scp,,90,0,penalty,ils,90,900000,15,True,12,15,14778,14778
scp,,90,0,penalty,ils,90,900000,15,True,13,15,14987,14987
scp,,90,0,penalty,ils,90,900000,15,True,14,15,10631,10631
scp,,90,0,penalty,ils,90,900000,15,True,15,15,10479,10479
scp,,90,0,penalty,ils,90,900000,15,True,16,15,9554,9554
scp,,90,0,penalty,ils,90,900000,15,True,17,15,7069,7069
scp,,90,0,penalty,ils,90,900000,15,True,18,15,10237,10237
scp,,90,0,penalty,ils,90,900000,15,True,19,15,20238,20238
scp,,90,0,penalty,ils,90,900000,15,True,20,15,16754,16754
scp,,90,0,penalty,ils,90,900000,15,True,21,15,21628,21628
scp,,90,0,penalty,ils,90,900000,15,True,22,15,16811,16811
scp,,90,0,penalty,ils,90,900000,15,True,23,15,12953,12953
scp,,90,0,penalty,ils,90,900000,15,True,24,15,18323,18323
scp,,90,0,penalty,ils,90,900000,15,True,25,15,15690,15690
scp,,90,0,penalty,ils,90,900000,15,True,26,15,8537,8537
scp,,90,0,penalty,ils,90,900000,15,True,27,15,6764,6764
scp,,90,0,penalty,ils,90,900000,15,True,28,15,12891,12891
scp,,90,0,penalty,ils,90,900000,15,True,29,15,24062,24062
scp,,90,0,penalty,ils,90,900000,15,True,30,15,20687,20687
scp,,90,0,penalty,mga,90,900000,15,True,0,17,,900000
scp,,90,0,penalty,mga,90,900000,15,True,1,17,,900000
scp,,90,0,penalty,mga,90,900000,15,True,2,17,,900000
scp,,90,0,penalty,mga,90,900000,15,True,3,16,,900000
scp,,90,0,penalty,mga,90,900000,15,True,4,17,,900000
scp,,90,0,penalty,mga,90,900000,15,True,5,18,,900000
scp,,90,0,penalty,mga,90,900000,15,True,6,16,,900000
scp,,90,0,penalty,mga,90,900000,15,True,7,15,768412,768412
scp,,90,0,penalty,mga,90,900000,15,True,8,16,,900000
scp,,90,0,penalty,mga,90,900000,15,True,9,18,,900000
scp,,90,0,penalty,mga,90,900000,15,True,10,17,,900000
scp,,90,0,penalty,mga,90,900000,15,True,11,17,,900000
scp,,90,0,penalty,mga,90,900000,15,True,12,18,,900000
scp,,90,0,penalty,mga,90,900000,15,True,13,15,572612,572612
scp,,90,0,penalty,mga,90,900000,15,True,14,16,,900000
scp,,90,0,penalty,mga,90,900000,15,True,15,17,,900000
scp,,90,0,penalty,mga,90,900000,15,True,16,18,,900000
scp,,90,0,penalty,mga,90,900000,15,True,17,16,,900000
scp,,90,0,penalty,mga,90,900000,15,True,18,17,,900000
scp,,90,0,penalty,mga,90,900000,15,True,19,16,,900000
scp,,90,0,penalty,mga,90,900000,15,True,20,16,,900000
scp,,90,0,penalty,mga,90,900000,15,True,21,16,,900000
scp,,90,0,penalty,mga,90,900000,15,True,22,18,,900000
scp,,90,0,penalty,mga,90,900000,15,True,23,17,,900000
scp,,90,0,penalty,mga,90,900000,15,True,24,18,,900000
scp,,90,0,penalty,mga,90,900000,15,True,25,18,,900000
scp,,90,0,penalty,mga,90,900000,15,True,26,15,665348,665348
scp,,90,0,penalty,mga,90,900000,15,True,27,16,,900000
scp,,90,0,penalty,mga,90,900000,15,True,28,17,,900000
scp,,90,0,penalty,mga,90,900000,15,True,29,16,,900000
scp,,90,0,penalty,mga,90,900000,15,True,30,17,,900000
scp,,90,0,repair,floor,90,900000,15,True,0,15,271,271
scp,,90,0,repair,floor,90,900000,15,True,1,15,451,451
scp,,90,0,repair,floor,90,900000,15,True,2,15,631,631
scp,,90,0,repair,floor,90,900000,15,True,3,15,451,451
scp,,90,0,repair,floor,90,900000,15,True,4,15,541,541
scp,,90,0,repair,floor,90,900000,15,True,5,15,271,271
scp,,90,0,repair,floor,90,900000,15,True,6,15,361,361
scp,,90,0,repair,floor,90,900000,15,True,7,15,181,181
scp,,90,0,repair,floor,90,900000,15,True,8,15,541,541
scp,,90,0,repair,floor,90,900000,15,True,9,15,271,271
scp,,90,0,repair,floor,90,900000,15,True,10,15,271,271
scp,,90,0,repair,floor,90,900000,15,True,11,15,271,271
scp,,90,0,repair,floor,90,900000,15,True,12,15,902,902
scp,,90,0,repair,floor,90,900000,15,True,13,15,631,631
scp,,90,0,repair,floor,90,900000,15,True,14,15,451,451
scp,,90,0,repair,floor,90,900000,15,True,15,15,271,271
scp,,90,0,repair,floor,90,900000,15,True,16,15,631,631
scp,,90,0,repair,floor,90,900000,15,True,17,15,541,541
scp,,90,0,repair,floor,90,900000,15,True,18,15,451,451
scp,,90,0,repair,floor,90,900000,15,True,19,15,631,631
scp,,90,0,repair,floor,90,900000,15,True,20,15,361,361
scp,,90,0,repair,floor,90,900000,15,True,21,15,631,631
scp,,90,0,repair,floor,90,900000,15,True,22,15,631,631
scp,,90,0,repair,floor,90,900000,15,True,23,15,361,361
scp,,90,0,repair,floor,90,900000,15,True,24,15,361,361
scp,,90,0,repair,floor,90,900000,15,True,25,15,91,91
scp,,90,0,repair,floor,90,900000,15,True,26,15,181,181
scp,,90,0,repair,floor,90,900000,15,True,27,15,451,451
scp,,90,0,repair,floor,90,900000,15,True,28,15,361,361
scp,,90,0,repair,floor,90,900000,15,True,29,15,451,451
scp,,90,0,repair,floor,90,900000,15,True,30,15,91,91
scp,,90,0,repair,ils,90,900000,15,True,0,15,261,261
scp,,90,0,repair,ils,90,900000,15,True,1,15,259,259
scp,,90,0,repair,ils,90,900000,15,True,2,15,289,289
scp,,90,0,repair,ils,90,900000,15,True,3,15,331,331
scp,,90,0,repair,ils,90,900000,15,True,4,15,239,239
scp,,90,0,repair,ils,90,900000,15,True,5,15,295,295
scp,,90,0,repair,ils,90,900000,15,True,6,15,335,335
scp,,90,0,repair,ils,90,900000,15,True,7,15,332,332
scp,,90,0,repair,ils,90,900000,15,True,8,15,1043,1043
scp,,90,0,repair,ils,90,900000,15,True,9,15,243,243
scp,,90,0,repair,ils,90,900000,15,True,10,15,387,387
scp,,90,0,repair,ils,90,900000,15,True,11,15,91,91
scp,,90,0,repair,ils,90,900000,15,True,12,15,262,262
scp,,90,0,repair,ils,90,900000,15,True,13,15,240,240
scp,,90,0,repair,ils,90,900000,15,True,14,15,333,333
scp,,90,0,repair,ils,90,900000,15,True,15,15,258,258
scp,,90,0,repair,ils,90,900000,15,True,16,15,445,445
scp,,90,0,repair,ils,90,900000,15,True,17,15,275,275
scp,,90,0,repair,ils,90,900000,15,True,18,15,245,245
scp,,90,0,repair,ils,90,900000,15,True,19,15,298,298
scp,,90,0,repair,ils,90,900000,15,True,20,15,175,175
scp,,90,0,repair,ils,90,900000,15,True,21,15,267,267
scp,,90,0,repair,ils,90,900000,15,True,22,15,203,203
scp,,90,0,repair,ils,90,900000,15,True,23,15,1400,1400
scp,,90,0,repair,ils,90,900000,15,True,24,15,369,369
scp,,90,0,repair,ils,90,900000,15,True,25,15,306,306
scp,,90,0,repair,ils,90,900000,15,True,26,15,195,195
scp,,90,0,repair,ils,90,900000,15,True,27,15,224,224
scp,,90,0,repair,ils,90,900000,15,True,28,15,477,477
scp,,90,0,repair,ils,90,900000,15,True,29,15,329,329
scp,,90,0,repair,ils,90,900000,15,True,30,15,297,297
scp,,90,0,repair,mga,90,900000,15,True,0,15,30,30
scp,,90,0,repair,mga,90,900000,15,True,1,15,218,218
scp,,90,0,repair,mga,90,900000,15,True,2,15,30,30
scp,,90,0,repair,mga,90,900000,15,True,3,15,150,150
scp,,90,0,repair,mga,90,900000,15,True,4,15,186,186
scp,,90,0,repair,mga,90,900000,15,True,5,15,150,150
scp,,90,0,repair,mga,90,900000,15,True,6,15,229,229
scp,,90,0,repair,mga,90,900000,15,True,7,15,150,150
scp,,90,0,repair,mga,90,900000,15,True,8,15,251,251
scp,,90,0,repair,mga,90,900000,15,True,9,15,218,218
scp,,90,0,repair,mga,90,900000,15,True,10,15,203,203
scp,,90,0,repair,mga,90,900000,15,True,11,15,30,30
scp,,90,0,repair,mga,90,900000,15,True,12,15,150,150
scp,,90,0,repair,mga,90,900000,15,True,13,15,189,189
scp,,90,0,repair,mga,90,900000,15,True,14,15,30,30
scp,,90,0,repair,mga,90,900000,15,True,15,15,218,218
scp,,90,0,repair,mga,90,900000,15,True,16,15,229,229
scp,,90,0,repair,mga,90,900000,15,True,17,15,150,150
scp,,90,0,repair,mga,90,900000,15,True,18,15,30,30
scp,,90,0,repair,mga,90,900000,15,True,19,15,218,218
scp,,90,0,repair,mga,90,900000,15,True,20,15,30,30
scp,,90,0,repair,mga,90,900000,15,True,21,15,217,217
scp,,90,0,repair,mga,90,900000,15,True,22,15,172,172
scp,,90,0,repair,mga,90,900000,15,True,23,15,150,150
scp,,90,0,repair,mga,90,900000,15,True,24,15,234,234
scp,,90,0,repair,mga,90,900000,15,True,25,15,209,209
scp,,90,0,repair,mga,90,900000,15,True,26,15,218,218
scp,,90,0,repair,mga,90,900000,15,True,27,15,160,160
scp,,90,0,repair,mga,90,900000,15,True,28,15,199,199
scp,,90,0,repair,mga,90,900000,15,True,29,15,170,170
scp,,90,0,repair,mga,90,900000,15,True,30,15,150,150
scp,,90,1,penalty,floor,90,900000,15,True,0,17,,900000
scp,,90,1,penalty,floor,90,900000,15,True,1,16,,900000
scp,,90,1,penalty,floor,90,900000,15,True,2,17,,900000
scp,,90,1,penalty,floor,90,900000,15,True,3,15,467698,467698
scp,,90,1,penalty,floor,90,900000,15,True,4,15,67522,67522
scp,,90,1,penalty,floor,90,900000,15,True,5,16,,900000
scp,,90,1,penalty,floor,90,900000,15,True,6,16,,900000
scp,,90,1,penalty,floor,90,900000,15,True,7,16,,900000
scp,,90,1,penalty,floor,90,900000,15,True,8,15,94441,94441
scp,,90,1,penalty,floor,90,900000,15,True,9,16,,900000
scp,,90,1,penalty,floor,90,900000,15,True,10,16,,900000
scp,,90,1,penalty,floor,90,900000,15,True,11,16,,900000
scp,,90,1,penalty,floor,90,900000,15,True,12,16,,900000
scp,,90,1,penalty,floor,90,900000,15,True,13,15,370739,370739
scp,,90,1,penalty,floor,90,900000,15,True,14,16,,900000
scp,,90,1,penalty,floor,90,900000,15,True,15,15,407920,407920
scp,,90,1,penalty,floor,90,900000,15,True,16,16,,900000
scp,,90,1,penalty,floor,90,900000,15,True,17,15,392079,392079
scp,,90,1,penalty,floor,90,900000,15,True,18,16,,900000
scp,,90,1,penalty,floor,90,900000,15,True,19,16,,900000
scp,,90,1,penalty,floor,90,900000,15,True,20,15,231736,231736
scp,,90,1,penalty,floor,90,900000,15,True,21,16,,900000
scp,,90,1,penalty,floor,90,900000,15,True,22,15,890567,890567
scp,,90,1,penalty,floor,90,900000,15,True,23,15,599506,599506
scp,,90,1,penalty,floor,90,900000,15,True,24,15,153949,153949
scp,,90,1,penalty,floor,90,900000,15,True,25,16,,900000
scp,,90,1,penalty,floor,90,900000,15,True,26,16,,900000
scp,,90,1,penalty,floor,90,900000,15,True,27,16,,900000
scp,,90,1,penalty,floor,90,900000,15,True,28,16,,900000
scp,,90,1,penalty,floor,90,900000,15,True,29,16,,900000
scp,,90,1,penalty,floor,90,900000,15,True,30,16,,900000
scp,,90,1,penalty,ils,90,900000,15,True,0,15,22646,22646
scp,,90,1,penalty,ils,90,900000,15,True,1,15,30922,30922
scp,,90,1,penalty,ils,90,900000,15,True,2,15,20230,20230
scp,,90,1,penalty,ils,90,900000,15,True,3,15,9895,9895
scp,,90,1,penalty,ils,90,900000,15,True,4,15,12863,12863
scp,,90,1,penalty,ils,90,900000,15,True,5,15,17727,17727
scp,,90,1,penalty,ils,90,900000,15,True,6,15,16691,16691
scp,,90,1,penalty,ils,90,900000,15,True,7,15,21831,21831
scp,,90,1,penalty,ils,90,900000,15,True,8,15,11022,11022
scp,,90,1,penalty,ils,90,900000,15,True,9,15,22770,22770
scp,,90,1,penalty,ils,90,900000,15,True,10,15,11135,11135
scp,,90,1,penalty,ils,90,900000,15,True,11,15,10740,10740
scp,,90,1,penalty,ils,90,900000,15,True,12,15,15008,15008
scp,,90,1,penalty,ils,90,900000,15,True,13,15,32310,32310
scp,,90,1,penalty,ils,90,900000,15,True,14,15,9592,9592
scp,,90,1,penalty,ils,90,900000,15,True,15,15,14599,14599
scp,,90,1,penalty,ils,90,900000,15,True,16,15,12069,12069
scp,,90,1,penalty,ils,90,900000,15,True,17,15,26961,26961
scp,,90,1,penalty,ils,90,900000,15,True,18,15,62774,62774
scp,,90,1,penalty,ils,90,900000,15,True,19,15,16677,16677
scp,,90,1,penalty,ils,90,900000,15,True,20,15,11872,11872
scp,,90,1,penalty,ils,90,900000,15,True,21,15,31812,31812
scp,,90,1,penalty,ils,90,900000,15,True,22,15,14398,14398
scp,,90,1,penalty,ils,90,900000,15,True,23,15,16576,16576
scp,,90,1,penalty,ils,90,900000,15,True,24,15,22798,22798
scp,,90,1,penalty,ils,90,900000,15,True,25,15,13374,13374
scp,,90,1,penalty,ils,90,900000,15,True,26,15,41092,41092
scp,,90,1,penalty,ils,90,900000,15,True,27,15,8533,8533
scp,,90,1,penalty,ils,90,900000,15,True,28,15,24815,24815
scp,,90,1,penalty,ils,90,900000,15,True,29,15,6344,6344
scp,,90,1,penalty,ils,90,900000,15,True,30,15,19666,19666
scp,,90,1,penalty,mga,90,900000,15,True,0,18,,900000
scp,,90,1,penalty,mga,90,900000,15,True,1,17,,900000
scp,,90,1,penalty,mga,90,900000,15,True,2,15,568759,568759
scp,,90,1,penalty,mga,90,900000,15,True,3,15,871493,871493
scp,,90,1,penalty,mga,90,900000,15,True,4,17,,900000
scp,,90,1,penalty,mga,90,900000,15,True,5,18,,900000
scp,,90,1,penalty,mga,90,900000,15,True,6,18,,900000
scp,,90,1,penalty,mga,90,900000,15,True,7,18,,900000
scp,,90,1,penalty,mga,90,900000,15,True,8,15,43261,43261
scp,,90,1,penalty,mga,90,900000,15,True,9,18,,900000
scp,,90,1,penalty,mga,90,900000,15,True,10,17,,900000
scp,,90,1,penalty,mga,90,900000,15,True,11,19,,900000
scp,,90,1,penalty,mga,90,900000,15,True,12,16,,900000
scp,,90,1,penalty,mga,90,900000,15,True,13,18,,900000
scp,,90,1,penalty,mga,90,900000,15,True,14,19,,900000
scp,,90,1,penalty,mga,90,900000,15,True,15,18,,900000
scp,,90,1,penalty,mga,90,900000,15,True,16,17,,900000
scp,,90,1,penalty,mga,90,900000,15,True,17,16,,900000
scp,,90,1,penalty,mga,90,900000,15,True,18,17,,900000
scp,,90,1,penalty,mga,90,900000,15,True,19,18,,900000
scp,,90,1,penalty,mga,90,900000,15,True,20,19,,900000
scp,,90,1,penalty,mga,90,900000,15,True,21,18,,900000
scp,,90,1,penalty,mga,90,900000,15,True,22,17,,900000
scp,,90,1,penalty,mga,90,900000,15,True,23,16,,900000
scp,,90,1,penalty,mga,90,900000,15,True,24,17,,900000
scp,,90,1,penalty,mga,90,900000,15,True,25,19,,900000
scp,,90,1,penalty,mga,90,900000,15,True,26,23,,900000
scp,,90,1,penalty,mga,90,900000,15,True,27,15,755651,755651
scp,,90,1,penalty,mga,90,900000,15,True,28,18,,900000
scp,,90,1,penalty,mga,90,900000,15,True,29,19,,900000
scp,,90,1,penalty,mga,90,900000,15,True,30,18,,900000
scp,,90,1,repair,floor,90,900000,15,True,0,15,181,181
scp,,90,1,repair,floor,90,900000,15,True,1,15,451,451
scp,,90,1,repair,floor,90,900000,15,True,2,15,451,451
scp,,90,1,repair,floor,90,900000,15,True,3,15,631,631
scp,,90,1,repair,floor,90,900000,15,True,4,15,631,631
scp,,90,1,repair,floor,90,900000,15,True,5,15,271,271
scp,,90,1,repair,floor,90,900000,15,True,6,15,181,181
scp,,90,1,repair,floor,90,900000,15,True,7,15,541,541
scp,,90,1,repair,floor,90,900000,15,True,8,15,541,541
scp,,90,1,repair,floor,90,900000,15,True,9,15,541,541
scp,,90,1,repair,floor,90,900000,15,True,10,15,451,451
scp,,90,1,repair,floor,90,900000,15,True,11,15,271,271
scp,,90,1,repair,floor,90,900000,15,True,12,15,181,181
scp,,90,1,repair,floor,90,900000,15,True,13,15,271,271
scp,,90,1,repair,floor,90,900000,15,True,14,15,631,631
scp,,90,1,repair,floor,90,900000,15,True,15,15,541,541
scp,,90,1,repair,floor,90,900000,15,True,16,15,631,631
scp,,90,1,repair,floor,90,900000,15,True,17,15,631,631
scp,,90,1,repair,floor,90,900000,15,True,18,15,451,451
scp,,90,1,repair,floor,90,900000,15,True,19,15,631,631
scp,,90,1,repair,floor,90,900000,15,True,20,15,541,541
scp,,90,1,repair,floor,90,900000,15,True,21,15,271,271
scp,,90,1,repair,floor,90,900000,15,True,22,15,541,541
scp,,90,1,repair,floor,90,900000,15,True,23,15,541,541
scp,,90,1,repair,floor,90,900000,15,True,24,15,451,451
scp,,90,1,repair,floor,90,900000,15,True,25,15,631,631
scp,,90,1,repair,floor,90,900000,15,True,26,15,451,451
scp,,90,1,repair,floor,90,900000,15,True,27,15,721,721
scp,,90,1,repair,floor,90,900000,15,True,28,15,361,361
scp,,90,1,repair,floor,90,900000,15,True,29,15,631,631
scp,,90,1,repair,floor,90,900000,15,True,30,15,631,631
scp,,90,1,repair,ils,90,900000,15,True,0,15,389,389
scp,,90,1,repair,ils,90,900000,15,True,1,15,520,520
scp,,90,1,repair,ils,90,900000,15,True,2,15,449,449
scp,,90,1,repair,ils,90,900000,15,True,3,15,243,243
scp,,90,1,repair,ils,90,900000,15,True,4,15,308,308
scp,,90,1,repair,ils,90,900000,15,True,5,15,309,309
scp,,90,1,repair,ils,90,900000,15,True,6,15,363,363
scp,,90,1,repair,ils,90,900000,15,True,7,15,562,562
scp,,90,1,repair,ils,90,900000,15,True,8,15,316,316
scp,,90,1,repair,ils,90,900000,15,True,9,15,300,300
scp,,90,1,repair,ils,90,900000,15,True,10,15,476,476
scp,,90,1,repair,ils,90,900000,15,True,11,15,356,356
scp,,90,1,repair,ils,90,900000,15,True,12,15,531,531
scp,,90,1,repair,ils,90,900000,15,True,13,15,330,330
scp,,90,1,repair,ils,90,900000,15,True,14,15,300,300
scp,,90,1,repair,ils,90,900000,15,True,15,15,287,287
scp,,90,1,repair,ils,90,900000,15,True,16,15,469,469
scp,,90,1,repair,ils,90,900000,15,True,17,15,426,426
scp,,90,1,repair,ils,90,900000,15,True,18,15,256,256
scp,,90,1,repair,ils,90,900000,15,True,19,15,519,519
scp,,90,1,repair,ils,90,900000,15,True,20,15,393,393
scp,,90,1,repair,ils,90,900000,15,True,21,15,389,389
scp,,90,1,repair,ils,90,900000,15,True,22,15,194,194
scp,,90,1,repair,ils,90,900000,15,True,23,15,497,497
scp,,90,1,repair,ils,90,900000,15,True,24,15,446,446
scp,,90,1,repair,ils,90,900000,15,True,25,15,498,498
scp,,90,1,repair,ils,90,900000,15,True,26,15,481,481
scp,,90,1,repair,ils,90,900000,15,True,27,15,366,366
scp,,90,1,repair,ils,90,900000,15,True,28,15,309,309
scp,,90,1,repair,ils,90,900000,15,True,29,15,332,332
scp,,90,1,repair,ils,90,900000,15,True,30,15,425,425
scp,,90,1,repair,mga,90,900000,15,True,0,15,313,313
scp,,90,1,repair,mga,90,900000,15,True,1,15,192,192
scp,,90,1,repair,mga,90,900000,15,True,2,15,150,150
scp,,90,1,repair,mga,90,900000,15,True,3,15,184,184
scp,,90,1,repair,mga,90,900000,15,True,4,15,30,30
scp,,90,1,repair,mga,90,900000,15,True,5,15,231,231
scp,,90,1,repair,mga,90,900000,15,True,6,15,231,231
scp,,90,1,repair,mga,90,900000,15,True,7,15,228,228
scp,,90,1,repair,mga,90,900000,15,True,8,15,30,30
scp,,90,1,repair,mga,90,900000,15,True,9,15,243,243
scp,,90,1,repair,mga,90,900000,15,True,10,15,183,183
scp,,90,1,repair,mga,90,900000,15,True,11,15,234,234
scp,,90,1,repair,mga,90,900000,15,True,12,15,379,379
scp,,90,1,repair,mga,90,900000,15,True,13,15,195,195
scp,,90,1,repair,mga,90,900000,15,True,14,15,150,150
scp,,90,1,repair,mga,90,900000,15,True,15,15,276,276
scp,,90,1,repair,mga,90,900000,15,True,16,15,314,314
scp,,90,1,repair,mga,90,900000,15,True,17,15,312,312
scp,,90,1,repair,mga,90,900000,15,True,18,15,231,231
scp,,90,1,repair,mga,90,900000,15,True,19,15,150,150
scp,,90,1,repair,mga,90,900000,15,True,20,15,214,214
scp,,90,1,repair,mga,90,900000,15,True,21,15,305,305
scp,,90,1,repair,mga,90,900000,15,True,22,15,231,231
scp,,90,1,repair,mga,90,900000,15,True,23,15,232,232
scp,,90,1,repair,mga,90,900000,15,True,24,15,277,277
scp,,90,1,repair,mga,90,900000,15,True,25,15,233,233
scp,,90,1,repair,mga,90,900000,15,True,26,15,212,212
scp,,90,1,repair,mga,90,900000,15,True,27,15,231,231
scp,,90,1,repair,mga,90,900000,15,True,28,15,150,150
scp,,90,1,repair,mga,90,900000,15,True,29,15,233,233
scp,,90,1,repair,mga,90,900000,15,True,30,15,352,352
scp,,90,2,penalty,floor,90,900000,15,True,0,16,,900000
scp,,90,2,penalty,floor,90,900000,15,True,1,17,,900000
scp,,90,2,penalty,floor,90,900000,15,True,2,17,,900000
scp,,90,2,penalty,floor,90,900000,15,True,3,17,,900000
scp,,90,2,penalty,floor,90,900000,15,True,4,17,,900000
scp,,90,2,penalty,floor,90,900000,15,True,5,16,,900000
scp,,90,2,penalty,floor,90,900000,15,True,6,17,,900000
scp,,90,2,penalty,floor,90,900000,15,True,7,17,,900000
scp,,90,2,penalty,floor,90,900000,15,True,8,17,,900000
scp,,90,2,penalty,floor,90,900000,15,True,9,17,,900000
scp,,90,2,penalty,floor,90,900000,15,True,10,17,,900000
scp,,90,2,penalty,floor,90,900000,15,True,11,15,324289,324289
scp,,90,2,penalty,floor,90,900000,15,True,12,17,,900000
scp,,90,2,penalty,floor,90,900000,15,True,13,16,,900000
scp,,90,2,penalty,floor,90,900000,15,True,14,16,,900000
scp,,90,2,penalty,floor,90,900000,15,True,15,17,,900000
scp,,90,2,penalty,floor,90,900000,15,True,16,17,,900000
scp,,90,2,penalty,floor,90,900000,15,True,17,16,,900000
scp,,90,2,penalty,floor,90,900000,15,True,18,16,,900000
scp,,90,2,penalty,floor,90,900000,15,True,19,16,,900000
scp,,90,2,penalty,floor,90,900000,15,True,20,16,,900000
scp,,90,2,penalty,floor,90,900000,15,True,21,17,,900000
scp,,90,2,penalty,floor,90,900000,15,True,22,16,,900000
scp,,90,2,penalty,floor,90,900000,15,True,23,16,,900000
scp,,90,2,penalty,floor,90,900000,15,True,24,17,,900000
scp,,90,2,penalty,floor,90,900000,15,True,25,16,,900000
scp,,90,2,penalty,floor,90,900000,15,True,26,16,,900000
scp,,90,2,penalty,floor,90,900000,15,True,27,17,,900000
scp,,90,2,penalty,floor,90,900000,15,True,28,17,,900000
scp,,90,2,penalty,floor,90,900000,15,True,29,17,,900000
scp,,90,2,penalty,floor,90,900000,15,True,30,16,,900000
scp,,90,2,penalty,ils,90,900000,15,True,0,15,9819,9819
scp,,90,2,penalty,ils,90,900000,15,True,1,15,25850,25850
scp,,90,2,penalty,ils,90,900000,15,True,2,15,7295,7295
scp,,90,2,penalty,ils,90,900000,15,True,3,15,14454,14454
scp,,90,2,penalty,ils,90,900000,15,True,4,15,16449,16449
scp,,90,2,penalty,ils,90,900000,15,True,5,15,16961,16961
scp,,90,2,penalty,ils,90,900000,15,True,6,15,5544,5544
scp,,90,2,penalty,ils,90,900000,15,True,7,15,23024,23024
scp,,90,2,penalty,ils,90,900000,15,True,8,15,15533,15533
scp,,90,2,penalty,ils,90,900000,15,True,9,15,14275,14275
scp,,90,2,penalty,ils,90,900000,15,True,10,15,14762,14762
scp,,90,2,penalty,ils,90,900000,15,True,11,15,11757,11757
scp,,90,2,penalty,ils,90,900000,15,True,12,15,10773,10773
scp,,90,2,penalty,ils,90,900000,15,True,13,15,28722,28722
scp,,90,2,penalty,ils,90,900000,15,True,14,15,24549,24549
scp,,90,2,penalty,ils,90,900000,15,True,15,15,13857,13857
scp,,90,2,penalty,ils,90,900000,15,True,16,15,21580,21580
scp,,90,2,penalty,ils,90,900000,15,True,17,15,21703,21703
scp,,90,2,penalty,ils,90,900000,15,True,18,15,8244,8244
scp,,90,2,penalty,ils,90,900000,15,True,19,15,19888,19888
scp,,90,2,penalty,ils,90,900000,15,True,20,15,9530,9530
scp,,90,2,penalty,ils,90,900000,15,True,21,15,14449,14449
scp,,90,2,penalty,ils,90,900000,15,True,22,15,29553,29553
scp,,90,2,penalty,ils,90,900000,15,True,23,15,39807,39807
scp,,90,2,penalty,ils,90,900000,15,True,24,15,45505,45505
scp,,90,2,penalty,ils,90,900000,15,True,25,15,7570,7570
scp,,90,2,penalty,ils,90,900000,15,True,26,15,9619,9619
scp,,90,2,penalty,ils,90,900000,15,True,27,15,20458,20458
scp,,90,2,penalty,ils,90,900000,15,True,28,15,7954,7954
scp,,90,2,penalty,ils,90,900000,15,True,29,15,19282,19282
scp,,90,2,penalty,ils,90,900000,15,True,30,15,38412,38412
scp,,90,2,penalty,mga,90,900000,15,True,0,19,,900000
scp,,90,2,penalty,mga,90,900000,15,True,1,17,,900000
scp,,90,2,penalty,mga,90,900000,15,True,2,18,,900000
scp,,90,2,penalty,mga,90,900000,15,True,3,18,,900000
scp,,90,2,penalty,mga,90,900000,15,True,4,19,,900000
scp,,90,2,penalty,mga,90,900000,15,True,5,17,,900000
scp,,90,2,penalty,mga,90,900000,15,True,6,17,,900000
scp,,90,2,penalty,mga,90,900000,15,True,7,18,,900000
scp,,90,2,penalty,mga,90,900000,15,True,8,17,,900000
scp,,90,2,penalty,mga,90,900000,15,True,9,20,,900000
scp,,90,2,penalty,mga,90,900000,15,True,10,19,,900000
scp,,90,2,penalty,mga,90,900000,15,True,11,18,,900000
scp,,90,2,penalty,mga,90,900000,15,True,12,17,,900000
scp,,90,2,penalty,mga,90,900000,15,True,13,16,,900000
scp,,90,2,penalty,mga,90,900000,15,True,14,20,,900000
scp,,90,2,penalty,mga,90,900000,15,True,15,16,,900000
scp,,90,2,penalty,mga,90,900000,15,True,16,16,,900000
scp,,90,2,penalty,mga,90,900000,15,True,17,17,,900000
scp,,90,2,penalty,mga,90,900000,15,True,18,16,,900000
scp,,90,2,penalty,mga,90,900000,15,True,19,17,,900000
scp,,90,2,penalty,mga,90,900000,15,True,20,16,,900000
scp,,90,2,penalty,mga,90,900000,15,True,21,19,,900000
scp,,90,2,penalty,mga,90,900000,15,True,22,19,,900000
scp,,90,2,penalty,mga,90,900000,15,True,23,18,,900000
scp,,90,2,penalty,mga,90,900000,15,True,24,19,,900000
scp,,90,2,penalty,mga,90,900000,15,True,25,16,,900000
scp,,90,2,penalty,mga,90,900000,15,True,26,18,,900000
scp,,90,2,penalty,mga,90,900000,15,True,27,21,,900000
scp,,90,2,penalty,mga,90,900000,15,True,28,17,,900000
scp,,90,2,penalty,mga,90,900000,15,True,29,18,,900000
scp,,90,2,penalty,mga,90,900000,15,True,30,18,,900000
scp,,90,2,repair,floor,90,900000,15,True,0,15,541,541
scp,,90,2,repair,floor,90,900000,15,True,1,15,2074,2074
scp,,90,2,repair,floor,90,900000,15,True,2,15,992,992
scp,,90,2,repair,floor,90,900000,15,True,3,15,721,721
scp,,90,2,repair,floor,90,900000,15,True,4,15,2705,2705
scp,,90,2,repair,floor,90,900000,15,True,5,15,1624,1624
scp,,90,2,repair,floor,90,900000,15,True,6,15,812,812
scp,,90,2,repair,floor,90,900000,15,True,7,15,631,631
scp,,90,2,repair,floor,90,900000,15,True,8,15,541,541
scp,,90,2,repair,floor,90,900000,15,True,9,15,1983,1983
scp,,90,2,repair,floor,90,900000,15,True,10,15,541,541
scp,,90,2,repair,floor,90,900000,15,True,11,15,451,451
scp,,90,2,repair,floor,90,900000,15,True,12,15,541,541
scp,,90,2,repair,floor,90,900000,15,True,13,15,992,992
scp,,90,2,repair,floor,90,900000,15,True,14,15,361,361
scp,,90,2,repair,floor,90,900000,15,True,15,15,1172,1172
scp,,90,2,repair,floor,90,900000,15,True,16,15,811,811
scp,,90,2,repair,floor,90,900000,15,True,17,15,901,901
scp,,90,2,repair,floor,90,900000,15,True,18,15,1082,1082
scp,,90,2,repair,floor,90,900000,15,True,19,15,451,451
scp,,90,2,repair,floor,90,900000,15,True,20,15,631,631
scp,,90,2,repair,floor,90,900000,15,True,21,15,541,541
scp,,90,2,repair,floor,90,900000,15,True,22,15,721,721
scp,,90,2,repair,floor,90,900000,15,True,23,15,721,721
scp,,90,2,repair,floor,90,900000,15,True,24,15,451,451
scp,,90,2,repair,floor,90,900000,15,True,25,15,1443,1443
scp,,90,2,repair,floor,90,900000,15,True,26,15,271,271
scp,,90,2,repair,floor,90,900000,15,True,27,15,992,992
scp,,90,2,repair,floor,90,900000,15,True,28,15,451,451
scp,,90,2,repair,floor,90,900000,15,True,29,15,1532,1532
scp,,90,2,repair,floor,90,900000,15,True,30,15,451,451
scp,,90,2,repair,ils,90,900000,15,True,0,15,3337,3337
scp,,90,2,repair,ils,90,900000,15,True,1,15,419,419
scp,,90,2,repair,ils,90,900000,15,True,2,15,282,282
scp,,90,2,repair,ils,90,900000,15,True,3,15,450,450
scp,,90,2,repair,ils,90,900000,15,True,4,15,520,520
scp,,90,2,repair,ils,90,900000,15,True,5,15,2379,2379
scp,,90,2,repair,ils,90,900000,15,True,6,15,328,328
scp,,90,2,repair,ils,90,900000,15,True,7,15,557,557
scp,,90,2,repair,ils,90,900000,15,True,8,15,316,316
scp,,90,2,repair,ils,90,900000,15,True,9,15,738,738
scp,,90,2,repair,ils,90,900000,15,True,10,15,501,501
scp,,90,2,repair,ils,90,900000,15,True,11,15,538,538
scp,,90,2,repair,ils,90,900000,15,True,12,15,581,581
scp,,90,2,repair,ils,90,900000,15,True,13,15,474,474
scp,,90,2,repair,ils,90,900000,15,True,14,15,1848,1848
scp,,90,2,repair,ils,90,900000,15,True,15,15,333,333
scp,,90,2,repair,ils,90,900000,15,True,16,15,571,571
scp,,90,2,repair,ils,90,900000,15,True,17,15,2425,2425
scp,,90,2,repair,ils,90,900000,15,True,18,15,392,392
scp,,90,2,repair,ils,90,900000,15,True,19,15,1137,1137
scp,,90,2,repair,ils,90,900000,15,True,20,15,399,399
scp,,90,2,repair,ils,90,900000,15,True,21,15,411,411
scp,,90,2,repair,ils,90,900000,15,True,22,15,544,544
scp,,90,2,repair,ils,90,900000,15,True,23,15,369,369
scp,,90,2,repair,ils,90,900000,15,True,24,15,505,505
scp,,90,2,repair,ils,90,900000,15,True,25,15,2015,2015
scp,,90,2,repair,ils,90,900000,15,True,26,15,423,423
scp,,90,2,repair,ils,90,900000,15,True,27,15,377,377
scp,,90,2,repair,ils,90,900000,15,True,28,15,552,552
scp,,90,2,repair,ils,90,900000,15,True,29,15,561,561
scp,,90,2,repair,ils,90,900000,15,True,30,15,2228,2228
scp,,90,2,repair,mga,90,900000,15,True,0,15,334,334
scp,,90,2,repair,mga,90,900000,15,True,1,15,270,270
scp,,90,2,repair,mga,90,900000,15,True,2,15,177,177
scp,,90,2,repair,mga,90,900000,15,True,3,15,259,259
scp,,90,2,repair,mga,90,900000,15,True,4,15,558,558
scp,,90,2,repair,mga,90,900000,15,True,5,15,272,272
scp,,90,2,repair,mga,90,900000,15,True,6,15,238,238
scp,,90,2,repair,mga,90,900000,15,True,7,15,215,215
scp,,90,2,repair,mga,90,900000,15,True,8,15,698,698
scp,,90,2,repair,mga,90,900000,15,True,9,15,296,296
scp,,90,2,repair,mga,90,900000,15,True,10,15,212,212
scp,,90,2,repair,mga,90,900000,15,True,11,15,247,247
scp,,90,2,repair,mga,90,900000,15,True,12,15,292,292
scp,,90,2,repair,mga,90,900000,15,True,13,15,224,224
scp,,90,2,repair,mga,90,900000,15,True,14,15,280,280
scp,,90,2,repair,mga,90,900000,15,True,15,15,702,702
scp,,90,2,repair,mga,90,900000,15,True,16,15,246,246
scp,,90,2,repair,mga,90,900000,15,True,17,15,382,382
scp,,90,2,repair,mga,90,900000,15,True,18,15,184,184
scp,,90,2,repair,mga,90,900000,15,True,19,15,151,151
scp,,90,2,repair,mga,90,900000,15,True,20,15,180,180
scp,,90,2,repair,mga,90,900000,15,True,21,15,310,310
scp,,90,2,repair,mga,90,900000,15,True,22,15,264,264
scp,,90,2,repair,mga,90,900000,15,True,23,15,1710,1710
scp,,90,2,repair,mga,90,900000,15,True,24,15,305,305
scp,,90,2,repair,mga,90,900000,15,True,25,15,633,633
scp,,90,2,repair,mga,90,900000,15,True,26,15,218,218
scp,,90,2,repair,mga,90,900000,15,True,27,15,576,576
scp,,90,2,repair,mga,90,900000,15,True,28,15,750,750
scp,,90,2,repair,mga,90,900000,15,True,29,15,293,293
scp,,90,2,repair,mga,90,900000,15,True,30,15,182,182
scp,,120,0,penalty,floor,120,1200000,20,True,0,22,,1200000
scp,,120,0,penalty,floor,120,1200000,20,True,1,21,,1200000
scp,,120,0,penalty,floor,120,1200000,20,True,2,21,,1200000
scp,,120,0,penalty,floor,120,1200000,20,True,3,23,,1200000
scp,,120,0,penalty,floor,120,1200000,20,True,4,23,,1200000
scp,,120,0,penalty,floor,120,1200000,20,True,5,23,,1200000
scp,,120,0,penalty,floor,120,1200000,20,True,6,23,,1200000
scp,,120,0,penalty,floor,120,1200000,20,True,7,23,,1200000
scp,,120,0,penalty,floor,120,1200000,20,True,8,22,,1200000
scp,,120,0,penalty,floor,120,1200000,20,True,9,23,,1200000
scp,,120,0,penalty,floor,120,1200000,20,True,10,23,,1200000
scp,,120,0,penalty,floor,120,1200000,20,True,11,23,,1200000
scp,,120,0,penalty,floor,120,1200000,20,True,12,23,,1200000
scp,,120,0,penalty,floor,120,1200000,20,True,13,22,,1200000
scp,,120,0,penalty,floor,120,1200000,20,True,14,23,,1200000
scp,,120,0,penalty,floor,120,1200000,20,True,15,24,,1200000
scp,,120,0,penalty,floor,120,1200000,20,True,16,23,,1200000
scp,,120,0,penalty,floor,120,1200000,20,True,17,24,,1200000
scp,,120,0,penalty,floor,120,1200000,20,True,18,23,,1200000
scp,,120,0,penalty,floor,120,1200000,20,True,19,23,,1200000
scp,,120,0,penalty,floor,120,1200000,20,True,20,23,,1200000
scp,,120,0,penalty,floor,120,1200000,20,True,21,23,,1200000
scp,,120,0,penalty,floor,120,1200000,20,True,22,23,,1200000
scp,,120,0,penalty,floor,120,1200000,20,True,23,21,,1200000
scp,,120,0,penalty,floor,120,1200000,20,True,24,23,,1200000
scp,,120,0,penalty,floor,120,1200000,20,True,25,24,,1200000
scp,,120,0,penalty,floor,120,1200000,20,True,26,23,,1200000
scp,,120,0,penalty,floor,120,1200000,20,True,27,23,,1200000
scp,,120,0,penalty,floor,120,1200000,20,True,28,23,,1200000
scp,,120,0,penalty,floor,120,1200000,20,True,29,23,,1200000
scp,,120,0,penalty,floor,120,1200000,20,True,30,23,,1200000
scp,,120,0,penalty,ils,120,1200000,20,True,0,20,39605,39605
scp,,120,0,penalty,ils,120,1200000,20,True,1,20,6065,6065
scp,,120,0,penalty,ils,120,1200000,20,True,2,20,56832,56832
scp,,120,0,penalty,ils,120,1200000,20,True,3,20,21165,21165
scp,,120,0,penalty,ils,120,1200000,20,True,4,20,27192,27192
scp,,120,0,penalty,ils,120,1200000,20,True,5,20,28032,28032
scp,,120,0,penalty,ils,120,1200000,20,True,6,20,83405,83405
scp,,120,0,penalty,ils,120,1200000,20,True,7,20,42760,42760
scp,,120,0,penalty,ils,120,1200000,20,True,8,20,38243,38243
scp,,120,0,penalty,ils,120,1200000,20,True,9,20,48949,48949
scp,,120,0,penalty,ils,120,1200000,20,True,10,20,24774,24774
scp,,120,0,penalty,ils,120,1200000,20,True,11,20,38444,38444
scp,,120,0,penalty,ils,120,1200000,20,True,12,20,24081,24081
scp,,120,0,penalty,ils,120,1200000,20,True,13,20,26564,26564
scp,,120,0,penalty,ils,120,1200000,20,True,14,20,35801,35801
scp,,120,0,penalty,ils,120,1200000,20,True,15,20,22661,22661
scp,,120,0,penalty,ils,120,1200000,20,True,16,20,41019,41019
scp,,120,0,penalty,ils,120,1200000,20,True,17,20,29398,29398
scp,,120,0,penalty,ils,120,1200000,20,True,18,20,30343,30343
scp,,120,0,penalty,ils,120,1200000,20,True,19,20,39658,39658
scp,,120,0,penalty,ils,120,1200000,20,True,20,20,26274,26274
scp,,120,0,penalty,ils,120,1200000,20,True,21,20,42780,42780
scp,,120,0,penalty,ils,120,1200000,20,True,22,20,46233,46233
scp,,120,0,penalty,ils,120,1200000,20,True,23,20,32731,32731
scp,,120,0,penalty,ils,120,1200000,20,True,24,20,26648,26648
scp,,120,0,penalty,ils,120,1200000,20,True,25,20,66826,66826
scp,,120,0,penalty,ils,120,1200000,20,True,26,20,34796,34796
scp,,120,0,penalty,ils,120,1200000,20,True,27,20,33929,33929
scp,,120,0,penalty,ils,120,1200000,20,True,28,20,50054,50054
scp,,120,0,penalty,ils,120,1200000,20,True,29,20,34344,34344
scp,,120,0,penalty,ils,120,1200000,20,True,30,20,42288,42288
scp,,120,0,penalty,mga,120,1200000,20,True,0,24,,1200000
scp,,120,0,penalty,mga,120,1200000,20,True,1,23,,1200000
scp,,120,0,penalty,mga,120,1200000,20,True,2,20,260284,260284
scp,,120,0,penalty,mga,120,1200000,20,True,3,28,,1200000
scp,,120,0,penalty,mga,120,1200000,20,True,4,25,,1200000
scp,,120,0,penalty,mga,120,1200000,20,True,5,26,,1200000
scp,,120,0,penalty,mga,120,1200000,20,True,6,24,,1200000
scp,,120,0,penalty,mga,120,1200000,20,True,7,23,,1200000
scp,,120,0,penalty,mga,120,1200000,20,True,8,23,,1200000
scp,,120,0,penalty,mga,120,1200000,20,True,9,25,,1200000
scp,,120,0,penalty,mga,120,1200000,20,True,10,27,,1200000
scp,,120,0,penalty,mga,120,1200000,20,True,11,23,,1200000
scp,,120,0,penalty,mga,120,1200000,20,True,12,25,,1200000
scp,,120,0,penalty,mga,120,1200000,20,True,13,26,,1200000
scp,,120,0,penalty,mga,120,1200000,20,True,14,27,,1200000
scp,,120,0,penalty,mga,120,1200000,20,True,15,25,,1200000
scp,,120,0,penalty,mga,120,1200000,20,True,16,27,,1200000
scp,,120,0,penalty,mga,120,1200000,20,True,17,27,,1200000
scp,,120,0,penalty,mga,120,1200000,20,True,18,27,,1200000
scp,,120,0,penalty,mga,120,1200000,20,True,19,26,,1200000
scp,,120,0,penalty,mga,120,1200000,20,True,20,28,,1200000
scp,,120,0,penalty,mga,120,1200000,20,True,21,24,,1200000
scp,,120,0,penalty,mga,120,1200000,20,True,22,27,,1200000
scp,,120,0,penalty,mga,120,1200000,20,True,23,24,,1200000
scp,,120,0,penalty,mga,120,1200000,20,True,24,24,,1200000
scp,,120,0,penalty,mga,120,1200000,20,True,25,27,,1200000
scp,,120,0,penalty,mga,120,1200000,20,True,26,25,,1200000
scp,,120,0,penalty,mga,120,1200000,20,True,27,28,,1200000
scp,,120,0,penalty,mga,120,1200000,20,True,28,24,,1200000
scp,,120,0,penalty,mga,120,1200000,20,True,29,23,,1200000
scp,,120,0,penalty,mga,120,1200000,20,True,30,24,,1200000
scp,,120,0,repair,floor,120,1200000,20,True,0,20,2282,2282
scp,,120,0,repair,floor,120,1200000,20,True,1,20,961,961
scp,,120,0,repair,floor,120,1200000,20,True,2,20,1802,1802
scp,,120,0,repair,floor,120,1200000,20,True,3,20,1201,1201
scp,,120,0,repair,floor,120,1200000,20,True,4,20,961,961
scp,,120,0,repair,floor,120,1200000,20,True,5,20,3964,3964
scp,,120,0,repair,floor,120,1200000,20,True,6,20,2162,2162
scp,,120,0,repair,floor,120,1200000,20,True,7,20,1081,1081
scp,,120,0,repair,floor,120,1200000,20,True,8,20,2282,2282
scp,,120,0,repair,floor,120,1200000,20,True,9,20,961,961
scp,,120,0,repair,floor,120,1200000,20,True,10,20,2403,2403
scp,,120,0,repair,floor,120,1200000,20,True,11,20,1922,1922
scp,,120,0,repair,floor,120,1200000,20,True,12,20,1321,1321
scp,,120,0,repair,floor,120,1200000,20,True,13,20,1201,1201
scp,,120,0,repair,floor,120,1200000,20,True,14,20,1201,1201
scp,,120,0,repair,floor,120,1200000,20,True,15,20,961,961
scp,,120,0,repair,floor,120,1200000,20,True,16,20,961,961
scp,,120,0,repair,floor,120,1200000,20,True,17,20,721,721
scp,,120,0,repair,floor,120,1200000,20,True,18,20,2162,2162
scp,,120,0,repair,floor,120,1200000,20,True,19,20,961,961
scp,,120,0,repair,floor,120,1200000,20,True,20,20,961,961
scp,,120,0,repair,floor,120,1200000,20,True,21,20,1321,1321
scp,,120,0,repair,floor,120,1200000,20,True,22,20,961,961
scp,,120,0,repair,floor,120,1200000,20,True,23,20,1081,1081
scp,,120,0,repair,floor,120,1200000,20,True,24,20,841,841
scp,,120,0,repair,floor,120,1200000,20,True,25,20,721,721
scp,,120,0,repair,floor,120,1200000,20,True,26,20,601,601
scp,,120,0,repair,floor,120,1200000,20,True,27,20,961,961
scp,,120,0,repair,floor,120,1200000,20,True,28,20,1441,1441
scp,,120,0,repair,floor,120,1200000,20,True,29,20,841,841
scp,,120,0,repair,floor,120,1200000,20,True,30,20,961,961
scp,,120,0,repair,ils,120,1200000,20,True,0,20,668,668
scp,,120,0,repair,ils,120,1200000,20,True,1,20,202,202
scp,,120,0,repair,ils,120,1200000,20,True,2,20,683,683
scp,,120,0,repair,ils,120,1200000,20,True,3,20,775,775
scp,,120,0,repair,ils,120,1200000,20,True,4,20,273,273
scp,,120,0,repair,ils,120,1200000,20,True,5,20,2009,2009
scp,,120,0,repair,ils,120,1200000,20,True,6,20,812,812
scp,,120,0,repair,ils,120,1200000,20,True,7,20,535,535
scp,,120,0,repair,ils,120,1200000,20,True,8,20,794,794
scp,,120,0,repair,ils,120,1200000,20,True,9,20,593,593
scp,,120,0,repair,ils,120,1200000,20,True,10,20,1560,1560
scp,,120,0,repair,ils,120,1200000,20,True,11,20,710,710
scp,,120,0,repair,ils,120,1200000,20,True,12,20,552,552
scp,,120,0,repair,ils,120,1200000,20,True,13,20,833,833
scp,,120,0,repair,ils,120,1200000,20,True,14,20,639,639
scp,,120,0,repair,ils,120,1200000,20,True,15,20,836,836
scp,,120,0,repair,ils,120,1200000,20,True,16,20,721,721
scp,,120,0,repair,ils,120,1200000,20,True,17,20,625,625
scp,,120,0,repair,ils,120,1200000,20,True,18,20,643,643
scp,,120,0,repair,ils,120,1200000,20,True,19,20,738,738
scp,,120,0,repair,ils,120,1200000,20,True,20,20,330,330
scp,,120,0,repair,ils,120,1200000,20,True,21,20,966,966
scp,,120,0,repair,ils,120,1200000,20,True,22,20,533,533
scp,,120,0,repair,ils,120,1200000,20,True,23,20,641,641
scp,,120,0,repair,ils,120,1200000,20,True,24,20,920,920
scp,,120,0,repair,ils,120,1200000,20,True,25,20,767,767
scp,,120,0,repair,ils,120,1200000,20,True,26,20,438,438
scp,,120,0,repair,ils,120,1200000,20,True,27,20,505,505
scp,,120,0,repair,ils,120,1200000,20,True,28,20,661,661
scp,,120,0,repair,ils,120,1200000,20,True,29,20,705,705
scp,,120,0,repair,ils,120,1200000,20,True,30,20,632,632
scp,,120,0,repair,mga,120,1200000,20,True,0,20,330,330
scp,,120,0,repair,mga,120,1200000,20,True,1,20,261,261
scp,,120,0,repair,mga,120,1200000,20,True,2,20,293,293
scp,,120,0,repair,mga,120,1200000,20,True,3,20,1392,1392
scp,,120,0,repair,mga,120,1200000,20,True,4,20,332,332
scp,,120,0,repair,mga,120,1200000,20,True,5,20,2623,2623
scp,,120,0,repair,mga,120,1200000,20,True,6,20,299,299
scp,,120,0,repair,mga,120,1200000,20,True,7,20,488,488
scp,,120,0,repair,mga,120,1200000,20,True,8,20,426,426
scp,,120,0,repair,mga,120,1200000,20,True,9,20,383,383
scp,,120,0,repair,mga,120,1200000,20,True,10,20,387,387
scp,,120,0,repair,mga,120,1200000,20,True,11,20,516,516
scp,,120,0,repair,mga,120,1200000,20,True,12,20,286,286
scp,,120,0,repair,mga,120,1200000,20,True,13,20,1024,1024
scp,,120,0,repair,mga,120,1200000,20,True,14,20,405,405
scp,,120,0,repair,mga,120,1200000,20,True,15,20,586,586
scp,,120,0,repair,mga,120,1200000,20,True,16,20,433,433
scp,,120,0,repair,mga,120,1200000,20,True,17,20,926,926
scp,,120,0,repair,mga,120,1200000,20,True,18,20,441,441
scp,,120,0,repair,mga,120,1200000,20,True,19,20,495,495
scp,,120,0,repair,mga,120,1200000,20,True,20,20,309,309
scp,,120,0,repair,mga,120,1200000,20,True,21,20,323,323
scp,,120,0,repair,mga,120,1200000,20,True,22,20,370,370
scp,,120,0,repair,mga,120,1200000,20,True,23,20,420,420
scp,,120,0,repair,mga,120,1200000,20,True,24,20,281,281
scp,,120,0,repair,mga,120,1200000,20,True,25,20,453,453
scp,,120,0,repair,mga,120,1200000,20,True,26,20,374,374
scp,,120,0,repair,mga,120,1200000,20,True,27,20,457,457
scp,,120,0,repair,mga,120,1200000,20,True,28,20,382,382
scp,,120,0,repair,mga,120,1200000,20,True,29,20,364,364
scp,,120,0,repair,mga,120,1200000,20,True,30,20,409,409
scp,,120,1,penalty,floor,120,1200000,20,True,0,22,,1200000
scp,,120,1,penalty,floor,120,1200000,20,True,1,21,,1200000
scp,,120,1,penalty,floor,120,1200000,20,True,2,21,,1200000
scp,,120,1,penalty,floor,120,1200000,20,True,3,22,,1200000
scp,,120,1,penalty,floor,120,1200000,20,True,4,21,,1200000
scp,,120,1,penalty,floor,120,1200000,20,True,5,21,,1200000
scp,,120,1,penalty,floor,120,1200000,20,True,6,23,,1200000
scp,,120,1,penalty,floor,120,1200000,20,True,7,22,,1200000
scp,,120,1,penalty,floor,120,1200000,20,True,8,22,,1200000
scp,,120,1,penalty,floor,120,1200000,20,True,9,23,,1200000
scp,,120,1,penalty,floor,120,1200000,20,True,10,22,,1200000
scp,,120,1,penalty,floor,120,1200000,20,True,11,22,,1200000
scp,,120,1,penalty,floor,120,1200000,20,True,12,21,,1200000
scp,,120,1,penalty,floor,120,1200000,20,True,13,21,,1200000
scp,,120,1,penalty,floor,120,1200000,20,True,14,22,,1200000
scp,,120,1,penalty,floor,120,1200000,20,True,15,22,,1200000
scp,,120,1,penalty,floor,120,1200000,20,True,16,22,,1200000
scp,,120,1,penalty,floor,120,1200000,20,True,17,21,,1200000
scp,,120,1,penalty,floor,120,1200000,20,True,18,21,,1200000
scp,,120,1,penalty,floor,120,1200000,20,True,19,23,,1200000
scp,,120,1,penalty,floor,120,1200000,20,True,20,22,,1200000
scp,,120,1,penalty,floor,120,1200000,20,True,21,22,,1200000
scp,,120,1,penalty,floor,120,1200000,20,True,22,22,,1200000
scp,,120,1,penalty,floor,120,1200000,20,True,23,22,,1200000
scp,,120,1,penalty,floor,120,1200000,20,True,24,22,,1200000
scp,,120,1,penalty,floor,120,1200000,20,True,25,21,,1200000
scp,,120,1,penalty,floor,120,1200000,20,True,26,22,,1200000
scp,,120,1,penalty,floor,120,1200000,20,True,27,21,,1200000
scp,,120,1,penalty,floor,120,1200000,20,True,28,21,,1200000
scp,,120,1,penalty,floor,120,1200000,20,True,29,22,,1200000
scp,,120,1,penalty,floor,120,1200000,20,True,30,22,,1200000
scp,,120,1,penalty,ils,120,1200000,20,True,0,20,18565,18565
scp,,120,1,penalty,ils,120,1200000,20,True,1,20,86438,86438
scp,,120,1,penalty,ils,120,1200000,20,True,2,20,55894,55894
scp,,120,1,penalty,ils,120,1200000,20,True,3,20,86445,86445
scp,,120,1,penalty,ils,120,1200000,20,True,4,20,21293,21293
scp,,120,1,penalty,ils,120,1200000,20,True,5,20,40816,40816
scp,,120,1,penalty,ils,120,1200000,20,True,6,20,45912,45912
scp,,120,1,penalty,ils,120,1200000,20,True,7,20,23591,23591
scp,,120,1,penalty,ils,120,1200000,20,True,8,20,41823,41823
scp,,120,1,penalty,ils,120,1200000,20,True,9,20,25780,25780
scp,,120,1,penalty,ils,120,1200000,20,True,10,20,62222,62222
scp,,120,1,penalty,ils,120,1200000,20,True,11,20,28442,28442
scp,,120,1,penalty,ils,120,1200000,20,True,12,20,23396,23396
scp,,120,1,penalty,ils,120,1200000,20,True,13,20,44780,44780
scp,,120,1,penalty,ils,120,1200000,20,True,14,20,62224,62224
scp,,120,1,penalty,ils,120,1200000,20,True,15,20,20770,20770
scp,,120,1,penalty,ils,120,1200000,20,True,16,20,23871,23871
scp,,120,1,penalty,ils,120,1200000,20,True,17,20,31031,31031
scp,,120,1,penalty,ils,120,1200000,20,True,18,20,24810,24810
scp,,120,1,penalty,ils,120,1200000,20,True,19,20,34614,34614
scp,,120,1,penalty,ils,120,1200000,20,True,20,20,16460,16460
scp,,120,1,penalty,ils,120,1200000,20,True,21,20,30815,30815
scp,,120,1,penalty,ils,120,1200000,20,True,22,20,28423,28423
scp,,120,1,penalty,ils,120,1200000,20,True,23,20,41519,41519
scp,,120,1,penalty,ils,120,1200000,20,True,24,20,26127,26127
scp,,120,1,penalty,ils,120,1200000,20,True,25,20,75307,75307
scp,,120,1,penalty,ils,120,1200000,20,True,26,20,58590,58590
scp,,120,1,penalty,ils,120,1200000,20,True,27,20,44428,44428
scp,,120,1,penalty,ils,120,1200000,20,True,28,20,14715,14715
scp,,120,1,penalty,ils,120,1200000,20,True,29,20,32362,32362
scp,,120,1,penalty,ils,120,1200000,20,True,30,20,34179,34179
scp,,120,1,penalty,mga,120,1200000,20,True,0,29,,1200000
scp,,120,1,penalty,mga,120,1200000,20,True,1,25,,1200000
scp,,120,1,penalty,mga,120,1200000,20,True,2,24,,1200000
scp,,120,1,penalty,mga,120,1200000,20,True,3,22,,1200000
scp,,120,1,penalty,mga,120,1200000,20,True,4,25,,1200000
scp,,120,1,penalty,mga,120,1200000,20,True,5,28,,1200000
scp,,120,1,penalty,mga,120,1200000,20,True,6,23,,1200000
scp,,120,1,penalty,mga,120,1200000,20,True,7,23,,1200000
scp,,120,1,penalty,mga,120,1200000,20,True,8,27,,1200000
scp,,120,1,penalty,mga,120,1200000,20,True,9,26,,1200000
scp,,120,1,penalty,mga,120,1200000,20,True,10,24,,1200000
scp,,120,1,penalty,mga,120,1200000,20,True,11,24,,1200000
scp,,120,1,penalty,mga,120,1200000,20,True,12,23,,1200000
scp,,120,1,penalty,mga,120,1200000,20,True,13,23,,1200000
scp,,120,1,penalty,mga,120,1200000,20,True,14,27,,1200000
scp,,120,1,penalty,mga,120,1200000,20,True,15,22,,1200000
scp,,120,1,penalty,mga,120,1200000,20,True,16,27,,1200000
scp,,120,1,penalty,mga,120,1200000,20,True,17,24,,1200000
scp,,120,1,penalty,mga,120,1200000,20,True,18,25,,1200000
scp,,120,1,penalty,mga,120,1200000,20,True,19,24,,1200000
scp,,120,1,penalty,mga,120,1200000,20,True,20,23,,1200000
scp,,120,1,penalty,mga,120,1200000,20,True,21,23,,1200000
scp,,120,1,penalty,mga,120,1200000,20,True,22,23,,1200000
scp,,120,1,penalty,mga,120,1200000,20,True,23,21,,1200000
scp,,120,1,penalty,mga,120,1200000,20,True,24,21,,1200000
scp,,120,1,penalty,mga,120,1200000,20,True,25,21,,1200000
scp,,120,1,penalty,mga,120,1200000,20,True,26,26,,1200000
scp,,120,1,penalty,mga,120,1200000,20,True,27,26,,1200000
scp,,120,1,penalty,mga,120,1200000,20,True,28,24,,1200000
scp,,120,1,penalty,mga,120,1200000,20,True,29,26,,1200000
scp,,120,1,penalty,mga,120,1200000,20,True,30,24,,1200000
scp,,120,1,repair,floor,120,1200000,20,True,0,20,961,961
scp,,120,1,repair,floor,120,1200000,20,True,1,20,1201,1201
scp,,120,1,repair,floor,120,1200000,20,True,2,20,2763,2763
scp,,120,1,repair,floor,120,1200000,20,True,3,20,961,961
scp,,120,1,repair,floor,120,1200000,20,True,4,20,1322,1322
scp,,120,1,repair,floor,120,1200000,20,True,5,20,1441,1441
scp,,120,1,repair,floor,120,1200000,20,True,6,20,841,841
scp,,120,1,repair,floor,120,1200000,20,True,7,20,841,841
scp,,120,1,repair,floor,120,1200000,20,True,8,20,601,601
scp,,120,1,repair,floor,120,1200000,20,True,9,20,601,601
scp,,120,1,repair,floor,120,1200000,20,True,10,20,1201,1201
scp,,120,1,repair,floor,120,1200000,20,True,11,20,1201,1201
scp,,120,1,repair,floor,120,1200000,20,True,12,20,721,721
scp,,120,1,repair,floor,120,1200000,20,True,13,20,841,841
scp,,120,1,repair,floor,120,1200000,20,True,14,20,961,961
scp,,120,1,repair,floor,120,1200000,20,True,15,20,361,361
scp,,120,1,repair,floor,120,1200000,20,True,16,20,1322,1322
scp,,120,1,repair,floor,120,1200000,20,True,17,20,601,601
scp,,120,1,repair,floor,120,1200000,20,True,18,20,841,841
scp,,120,1,repair,floor,120,1200000,20,True,19,20,601,601
scp,,120,1,repair,floor,120,1200000,20,True,20,20,1081,1081
scp,,120,1,repair,floor,120,1200000,20,True,21,20,721,721
scp,,120,1,repair,floor,120,1200000,20,True,22,20,841,841
scp,,120,1,repair,floor,120,1200000,20,True,23,20,841,841
scp,,120,1,repair,floor,120,1200000,20,True,24,20,841,841
scp,,120,1,repair,floor,120,1200000,20,True,25,20,961,961
scp,,120,1,repair,floor,120,1200000,20,True,26,20,961,961
scp,,120,1,repair,floor,120,1200000,20,True,27,20,961,961
scp,,120,1,repair,floor,120,1200000,20,True,28,20,481,481
scp,,120,1,repair,floor,120,1200000,20,True,29,20,1682,1682
scp,,120,1,repair,floor,120,1200000,20,True,30,20,721,721
scp,,120,1,repair,ils,120,1200000,20,True,0,20,554,554
scp,,120,1,repair,ils,120,1200000,20,True,1,20,618,618
scp,,120,1,repair,ils,120,1200000,20,True,2,20,6293,6293
scp,,120,1,repair,ils,120,1200000,20,True,3,20,492,492
scp,,120,1,repair,ils,120,1200000,20,True,4,20,452,452
scp,,120,1,repair,ils,120,1200000,20,True,5,20,448,448
scp,,120,1,repair,ils,120,1200000,20,True,6,20,801,801
scp,,120,1,repair,ils,120,1200000,20,True,7,20,454,454
scp,,120,1,repair,ils,120,1200000,20,True,8,20,1239,1239
scp,,120,1,repair,ils,120,1200000,20,True,9,20,670,670
scp,,120,1,repair,ils,120,1200000,20,True,10,20,3198,3198
scp,,120,1,repair,ils,120,1200000,20,True,11,20,2053,2053
scp,,120,1,repair,ils,120,1200000,20,True,12,20,586,586
scp,,120,1,repair,ils,120,1200000,20,True,13,20,648,648
scp,,120,1,repair,ils,120,1200000,20,True,14,20,994,994
scp,,120,1,repair,ils,120,1200000,20,True,15,20,442,442
scp,,120,1,repair,ils,120,1200000,20,True,16,20,554,554
scp,,120,1,repair,ils,120,1200000,20,True,17,20,530,530
scp,,120,1,repair,ils,120,1200000,20,True,18,20,933,933
scp,,120,1,repair,ils,120,1200000,20,True,19,20,515,515
scp,,120,1,repair,ils,120,1200000,20,True,20,20,647,647
scp,,120,1,repair,ils,120,1200000,20,True,21,20,465,465
scp,,120,1,repair,ils,120,1200000,20,True,22,20,280,280
scp,,120,1,repair,ils,120,1200000,20,True,23,20,567,567
scp,,120,1,repair,ils,120,1200000,20,True,24,20,803,803
scp,,120,1,repair,ils,120,1200000,20,True,25,20,851,851
scp,,120,1,repair,ils,120,1200000,20,True,26,20,599,599
scp,,120,1,repair,ils,120,1200000,20,True,27,20,522,522
scp,,120,1,repair,ils,120,1200000,20,True,28,20,584,584
scp,,120,1,repair,ils,120,1200000,20,True,29,20,739,739
scp,,120,1,repair,ils,120,1200000,20,True,30,20,668,668
scp,,120,1,repair,mga,120,1200000,20,True,0,20,300,300
scp,,120,1,repair,mga,120,1200000,20,True,1,20,240,240
scp,,120,1,repair,mga,120,1200000,20,True,2,20,296,296
scp,,120,1,repair,mga,120,1200000,20,True,3,20,260,260
scp,,120,1,repair,mga,120,1200000,20,True,4,20,349,349
scp,,120,1,repair,mga,120,1200000,20,True,5,20,240,240
scp,,120,1,repair,mga,120,1200000,20,True,6,20,410,410
scp,,120,1,repair,mga,120,1200000,20,True,7,20,513,513
scp,,120,1,repair,mga,120,1200000,20,True,8,20,285,285
scp,,120,1,repair,mga,120,1200000,20,True,9,20,513,513
scp,,120,1,repair,mga,120,1200000,20,True,10,20,246,246
scp,,120,1,repair,mga,120,1200000,20,True,11,20,383,383
scp,,120,1,repair,mga,120,1200000,20,True,12,20,424,424
scp,,120,1,repair,mga,120,1200000,20,True,13,20,299,299
scp,,120,1,repair,mga,120,1200000,20,True,14,20,325,325
scp,,120,1,repair,mga,120,1200000,20,True,15,20,351,351
scp,,120,1,repair,mga,120,1200000,20,True,16,20,378,378
scp,,120,1,repair,mga,120,1200000,20,True,17,20,331,331
scp,,120,1,repair,mga,120,1200000,20,True,18,20,251,251
scp,,120,1,repair,mga,120,1200000,20,True,19,20,214,214
scp,,120,1,repair,mga,120,1200000,20,True,20,20,273,273
scp,,120,1,repair,mga,120,1200000,20,True,21,20,394,394
scp,,120,1,repair,mga,120,1200000,20,True,22,20,339,339
scp,,120,1,repair,mga,120,1200000,20,True,23,20,348,348
scp,,120,1,repair,mga,120,1200000,20,True,24,20,374,374
scp,,120,1,repair,mga,120,1200000,20,True,25,20,315,315
scp,,120,1,repair,mga,120,1200000,20,True,26,20,478,478
scp,,120,1,repair,mga,120,1200000,20,True,27,20,236,236
scp,,120,1,repair,mga,120,1200000,20,True,28,20,312,312
scp,,120,1,repair,mga,120,1200000,20,True,29,20,341,341
scp,,120,1,repair,mga,120,1200000,20,True,30,20,416,416
scp,,120,2,penalty,floor,120,1200000,20,True,0,23,,1200000
scp,,120,2,penalty,floor,120,1200000,20,True,1,22,,1200000
scp,,120,2,penalty,floor,120,1200000,20,True,2,22,,1200000
scp,,120,2,penalty,floor,120,1200000,20,True,3,21,,1200000
scp,,120,2,penalty,floor,120,1200000,20,True,4,22,,1200000
scp,,120,2,penalty,floor,120,1200000,20,True,5,23,,1200000
scp,,120,2,penalty,floor,120,1200000,20,True,6,22,,1200000
scp,,120,2,penalty,floor,120,1200000,20,True,7,22,,1200000
scp,,120,2,penalty,floor,120,1200000,20,True,8,22,,1200000
scp,,120,2,penalty,floor,120,1200000,20,True,9,21,,1200000
scp,,120,2,penalty,floor,120,1200000,20,True,10,23,,1200000
scp,,120,2,penalty,floor,120,1200000,20,True,11,22,,1200000
scp,,120,2,penalty,floor,120,1200000,20,True,12,21,,1200000
scp,,120,2,penalty,floor,120,1200000,20,True,13,22,,1200000
scp,,120,2,penalty,floor,120,1200000,20,True,14,22,,1200000
scp,,120,2,penalty,floor,120,1200000,20,True,15,21,,1200000
scp,,120,2,penalty,floor,120,1200000,20,True,16,22,,1200000
scp,,120,2,penalty,floor,120,1200000,20,True,17,22,,1200000
scp,,120,2,penalty,floor,120,1200000,20,True,18,22,,1200000
scp,,120,2,penalty,floor,120,1200000,20,True,19,22,,1200000
scp,,120,2,penalty,floor,120,1200000,20,True,20,21,,1200000
scp,,120,2,penalty,floor,120,1200000,20,True,21,21,,1200000
scp,,120,2,penalty,floor,120,1200000,20,True,22,22,,1200000
scp,,120,2,penalty,floor,120,1200000,20,True,23,22,,1200000
scp,,120,2,penalty,floor,120,1200000,20,True,24,21,,1200000
scp,,120,2,penalty,floor,120,1200000,20,True,25,22,,1200000
scp,,120,2,penalty,floor,120,1200000,20,True,26,23,,1200000
scp,,120,2,penalty,floor,120,1200000,20,True,27,22,,1200000
scp,,120,2,penalty,floor,120,1200000,20,True,28,22,,1200000
scp,,120,2,penalty,floor,120,1200000,20,True,29,21,,1200000
scp,,120,2,penalty,floor,120,1200000,20,True,30,22,,1200000
scp,,120,2,penalty,ils,120,1200000,20,True,0,20,38244,38244
scp,,120,2,penalty,ils,120,1200000,20,True,1,20,36764,36764
scp,,120,2,penalty,ils,120,1200000,20,True,2,20,40736,40736
scp,,120,2,penalty,ils,120,1200000,20,True,3,20,31084,31084
scp,,120,2,penalty,ils,120,1200000,20,True,4,20,49252,49252
scp,,120,2,penalty,ils,120,1200000,20,True,5,20,27472,27472
scp,,120,2,penalty,ils,120,1200000,20,True,6,20,33932,33932
scp,,120,2,penalty,ils,120,1200000,20,True,7,20,31436,31436
scp,,120,2,penalty,ils,120,1200000,20,True,8,20,37027,37027
scp,,120,2,penalty,ils,120,1200000,20,True,9,20,22601,22601
scp,,120,2,penalty,ils,120,1200000,20,True,10,20,17304,17304
scp,,120,2,penalty,ils,120,1200000,20,True,11,20,24433,24433
scp,,120,2,penalty,ils,120,1200000,20,True,12,20,18734,18734
scp,,120,2,penalty,ils,120,1200000,20,True,13,20,15871,15871
scp,,120,2,penalty,ils,120,1200000,20,True,14,20,37898,37898
scp,,120,2,penalty,ils,120,1200000,20,True,15,20,27289,27289
scp,,120,2,penalty,ils,120,1200000,20,True,16,20,44452,44452
scp,,120,2,penalty,ils,120,1200000,20,True,17,20,8669,8669
scp,,120,2,penalty,ils,120,1200000,20,True,18,20,24375,24375
scp,,120,2,penalty,ils,120,1200000,20,True,19,20,33393,33393
scp,,120,2,penalty,ils,120,1200000,20,True,20,20,20655,20655
scp,,120,2,penalty,ils,120,1200000,20,True,21,20,48256,48256
scp,,120,2,penalty,ils,120,1200000,20,True,22,20,26454,26454
scp,,120,2,penalty,ils,120,1200000,20,True,23,20,22090,22090
scp,,120,2,penalty,ils,120,1200000,20,True,24,20,67840,67840
scp,,120,2,penalty,ils,120,1200000,20,True,25,20,67035,67035
scp,,120,2,penalty,ils,120,1200000,20,True,26,20,28194,28194
scp,,120,2,penalty,ils,120,1200000,20,True,27,20,57269,57269
scp,,120,2,penalty,ils,120,1200000,20,True,28,20,33701,33701
scp,,120,2,penalty,ils,120,1200000,20,True,29,20,41320,41320
scp,,120,2,penalty,ils,120,1200000,20,True,30,20,28325,28325
scp,,120,2,penalty,mga,120,1200000,20,True,0,26,,1200000
scp,,120,2,penalty,mga,120,1200000,20,True,1,26,,1200000
scp,,120,2,penalty,mga,120,1200000,20,True,2,27,,1200000
scp,,120,2,penalty,mga,120,1200000,20,True,3,26,,1200000
scp,,120,2,penalty,mga,120,1200000,20,True,4,26,,1200000
scp,,120,2,penalty,mga,120,1200000,20,True,5,26,,1200000
scp,,120,2,penalty,mga,120,1200000,20,True,6,25,,1200000
scp,,120,2,penalty,mga,120,1200000,20,True,7,27,,1200000
scp,,120,2,penalty,mga,120,1200000,20,True,8,25,,1200000
scp,,120,2,penalty,mga,120,1200000,20,True,9,26,,1200000
scp,,120,2,penalty,mga,120,1200000,20,True,10,25,,1200000
scp,,120,2,penalty,mga,120,1200000,20,True,11,26,,1200000
scp,,120,2,penalty,mga,120,1200000,20,True,12,24,,1200000
scp,,120,2,penalty,mga,120,1200000,20,True,13,24,,1200000
scp,,120,2,penalty,mga,120,1200000,20,True,14,22,,1200000
scp,,120,2,penalty,mga,120,1200000,20,True,15,25,,1200000
scp,,120,2,penalty,mga,120,1200000,20,True,16,31,,1200000
scp,,120,2,penalty,mga,120,1200000,20,True,17,23,,1200000
scp,,120,2,penalty,mga,120,1200000,20,True,18,26,,1200000
scp,,120,2,penalty,mga,120,1200000,20,True,19,29,,1200000
scp,,120,2,penalty,mga,120,1200000,20,True,20,26,,1200000
scp,,120,2,penalty,mga,120,1200000,20,True,21,29,,1200000
scp,,120,2,penalty,mga,120,1200000,20,True,22,27,,1200000
scp,,120,2,penalty,mga,120,1200000,20,True,23,24,,1200000
scp,,120,2,penalty,mga,120,1200000,20,True,24,26,,1200000
scp,,120,2,penalty,mga,120,1200000,20,True,25,25,,1200000
scp,,120,2,penalty,mga,120,1200000,20,True,26,30,,1200000
scp,,120,2,penalty,mga,120,1200000,20,True,27,26,,1200000
scp,,120,2,penalty,mga,120,1200000,20,True,28,24,,1200000
scp,,120,2,penalty,mga,120,1200000,20,True,29,25,,1200000
scp,,120,2,penalty,mga,120,1200000,20,True,30,26,,1200000
scp,,120,2,repair,floor,120,1200000,20,True,0,20,961,961
scp,,120,2,repair,floor,120,1200000,20,True,1,20,841,841
scp,,120,2,repair,floor,120,1200000,20,True,2,20,841,841
scp,,120,2,repair,floor,120,1200000,20,True,3,20,601,601
scp,,120,2,repair,floor,120,1200000,20,True,4,20,961,961
scp,,120,2,repair,floor,120,1200000,20,True,5,20,1802,1802
scp,,120,2,repair,floor,120,1200000,20,True,6,20,1442,1442
scp,,120,2,repair,floor,120,1200000,20,True,7,20,601,601
scp,,120,2,repair,floor,120,1200000,20,True,8,20,841,841
scp,,120,2,repair,floor,120,1200000,20,True,9,20,721,721
scp,,120,2,repair,floor,120,1200000,20,True,10,20,1081,1081
scp,,120,2,repair,floor,120,1200000,20,True,11,20,1081,1081
scp,,120,2,repair,floor,120,1200000,20,True,12,20,1201,1201
scp,,120,2,repair,floor,120,1200000,20,True,13,20,2282,2282
scp,,120,2,repair,floor,120,1200000,20,True,14,20,841,841
scp,,120,2,repair,floor,120,1200000,20,True,15,20,721,721
scp,,120,2,repair,floor,120,1200000,20,True,16,20,481,481
scp,,120,2,repair,floor,120,1200000,20,True,17,20,841,841
scp,,120,2,repair,floor,120,1200000,20,True,18,20,1562,1562
scp,,120,2,repair,floor,120,1200000,20,True,19,20,481,481
scp,,120,2,repair,floor,120,1200000,20,True,20,20,721,721
scp,,120,2,repair,floor,120,1200000,20,True,21,20,1922,1922
scp,,120,2,repair,floor,120,1200000,20,True,22,20,481,481
scp,,120,2,repair,floor,120,1200000,20,True,23,20,841,841
scp,,120,2,repair,floor,120,1200000,20,True,24,20,721,721
scp,,120,2,repair,floor,120,1200000,20,True,25,20,601,601
scp,,120,2,repair,floor,120,1200000,20,True,26,20,361,361
scp,,120,2,repair,floor,120,1200000,20,True,27,20,841,841
scp,,120,2,repair,floor,120,1200000,20,True,28,20,721,721
scp,,120,2,repair,floor,120,1200000,20,True,29,20,481,481
scp,,120,2,repair,floor,120,1200000,20,True,30,20,1081,1081
scp,,120,2,repair,ils,120,1200000,20,True,0,20,669,669
scp,,120,2,repair,ils,120,1200000,20,True,1,20,460,460
scp,,120,2,repair,ils,120,1200000,20,True,2,20,431,431
scp,,120,2,repair,ils,120,1200000,20,True,3,20,658,658
scp,,120,2,repair,ils,120,1200000,20,True,4,20,631,631
scp,,120,2,repair,ils,120,1200000,20,True,5,20,678,678
scp,,120,2,repair,ils,120,1200000,20,True,6,20,571,571
scp,,120,2,repair,ils,120,1200000,20,True,7,20,542,542
scp,,120,2,repair,ils,120,1200000,20,True,8,20,344,344
scp,,120,2,repair,ils,120,1200000,20,True,9,20,304,304
scp,,120,2,repair,ils,120,1200000,20,True,10,20,575,575
scp,,120,2,repair,ils,120,1200000,20,True,11,20,809,809
scp,,120,2,repair,ils,120,1200000,20,True,12,20,576,576
scp,,120,2,repair,ils,120,1200000,20,True,13,20,589,589
scp,,120,2,repair,ils,120,1200000,20,True,14,20,444,444
scp,,120,2,repair,ils,120,1200000,20,True,15,20,571,571
scp,,120,2,repair,ils,120,1200000,20,True,16,20,344,344
scp,,120,2,repair,ils,120,1200000,20,True,17,20,324,324
scp,,120,2,repair,ils,120,1200000,20,True,18,20,635,635
scp,,120,2,repair,ils,120,1200000,20,True,19,20,676,676
scp,,120,2,repair,ils,120,1200000,20,True,20,20,647,647
scp,,120,2,repair,ils,120,1200000,20,True,21,20,857,857
scp,,120,2,repair,ils,120,1200000,20,True,22,20,707,707
scp,,120,2,repair,ils,120,1200000,20,True,23,20,482,482
scp,,120,2,repair,ils,120,1200000,20,True,24,20,348,348
scp,,120,2,repair,ils,120,1200000,20,True,25,20,434,434
scp,,120,2,repair,ils,120,1200000,20,True,26,20,421,421
scp,,120,2,repair,ils,120,1200000,20,True,27,20,586,586
scp,,120,2,repair,ils,120,1200000,20,True,28,20,911,911
scp,,120,2,repair,ils,120,1200000,20,True,29,20,711,711
scp,,120,2,repair,ils,120,1200000,20,True,30,20,740,740
scp,,120,2,repair,mga,120,1200000,20,True,0,20,428,428
scp,,120,2,repair,mga,120,1200000,20,True,1,20,375,375
scp,,120,2,repair,mga,120,1200000,20,True,2,20,439,439
scp,,120,2,repair,mga,120,1200000,20,True,3,20,304,304
scp,,120,2,repair,mga,120,1200000,20,True,4,20,375,375
scp,,120,2,repair,mga,120,1200000,20,True,5,20,198,198
scp,,120,2,repair,mga,120,1200000,20,True,6,20,345,345
scp,,120,2,repair,mga,120,1200000,20,True,7,20,348,348
scp,,120,2,repair,mga,120,1200000,20,True,8,20,276,276
scp,,120,2,repair,mga,120,1200000,20,True,9,20,234,234
scp,,120,2,repair,mga,120,1200000,20,True,10,20,395,395
scp,,120,2,repair,mga,120,1200000,20,True,11,20,373,373
scp,,120,2,repair,mga,120,1200000,20,True,12,20,298,298
scp,,120,2,repair,mga,120,1200000,20,True,13,20,278,278
scp,,120,2,repair,mga,120,1200000,20,True,14,20,368,368
scp,,120,2,repair,mga,120,1200000,20,True,15,20,283,283
scp,,120,2,repair,mga,120,1200000,20,True,16,20,180,180
scp,,120,2,repair,mga,120,1200000,20,True,17,20,285,285
scp,,120,2,repair,mga,120,1200000,20,True,18,20,363,363
scp,,120,2,repair,mga,120,1200000,20,True,19,20,351,351
scp,,120,2,repair,mga,120,1200000,20,True,20,20,270,270
scp,,120,2,repair,mga,120,1200000,20,True,21,20,425,425
scp,,120,2,repair,mga,120,1200000,20,True,22,20,268,268
scp,,120,2,repair,mga,120,1200000,20,True,23,20,368,368
scp,,120,2,repair,mga,120,1200000,20,True,24,20,407,407
scp,,120,2,repair,mga,120,1200000,20,True,25,20,381,381
scp,,120,2,repair,mga,120,1200000,20,True,26,20,599,599
scp,,120,2,repair,mga,120,1200000,20,True,27,20,412,412
scp,,120,2,repair,mga,120,1200000,20,True,28,20,597,597
scp,,120,2,repair,mga,120,1200000,20,True,29,20,391,391
scp,,120,2,repair,mga,120,1200000,20,True,30,20,291,291
knapsack,spanner,120,2,repair,floor,120,1200000,-12323,True,0,-12323,59349,59349
knapsack,spanner,120,2,repair,floor,120,1200000,-12323,True,1,-12323,60788,60788
knapsack,spanner,120,2,repair,floor,120,1200000,-12323,True,2,-12323,32439,32439
knapsack,spanner,120,2,repair,floor,120,1200000,-12323,True,3,-12323,228007,228007
knapsack,spanner,120,2,repair,floor,120,1200000,-12323,True,4,-12323,7928,7928
knapsack,spanner,120,2,repair,floor,120,1200000,-12323,True,5,-12323,421904,421904
knapsack,spanner,120,2,repair,floor,120,1200000,-12323,True,6,-12323,318003,318003
knapsack,spanner,120,2,repair,floor,120,1200000,-12323,True,7,-12323,23541,23541
knapsack,spanner,120,2,repair,floor,120,1200000,-12323,True,8,-12323,614720,614720
knapsack,spanner,120,2,repair,floor,120,1200000,-12323,True,9,-12323,294084,294084
knapsack,spanner,120,2,repair,floor,120,1200000,-12323,True,10,-12323,304790,304790
knapsack,spanner,120,2,repair,floor,120,1200000,-12323,True,11,-12323,22345,22345
knapsack,spanner,120,2,repair,floor,120,1200000,-12323,True,12,-12323,212513,212513
knapsack,spanner,120,2,repair,floor,120,1200000,-12323,True,13,-12323,621693,621693
knapsack,spanner,120,2,repair,floor,120,1200000,-12323,True,14,-12323,193999,193999
knapsack,spanner,120,2,repair,floor,120,1200000,-12323,True,15,-12323,112555,112555
knapsack,spanner,120,2,repair,floor,120,1200000,-12323,True,16,-12323,336605,336605
knapsack,spanner,120,2,repair,floor,120,1200000,-12323,True,17,-12323,197124,197124
knapsack,spanner,120,2,repair,floor,120,1200000,-12323,True,18,-12323,273913,273913
knapsack,spanner,120,2,repair,floor,120,1200000,-12323,True,19,-12323,321716,321716
knapsack,spanner,120,2,repair,floor,120,1200000,-12323,True,20,-12323,242169,242169
knapsack,spanner,120,2,repair,floor,120,1200000,-12323,True,21,-12323,244832,244832
knapsack,spanner,120,2,repair,floor,120,1200000,-12323,True,22,-12323,294462,294462
knapsack,spanner,120,2,repair,floor,120,1200000,-12323,True,23,-12323,143902,143902
knapsack,spanner,120,2,repair,floor,120,1200000,-12323,True,24,-12323,336013,336013
knapsack,spanner,120,2,repair,floor,120,1200000,-12323,True,25,-12323,272589,272589
knapsack,spanner,120,2,repair,floor,120,1200000,-12323,True,26,-12323,495186,495186
knapsack,spanner,120,2,repair,floor,120,1200000,-12323,True,27,-12323,94907,94907
knapsack,spanner,120,2,repair,floor,120,1200000,-12323,True,28,-12323,361109,361109
knapsack,spanner,120,2,repair,floor,120,1200000,-12323,True,29,-12323,365803,365803
knapsack,spanner,120,2,repair,floor,120,1200000,-12323,True,30,-12323,241834,241834
knapsack,spanner,120,1,repair,mga,120,1200000,-19132,True,0,-19132,313183,313183
knapsack,spanner,120,1,repair,mga,120,1200000,-19132,True,1,-19132,238830,238830
knapsack,spanner,120,1,repair,mga,120,1200000,-19132,True,2,-19132,10830,10830
knapsack,spanner,120,1,repair,mga,120,1200000,-19132,True,3,-19083,,1200000
knapsack,spanner,120,1,repair,mga,120,1200000,-19132,True,4,-19132,1791,1791
knapsack,spanner,120,1,repair,mga,120,1200000,-19132,True,5,-19132,28333,28333
knapsack,spanner,120,1,repair,mga,120,1200000,-19132,True,6,-19083,,1200000
knapsack,spanner,120,1,repair,mga,120,1200000,-19132,True,7,-19132,33780,33780
knapsack,spanner,120,1,repair,mga,120,1200000,-19132,True,8,-19132,8676,8676
knapsack,spanner,120,1,repair,mga,120,1200000,-19132,True,9,-19132,129782,129782
knapsack,spanner,120,1,repair,mga,120,1200000,-19132,True,10,-19083,,1200000
knapsack,spanner,120,1,repair,mga,120,1200000,-19132,True,11,-19132,213930,213930
knapsack,spanner,120,1,repair,mga,120,1200000,-19132,True,12,-19132,26280,26280
knapsack,spanner,120,1,repair,mga,120,1200000,-19132,True,13,-19132,142680,142680
knapsack,spanner,120,1,repair,mga,120,1200000,-19132,True,14,-19083,,1200000
knapsack,spanner,120,1,repair,mga,120,1200000,-19132,True,15,-19132,28680,28680
knapsack,spanner,120,1,repair,mga,120,1200000,-19132,True,16,-19132,167983,167983
knapsack,spanner,120,1,repair,mga,120,1200000,-19132,True,17,-19132,4230,4230
knapsack,spanner,120,1,repair,mga,120,1200000,-19132,True,18,-19132,996,996
knapsack,spanner,120,1,repair,mga,120,1200000,-19132,True,19,-19132,123433,123433
knapsack,spanner,120,1,repair,mga,120,1200000,-19132,True,20,-19132,9733,9733
knapsack,spanner,120,1,repair,mga,120,1200000,-19132,True,21,-19132,4734,4734
knapsack,spanner,120,1,repair,mga,120,1200000,-19132,True,22,-19132,8833,8833
knapsack,spanner,120,1,repair,mga,120,1200000,-19132,True,23,-19132,283,283
knapsack,spanner,120,1,repair,mga,120,1200000,-19132,True,24,-19132,41533,41533
knapsack,spanner,120,1,repair,mga,120,1200000,-19132,True,25,-19132,75283,75283
knapsack,spanner,120,1,repair,mga,120,1200000,-19132,True,26,-19132,19080,19080
knapsack,spanner,120,1,repair,mga,120,1200000,-19132,True,27,-19083,,1200000
knapsack,spanner,120,1,repair,mga,120,1200000,-19132,True,28,-19083,,1200000
knapsack,spanner,120,1,repair,mga,120,1200000,-19132,True,29,-19132,441030,441030
knapsack,spanner,120,1,repair,mga,120,1200000,-19132,True,30,-19132,272833,272833
knapsack,mstr,120,2,repair,floor,120,1200000,-48473,True,0,-48471,,1200000
knapsack,mstr,120,2,repair,floor,120,1200000,-48473,True,1,-48373,,1200000
knapsack,mstr,120,2,repair,floor,120,1200000,-48473,True,2,-48463,,1200000
knapsack,mstr,120,2,repair,floor,120,1200000,-48473,True,3,-48422,,1200000
knapsack,mstr,120,2,repair,floor,120,1200000,-48473,True,4,-48429,,1200000
knapsack,mstr,120,2,repair,floor,120,1200000,-48473,True,5,-48373,,1200000
knapsack,mstr,120,2,repair,floor,120,1200000,-48473,True,6,-48471,,1200000
knapsack,mstr,120,2,repair,floor,120,1200000,-48473,True,7,-48470,,1200000
knapsack,mstr,120,2,repair,floor,120,1200000,-48473,True,8,-48469,,1200000
knapsack,mstr,120,2,repair,floor,120,1200000,-48473,True,9,-48373,,1200000
knapsack,mstr,120,2,repair,floor,120,1200000,-48473,True,10,-48370,,1200000
knapsack,mstr,120,2,repair,floor,120,1200000,-48473,True,11,-48457,,1200000
knapsack,mstr,120,2,repair,floor,120,1200000,-48473,True,12,-48468,,1200000
knapsack,mstr,120,2,repair,floor,120,1200000,-48473,True,13,-48373,,1200000
knapsack,mstr,120,2,repair,floor,120,1200000,-48473,True,14,-48372,,1200000
knapsack,mstr,120,2,repair,floor,120,1200000,-48473,True,15,-48371,,1200000
knapsack,mstr,120,2,repair,floor,120,1200000,-48473,True,16,-48370,,1200000
knapsack,mstr,120,2,repair,floor,120,1200000,-48473,True,17,-48467,,1200000
knapsack,mstr,120,2,repair,floor,120,1200000,-48473,True,18,-48373,,1200000
knapsack,mstr,120,2,repair,floor,120,1200000,-48473,True,19,-48458,,1200000
knapsack,mstr,120,2,repair,floor,120,1200000,-48473,True,20,-48469,,1200000
knapsack,mstr,120,2,repair,floor,120,1200000,-48473,True,21,-48473,1193947,1193947
knapsack,mstr,120,2,repair,floor,120,1200000,-48473,True,22,-48373,,1200000
knapsack,mstr,120,2,repair,floor,120,1200000,-48473,True,23,-48460,,1200000
knapsack,mstr,120,2,repair,floor,120,1200000,-48473,True,24,-48369,,1200000
knapsack,mstr,120,2,repair,floor,120,1200000,-48473,True,25,-48466,,1200000
knapsack,mstr,120,2,repair,floor,120,1200000,-48473,True,26,-48372,,1200000
knapsack,mstr,120,2,repair,floor,120,1200000,-48473,True,27,-48394,,1200000
knapsack,mstr,120,2,repair,floor,120,1200000,-48473,True,28,-48373,,1200000
knapsack,mstr,120,2,repair,floor,120,1200000,-48473,True,29,-48469,,1200000
knapsack,mstr,120,2,repair,floor,120,1200000,-48473,True,30,-48373,,1200000
knapsack,mstr,120,2,repair,ils,120,1200000,-48473,True,0,-48472,,1200000
knapsack,mstr,120,2,repair,ils,120,1200000,-48473,True,1,-48472,,1200000
knapsack,mstr,120,2,repair,ils,120,1200000,-48473,True,2,-48472,,1200000
knapsack,mstr,120,2,repair,ils,120,1200000,-48473,True,3,-48472,,1200000
knapsack,mstr,120,2,repair,ils,120,1200000,-48473,True,4,-48471,,1200000
knapsack,mstr,120,2,repair,ils,120,1200000,-48473,True,5,-48472,,1200000
knapsack,mstr,120,2,repair,ils,120,1200000,-48473,True,6,-48472,,1200000
knapsack,mstr,120,2,repair,ils,120,1200000,-48473,True,7,-48472,,1200000
knapsack,mstr,120,2,repair,ils,120,1200000,-48473,True,8,-48471,,1200000
knapsack,mstr,120,2,repair,ils,120,1200000,-48473,True,9,-48473,85618,85618
knapsack,mstr,120,2,repair,ils,120,1200000,-48473,True,10,-48471,,1200000
knapsack,mstr,120,2,repair,ils,120,1200000,-48473,True,11,-48473,229625,229625
knapsack,mstr,120,2,repair,ils,120,1200000,-48473,True,12,-48472,,1200000
knapsack,mstr,120,2,repair,ils,120,1200000,-48473,True,13,-48472,,1200000
knapsack,mstr,120,2,repair,ils,120,1200000,-48473,True,14,-48472,,1200000
knapsack,mstr,120,2,repair,ils,120,1200000,-48473,True,15,-48472,,1200000
knapsack,mstr,120,2,repair,ils,120,1200000,-48473,True,16,-48472,,1200000
knapsack,mstr,120,2,repair,ils,120,1200000,-48473,True,17,-48472,,1200000
knapsack,mstr,120,2,repair,ils,120,1200000,-48473,True,18,-48472,,1200000
knapsack,mstr,120,2,repair,ils,120,1200000,-48473,True,19,-48472,,1200000
knapsack,mstr,120,2,repair,ils,120,1200000,-48473,True,20,-48472,,1200000
knapsack,mstr,120,2,repair,ils,120,1200000,-48473,True,21,-48472,,1200000
knapsack,mstr,120,2,repair,ils,120,1200000,-48473,True,22,-48472,,1200000
knapsack,mstr,120,2,repair,ils,120,1200000,-48473,True,23,-48470,,1200000
knapsack,mstr,120,2,repair,ils,120,1200000,-48473,True,24,-48472,,1200000
knapsack,mstr,120,2,repair,ils,120,1200000,-48473,True,25,-48472,,1200000
knapsack,mstr,120,2,repair,ils,120,1200000,-48473,True,26,-48472,,1200000
knapsack,mstr,120,2,repair,ils,120,1200000,-48473,True,27,-48472,,1200000
knapsack,mstr,120,2,repair,ils,120,1200000,-48473,True,28,-48471,,1200000
knapsack,mstr,120,2,repair,ils,120,1200000,-48473,True,29,-48471,,1200000
knapsack,mstr,120,2,repair,ils,120,1200000,-48473,True,30,-48472,,1200000
knapsack,spanner,120,2,repair,mga,120,1200000,-12323,True,0,-12323,4041,4041
knapsack,spanner,120,2,repair,mga,120,1200000,-12323,True,1,-12323,13668,13668
knapsack,spanner,120,2,repair,mga,120,1200000,-12323,True,2,-12323,282042,282042
knapsack,spanner,120,2,repair,mga,120,1200000,-12323,True,3,-12323,11486,11486
knapsack,spanner,120,2,repair,mga,120,1200000,-12323,True,4,-12316,,1200000
knapsack,spanner,120,2,repair,mga,120,1200000,-12323,True,5,-12323,310203,310203
knapsack,spanner,120,2,repair,mga,120,1200000,-12323,True,6,-12323,145956,145956
knapsack,spanner,120,2,repair,mga,120,1200000,-12323,True,7,-12323,487872,487872
knapsack,spanner,120,2,repair,mga,120,1200000,-12323,True,8,-12323,221146,221146
knapsack,spanner,120,2,repair,mga,120,1200000,-12323,True,9,-12323,3267,3267
knapsack,spanner,120,2,repair,mga,120,1200000,-12323,True,10,-12323,129152,129152
knapsack,spanner,120,2,repair,mga,120,1200000,-12323,True,11,-12323,1159,1159
knapsack,spanner,120,2,repair,mga,120,1200000,-12323,True,12,-12323,962,962
knapsack,spanner,120,2,repair,mga,120,1200000,-12323,True,13,-12323,18018,18018
knapsack,spanner,120,2,repair,mga,120,1200000,-12323,True,14,-12316,,1200000
knapsack,spanner,120,2,repair,mga,120,1200000,-12323,True,15,-12323,31061,31061
knapsack,spanner,120,2,repair,mga,120,1200000,-12323,True,16,-12323,336159,336159
knapsack,spanner,120,2,repair,mga,120,1200000,-12323,True,17,-12323,20585,20585
knapsack,spanner,120,2,repair,mga,120,1200000,-12323,True,18,-12316,,1200000
knapsack,spanner,120,2,repair,mga,120,1200000,-12323,True,19,-12323,249389,249389
knapsack,spanner,120,2,repair,mga,120,1200000,-12323,True,20,-12323,4797,4797
knapsack,spanner,120,2,repair,mga,120,1200000,-12323,True,21,-12316,,1200000
knapsack,spanner,120,2,repair,mga,120,1200000,-12323,True,22,-12323,11350,11350
knapsack,spanner,120,2,repair,mga,120,1200000,-12323,True,23,-12323,26029,26029
knapsack,spanner,120,2,repair,mga,120,1200000,-12323,True,24,-12323,27514,27514
knapsack,spanner,120,2,repair,mga,120,1200000,-12323,True,25,-12316,,1200000
knapsack,spanner,120,2,repair,mga,120,1200000,-12323,True,26,-12323,908213,908213
knapsack,spanner,120,2,repair,mga,120,1200000,-12323,True,27,-12323,3308,3308
knapsack,spanner,120,2,repair,mga,120,1200000,-12323,True,28,-12323,46640,46640
knapsack,spanner,120,2,repair,mga,120,1200000,-12323,True,29,-12323,4987,4987
knapsack,spanner,120,2,repair,mga,120,1200000,-12323,True,30,-12323,106878,106878
knapsack,mstr,120,2,repair,mga,120,1200000,-48473,True,0,-48471,,1200000
knapsack,mstr,120,2,repair,mga,120,1200000,-48473,True,1,-48370,,1200000
knapsack,mstr,120,2,repair,mga,120,1200000,-48473,True,2,-48373,,1200000
knapsack,mstr,120,2,repair,mga,120,1200000,-48473,True,3,-48471,,1200000
knapsack,mstr,120,2,repair,mga,120,1200000,-48473,True,4,-48471,,1200000
knapsack,mstr,120,2,repair,mga,120,1200000,-48473,True,5,-48471,,1200000
knapsack,mstr,120,2,repair,mga,120,1200000,-48473,True,6,-48471,,1200000
knapsack,mstr,120,2,repair,mga,120,1200000,-48473,True,7,-48470,,1200000
knapsack,mstr,120,2,repair,mga,120,1200000,-48473,True,8,-48372,,1200000
knapsack,mstr,120,2,repair,mga,120,1200000,-48473,True,9,-48473,175253,175253
knapsack,mstr,120,2,repair,mga,120,1200000,-48473,True,10,-48469,,1200000
knapsack,mstr,120,2,repair,mga,120,1200000,-48473,True,11,-48472,,1200000
knapsack,mstr,120,2,repair,mga,120,1200000,-48473,True,12,-48471,,1200000
knapsack,mstr,120,2,repair,mga,120,1200000,-48473,True,13,-48471,,1200000
knapsack,mstr,120,2,repair,mga,120,1200000,-48473,True,14,-48471,,1200000
knapsack,mstr,120,2,repair,mga,120,1200000,-48473,True,15,-48466,,1200000
knapsack,mstr,120,2,repair,mga,120,1200000,-48473,True,16,-48471,,1200000
knapsack,mstr,120,2,repair,mga,120,1200000,-48473,True,17,-48473,3834,3834
knapsack,mstr,120,2,repair,mga,120,1200000,-48473,True,18,-48471,,1200000
knapsack,mstr,120,2,repair,mga,120,1200000,-48473,True,19,-48370,,1200000
knapsack,mstr,120,2,repair,mga,120,1200000,-48473,True,20,-48471,,1200000
knapsack,mstr,120,2,repair,mga,120,1200000,-48473,True,21,-48471,,1200000
knapsack,mstr,120,2,repair,mga,120,1200000,-48473,True,22,-48373,,1200000
knapsack,mstr,120,2,repair,mga,120,1200000,-48473,True,23,-48466,,1200000
knapsack,mstr,120,2,repair,mga,120,1200000,-48473,True,24,-48469,,1200000
knapsack,mstr,120,2,repair,mga,120,1200000,-48473,True,25,-48471,,1200000
knapsack,mstr,120,2,repair,mga,120,1200000,-48473,True,26,-48469,,1200000
knapsack,mstr,120,2,repair,mga,120,1200000,-48473,True,27,-48471,,1200000
knapsack,mstr,120,2,repair,mga,120,1200000,-48473,True,28,-48471,,1200000
knapsack,mstr,120,2,repair,mga,120,1200000,-48473,True,29,-48471,,1200000
knapsack,mstr,120,2,repair,mga,120,1200000,-48473,True,30,-48471,,1200000
knapsack,spanner,120,0,repair,floor,120,1200000,-25872,True,0,-25870,,1200000
knapsack,spanner,120,0,repair,floor,120,1200000,-25872,True,1,-25868,,1200000
knapsack,spanner,120,0,repair,floor,120,1200000,-25872,True,2,-25872,408463,408463
knapsack,spanner,120,0,repair,floor,120,1200000,-25872,True,3,-25870,,1200000
knapsack,spanner,120,0,repair,floor,120,1200000,-25872,True,4,-25870,,1200000
knapsack,spanner,120,0,repair,floor,120,1200000,-25872,True,5,-25872,652459,652459
knapsack,spanner,120,0,repair,floor,120,1200000,-25872,True,6,-25868,,1200000
knapsack,spanner,120,0,repair,floor,120,1200000,-25872,True,7,-25870,,1200000
knapsack,spanner,120,0,repair,floor,120,1200000,-25872,True,8,-25868,,1200000
knapsack,spanner,120,0,repair,floor,120,1200000,-25872,True,9,-25868,,1200000
knapsack,spanner,120,0,repair,floor,120,1200000,-25872,True,10,-25872,588971,588971
knapsack,spanner,120,0,repair,floor,120,1200000,-25872,True,11,-25870,,1200000
knapsack,spanner,120,0,repair,floor,120,1200000,-25872,True,12,-25870,,1200000
knapsack,spanner,120,0,repair,floor,120,1200000,-25872,True,13,-25868,,1200000
knapsack,spanner,120,0,repair,floor,120,1200000,-25872,True,14,-25870,,1200000
knapsack,spanner,120,0,repair,floor,120,1200000,-25872,True,15,-25870,,1200000
knapsack,spanner,120,0,repair,floor,120,1200000,-25872,True,16,-25872,680626,680626
knapsack,spanner,120,0,repair,floor,120,1200000,-25872,True,17,-25870,,1200000
knapsack,spanner,120,0,repair,floor,120,1200000,-25872,True,18,-25870,,1200000
knapsack,spanner,120,0,repair,floor,120,1200000,-25872,True,19,-25868,,1200000
knapsack,spanner,120,0,repair,floor,120,1200000,-25872,True,20,-25870,,1200000
knapsack,spanner,120,0,repair,floor,120,1200000,-25872,True,21,-25868,,1200000
knapsack,spanner,120,0,repair,floor,120,1200000,-25872,True,22,-25870,,1200000
knapsack,spanner,120,0,repair,floor,120,1200000,-25872,True,23,-25870,,1200000
knapsack,spanner,120,0,repair,floor,120,1200000,-25872,True,24,-25870,,1200000
knapsack,spanner,120,0,repair,floor,120,1200000,-25872,True,25,-25870,,1200000
knapsack,spanner,120,0,repair,floor,120,1200000,-25872,True,26,-25870,,1200000
knapsack,spanner,120,0,repair,floor,120,1200000,-25872,True,27,-25870,,1200000
knapsack,spanner,120,0,repair,floor,120,1200000,-25872,True,28,-25870,,1200000
knapsack,spanner,120,0,repair,floor,120,1200000,-25872,True,29,-25870,,1200000
knapsack,spanner,120,0,repair,floor,120,1200000,-25872,True,30,-25872,1008227,1008227
