family,tag,n,idx,decoder,method,dim,budget,f_opt,exact,seed,best,ftt,fes
scp_orlib,scp42,1000,0,penalty,ils,1000,10000000,512,True,0,539,,10000000
scp_orlib,scp42,1000,0,penalty,ils,1000,10000000,512,True,1,533,,10000000
scp_orlib,scp42,1000,0,penalty,ils,1000,10000000,512,True,2,539,,10000000
scp_orlib,scp42,1000,0,penalty,ils,1000,10000000,512,True,3,514,,10000000
scp_orlib,scp42,1000,0,penalty,ils,1000,10000000,512,True,4,533,,10000000
scp_orlib,scp42,1000,0,penalty,ils,1000,10000000,512,True,5,554,,10000000
scp_orlib,scp42,1000,0,penalty,ils,1000,10000000,512,True,6,534,,10000000
scp_orlib,scp42,1000,0,penalty,ils,1000,10000000,512,True,7,546,,10000000
scp_orlib,scp42,1000,0,penalty,ils,1000,10000000,512,True,8,538,,10000000
scp_orlib,scp42,1000,0,penalty,ils,1000,10000000,512,True,9,540,,10000000
scp_orlib,scp42,1000,0,penalty,ils,1000,10000000,512,True,10,550,,10000000
scp_orlib,scp42,1000,0,penalty,ils,1000,10000000,512,True,11,533,,10000000
scp_orlib,scp42,1000,0,penalty,ils,1000,10000000,512,True,12,523,,10000000
scp_orlib,scp42,1000,0,penalty,ils,1000,10000000,512,True,13,533,,10000000
scp_orlib,scp42,1000,0,penalty,ils,1000,10000000,512,True,14,543,,10000000
scp_orlib,scp42,1000,0,penalty,ils,1000,10000000,512,True,15,548,,10000000
scp_orlib,scp42,1000,0,penalty,ils,1000,10000000,512,True,16,547,,10000000
scp_orlib,scp42,1000,0,penalty,ils,1000,10000000,512,True,17,552,,10000000
scp_orlib,scp42,1000,0,penalty,ils,1000,10000000,512,True,18,533,,10000000
scp_orlib,scp42,1000,0,penalty,ils,1000,10000000,512,True,19,554,,10000000
scp_orlib,scp42,1000,0,penalty,ils,1000,10000000,512,True,20,541,,10000000
scp_orlib,scp42,1000,0,penalty,ils,1000,10000000,512,True,21,534,,10000000
scp_orlib,scp42,1000,0,penalty,ils,1000,10000000,512,True,22,553,,10000000
scp_orlib,scp42,1000,0,penalty,ils,1000,10000000,512,True,23,534,,10000000
scp_orlib,scp42,1000,0,penalty,ils,1000,10000000,512,True,24,533,,10000000
scp_orlib,scp42,1000,0,penalty,ils,1000,10000000,512,True,25,525,,10000000
scp_orlib,scp42,1000,0,penalty,ils,1000,10000000,512,True,26,538,,10000000
scp_orlib,scp42,1000,0,penalty,ils,1000,10000000,512,True,27,521,,10000000
scp_orlib,scp42,1000,0,penalty,ils,1000,10000000,512,True,28,551,,10000000
scp_orlib,scp42,1000,0,penalty,ils,1000,10000000,512,True,29,549,,10000000
scp_orlib,scp42,1000,0,penalty,ils,1000,10000000,512,True,30,540,,10000000
scp_orlib,scp43,1000,0,penalty,ils,1000,10000000,516,True,0,538,,10000000
scp_orlib,scp43,1000,0,penalty,ils,1000,10000000,516,True,1,528,,10000000
scp_orlib,scp43,1000,0,penalty,ils,1000,10000000,516,True,2,528,,10000000
scp_orlib,scp43,1000,0,penalty,ils,1000,10000000,516,True,3,518,,10000000
scp_orlib,scp43,1000,0,penalty,ils,1000,10000000,516,True,4,527,,10000000
scp_orlib,scp43,1000,0,penalty,ils,1000,10000000,516,True,5,528,,10000000
scp_orlib,scp43,1000,0,penalty,ils,1000,10000000,516,True,6,528,,10000000
scp_orlib,scp43,1000,0,penalty,ils,1000,10000000,516,True,7,518,,10000000
scp_orlib,scp43,1000,0,penalty,ils,1000,10000000,516,True,8,533,,10000000
scp_orlib,scp43,1000,0,penalty,ils,1000,10000000,516,True,9,523,,10000000
scp_orlib,scp43,1000,0,penalty,ils,1000,10000000,516,True,10,521,,10000000
scp_orlib,scp43,1000,0,penalty,ils,1000,10000000,516,True,11,518,,10000000
scp_orlib,scp43,1000,0,penalty,ils,1000,10000000,516,True,12,529,,10000000
scp_orlib,scp43,1000,0,penalty,ils,1000,10000000,516,True,13,528,,10000000
scp_orlib,scp43,1000,0,penalty,ils,1000,10000000,516,True,14,524,,10000000
scp_orlib,scp43,1000,0,penalty,ils,1000,10000000,516,True,15,529,,10000000
scp_orlib,scp43,1000,0,penalty,ils,1000,10000000,516,True,16,528,,10000000
scp_orlib,scp43,1000,0,penalty,ils,1000,10000000,516,True,17,529,,10000000
scp_orlib,scp43,1000,0,penalty,ils,1000,10000000,516,True,18,532,,10000000
scp_orlib,scp43,1000,0,penalty,ils,1000,10000000,516,True,19,532,,10000000
scp_orlib,scp43,1000,0,penalty,ils,1000,10000000,516,True,20,524,,10000000
scp_orlib,scp43,1000,0,penalty,ils,1000,10000000,516,True,21,528,,10000000
scp_orlib,scp43,1000,0,penalty,ils,1000,10000000,516,True,22,534,,10000000
scp_orlib,scp43,1000,0,penalty,ils,1000,10000000,516,True,23,528,,10000000
scp_orlib,scp43,1000,0,penalty,ils,1000,10000000,516,True,24,517,,10000000
scp_orlib,scp43,1000,0,penalty,ils,1000,10000000,516,True,25,534,,10000000
scp_orlib,scp43,1000,0,penalty,ils,1000,10000000,516,True,26,529,,10000000
scp_orlib,scp43,1000,0,penalty,ils,1000,10000000,516,True,27,526,,10000000
scp_orlib,scp43,1000,0,penalty,ils,1000,10000000,516,True,28,533,,10000000
scp_orlib,scp43,1000,0,penalty,ils,1000,10000000,516,True,29,531,,10000000
scp_orlib,scp43,1000,0,penalty,ils,1000,10000000,516,True,30,529,,10000000
scp_orlib,scp41,1000,0,penalty,ils,1000,10000000,429,True,0,443,,10000000
scp_orlib,scp41,1000,0,penalty,ils,1000,10000000,429,True,1,435,,10000000
scp_orlib,scp41,1000,0,penalty,ils,1000,10000000,429,True,2,437,,10000000
scp_orlib,scp41,1000,0,penalty,ils,1000,10000000,429,True,3,440,,10000000
scp_orlib,scp41,1000,0,penalty,ils,1000,10000000,429,True,4,443,,10000000
scp_orlib,scp41,1000,0,penalty,ils,1000,10000000,429,True,5,437,,10000000
scp_orlib,scp41,1000,0,penalty,ils,1000,10000000,429,True,6,449,,10000000
scp_orlib,scp41,1000,0,penalty,ils,1000,10000000,429,True,7,443,,10000000
scp_orlib,scp41,1000,0,penalty,ils,1000,10000000,429,True,8,434,,10000000
scp_orlib,scp41,1000,0,penalty,ils,1000,10000000,429,True,9,448,,10000000
scp_orlib,scp41,1000,0,penalty,ils,1000,10000000,429,True,10,444,,10000000
scp_orlib,scp41,1000,0,penalty,ils,1000,10000000,429,True,11,439,,10000000
scp_orlib,scp41,1000,0,penalty,ils,1000,10000000,429,True,12,486,,10000000
scp_orlib,scp41,1000,0,penalty,ils,1000,10000000,429,True,13,448,,10000000
scp_orlib,scp41,1000,0,penalty,ils,1000,10000000,429,True,14,437,,10000000
scp_orlib,scp41,1000,0,penalty,ils,1000,10000000,429,True,15,443,,10000000
scp_orlib,scp41,1000,0,penalty,ils,1000,10000000,429,True,16,441,,10000000
scp_orlib,scp41,1000,0,penalty,ils,1000,10000000,429,True,17,443,,10000000
scp_orlib,scp41,1000,0,penalty,ils,1000,10000000,429,True,18,433,,10000000
scp_orlib,scp41,1000,0,penalty,ils,1000,10000000,429,True,19,450,,10000000
scp_orlib,scp41,1000,0,penalty,ils,1000,10000000,429,True,20,442,,10000000
scp_orlib,scp41,1000,0,penalty,ils,1000,10000000,429,True,21,436,,10000000
scp_orlib,scp41,1000,0,penalty,ils,1000,10000000,429,True,22,439,,10000000
scp_orlib,scp41,1000,0,penalty,ils,1000,10000000,429,True,23,438,,10000000
scp_orlib,scp41,1000,0,penalty,ils,1000,10000000,429,True,24,444,,10000000
scp_orlib,scp41,1000,0,penalty,ils,1000,10000000,429,True,25,433,,10000000
scp_orlib,scp41,1000,0,penalty,ils,1000,10000000,429,True,26,432,,10000000
scp_orlib,scp41,1000,0,penalty,ils,1000,10000000,429,True,27,437,,10000000
scp_orlib,scp41,1000,0,penalty,ils,1000,10000000,429,True,28,437,,10000000
scp_orlib,scp41,1000,0,penalty,ils,1000,10000000,429,True,29,443,,10000000
scp_orlib,scp41,1000,0,penalty,ils,1000,10000000,429,True,30,445,,10000000
scp_orlib,scp47,1000,0,penalty,ils,1000,10000000,430,True,0,441,,10000000
scp_orlib,scp47,1000,0,penalty,ils,1000,10000000,430,True,1,440,,10000000
scp_orlib,scp47,1000,0,penalty,ils,1000,10000000,430,True,2,434,,10000000
scp_orlib,scp47,1000,0,penalty,ils,1000,10000000,430,True,3,434,,10000000
scp_orlib,scp47,1000,0,penalty,ils,1000,10000000,430,True,4,432,,10000000
scp_orlib,scp47,1000,0,penalty,ils,1000,10000000,430,True,5,439,,10000000
scp_orlib,scp47,1000,0,penalty,ils,1000,10000000,430,True,6,434,,10000000
scp_orlib,scp47,1000,0,penalty,ils,1000,10000000,430,True,7,434,,10000000
scp_orlib,scp47,1000,0,penalty,ils,1000,10000000,430,True,8,440,,10000000
scp_orlib,scp47,1000,0,penalty,ils,1000,10000000,430,True,9,435,,10000000
scp_orlib,scp47,1000,0,penalty,ils,1000,10000000,430,True,10,434,,10000000
scp_orlib,scp47,1000,0,penalty,ils,1000,10000000,430,True,11,434,,10000000
scp_orlib,scp47,1000,0,penalty,ils,1000,10000000,430,True,12,439,,10000000
scp_orlib,scp47,1000,0,penalty,ils,1000,10000000,430,True,13,443,,10000000
scp_orlib,scp47,1000,0,penalty,ils,1000,10000000,430,True,14,434,,10000000
scp_orlib,scp47,1000,0,penalty,ils,1000,10000000,430,True,15,439,,10000000
scp_orlib,scp47,1000,0,penalty,ils,1000,10000000,430,True,16,434,,10000000
scp_orlib,scp47,1000,0,penalty,ils,1000,10000000,430,True,17,434,,10000000
scp_orlib,scp47,1000,0,penalty,ils,1000,10000000,430,True,18,432,,10000000
scp_orlib,scp47,1000,0,penalty,ils,1000,10000000,430,True,19,434,,10000000
scp_orlib,scp47,1000,0,penalty,ils,1000,10000000,430,True,20,434,,10000000
scp_orlib,scp47,1000,0,penalty,ils,1000,10000000,430,True,21,434,,10000000
scp_orlib,scp47,1000,0,penalty,ils,1000,10000000,430,True,22,434,,10000000
scp_orlib,scp47,1000,0,penalty,ils,1000,10000000,430,True,23,442,,10000000
scp_orlib,scp47,1000,0,penalty,ils,1000,10000000,430,True,24,432,,10000000
scp_orlib,scp47,1000,0,penalty,ils,1000,10000000,430,True,25,439,,10000000
scp_orlib,scp47,1000,0,penalty,ils,1000,10000000,430,True,26,439,,10000000
scp_orlib,scp47,1000,0,penalty,ils,1000,10000000,430,True,27,440,,10000000
scp_orlib,scp47,1000,0,penalty,ils,1000,10000000,430,True,28,441,,10000000
scp_orlib,scp47,1000,0,penalty,ils,1000,10000000,430,True,29,440,,10000000
scp_orlib,scp47,1000,0,penalty,ils,1000,10000000,430,True,30,454,,10000000
scp_orlib,scp44,1000,0,penalty,ils,1000,10000000,494,True,0,536,,10000000
scp_orlib,scp44,1000,0,penalty,ils,1000,10000000,494,True,1,511,,10000000
scp_orlib,scp44,1000,0,penalty,ils,1000,10000000,494,True,2,529,,10000000
scp_orlib,scp44,1000,0,penalty,ils,1000,10000000,494,True,3,509,,10000000
scp_orlib,scp44,1000,0,penalty,ils,1000,10000000,494,True,4,500,,10000000
scp_orlib,scp44,1000,0,penalty,ils,1000,10000000,494,True,5,513,,10000000
scp_orlib,scp44,1000,0,penalty,ils,1000,10000000,494,True,6,497,,10000000
scp_orlib,scp44,1000,0,penalty,ils,1000,10000000,494,True,7,525,,10000000
scp_orlib,scp44,1000,0,penalty,ils,1000,10000000,494,True,8,509,,10000000
scp_orlib,scp44,1000,0,penalty,ils,1000,10000000,494,True,9,500,,10000000
scp_orlib,scp44,1000,0,penalty,ils,1000,10000000,494,True,10,513,,10000000
scp_orlib,scp44,1000,0,penalty,ils,1000,10000000,494,True,11,505,,10000000
scp_orlib,scp44,1000,0,penalty,ils,1000,10000000,494,True,12,536,,10000000
scp_orlib,scp44,1000,0,penalty,ils,1000,10000000,494,True,13,527,,10000000
scp_orlib,scp44,1000,0,penalty,ils,1000,10000000,494,True,14,510,,10000000
scp_orlib,scp44,1000,0,penalty,ils,1000,10000000,494,True,15,509,,10000000
scp_orlib,scp44,1000,0,penalty,ils,1000,10000000,494,True,16,529,,10000000
scp_orlib,scp44,1000,0,penalty,ils,1000,10000000,494,True,17,503,,10000000
scp_orlib,scp44,1000,0,penalty,ils,1000,10000000,494,True,18,527,,10000000
scp_orlib,scp44,1000,0,penalty,ils,1000,10000000,494,True,19,509,,10000000
scp_orlib,scp44,1000,0,penalty,ils,1000,10000000,494,True,20,505,,10000000
scp_orlib,scp44,1000,0,penalty,ils,1000,10000000,494,True,21,512,,10000000
scp_orlib,scp44,1000,0,penalty,ils,1000,10000000,494,True,22,514,,10000000
scp_orlib,scp44,1000,0,penalty,ils,1000,10000000,494,True,23,514,,10000000
scp_orlib,scp44,1000,0,penalty,ils,1000,10000000,494,True,24,502,,10000000
scp_orlib,scp44,1000,0,penalty,ils,1000,10000000,494,True,25,502,,10000000
scp_orlib,scp44,1000,0,penalty,ils,1000,10000000,494,True,26,500,,10000000
scp_orlib,scp44,1000,0,penalty,ils,1000,10000000,494,True,27,513,,10000000
scp_orlib,scp44,1000,0,penalty,ils,1000,10000000,494,True,28,503,,10000000
scp_orlib,scp44,1000,0,penalty,ils,1000,10000000,494,True,29,506,,10000000
scp_orlib,scp44,1000,0,penalty,ils,1000,10000000,494,True,30,506,,10000000
scp_orlib,scp46,1000,0,penalty,ils,1000,10000000,560,True,0,586,,10000000
scp_orlib,scp46,1000,0,penalty,ils,1000,10000000,560,True,1,569,,10000000
scp_orlib,scp46,1000,0,penalty,ils,1000,10000000,560,True,2,587,,10000000
scp_orlib,scp46,1000,0,penalty,ils,1000,10000000,560,True,3,598,,10000000
scp_orlib,scp46,1000,0,penalty,ils,1000,10000000,560,True,4,589,,10000000
scp_orlib,scp46,1000,0,penalty,ils,1000,10000000,560,True,5,594,,10000000
scp_orlib,scp46,1000,0,penalty,ils,1000,10000000,560,True,6,576,,10000000
scp_orlib,scp46,1000,0,penalty,ils,1000,10000000,560,True,7,562,,10000000
scp_orlib,scp46,1000,0,penalty,ils,1000,10000000,560,True,8,563,,10000000
scp_orlib,scp46,1000,0,penalty,ils,1000,10000000,560,True,9,578,,10000000
scp_orlib,scp46,1000,0,penalty,ils,1000,10000000,560,True,10,580,,10000000
scp_orlib,scp46,1000,0,penalty,ils,1000,10000000,560,True,11,576,,10000000
scp_orlib,scp46,1000,0,penalty,ils,1000,10000000,560,True,12,585,,10000000
scp_orlib,scp46,1000,0,penalty,ils,1000,10000000,560,True,13,582,,10000000
scp_orlib,scp46,1000,0,penalty,ils,1000,10000000,560,True,14,572,,10000000
scp_orlib,scp46,1000,0,penalty,ils,1000,10000000,560,True,15,571,,10000000
scp_orlib,scp46,1000,0,penalty,ils,1000,10000000,560,True,16,604,,10000000
scp_orlib,scp46,1000,0,penalty,ils,1000,10000000,560,True,17,579,,10000000
scp_orlib,scp46,1000,0,penalty,ils,1000,10000000,560,True,18,568,,10000000
scp_orlib,scp46,1000,0,penalty,ils,1000,10000000,560,True,19,582,,10000000
scp_orlib,scp46,1000,0,penalty,ils,1000,10000000,560,True,20,564,,10000000
scp_orlib,scp46,1000,0,penalty,ils,1000,10000000,560,True,21,580,,10000000
scp_orlib,scp46,1000,0,penalty,ils,1000,10000000,560,True,22,564,,10000000
scp_orlib,scp46,1000,0,penalty,ils,1000,10000000,560,True,23,562,,10000000
scp_orlib,scp46,1000,0,penalty,ils,1000,10000000,560,True,24,567,,10000000
scp_orlib,scp46,1000,0,penalty,ils,1000,10000000,560,True,25,585,,10000000
scp_orlib,scp46,1000,0,penalty,ils,1000,10000000,560,True,26,579,,10000000
scp_orlib,scp46,1000,0,penalty,ils,1000,10000000,560,True,27,567,,10000000
scp_orlib,scp46,1000,0,penalty,ils,1000,10000000,560,True,28,584,,10000000
scp_orlib,scp46,1000,0,penalty,ils,1000,10000000,560,True,29,588,,10000000
scp_orlib,scp46,1000,0,penalty,ils,1000,10000000,560,True,30,579,,10000000
scp_orlib,scp48,1000,0,penalty,ils,1000,10000000,492,True,0,503,,10000000
scp_orlib,scp48,1000,0,penalty,ils,1000,10000000,492,True,1,505,,10000000
scp_orlib,scp48,1000,0,penalty,ils,1000,10000000,492,True,2,499,,10000000
scp_orlib,scp48,1000,0,penalty,ils,1000,10000000,492,True,3,497,,10000000
scp_orlib,scp48,1000,0,penalty,ils,1000,10000000,492,True,4,505,,10000000
scp_orlib,scp48,1000,0,penalty,ils,1000,10000000,492,True,5,516,,10000000
scp_orlib,scp48,1000,0,penalty,ils,1000,10000000,492,True,6,505,,10000000
scp_orlib,scp48,1000,0,penalty,ils,1000,10000000,492,True,7,503,,10000000
scp_orlib,scp48,1000,0,penalty,ils,1000,10000000,492,True,8,508,,10000000
scp_orlib,scp48,1000,0,penalty,ils,1000,10000000,492,True,9,507,,10000000
scp_orlib,scp48,1000,0,penalty,ils,1000,10000000,492,True,10,499,,10000000
scp_orlib,scp48,1000,0,penalty,ils,1000,10000000,492,True,11,525,,10000000
scp_orlib,scp48,1000,0,penalty,ils,1000,10000000,492,True,12,505,,10000000
scp_orlib,scp48,1000,0,penalty,ils,1000,10000000,492,True,13,499,,10000000
scp_orlib,scp48,1000,0,penalty,ils,1000,10000000,492,True,14,499,,10000000
scp_orlib,scp48,1000,0,penalty,ils,1000,10000000,492,True,15,501,,10000000
scp_orlib,scp48,1000,0,penalty,ils,1000,10000000,492,True,16,501,,10000000
scp_orlib,scp48,1000,0,penalty,ils,1000,10000000,492,True,17,505,,10000000
scp_orlib,scp48,1000,0,penalty,ils,1000,10000000,492,True,18,497,,10000000
scp_orlib,scp48,1000,0,penalty,ils,1000,10000000,492,True,19,499,,10000000
scp_orlib,scp48,1000,0,penalty,ils,1000,10000000,492,True,20,505,,10000000
scp_orlib,scp48,1000,0,penalty,ils,1000,10000000,492,True,21,505,,10000000
scp_orlib,scp48,1000,0,penalty,ils,1000,10000000,492,True,22,499,,10000000
scp_orlib,scp48,1000,0,penalty,ils,1000,10000000,492,True,23,497,,10000000
scp_orlib,scp48,1000,0,penalty,ils,1000,10000000,492,True,24,499,,10000000
scp_orlib,scp48,1000,0,penalty,ils,1000,10000000,492,True,25,499,,10000000
scp_orlib,scp48,1000,0,penalty,ils,1000,10000000,492,True,26,499,,10000000
scp_orlib,scp48,1000,0,penalty,ils,1000,10000000,492,True,27,499,,10000000
scp_orlib,scp48,1000,0,penalty,ils,1000,10000000,492,True,28,499,,10000000
scp_orlib,scp48,1000,0,penalty,ils,1000,10000000,492,True,29,497,,10000000
scp_orlib,scp48,1000,0,penalty,ils,1000,10000000,492,True,30,505,,10000000
scp_orlib,scp45,1000,0,penalty,ils,1000,10000000,512,True,0,526,,10000000
scp_orlib,scp45,1000,0,penalty,ils,1000,10000000,512,True,1,525,,10000000
scp_orlib,scp45,1000,0,penalty,ils,1000,10000000,512,True,2,524,,10000000
scp_orlib,scp45,1000,0,penalty,ils,1000,10000000,512,True,3,518,,10000000
scp_orlib,scp45,1000,0,penalty,ils,1000,10000000,512,True,4,518,,10000000
scp_orlib,scp45,1000,0,penalty,ils,1000,10000000,512,True,5,521,,10000000
scp_orlib,scp45,1000,0,penalty,ils,1000,10000000,512,True,6,518,,10000000
scp_orlib,scp45,1000,0,penalty,ils,1000,10000000,512,True,7,524,,10000000
scp_orlib,scp45,1000,0,penalty,ils,1000,10000000,512,True,8,534,,10000000
scp_orlib,scp45,1000,0,penalty,ils,1000,10000000,512,True,9,518,,10000000
scp_orlib,scp45,1000,0,penalty,ils,1000,10000000,512,True,10,518,,10000000
scp_orlib,scp45,1000,0,penalty,ils,1000,10000000,512,True,11,517,,10000000
scp_orlib,scp45,1000,0,penalty,ils,1000,10000000,512,True,12,523,,10000000
scp_orlib,scp45,1000,0,penalty,ils,1000,10000000,512,True,13,517,,10000000
scp_orlib,scp45,1000,0,penalty,ils,1000,10000000,512,True,14,517,,10000000
scp_orlib,scp45,1000,0,penalty,ils,1000,10000000,512,True,15,534,,10000000
scp_orlib,scp45,1000,0,penalty,ils,1000,10000000,512,True,16,518,,10000000
scp_orlib,scp45,1000,0,penalty,ils,1000,10000000,512,True,17,517,,10000000
scp_orlib,scp45,1000,0,penalty,ils,1000,10000000,512,True,18,525,,10000000
scp_orlib,scp45,1000,0,penalty,ils,1000,10000000,512,True,19,525,,10000000
scp_orlib,scp45,1000,0,penalty,ils,1000,10000000,512,True,20,518,,10000000
scp_orlib,scp45,1000,0,penalty,ils,1000,10000000,512,True,21,526,,10000000
scp_orlib,scp45,1000,0,penalty,ils,1000,10000000,512,True,22,518,,10000000
scp_orlib,scp45,1000,0,penalty,ils,1000,10000000,512,True,23,527,,10000000
scp_orlib,scp45,1000,0,penalty,ils,1000,10000000,512,True,24,518,,10000000
scp_orlib,scp45,1000,0,penalty,ils,1000,10000000,512,True,25,526,,10000000
scp_orlib,scp45,1000,0,penalty,ils,1000,10000000,512,True,26,523,,10000000
scp_orlib,scp45,1000,0,penalty,ils,1000,10000000,512,True,27,518,,10000000
scp_orlib,scp45,1000,0,penalty,ils,1000,10000000,512,True,28,526,,10000000
scp_orlib,scp45,1000,0,penalty,ils,1000,10000000,512,True,29,531,,10000000
scp_orlib,scp45,1000,0,penalty,ils,1000,10000000,512,True,30,518,,10000000
scp_orlib,scp41,1000,0,penalty,mga,1000,10000000,429,True,0,2689,,10000000
scp_orlib,scp41,1000,0,penalty,mga,1000,10000000,429,True,1,2381,,10000000
scp_orlib,scp41,1000,0,penalty,mga,1000,10000000,429,True,2,2994,,10000000
scp_orlib,scp41,1000,0,penalty,mga,1000,10000000,429,True,3,3034,,10000000
scp_orlib,scp41,1000,0,penalty,mga,1000,10000000,429,True,4,3332,,10000000
scp_orlib,scp41,1000,0,penalty,mga,1000,10000000,429,True,5,3104,,10000000
scp_orlib,scp41,1000,0,penalty,mga,1000,10000000,429,True,6,2656,,10000000
scp_orlib,scp41,1000,0,penalty,mga,1000,10000000,429,True,7,2965,,10000000
scp_orlib,scp41,1000,0,penalty,mga,1000,10000000,429,True,8,2379,,10000000
scp_orlib,scp41,1000,0,penalty,mga,1000,10000000,429,True,9,2244,,10000000
scp_orlib,scp41,1000,0,penalty,mga,1000,10000000,429,True,10,3371,,10000000
scp_orlib,scp41,1000,0,penalty,mga,1000,10000000,429,True,11,3017,,10000000
scp_orlib,scp41,1000,0,penalty,mga,1000,10000000,429,True,12,2589,,10000000
scp_orlib,scp41,1000,0,penalty,mga,1000,10000000,429,True,13,2776,,10000000
scp_orlib,scp41,1000,0,penalty,mga,1000,10000000,429,True,14,2972,,10000000
scp_orlib,scp41,1000,0,penalty,mga,1000,10000000,429,True,15,2221,,10000000
scp_orlib,scp41,1000,0,penalty,mga,1000,10000000,429,True,16,2787,,10000000
scp_orlib,scp41,1000,0,penalty,mga,1000,10000000,429,True,17,3080,,10000000
scp_orlib,scp41,1000,0,penalty,mga,1000,10000000,429,True,18,2718,,10000000
scp_orlib,scp41,1000,0,penalty,mga,1000,10000000,429,True,19,2852,,10000000
scp_orlib,scp41,1000,0,penalty,mga,1000,10000000,429,True,20,2831,,10000000
scp_orlib,scp41,1000,0,penalty,mga,1000,10000000,429,True,21,2655,,10000000
scp_orlib,scp41,1000,0,penalty,mga,1000,10000000,429,True,22,2837,,10000000
scp_orlib,scp41,1000,0,penalty,mga,1000,10000000,429,True,23,2961,,10000000
scp_orlib,scp41,1000,0,penalty,mga,1000,10000000,429,True,24,2548,,10000000
scp_orlib,scp41,1000,0,penalty,mga,1000,10000000,429,True,25,2687,,10000000
scp_orlib,scp41,1000,0,penalty,mga,1000,10000000,429,True,26,3133,,10000000
scp_orlib,scp41,1000,0,penalty,mga,1000,10000000,429,True,27,3321,,10000000
scp_orlib,scp41,1000,0,penalty,mga,1000,10000000,429,True,28,2929,,10000000
scp_orlib,scp41,1000,0,penalty,mga,1000,10000000,429,True,29,2929,,10000000
scp_orlib,scp41,1000,0,penalty,mga,1000,10000000,429,True,30,3339,,10000000
scp_orlib,scp43,1000,0,penalty,mga,1000,10000000,516,True,0,2564,,10000000
scp_orlib,scp43,1000,0,penalty,mga,1000,10000000,516,True,1,2486,,10000000
scp_orlib,scp43,1000,0,penalty,mga,1000,10000000,516,True,2,3012,,10000000
scp_orlib,scp43,1000,0,penalty,mga,1000,10000000,516,True,3,2669,,10000000
scp_orlib,scp43,1000,0,penalty,mga,1000,10000000,516,True,4,2725,,10000000
scp_orlib,scp43,1000,0,penalty,mga,1000,10000000,516,True,5,2640,,10000000
scp_orlib,scp43,1000,0,penalty,mga,1000,10000000,516,True,6,2791,,10000000
scp_orlib,scp43,1000,0,penalty,mga,1000,10000000,516,True,7,1956,,10000000
scp_orlib,scp43,1000,0,penalty,mga,1000,10000000,516,True,8,2861,,10000000
scp_orlib,scp43,1000,0,penalty,mga,1000,10000000,516,True,9,2847,,10000000
scp_orlib,scp43,1000,0,penalty,mga,1000,10000000,516,True,10,2603,,10000000
scp_orlib,scp43,1000,0,penalty,mga,1000,10000000,516,True,11,2065,,10000000
scp_orlib,scp43,1000,0,penalty,mga,1000,10000000,516,True,12,2384,,10000000
scp_orlib,scp43,1000,0,penalty,mga,1000,10000000,516,True,13,3019,,10000000
scp_orlib,scp43,1000,0,penalty,mga,1000,10000000,516,True,14,2895,,10000000
scp_orlib,scp43,1000,0,penalty,mga,1000,10000000,516,True,15,2552,,10000000
scp_orlib,scp43,1000,0,penalty,mga,1000,10000000,516,True,16,3195,,10000000
scp_orlib,scp43,1000,0,penalty,mga,1000,10000000,516,True,17,2977,,10000000
scp_orlib,scp43,1000,0,penalty,mga,1000,10000000,516,True,18,2631,,10000000
scp_orlib,scp43,1000,0,penalty,mga,1000,10000000,516,True,19,2740,,10000000
scp_orlib,scp43,1000,0,penalty,mga,1000,10000000,516,True,20,2081,,10000000
scp_orlib,scp43,1000,0,penalty,mga,1000,10000000,516,True,21,2830,,10000000
scp_orlib,scp43,1000,0,penalty,mga,1000,10000000,516,True,22,2434,,10000000
scp_orlib,scp43,1000,0,penalty,mga,1000,10000000,516,True,23,2551,,10000000
scp_orlib,scp43,1000,0,penalty,mga,1000,10000000,516,True,24,2877,,10000000
scp_orlib,scp43,1000,0,penalty,mga,1000,10000000,516,True,25,2823,,10000000
scp_orlib,scp43,1000,0,penalty,mga,1000,10000000,516,True,26,2144,,10000000
scp_orlib,scp43,1000,0,penalty,mga,1000,10000000,516,True,27,2548,,10000000
scp_orlib,scp43,1000,0,penalty,mga,1000,10000000,516,True,28,2567,,10000000
scp_orlib,scp43,1000,0,penalty,mga,1000,10000000,516,True,29,2827,,10000000
scp_orlib,scp43,1000,0,penalty,mga,1000,10000000,516,True,30,3048,,10000000
scp_orlib,scp42,1000,0,penalty,mga,1000,10000000,512,True,0,2969,,10000000
scp_orlib,scp42,1000,0,penalty,mga,1000,10000000,512,True,1,2898,,10000000
scp_orlib,scp42,1000,0,penalty,mga,1000,10000000,512,True,2,3070,,10000000
scp_orlib,scp42,1000,0,penalty,mga,1000,10000000,512,True,3,3271,,10000000
scp_orlib,scp42,1000,0,penalty,mga,1000,10000000,512,True,4,2965,,10000000
scp_orlib,scp42,1000,0,penalty,mga,1000,10000000,512,True,5,2483,,10000000
scp_orlib,scp42,1000,0,penalty,mga,1000,10000000,512,True,6,2980,,10000000
scp_orlib,scp42,1000,0,penalty,mga,1000,10000000,512,True,7,2722,,10000000
scp_orlib,scp42,1000,0,penalty,mga,1000,10000000,512,True,8,3217,,10000000
scp_orlib,scp42,1000,0,penalty,mga,1000,10000000,512,True,9,2812,,10000000
scp_orlib,scp42,1000,0,penalty,mga,1000,10000000,512,True,10,3179,,10000000
scp_orlib,scp42,1000,0,penalty,mga,1000,10000000,512,True,11,3040,,10000000
scp_orlib,scp42,1000,0,penalty,mga,1000,10000000,512,True,12,2770,,10000000
scp_orlib,scp42,1000,0,penalty,mga,1000,10000000,512,True,13,2826,,10000000
scp_orlib,scp42,1000,0,penalty,mga,1000,10000000,512,True,14,2303,,10000000
scp_orlib,scp42,1000,0,penalty,mga,1000,10000000,512,True,15,2804,,10000000
scp_orlib,scp42,1000,0,penalty,mga,1000,10000000,512,True,16,2467,,10000000
scp_orlib,scp42,1000,0,penalty,mga,1000,10000000,512,True,17,2901,,10000000
scp_orlib,scp42,1000,0,penalty,mga,1000,10000000,512,True,18,2691,,10000000
scp_orlib,scp42,1000,0,penalty,mga,1000,10000000,512,True,19,2329,,10000000
scp_orlib,scp42,1000,0,penalty,mga,1000,10000000,512,True,20,3069,,10000000
scp_orlib,scp42,1000,0,penalty,mga,1000,10000000,512,True,21,3084,,10000000
scp_orlib,scp42,1000,0,penalty,mga,1000,10000000,512,True,22,2255,,10000000
scp_orlib,scp42,1000,0,penalty,mga,1000,10000000,512,True,23,3202,,10000000
scp_orlib,scp42,1000,0,penalty,mga,1000,10000000,512,True,24,3248,,10000000
scp_orlib,scp42,1000,0,penalty,mga,1000,10000000,512,True,25,3205,,10000000
scp_orlib,scp42,1000,0,penalty,mga,1000,10000000,512,True,26,2878,,10000000
scp_orlib,scp42,1000,0,penalty,mga,1000,10000000,512,True,27,2268,,10000000
scp_orlib,scp42,1000,0,penalty,mga,1000,10000000,512,True,28,3015,,10000000
scp_orlib,scp42,1000,0,penalty,mga,1000,10000000,512,True,29,2425,,10000000
scp_orlib,scp42,1000,0,penalty,mga,1000,10000000,512,True,30,2466,,10000000
scp_orlib,scp48,1000,0,penalty,mga,1000,10000000,492,True,0,3106,,10000000
scp_orlib,scp48,1000,0,penalty,mga,1000,10000000,492,True,1,2736,,10000000
scp_orlib,scp48,1000,0,penalty,mga,1000,10000000,492,True,2,2436,,10000000
scp_orlib,scp48,1000,0,penalty,mga,1000,10000000,492,True,3,2709,,10000000
scp_orlib,scp48,1000,0,penalty,mga,1000,10000000,492,True,4,2570,,10000000
scp_orlib,scp48,1000,0,penalty,mga,1000,10000000,492,True,5,2942,,10000000
scp_orlib,scp48,1000,0,penalty,mga,1000,10000000,492,True,6,2185,,10000000
scp_orlib,scp48,1000,0,penalty,mga,1000,10000000,492,True,7,2820,,10000000
scp_orlib,scp48,1000,0,penalty,mga,1000,10000000,492,True,8,2539,,10000000
scp_orlib,scp48,1000,0,penalty,mga,1000,10000000,492,True,9,2517,,10000000
scp_orlib,scp48,1000,0,penalty,mga,1000,10000000,492,True,10,2803,,10000000
scp_orlib,scp48,1000,0,penalty,mga,1000,10000000,492,True,11,2587,,10000000
scp_orlib,scp48,1000,0,penalty,mga,1000,10000000,492,True,12,2956,,10000000
scp_orlib,scp48,1000,0,penalty,mga,1000,10000000,492,True,13,2645,,10000000
scp_orlib,scp48,1000,0,penalty,mga,1000,10000000,492,True,14,2566,,10000000
scp_orlib,scp48,1000,0,penalty,mga,1000,10000000,492,True,15,3010,,10000000
scp_orlib,scp48,1000,0,penalty,mga,1000,10000000,492,True,16,2806,,10000000
scp_orlib,scp48,1000,0,penalty,mga,1000,10000000,492,True,17,2977,,10000000
scp_orlib,scp48,1000,0,penalty,mga,1000,10000000,492,True,18,2113,,10000000
scp_orlib,scp48,1000,0,penalty,mga,1000,10000000,492,True,19,3354,,10000000
scp_orlib,scp48,1000,0,penalty,mga,1000,10000000,492,True,20,2699,,10000000
scp_orlib,scp48,1000,0,penalty,mga,1000,10000000,492,True,21,3091,,10000000
scp_orlib,scp48,1000,0,penalty,mga,1000,10000000,492,True,22,2663,,10000000
scp_orlib,scp48,1000,0,penalty,mga,1000,10000000,492,True,23,2626,,10000000
scp_orlib,scp48,1000,0,penalty,mga,1000,10000000,492,True,24,3151,,10000000
scp_orlib,scp48,1000,0,penalty,mga,1000,10000000,492,True,25,2800,,10000000
scp_orlib,scp48,1000,0,penalty,mga,1000,10000000,492,True,26,2779,,10000000
scp_orlib,scp48,1000,0,penalty,mga,1000,10000000,492,True,27,2571,,10000000
scp_orlib,scp48,1000,0,penalty,mga,1000,10000000,492,True,28,2466,,10000000
scp_orlib,scp48,1000,0,penalty,mga,1000,10000000,492,True,29,3175,,10000000
scp_orlib,scp48,1000,0,penalty,mga,1000,10000000,492,True,30,3145,,10000000
scp_orlib,scp46,1000,0,penalty,mga,1000,10000000,560,True,0,2818,,10000000
scp_orlib,scp46,1000,0,penalty,mga,1000,10000000,560,True,1,2841,,10000000
scp_orlib,scp46,1000,0,penalty,mga,1000,10000000,560,True,2,3003,,10000000
scp_orlib,scp46,1000,0,penalty,mga,1000,10000000,560,True,3,2694,,10000000
scp_orlib,scp46,1000,0,penalty,mga,1000,10000000,560,True,4,2895,,10000000
scp_orlib,scp46,1000,0,penalty,mga,1000,10000000,560,True,5,2946,,10000000
scp_orlib,scp46,1000,0,penalty,mga,1000,10000000,560,True,6,2829,,10000000
scp_orlib,scp46,1000,0,penalty,mga,1000,10000000,560,True,7,2410,,10000000
scp_orlib,scp46,1000,0,penalty,mga,1000,10000000,560,True,8,2223,,10000000
scp_orlib,scp46,1000,0,penalty,mga,1000,10000000,560,True,9,2903,,10000000
scp_orlib,scp46,1000,0,penalty,mga,1000,10000000,560,True,10,2807,,10000000
scp_orlib,scp46,1000,0,penalty,mga,1000,10000000,560,True,11,2888,,10000000
scp_orlib,scp46,1000,0,penalty,mga,1000,10000000,560,True,12,2974,,10000000
scp_orlib,scp46,1000,0,penalty,mga,1000,10000000,560,True,13,2518,,10000000
scp_orlib,scp46,1000,0,penalty,mga,1000,10000000,560,True,14,3205,,10000000
scp_orlib,scp46,1000,0,penalty,mga,1000,10000000,560,True,15,2260,,10000000
scp_orlib,scp46,1000,0,penalty,mga,1000,10000000,560,True,16,3581,,10000000
scp_orlib,scp46,1000,0,penalty,mga,1000,10000000,560,True,17,2934,,10000000
scp_orlib,scp46,1000,0,penalty,mga,1000,10000000,560,True,18,3604,,10000000
scp_orlib,scp46,1000,0,penalty,mga,1000,10000000,560,True,19,2669,,10000000
scp_orlib,scp46,1000,0,penalty,mga,1000,10000000,560,True,20,3272,,10000000
scp_orlib,scp46,1000,0,penalty,mga,1000,10000000,560,True,21,3057,,10000000
scp_orlib,scp46,1000,0,penalty,mga,1000,10000000,560,True,22,2703,,10000000
scp_orlib,scp46,1000,0,penalty,mga,1000,10000000,560,True,23,2446,,10000000
scp_orlib,scp46,1000,0,penalty,mga,1000,10000000,560,True,24,2680,,10000000
scp_orlib,scp46,1000,0,penalty,mga,1000,10000000,560,True,25,2595,,10000000
scp_orlib,scp46,1000,0,penalty,mga,1000,10000000,560,True,26,2528,,10000000
scp_orlib,scp46,1000,0,penalty,mga,1000,10000000,560,True,27,2478,,10000000
scp_orlib,scp46,1000,0,penalty,mga,1000,10000000,560,True,28,2547,,10000000
scp_orlib,scp46,1000,0,penalty,mga,1000,10000000,560,True,29,2688,,10000000
scp_orlib,scp46,1000,0,penalty,mga,1000,10000000,560,True,30,3259,,10000000
scp_orlib,scp45,1000,0,penalty,mga,1000,10000000,512,True,0,2545,,10000000
scp_orlib,scp45,1000,0,penalty,mga,1000,10000000,512,True,1,2612,,10000000
scp_orlib,scp45,1000,0,penalty,mga,1000,10000000,512,True,2,2801,,10000000
scp_orlib,scp45,1000,0,penalty,mga,1000,10000000,512,True,3,3135,,10000000
scp_orlib,scp45,1000,0,penalty,mga,1000,10000000,512,True,4,3164,,10000000
scp_orlib,scp45,1000,0,penalty,mga,1000,10000000,512,True,5,2569,,10000000
scp_orlib,scp45,1000,0,penalty,mga,1000,10000000,512,True,6,2601,,10000000
scp_orlib,scp45,1000,0,penalty,mga,1000,10000000,512,True,7,3045,,10000000
scp_orlib,scp45,1000,0,penalty,mga,1000,10000000,512,True,8,2731,,10000000
scp_orlib,scp45,1000,0,penalty,mga,1000,10000000,512,True,9,2599,,10000000
scp_orlib,scp45,1000,0,penalty,mga,1000,10000000,512,True,10,2822,,10000000
scp_orlib,scp45,1000,0,penalty,mga,1000,10000000,512,True,11,2291,,10000000
scp_orlib,scp45,1000,0,penalty,mga,1000,10000000,512,True,12,2750,,10000000
scp_orlib,scp45,1000,0,penalty,mga,1000,10000000,512,True,13,2600,,10000000
scp_orlib,scp45,1000,0,penalty,mga,1000,10000000,512,True,14,2653,,10000000
scp_orlib,scp45,1000,0,penalty,mga,1000,10000000,512,True,15,3237,,10000000
scp_orlib,scp45,1000,0,penalty,mga,1000,10000000,512,True,16,2763,,10000000
scp_orlib,scp45,1000,0,penalty,mga,1000,10000000,512,True,17,2721,,10000000
scp_orlib,scp45,1000,0,penalty,mga,1000,10000000,512,True,18,2609,,10000000
scp_orlib,scp45,1000,0,penalty,mga,1000,10000000,512,True,19,2807,,10000000
scp_orlib,scp45,1000,0,penalty,mga,1000,10000000,512,True,20,2740,,10000000
scp_orlib,scp45,1000,0,penalty,mga,1000,10000000,512,True,21,3184,,10000000
scp_orlib,scp45,1000,0,penalty,mga,1000,10000000,512,True,22,2653,,10000000
scp_orlib,scp45,1000,0,penalty,mga,1000,10000000,512,True,23,2692,,10000000
scp_orlib,scp45,1000,0,penalty,mga,1000,10000000,512,True,24,2786,,10000000
scp_orlib,scp45,1000,0,penalty,mga,1000,10000000,512,True,25,2113,,10000000
scp_orlib,scp45,1000,0,penalty,mga,1000,10000000,512,True,26,3104,,10000000
scp_orlib,scp45,1000,0,penalty,mga,1000,10000000,512,True,27,3040,,10000000
scp_orlib,scp45,1000,0,penalty,mga,1000,10000000,512,True,28,2830,,10000000
scp_orlib,scp45,1000,0,penalty,mga,1000,10000000,512,True,29,3239,,10000000
scp_orlib,scp45,1000,0,penalty,mga,1000,10000000,512,True,30,2688,,10000000
scp_orlib,scp44,1000,0,penalty,mga,1000,10000000,494,True,0,2821,,10000000
scp_orlib,scp44,1000,0,penalty,mga,1000,10000000,494,True,1,2674,,10000000
scp_orlib,scp44,1000,0,penalty,mga,1000,10000000,494,True,2,2794,,10000000
scp_orlib,scp44,1000,0,penalty,mga,1000,10000000,494,True,3,2557,,10000000
scp_orlib,scp44,1000,0,penalty,mga,1000,10000000,494,True,4,3217,,10000000
scp_orlib,scp44,1000,0,penalty,mga,1000,10000000,494,True,5,2387,,10000000
scp_orlib,scp44,1000,0,penalty,mga,1000,10000000,494,True,6,2813,,10000000
scp_orlib,scp44,1000,0,penalty,mga,1000,10000000,494,True,7,3206,,10000000
scp_orlib,scp44,1000,0,penalty,mga,1000,10000000,494,True,8,2972,,10000000
scp_orlib,scp44,1000,0,penalty,mga,1000,10000000,494,True,9,2864,,10000000
scp_orlib,scp44,1000,0,penalty,mga,1000,10000000,494,True,10,2970,,10000000
scp_orlib,scp44,1000,0,penalty,mga,1000,10000000,494,True,11,3032,,10000000
scp_orlib,scp44,1000,0,penalty,mga,1000,10000000,494,True,12,2633,,10000000
scp_orlib,scp44,1000,0,penalty,mga,1000,10000000,494,True,13,2717,,10000000
scp_orlib,scp44,1000,0,penalty,mga,1000,10000000,494,True,14,3026,,10000000
scp_orlib,scp44,1000,0,penalty,mga,1000,10000000,494,True,15,2805,,10000000
scp_orlib,scp44,1000,0,penalty,mga,1000,10000000,494,True,16,2935,,10000000
scp_orlib,scp44,1000,0,penalty,mga,1000,10000000,494,True,17,2585,,10000000
scp_orlib,scp44,1000,0,penalty,mga,1000,10000000,494,True,18,3008,,10000000
scp_orlib,scp44,1000,0,penalty,mga,1000,10000000,494,True,19,2609,,10000000
scp_orlib,scp44,1000,0,penalty,mga,1000,10000000,494,True,20,2734,,10000000
scp_orlib,scp44,1000,0,penalty,mga,1000,10000000,494,True,21,2718,,10000000
scp_orlib,scp44,1000,0,penalty,mga,1000,10000000,494,True,22,2725,,10000000
scp_orlib,scp44,1000,0,penalty,mga,1000,10000000,494,True,23,2789,,10000000
scp_orlib,scp44,1000,0,penalty,mga,1000,10000000,494,True,24,2477,,10000000
scp_orlib,scp44,1000,0,penalty,mga,1000,10000000,494,True,25,2634,,10000000
scp_orlib,scp44,1000,0,penalty,mga,1000,10000000,494,True,26,2492,,10000000
scp_orlib,scp44,1000,0,penalty,mga,1000,10000000,494,True,27,2498,,10000000
scp_orlib,scp44,1000,0,penalty,mga,1000,10000000,494,True,28,2544,,10000000
scp_orlib,scp44,1000,0,penalty,mga,1000,10000000,494,True,29,2453,,10000000
scp_orlib,scp44,1000,0,penalty,mga,1000,10000000,494,True,30,2772,,10000000
scp_orlib,scp47,1000,0,penalty,mga,1000,10000000,430,True,0,2452,,10000000
scp_orlib,scp47,1000,0,penalty,mga,1000,10000000,430,True,1,2745,,10000000
scp_orlib,scp47,1000,0,penalty,mga,1000,10000000,430,True,2,2310,,10000000
scp_orlib,scp47,1000,0,penalty,mga,1000,10000000,430,True,3,2673,,10000000
scp_orlib,scp47,1000,0,penalty,mga,1000,10000000,430,True,4,2695,,10000000
scp_orlib,scp47,1000,0,penalty,mga,1000,10000000,430,True,5,2274,,10000000
scp_orlib,scp47,1000,0,penalty,mga,1000,10000000,430,True,6,2646,,10000000
scp_orlib,scp47,1000,0,penalty,mga,1000,10000000,430,True,7,2547,,10000000
scp_orlib,scp47,1000,0,penalty,mga,1000,10000000,430,True,8,3069,,10000000
scp_orlib,scp47,1000,0,penalty,mga,1000,10000000,430,True,9,2393,,10000000
scp_orlib,scp47,1000,0,penalty,mga,1000,10000000,430,True,10,3073,,10000000
scp_orlib,scp47,1000,0,penalty,mga,1000,10000000,430,True,11,2443,,10000000
scp_orlib,scp47,1000,0,penalty,mga,1000,10000000,430,True,12,2530,,10000000
scp_orlib,scp47,1000,0,penalty,mga,1000,10000000,430,True,13,2592,,10000000
scp_orlib,scp47,1000,0,penalty,mga,1000,10000000,430,True,14,2980,,10000000
scp_orlib,scp47,1000,0,penalty,mga,1000,10000000,430,True,15,2406,,10000000
scp_orlib,scp47,1000,0,penalty,mga,1000,10000000,430,True,16,2797,,10000000
scp_orlib,scp47,1000,0,penalty,mga,1000,10000000,430,True,17,2312,,10000000
scp_orlib,scp47,1000,0,penalty,mga,1000,10000000,430,True,18,2661,,10000000
scp_orlib,scp47,1000,0,penalty,mga,1000,10000000,430,True,19,2960,,10000000
scp_orlib,scp47,1000,0,penalty,mga,1000,10000000,430,True,20,3064,,10000000
scp_orlib,scp47,1000,0,penalty,mga,1000,10000000,430,True,21,2644,,10000000
scp_orlib,scp47,1000,0,penalty,mga,1000,10000000,430,True,22,2570,,10000000
scp_orlib,scp47,1000,0,penalty,mga,1000,10000000,430,True,23,2496,,10000000
scp_orlib,scp47,1000,0,penalty,mga,1000,10000000,430,True,24,2416,,10000000
scp_orlib,scp47,1000,0,penalty,mga,1000,10000000,430,True,25,2573,,10000000
scp_orlib,scp47,1000,0,penalty,mga,1000,10000000,430,True,26,2168,,10000000
scp_orlib,scp47,1000,0,penalty,mga,1000,10000000,430,True,27,3069,,10000000
scp_orlib,scp47,1000,0,penalty,mga,1000,10000000,430,True,28,3179,,10000000
scp_orlib,scp47,1000,0,penalty,mga,1000,10000000,430,True,29,2677,,10000000
scp_orlib,scp47,1000,0,penalty,mga,1000,10000000,430,True,30,2797,,10000000
scp_orlib,scp42,1000,0,penalty,floor,1000,10000000,512,True,0,901,,10000000
scp_orlib,scp42,1000,0,penalty,floor,1000,10000000,512,True,1,910,,10000000
scp_orlib,scp42,1000,0,penalty,floor,1000,10000000,512,True,2,820,,10000000
scp_orlib,scp42,1000,0,penalty,floor,1000,10000000,512,True,3,819,,10000000
scp_orlib,scp42,1000,0,penalty,floor,1000,10000000,512,True,4,824,,10000000
scp_orlib,scp42,1000,0,penalty,floor,1000,10000000,512,True,5,855,,10000000
scp_orlib,scp42,1000,0,penalty,floor,1000,10000000,512,True,6,968,,10000000
scp_orlib,scp42,1000,0,penalty,floor,1000,10000000,512,True,7,867,,10000000
scp_orlib,scp42,1000,0,penalty,floor,1000,10000000,512,True,8,880,,10000000
scp_orlib,scp42,1000,0,penalty,floor,1000,10000000,512,True,9,920,,10000000
scp_orlib,scp42,1000,0,penalty,floor,1000,10000000,512,True,10,856,,10000000
scp_orlib,scp42,1000,0,penalty,floor,1000,10000000,512,True,11,947,,10000000
scp_orlib,scp42,1000,0,penalty,floor,1000,10000000,512,True,12,875,,10000000
scp_orlib,scp42,1000,0,penalty,floor,1000,10000000,512,True,13,821,,10000000
scp_orlib,scp42,1000,0,penalty,floor,1000,10000000,512,True,14,929,,10000000
scp_orlib,scp42,1000,0,penalty,floor,1000,10000000,512,True,15,829,,10000000
scp_orlib,scp42,1000,0,penalty,floor,1000,10000000,512,True,16,845,,10000000
scp_orlib,scp42,1000,0,penalty,floor,1000,10000000,512,True,17,833,,10000000
scp_orlib,scp42,1000,0,penalty,floor,1000,10000000,512,True,18,845,,10000000
scp_orlib,scp42,1000,0,penalty,floor,1000,10000000,512,True,19,801,,10000000
scp_orlib,scp42,1000,0,penalty,floor,1000,10000000,512,True,20,855,,10000000
scp_orlib,scp42,1000,0,penalty,floor,1000,10000000,512,True,21,857,,10000000
scp_orlib,scp42,1000,0,penalty,floor,1000,10000000,512,True,22,884,,10000000
scp_orlib,scp42,1000,0,penalty,floor,1000,10000000,512,True,23,934,,10000000
scp_orlib,scp42,1000,0,penalty,floor,1000,10000000,512,True,24,910,,10000000
scp_orlib,scp42,1000,0,penalty,floor,1000,10000000,512,True,25,866,,10000000
scp_orlib,scp42,1000,0,penalty,floor,1000,10000000,512,True,26,951,,10000000
scp_orlib,scp42,1000,0,penalty,floor,1000,10000000,512,True,27,822,,10000000
scp_orlib,scp42,1000,0,penalty,floor,1000,10000000,512,True,28,880,,10000000
scp_orlib,scp42,1000,0,penalty,floor,1000,10000000,512,True,29,935,,10000000
scp_orlib,scp42,1000,0,penalty,floor,1000,10000000,512,True,30,812,,10000000
scp_orlib,scp45,1000,0,penalty,floor,1000,10000000,512,True,0,916,,10000000
scp_orlib,scp45,1000,0,penalty,floor,1000,10000000,512,True,1,885,,10000000
scp_orlib,scp45,1000,0,penalty,floor,1000,10000000,512,True,2,901,,10000000
scp_orlib,scp45,1000,0,penalty,floor,1000,10000000,512,True,3,884,,10000000
scp_orlib,scp45,1000,0,penalty,floor,1000,10000000,512,True,4,882,,10000000
scp_orlib,scp45,1000,0,penalty,floor,1000,10000000,512,True,5,807,,10000000
scp_orlib,scp45,1000,0,penalty,floor,1000,10000000,512,True,6,907,,10000000
scp_orlib,scp45,1000,0,penalty,floor,1000,10000000,512,True,7,882,,10000000
scp_orlib,scp45,1000,0,penalty,floor,1000,10000000,512,True,8,873,,10000000
scp_orlib,scp45,1000,0,penalty,floor,1000,10000000,512,True,9,850,,10000000
scp_orlib,scp45,1000,0,penalty,floor,1000,10000000,512,True,10,893,,10000000
scp_orlib,scp45,1000,0,penalty,floor,1000,10000000,512,True,11,932,,10000000
scp_orlib,scp45,1000,0,penalty,floor,1000,10000000,512,True,12,889,,10000000
scp_orlib,scp45,1000,0,penalty,floor,1000,10000000,512,True,13,842,,10000000
scp_orlib,scp45,1000,0,penalty,floor,1000,10000000,512,True,14,955,,10000000
scp_orlib,scp45,1000,0,penalty,floor,1000,10000000,512,True,15,883,,10000000
scp_orlib,scp45,1000,0,penalty,floor,1000,10000000,512,True,16,847,,10000000
scp_orlib,scp45,1000,0,penalty,floor,1000,10000000,512,True,17,833,,10000000
scp_orlib,scp45,1000,0,penalty,floor,1000,10000000,512,True,18,879,,10000000
scp_orlib,scp45,1000,0,penalty,floor,1000,10000000,512,True,19,891,,10000000
scp_orlib,scp45,1000,0,penalty,floor,1000,10000000,512,True,20,902,,10000000
scp_orlib,scp45,1000,0,penalty,floor,1000,10000000,512,True,21,839,,10000000
scp_orlib,scp45,1000,0,penalty,floor,1000,10000000,512,True,22,923,,10000000
scp_orlib,scp45,1000,0,penalty,floor,1000,10000000,512,True,23,918,,10000000
scp_orlib,scp45,1000,0,penalty,floor,1000,10000000,512,True,24,833,,10000000
scp_orlib,scp45,1000,0,penalty,floor,1000,10000000,512,True,25,925,,10000000
scp_orlib,scp45,1000,0,penalty,floor,1000,10000000,512,True,26,921,,10000000
scp_orlib,scp45,1000,0,penalty,floor,1000,10000000,512,True,27,783,,10000000
scp_orlib,scp45,1000,0,penalty,floor,1000,10000000,512,True,28,873,,10000000
scp_orlib,scp45,1000,0,penalty,floor,1000,10000000,512,True,29,817,,10000000
scp_orlib,scp45,1000,0,penalty,floor,1000,10000000,512,True,30,845,,10000000
scp_orlib,scp41,1000,0,penalty,floor,1000,10000000,429,True,0,880,,10000000
scp_orlib,scp41,1000,0,penalty,floor,1000,10000000,429,True,1,872,,10000000
scp_orlib,scp41,1000,0,penalty,floor,1000,10000000,429,True,2,883,,10000000
scp_orlib,scp41,1000,0,penalty,floor,1000,10000000,429,True,3,756,,10000000
scp_orlib,scp41,1000,0,penalty,floor,1000,10000000,429,True,4,800,,10000000
scp_orlib,scp41,1000,0,penalty,floor,1000,10000000,429,True,5,814,,10000000
scp_orlib,scp41,1000,0,penalty,floor,1000,10000000,429,True,6,916,,10000000
scp_orlib,scp41,1000,0,penalty,floor,1000,10000000,429,True,7,862,,10000000
scp_orlib,scp41,1000,0,penalty,floor,1000,10000000,429,True,8,768,,10000000
scp_orlib,scp41,1000,0,penalty,floor,1000,10000000,429,True,9,879,,10000000
scp_orlib,scp41,1000,0,penalty,floor,1000,10000000,429,True,10,860,,10000000
scp_orlib,scp41,1000,0,penalty,floor,1000,10000000,429,True,11,764,,10000000
scp_orlib,scp41,1000,0,penalty,floor,1000,10000000,429,True,12,901,,10000000
scp_orlib,scp41,1000,0,penalty,floor,1000,10000000,429,True,13,829,,10000000
scp_orlib,scp41,1000,0,penalty,floor,1000,10000000,429,True,14,816,,10000000
scp_orlib,scp41,1000,0,penalty,floor,1000,10000000,429,True,15,804,,10000000
scp_orlib,scp41,1000,0,penalty,floor,1000,10000000,429,True,16,867,,10000000
scp_orlib,scp41,1000,0,penalty,floor,1000,10000000,429,True,17,822,,10000000
scp_orlib,scp41,1000,0,penalty,floor,1000,10000000,429,True,18,832,,10000000
scp_orlib,scp41,1000,0,penalty,floor,1000,10000000,429,True,19,793,,10000000
scp_orlib,scp41,1000,0,penalty,floor,1000,10000000,429,True,20,786,,10000000
scp_orlib,scp41,1000,0,penalty,floor,1000,10000000,429,True,21,869,,10000000
scp_orlib,scp41,1000,0,penalty,floor,1000,10000000,429,True,22,948,,10000000
scp_orlib,scp41,1000,0,penalty,floor,1000,10000000,429,True,23,821,,10000000
scp_orlib,scp41,1000,0,penalty,floor,1000,10000000,429,True,24,791,,10000000
scp_orlib,scp41,1000,0,penalty,floor,1000,10000000,429,True,25,842,,10000000
scp_orlib,scp41,1000,0,penalty,floor,1000,10000000,429,True,26,847,,10000000
scp_orlib,scp41,1000,0,penalty,floor,1000,10000000,429,True,27,795,,10000000
scp_orlib,scp41,1000,0,penalty,floor,1000,10000000,429,True,28,803,,10000000
scp_orlib,scp41,1000,0,penalty,floor,1000,10000000,429,True,29,885,,10000000
scp_orlib,scp41,1000,0,penalty,floor,1000,10000000,429,True,30,826,,10000000
scp_orlib,scp46,1000,0,penalty,floor,1000,10000000,560,True,0,1000,,10000000
scp_orlib,scp46,1000,0,penalty,floor,1000,10000000,560,True,1,945,,10000000
scp_orlib,scp46,1000,0,penalty,floor,1000,10000000,560,True,2,966,,10000000
scp_orlib,scp46,1000,0,penalty,floor,1000,10000000,560,True,3,937,,10000000
scp_orlib,scp46,1000,0,penalty,floor,1000,10000000,560,True,4,938,,10000000
scp_orlib,scp46,1000,0,penalty,floor,1000,10000000,560,True,5,879,,10000000
scp_orlib,scp46,1000,0,penalty,floor,1000,10000000,560,True,6,952,,10000000
scp_orlib,scp46,1000,0,penalty,floor,1000,10000000,560,True,7,920,,10000000
scp_orlib,scp46,1000,0,penalty,floor,1000,10000000,560,True,8,982,,10000000
scp_orlib,scp46,1000,0,penalty,floor,1000,10000000,560,True,9,1005,,10000000
scp_orlib,scp46,1000,0,penalty,floor,1000,10000000,560,True,10,894,,10000000
scp_orlib,scp46,1000,0,penalty,floor,1000,10000000,560,True,11,1014,,10000000
scp_orlib,scp46,1000,0,penalty,floor,1000,10000000,560,True,12,996,,10000000
scp_orlib,scp46,1000,0,penalty,floor,1000,10000000,560,True,13,910,,10000000
scp_orlib,scp46,1000,0,penalty,floor,1000,10000000,560,True,14,978,,10000000
scp_orlib,scp46,1000,0,penalty,floor,1000,10000000,560,True,15,891,,10000000
scp_orlib,scp46,1000,0,penalty,floor,1000,10000000,560,True,16,984,,10000000
scp_orlib,scp46,1000,0,penalty,floor,1000,10000000,560,True,17,980,,10000000
scp_orlib,scp46,1000,0,penalty,floor,1000,10000000,560,True,18,953,,10000000
scp_orlib,scp46,1000,0,penalty,floor,1000,10000000,560,True,19,860,,10000000
scp_orlib,scp46,1000,0,penalty,floor,1000,10000000,560,True,20,926,,10000000
scp_orlib,scp46,1000,0,penalty,floor,1000,10000000,560,True,21,987,,10000000
scp_orlib,scp46,1000,0,penalty,floor,1000,10000000,560,True,22,938,,10000000
scp_orlib,scp46,1000,0,penalty,floor,1000,10000000,560,True,23,983,,10000000
scp_orlib,scp46,1000,0,penalty,floor,1000,10000000,560,True,24,977,,10000000
scp_orlib,scp46,1000,0,penalty,floor,1000,10000000,560,True,25,996,,10000000
scp_orlib,scp46,1000,0,penalty,floor,1000,10000000,560,True,26,967,,10000000
scp_orlib,scp46,1000,0,penalty,floor,1000,10000000,560,True,27,806,,10000000
scp_orlib,scp46,1000,0,penalty,floor,1000,10000000,560,True,28,968,,10000000
scp_orlib,scp46,1000,0,penalty,floor,1000,10000000,560,True,29,938,,10000000
scp_orlib,scp46,1000,0,penalty,floor,1000,10000000,560,True,30,915,,10000000
scp_orlib,scp43,1000,0,penalty,floor,1000,10000000,516,True,0,855,,10000000
scp_orlib,scp43,1000,0,penalty,floor,1000,10000000,516,True,1,784,,10000000
scp_orlib,scp43,1000,0,penalty,floor,1000,10000000,516,True,2,878,,10000000
scp_orlib,scp43,1000,0,penalty,floor,1000,10000000,516,True,3,854,,10000000
scp_orlib,scp43,1000,0,penalty,floor,1000,10000000,516,True,4,879,,10000000
scp_orlib,scp43,1000,0,penalty,floor,1000,10000000,516,True,5,854,,10000000
scp_orlib,scp43,1000,0,penalty,floor,1000,10000000,516,True,6,889,,10000000
scp_orlib,scp43,1000,0,penalty,floor,1000,10000000,516,True,7,820,,10000000
scp_orlib,scp43,1000,0,penalty,floor,1000,10000000,516,True,8,760,,10000000
scp_orlib,scp43,1000,0,penalty,floor,1000,10000000,516,True,9,900,,10000000
scp_orlib,scp43,1000,0,penalty,floor,1000,10000000,516,True,10,873,,10000000
scp_orlib,scp43,1000,0,penalty,floor,1000,10000000,516,True,11,868,,10000000
scp_orlib,scp43,1000,0,penalty,floor,1000,10000000,516,True,12,900,,10000000
scp_orlib,scp43,1000,0,penalty,floor,1000,10000000,516,True,13,843,,10000000
scp_orlib,scp43,1000,0,penalty,floor,1000,10000000,516,True,14,915,,10000000
scp_orlib,scp43,1000,0,penalty,floor,1000,10000000,516,True,15,909,,10000000
scp_orlib,scp43,1000,0,penalty,floor,1000,10000000,516,True,16,847,,10000000
scp_orlib,scp43,1000,0,penalty,floor,1000,10000000,516,True,17,927,,10000000
scp_orlib,scp43,1000,0,penalty,floor,1000,10000000,516,True,18,868,,10000000
scp_orlib,scp43,1000,0,penalty,floor,1000,10000000,516,True,19,888,,10000000
scp_orlib,scp43,1000,0,penalty,floor,1000,10000000,516,True,20,819,,10000000
scp_orlib,scp43,1000,0,penalty,floor,1000,10000000,516,True,21,903,,10000000
scp_orlib,scp43,1000,0,penalty,floor,1000,10000000,516,True,22,891,,10000000
scp_orlib,scp43,1000,0,penalty,floor,1000,10000000,516,True,23,882,,10000000
scp_orlib,scp43,1000,0,penalty,floor,1000,10000000,516,True,24,849,,10000000
scp_orlib,scp43,1000,0,penalty,floor,1000,10000000,516,True,25,868,,10000000
scp_orlib,scp43,1000,0,penalty,floor,1000,10000000,516,True,26,904,,10000000
scp_orlib,scp43,1000,0,penalty,floor,1000,10000000,516,True,27,874,,10000000
scp_orlib,scp43,1000,0,penalty,floor,1000,10000000,516,True,28,871,,10000000
scp_orlib,scp43,1000,0,penalty,floor,1000,10000000,516,True,29,846,,10000000
scp_orlib,scp43,1000,0,penalty,floor,1000,10000000,516,True,30,868,,10000000
scp_orlib,scp44,1000,0,penalty,floor,1000,10000000,494,True,0,859,,10000000
scp_orlib,scp44,1000,0,penalty,floor,1000,10000000,494,True,1,815,,10000000
scp_orlib,scp44,1000,0,penalty,floor,1000,10000000,494,True,2,884,,10000000
scp_orlib,scp44,1000,0,penalty,floor,1000,10000000,494,True,3,781,,10000000
scp_orlib,scp44,1000,0,penalty,floor,1000,10000000,494,True,4,908,,10000000
scp_orlib,scp44,1000,0,penalty,floor,1000,10000000,494,True,5,923,,10000000
scp_orlib,scp44,1000,0,penalty,floor,1000,10000000,494,True,6,852,,10000000
scp_orlib,scp44,1000,0,penalty,floor,1000,10000000,494,True,7,874,,10000000
scp_orlib,scp44,1000,0,penalty,floor,1000,10000000,494,True,8,851,,10000000
scp_orlib,scp44,1000,0,penalty,floor,1000,10000000,494,True,9,903,,10000000
scp_orlib,scp44,1000,0,penalty,floor,1000,10000000,494,True,10,892,,10000000
scp_orlib,scp44,1000,0,penalty,floor,1000,10000000,494,True,11,888,,10000000
scp_orlib,scp44,1000,0,penalty,floor,1000,10000000,494,True,12,802,,10000000
scp_orlib,scp44,1000,0,penalty,floor,1000,10000000,494,True,13,811,,10000000
scp_orlib,scp44,1000,0,penalty,floor,1000,10000000,494,True,14,830,,10000000
scp_orlib,scp44,1000,0,penalty,floor,1000,10000000,494,True,15,815,,10000000
scp_orlib,scp44,1000,0,penalty,floor,1000,10000000,494,True,16,892,,10000000
scp_orlib,scp44,1000,0,penalty,floor,1000,10000000,494,True,17,830,,10000000
scp_orlib,scp44,1000,0,penalty,floor,1000,10000000,494,True,18,900,,10000000
scp_orlib,scp44,1000,0,penalty,floor,1000,10000000,494,True,19,896,,10000000
scp_orlib,scp44,1000,0,penalty,floor,1000,10000000,494,True,20,861,,10000000
scp_orlib,scp44,1000,0,penalty,floor,1000,10000000,494,True,21,914,,10000000
scp_orlib,scp44,1000,0,penalty,floor,1000,10000000,494,True,22,878,,10000000
scp_orlib,scp44,1000,0,penalty,floor,1000,10000000,494,True,23,895,,10000000
scp_orlib,scp44,1000,0,penalty,floor,1000,10000000,494,True,24,896,,10000000
scp_orlib,scp44,1000,0,penalty,floor,1000,10000000,494,True,25,884,,10000000
scp_orlib,scp44,1000,0,penalty,floor,1000,10000000,494,True,26,877,,10000000
scp_orlib,scp44,1000,0,penalty,floor,1000,10000000,494,True,27,893,,10000000
scp_orlib,scp44,1000,0,penalty,floor,1000,10000000,494,True,28,871,,10000000
scp_orlib,scp44,1000,0,penalty,floor,1000,10000000,494,True,29,914,,10000000
scp_orlib,scp44,1000,0,penalty,floor,1000,10000000,494,True,30,861,,10000000
scp_orlib,scp47,1000,0,penalty,floor,1000,10000000,430,True,0,907,,10000000
scp_orlib,scp47,1000,0,penalty,floor,1000,10000000,430,True,1,831,,10000000
scp_orlib,scp47,1000,0,penalty,floor,1000,10000000,430,True,2,859,,10000000
scp_orlib,scp47,1000,0,penalty,floor,1000,10000000,430,True,3,801,,10000000
scp_orlib,scp47,1000,0,penalty,floor,1000,10000000,430,True,4,840,,10000000
scp_orlib,scp47,1000,0,penalty,floor,1000,10000000,430,True,5,808,,10000000
scp_orlib,scp47,1000,0,penalty,floor,1000,10000000,430,True,6,849,,10000000
scp_orlib,scp47,1000,0,penalty,floor,1000,10000000,430,True,7,800,,10000000
scp_orlib,scp47,1000,0,penalty,floor,1000,10000000,430,True,8,838,,10000000
scp_orlib,scp47,1000,0,penalty,floor,1000,10000000,430,True,9,885,,10000000
scp_orlib,scp47,1000,0,penalty,floor,1000,10000000,430,True,10,783,,10000000
scp_orlib,scp47,1000,0,penalty,floor,1000,10000000,430,True,11,887,,10000000
scp_orlib,scp47,1000,0,penalty,floor,1000,10000000,430,True,12,861,,10000000
scp_orlib,scp47,1000,0,penalty,floor,1000,10000000,430,True,13,869,,10000000
scp_orlib,scp47,1000,0,penalty,floor,1000,10000000,430,True,14,843,,10000000
scp_orlib,scp47,1000,0,penalty,floor,1000,10000000,430,True,15,902,,10000000
scp_orlib,scp47,1000,0,penalty,floor,1000,10000000,430,True,16,917,,10000000
scp_orlib,scp47,1000,0,penalty,floor,1000,10000000,430,True,17,830,,10000000
scp_orlib,scp47,1000,0,penalty,floor,1000,10000000,430,True,18,882,,10000000
scp_orlib,scp47,1000,0,penalty,floor,1000,10000000,430,True,19,791,,10000000
scp_orlib,scp47,1000,0,penalty,floor,1000,10000000,430,True,20,806,,10000000
scp_orlib,scp47,1000,0,penalty,floor,1000,10000000,430,True,21,785,,10000000
scp_orlib,scp47,1000,0,penalty,floor,1000,10000000,430,True,22,838,,10000000
scp_orlib,scp47,1000,0,penalty,floor,1000,10000000,430,True,23,850,,10000000
scp_orlib,scp47,1000,0,penalty,floor,1000,10000000,430,True,24,824,,10000000
scp_orlib,scp47,1000,0,penalty,floor,1000,10000000,430,True,25,848,,10000000
scp_orlib,scp47,1000,0,penalty,floor,1000,10000000,430,True,26,822,,10000000
scp_orlib,scp47,1000,0,penalty,floor,1000,10000000,430,True,27,830,,10000000
scp_orlib,scp47,1000,0,penalty,floor,1000,10000000,430,True,28,831,,10000000
scp_orlib,scp47,1000,0,penalty,floor,1000,10000000,430,True,29,816,,10000000
scp_orlib,scp47,1000,0,penalty,floor,1000,10000000,430,True,30,789,,10000000
scp_orlib,scp48,1000,0,penalty,floor,1000,10000000,492,True,0,916,,10000000
scp_orlib,scp48,1000,0,penalty,floor,1000,10000000,492,True,1,883,,10000000
scp_orlib,scp48,1000,0,penalty,floor,1000,10000000,492,True,2,893,,10000000
scp_orlib,scp48,1000,0,penalty,floor,1000,10000000,492,True,3,833,,10000000
scp_orlib,scp48,1000,0,penalty,floor,1000,10000000,492,True,4,892,,10000000
scp_orlib,scp48,1000,0,penalty,floor,1000,10000000,492,True,5,878,,10000000
scp_orlib,scp48,1000,0,penalty,floor,1000,10000000,492,True,6,939,,10000000
scp_orlib,scp48,1000,0,penalty,floor,1000,10000000,492,True,7,868,,10000000
scp_orlib,scp48,1000,0,penalty,floor,1000,10000000,492,True,8,977,,10000000
scp_orlib,scp48,1000,0,penalty,floor,1000,10000000,492,True,9,938,,10000000
scp_orlib,scp48,1000,0,penalty,floor,1000,10000000,492,True,10,1020,,10000000
scp_orlib,scp48,1000,0,penalty,floor,1000,10000000,492,True,11,931,,10000000
scp_orlib,scp48,1000,0,penalty,floor,1000,10000000,492,True,12,922,,10000000
scp_orlib,scp48,1000,0,penalty,floor,1000,10000000,492,True,13,925,,10000000
scp_orlib,scp48,1000,0,penalty,floor,1000,10000000,492,True,14,969,,10000000
scp_orlib,scp48,1000,0,penalty,floor,1000,10000000,492,True,15,891,,10000000
scp_orlib,scp48,1000,0,penalty,floor,1000,10000000,492,True,16,852,,10000000
scp_orlib,scp48,1000,0,penalty,floor,1000,10000000,492,True,17,871,,10000000
scp_orlib,scp48,1000,0,penalty,floor,1000,10000000,492,True,18,860,,10000000
scp_orlib,scp48,1000,0,penalty,floor,1000,10000000,492,True,19,846,,10000000
scp_orlib,scp48,1000,0,penalty,floor,1000,10000000,492,True,20,880,,10000000
scp_orlib,scp48,1000,0,penalty,floor,1000,10000000,492,True,21,861,,10000000
scp_orlib,scp48,1000,0,penalty,floor,1000,10000000,492,True,22,934,,10000000
scp_orlib,scp48,1000,0,penalty,floor,1000,10000000,492,True,23,908,,10000000
scp_orlib,scp48,1000,0,penalty,floor,1000,10000000,492,True,24,961,,10000000
scp_orlib,scp48,1000,0,penalty,floor,1000,10000000,492,True,25,1014,,10000000
scp_orlib,scp48,1000,0,penalty,floor,1000,10000000,492,True,26,884,,10000000
scp_orlib,scp48,1000,0,penalty,floor,1000,10000000,492,True,27,800,,10000000
scp_orlib,scp48,1000,0,penalty,floor,1000,10000000,492,True,28,914,,10000000
scp_orlib,scp48,1000,0,penalty,floor,1000,10000000,492,True,29,933,,10000000
scp_orlib,scp48,1000,0,penalty,floor,1000,10000000,492,True,30,913,,10000000
scp_orlib,scp49,1000,0,penalty,ils,1000,10000000,641,True,0,664,,10000000
scp_orlib,scp49,1000,0,penalty,ils,1000,10000000,641,True,1,664,,10000000
scp_orlib,scp49,1000,0,penalty,ils,1000,10000000,641,True,2,668,,10000000
scp_orlib,scp49,1000,0,penalty,ils,1000,10000000,641,True,3,662,,10000000
scp_orlib,scp49,1000,0,penalty,ils,1000,10000000,641,True,4,674,,10000000
scp_orlib,scp49,1000,0,penalty,ils,1000,10000000,641,True,5,667,,10000000
scp_orlib,scp49,1000,0,penalty,ils,1000,10000000,641,True,6,674,,10000000
scp_orlib,scp49,1000,0,penalty,ils,1000,10000000,641,True,7,658,,10000000
scp_orlib,scp49,1000,0,penalty,ils,1000,10000000,641,True,8,656,,10000000
scp_orlib,scp49,1000,0,penalty,ils,1000,10000000,641,True,9,655,,10000000
scp_orlib,scp49,1000,0,penalty,ils,1000,10000000,641,True,10,673,,10000000
scp_orlib,scp49,1000,0,penalty,ils,1000,10000000,641,True,11,671,,10000000
scp_orlib,scp49,1000,0,penalty,ils,1000,10000000,641,True,12,664,,10000000
scp_orlib,scp49,1000,0,penalty,ils,1000,10000000,641,True,13,671,,10000000
scp_orlib,scp49,1000,0,penalty,ils,1000,10000000,641,True,14,678,,10000000
scp_orlib,scp49,1000,0,penalty,ils,1000,10000000,641,True,15,663,,10000000
scp_orlib,scp49,1000,0,penalty,ils,1000,10000000,641,True,16,656,,10000000
scp_orlib,scp49,1000,0,penalty,ils,1000,10000000,641,True,17,666,,10000000
scp_orlib,scp49,1000,0,penalty,ils,1000,10000000,641,True,18,679,,10000000
scp_orlib,scp49,1000,0,penalty,ils,1000,10000000,641,True,19,666,,10000000
scp_orlib,scp49,1000,0,penalty,ils,1000,10000000,641,True,20,671,,10000000
scp_orlib,scp49,1000,0,penalty,ils,1000,10000000,641,True,21,666,,10000000
scp_orlib,scp49,1000,0,penalty,ils,1000,10000000,641,True,22,659,,10000000
scp_orlib,scp49,1000,0,penalty,ils,1000,10000000,641,True,23,671,,10000000
scp_orlib,scp49,1000,0,penalty,ils,1000,10000000,641,True,24,669,,10000000
scp_orlib,scp49,1000,0,penalty,ils,1000,10000000,641,True,25,662,,10000000
scp_orlib,scp49,1000,0,penalty,ils,1000,10000000,641,True,26,663,,10000000
scp_orlib,scp49,1000,0,penalty,ils,1000,10000000,641,True,27,668,,10000000
scp_orlib,scp49,1000,0,penalty,ils,1000,10000000,641,True,28,682,,10000000
scp_orlib,scp49,1000,0,penalty,ils,1000,10000000,641,True,29,674,,10000000
scp_orlib,scp49,1000,0,penalty,ils,1000,10000000,641,True,30,660,,10000000
scp_orlib,scp410,1000,0,penalty,ils,1000,10000000,514,True,0,571,,10000000
scp_orlib,scp410,1000,0,penalty,ils,1000,10000000,514,True,1,561,,10000000
scp_orlib,scp410,1000,0,penalty,ils,1000,10000000,514,True,2,551,,10000000
scp_orlib,scp410,1000,0,penalty,ils,1000,10000000,514,True,3,539,,10000000
scp_orlib,scp410,1000,0,penalty,ils,1000,10000000,514,True,4,537,,10000000
scp_orlib,scp410,1000,0,penalty,ils,1000,10000000,514,True,5,543,,10000000
scp_orlib,scp410,1000,0,penalty,ils,1000,10000000,514,True,6,551,,10000000
scp_orlib,scp410,1000,0,penalty,ils,1000,10000000,514,True,7,547,,10000000
scp_orlib,scp410,1000,0,penalty,ils,1000,10000000,514,True,8,545,,10000000
scp_orlib,scp410,1000,0,penalty,ils,1000,10000000,514,True,9,543,,10000000
scp_orlib,scp410,1000,0,penalty,ils,1000,10000000,514,True,10,528,,10000000
scp_orlib,scp410,1000,0,penalty,ils,1000,10000000,514,True,11,555,,10000000
scp_orlib,scp410,1000,0,penalty,ils,1000,10000000,514,True,12,567,,10000000
scp_orlib,scp410,1000,0,penalty,ils,1000,10000000,514,True,13,531,,10000000
scp_orlib,scp410,1000,0,penalty,ils,1000,10000000,514,True,14,545,,10000000
scp_orlib,scp410,1000,0,penalty,ils,1000,10000000,514,True,15,527,,10000000
scp_orlib,scp410,1000,0,penalty,ils,1000,10000000,514,True,16,551,,10000000
scp_orlib,scp410,1000,0,penalty,ils,1000,10000000,514,True,17,533,,10000000
scp_orlib,scp410,1000,0,penalty,ils,1000,10000000,514,True,18,528,,10000000
scp_orlib,scp410,1000,0,penalty,ils,1000,10000000,514,True,19,561,,10000000
scp_orlib,scp410,1000,0,penalty,ils,1000,10000000,514,True,20,534,,10000000
scp_orlib,scp410,1000,0,penalty,ils,1000,10000000,514,True,21,536,,10000000
scp_orlib,scp410,1000,0,penalty,ils,1000,10000000,514,True,22,530,,10000000
scp_orlib,scp410,1000,0,penalty,ils,1000,10000000,514,True,23,547,,10000000
scp_orlib,scp410,1000,0,penalty,ils,1000,10000000,514,True,24,556,,10000000
scp_orlib,scp410,1000,0,penalty,ils,1000,10000000,514,True,25,561,,10000000
scp_orlib,scp410,1000,0,penalty,ils,1000,10000000,514,True,26,544,,10000000
scp_orlib,scp410,1000,0,penalty,ils,1000,10000000,514,True,27,538,,10000000
scp_orlib,scp410,1000,0,penalty,ils,1000,10000000,514,True,28,541,,10000000
scp_orlib,scp410,1000,0,penalty,ils,1000,10000000,514,True,29,571,,10000000
scp_orlib,scp410,1000,0,penalty,ils,1000,10000000,514,True,30,553,,10000000
scp_orlib,scp62,1000,0,penalty,ils,1000,10000000,146,True,0,153,,10000000
scp_orlib,scp62,1000,0,penalty,ils,1000,10000000,146,True,1,153,,10000000
scp_orlib,scp62,1000,0,penalty,ils,1000,10000000,146,True,2,161,,10000000
scp_orlib,scp62,1000,0,penalty,ils,1000,10000000,146,True,3,179,,10000000
scp_orlib,scp62,1000,0,penalty,ils,1000,10000000,146,True,4,154,,10000000
scp_orlib,scp62,1000,0,penalty,ils,1000,10000000,146,True,5,160,,10000000
scp_orlib,scp62,1000,0,penalty,ils,1000,10000000,146,True,6,154,,10000000
scp_orlib,scp62,1000,0,penalty,ils,1000,10000000,146,True,7,154,,10000000
scp_orlib,scp62,1000,0,penalty,ils,1000,10000000,146,True,8,164,,10000000
scp_orlib,scp62,1000,0,penalty,ils,1000,10000000,146,True,9,151,,10000000
scp_orlib,scp62,1000,0,penalty,ils,1000,10000000,146,True,10,162,,10000000
scp_orlib,scp62,1000,0,penalty,ils,1000,10000000,146,True,11,148,,10000000
scp_orlib,scp62,1000,0,penalty,ils,1000,10000000,146,True,12,152,,10000000
scp_orlib,scp62,1000,0,penalty,ils,1000,10000000,146,True,13,159,,10000000
scp_orlib,scp62,1000,0,penalty,ils,1000,10000000,146,True,14,162,,10000000
scp_orlib,scp62,1000,0,penalty,ils,1000,10000000,146,True,15,154,,10000000
scp_orlib,scp62,1000,0,penalty,ils,1000,10000000,146,True,16,154,,10000000
scp_orlib,scp62,1000,0,penalty,ils,1000,10000000,146,True,17,151,,10000000
scp_orlib,scp62,1000,0,penalty,ils,1000,10000000,146,True,18,153,,10000000
scp_orlib,scp62,1000,0,penalty,ils,1000,10000000,146,True,19,154,,10000000
scp_orlib,scp62,1000,0,penalty,ils,1000,10000000,146,True,20,156,,10000000
scp_orlib,scp62,1000,0,penalty,ils,1000,10000000,146,True,21,152,,10000000
scp_orlib,scp62,1000,0,penalty,ils,1000,10000000,146,True,22,150,,10000000
scp_orlib,scp62,1000,0,penalty,ils,1000,10000000,146,True,23,150,,10000000
scp_orlib,scp62,1000,0,penalty,ils,1000,10000000,146,True,24,153,,10000000
scp_orlib,scp62,1000,0,penalty,ils,1000,10000000,146,True,25,160,,10000000
scp_orlib,scp62,1000,0,penalty,ils,1000,10000000,146,True,26,158,,10000000
scp_orlib,scp62,1000,0,penalty,ils,1000,10000000,146,True,27,155,,10000000
scp_orlib,scp62,1000,0,penalty,ils,1000,10000000,146,True,28,157,,10000000
scp_orlib,scp62,1000,0,penalty,ils,1000,10000000,146,True,29,148,,10000000
scp_orlib,scp62,1000,0,penalty,ils,1000,10000000,146,True,30,157,,10000000
scp_orlib,scp61,1000,0,penalty,ils,1000,10000000,138,True,0,152,,10000000
scp_orlib,scp61,1000,0,penalty,ils,1000,10000000,138,True,1,144,,10000000
scp_orlib,scp61,1000,0,penalty,ils,1000,10000000,138,True,2,146,,10000000
scp_orlib,scp61,1000,0,penalty,ils,1000,10000000,138,True,3,148,,10000000
scp_orlib,scp61,1000,0,penalty,ils,1000,10000000,138,True,4,146,,10000000
scp_orlib,scp61,1000,0,penalty,ils,1000,10000000,138,True,5,144,,10000000
scp_orlib,scp61,1000,0,penalty,ils,1000,10000000,138,True,6,145,,10000000
scp_orlib,scp61,1000,0,penalty,ils,1000,10000000,138,True,7,145,,10000000
scp_orlib,scp61,1000,0,penalty,ils,1000,10000000,138,True,8,145,,10000000
scp_orlib,scp61,1000,0,penalty,ils,1000,10000000,138,True,9,145,,10000000
scp_orlib,scp61,1000,0,penalty,ils,1000,10000000,138,True,10,145,,10000000
scp_orlib,scp61,1000,0,penalty,ils,1000,10000000,138,True,11,145,,10000000
scp_orlib,scp61,1000,0,penalty,ils,1000,10000000,138,True,12,150,,10000000
scp_orlib,scp61,1000,0,penalty,ils,1000,10000000,138,True,13,148,,10000000
scp_orlib,scp61,1000,0,penalty,ils,1000,10000000,138,True,14,156,,10000000
scp_orlib,scp61,1000,0,penalty,ils,1000,10000000,138,True,15,146,,10000000
scp_orlib,scp61,1000,0,penalty,ils,1000,10000000,138,True,16,158,,10000000
scp_orlib,scp61,1000,0,penalty,ils,1000,10000000,138,True,17,152,,10000000
scp_orlib,scp61,1000,0,penalty,ils,1000,10000000,138,True,18,144,,10000000
scp_orlib,scp61,1000,0,penalty,ils,1000,10000000,138,True,19,148,,10000000
scp_orlib,scp61,1000,0,penalty,ils,1000,10000000,138,True,20,149,,10000000
scp_orlib,scp61,1000,0,penalty,ils,1000,10000000,138,True,21,163,,10000000
scp_orlib,scp61,1000,0,penalty,ils,1000,10000000,138,True,22,145,,10000000
scp_orlib,scp61,1000,0,penalty,ils,1000,10000000,138,True,23,146,,10000000
scp_orlib,scp61,1000,0,penalty,ils,1000,10000000,138,True,24,148,,10000000
scp_orlib,scp61,1000,0,penalty,ils,1000,10000000,138,True,25,151,,10000000
scp_orlib,scp61,1000,0,penalty,ils,1000,10000000,138,True,26,150,,10000000
scp_orlib,scp61,1000,0,penalty,ils,1000,10000000,138,True,27,149,,10000000
scp_orlib,scp61,1000,0,penalty,ils,1000,10000000,138,True,28,145,,10000000
scp_orlib,scp61,1000,0,penalty,ils,1000,10000000,138,True,29,143,,10000000
scp_orlib,scp61,1000,0,penalty,ils,1000,10000000,138,True,30,148,,10000000
scp_orlib,scp49,1000,0,penalty,mga,1000,10000000,641,True,0,3004,,10000000
scp_orlib,scp49,1000,0,penalty,mga,1000,10000000,641,True,1,2767,,10000000
scp_orlib,scp49,1000,0,penalty,mga,1000,10000000,641,True,2,3277,,10000000
scp_orlib,scp49,1000,0,penalty,mga,1000,10000000,641,True,3,2436,,10000000
scp_orlib,scp49,1000,0,penalty,mga,1000,10000000,641,True,4,2761,,10000000
scp_orlib,scp49,1000,0,penalty,mga,1000,10000000,641,True,5,2781,,10000000
scp_orlib,scp49,1000,0,penalty,mga,1000,10000000,641,True,6,2555,,10000000
scp_orlib,scp49,1000,0,penalty,mga,1000,10000000,641,True,7,3016,,10000000
scp_orlib,scp49,1000,0,penalty,mga,1000,10000000,641,True,8,2924,,10000000
scp_orlib,scp49,1000,0,penalty,mga,1000,10000000,641,True,9,3224,,10000000
scp_orlib,scp49,1000,0,penalty,mga,1000,10000000,641,True,10,3381,,10000000
scp_orlib,scp49,1000,0,penalty,mga,1000,10000000,641,True,11,3002,,10000000
scp_orlib,scp49,1000,0,penalty,mga,1000,10000000,641,True,12,3183,,10000000
scp_orlib,scp49,1000,0,penalty,mga,1000,10000000,641,True,13,2658,,10000000
scp_orlib,scp49,1000,0,penalty,mga,1000,10000000,641,True,14,2996,,10000000
scp_orlib,scp49,1000,0,penalty,mga,1000,10000000,641,True,15,2542,,10000000
scp_orlib,scp49,1000,0,penalty,mga,1000,10000000,641,True,16,3113,,10000000
scp_orlib,scp49,1000,0,penalty,mga,1000,10000000,641,True,17,2791,,10000000
scp_orlib,scp49,1000,0,penalty,mga,1000,10000000,641,True,18,2859,,10000000
scp_orlib,scp49,1000,0,penalty,mga,1000,10000000,641,True,19,3431,,10000000
scp_orlib,scp49,1000,0,penalty,mga,1000,10000000,641,True,20,2573,,10000000
scp_orlib,scp49,1000,0,penalty,mga,1000,10000000,641,True,21,2907,,10000000
scp_orlib,scp49,1000,0,penalty,mga,1000,10000000,641,True,22,2707,,10000000
scp_orlib,scp49,1000,0,penalty,mga,1000,10000000,641,True,23,3068,,10000000
scp_orlib,scp49,1000,0,penalty,mga,1000,10000000,641,True,24,3209,,10000000
scp_orlib,scp49,1000,0,penalty,mga,1000,10000000,641,True,25,3241,,10000000
scp_orlib,scp49,1000,0,penalty,mga,1000,10000000,641,True,26,3193,,10000000
scp_orlib,scp49,1000,0,penalty,mga,1000,10000000,641,True,27,2407,,10000000
scp_orlib,scp49,1000,0,penalty,mga,1000,10000000,641,True,28,2867,,10000000
scp_orlib,scp49,1000,0,penalty,mga,1000,10000000,641,True,29,3245,,10000000
scp_orlib,scp49,1000,0,penalty,mga,1000,10000000,641,True,30,3468,,10000000
scp_orlib,scp410,1000,0,penalty,mga,1000,10000000,514,True,0,3146,,10000000
scp_orlib,scp410,1000,0,penalty,mga,1000,10000000,514,True,1,3482,,10000000
scp_orlib,scp410,1000,0,penalty,mga,1000,10000000,514,True,2,2815,,10000000
scp_orlib,scp410,1000,0,penalty,mga,1000,10000000,514,True,3,2729,,10000000
scp_orlib,scp410,1000,0,penalty,mga,1000,10000000,514,True,4,2743,,10000000
scp_orlib,scp410,1000,0,penalty,mga,1000,10000000,514,True,5,2949,,10000000
scp_orlib,scp410,1000,0,penalty,mga,1000,10000000,514,True,6,2846,,10000000
scp_orlib,scp410,1000,0,penalty,mga,1000,10000000,514,True,7,2815,,10000000
scp_orlib,scp410,1000,0,penalty,mga,1000,10000000,514,True,8,3104,,10000000
scp_orlib,scp410,1000,0,penalty,mga,1000,10000000,514,True,9,2673,,10000000
scp_orlib,scp410,1000,0,penalty,mga,1000,10000000,514,True,10,3048,,10000000
scp_orlib,scp410,1000,0,penalty,mga,1000,10000000,514,True,11,3318,,10000000
scp_orlib,scp410,1000,0,penalty,mga,1000,10000000,514,True,12,2310,,10000000
scp_orlib,scp410,1000,0,penalty,mga,1000,10000000,514,True,13,2694,,10000000
scp_orlib,scp410,1000,0,penalty,mga,1000,10000000,514,True,14,3287,,10000000
scp_orlib,scp410,1000,0,penalty,mga,1000,10000000,514,True,15,2934,,10000000
scp_orlib,scp410,1000,0,penalty,mga,1000,10000000,514,True,16,2594,,10000000
scp_orlib,scp410,1000,0,penalty,mga,1000,10000000,514,True,17,2631,,10000000
scp_orlib,scp410,1000,0,penalty,mga,1000,10000000,514,True,18,2600,,10000000
scp_orlib,scp410,1000,0,penalty,mga,1000,10000000,514,True,19,3060,,10000000
scp_orlib,scp410,1000,0,penalty,mga,1000,10000000,514,True,20,2918,,10000000
scp_orlib,scp410,1000,0,penalty,mga,1000,10000000,514,True,21,3282,,10000000
scp_orlib,scp410,1000,0,penalty,mga,1000,10000000,514,True,22,3208,,10000000
scp_orlib,scp410,1000,0,penalty,mga,1000,10000000,514,True,23,2686,,10000000
scp_orlib,scp410,1000,0,penalty,mga,1000,10000000,514,True,24,2819,,10000000
scp_orlib,scp410,1000,0,penalty,mga,1000,10000000,514,True,25,2877,,10000000
scp_orlib,scp410,1000,0,penalty,mga,1000,10000000,514,True,26,3126,,10000000
scp_orlib,scp410,1000,0,penalty,mga,1000,10000000,514,True,27,2553,,10000000
scp_orlib,scp410,1000,0,penalty,mga,1000,10000000,514,True,28,3244,,10000000
scp_orlib,scp410,1000,0,penalty,mga,1000,10000000,514,True,29,2615,,10000000
scp_orlib,scp410,1000,0,penalty,mga,1000,10000000,514,True,30,2527,,10000000
scp_orlib,scp61,1000,0,penalty,mga,1000,10000000,138,True,0,1177,,10000000
scp_orlib,scp61,1000,0,penalty,mga,1000,10000000,138,True,1,1406,,10000000
scp_orlib,scp61,1000,0,penalty,mga,1000,10000000,138,True,2,1020,,10000000
scp_orlib,scp61,1000,0,penalty,mga,1000,10000000,138,True,3,1299,,10000000
scp_orlib,scp61,1000,0,penalty,mga,1000,10000000,138,True,4,1389,,10000000
scp_orlib,scp61,1000,0,penalty,mga,1000,10000000,138,True,5,1582,,10000000
scp_orlib,scp61,1000,0,penalty,mga,1000,10000000,138,True,6,1407,,10000000
scp_orlib,scp61,1000,0,penalty,mga,1000,10000000,138,True,7,1487,,10000000
scp_orlib,scp61,1000,0,penalty,mga,1000,10000000,138,True,8,1480,,10000000
scp_orlib,scp61,1000,0,penalty,mga,1000,10000000,138,True,9,1084,,10000000
scp_orlib,scp61,1000,0,penalty,mga,1000,10000000,138,True,10,1332,,10000000
scp_orlib,scp61,1000,0,penalty,mga,1000,10000000,138,True,11,1697,,10000000
scp_orlib,scp61,1000,0,penalty,mga,1000,10000000,138,True,12,1041,,10000000
scp_orlib,scp61,1000,0,penalty,mga,1000,10000000,138,True,13,1447,,10000000
scp_orlib,scp61,1000,0,penalty,mga,1000,10000000,138,True,14,1502,,10000000
scp_orlib,scp61,1000,0,penalty,mga,1000,10000000,138,True,15,1334,,10000000
scp_orlib,scp61,1000,0,penalty,mga,1000,10000000,138,True,16,1759,,10000000
scp_orlib,scp61,1000,0,penalty,mga,1000,10000000,138,True,17,1526,,10000000
scp_orlib,scp61,1000,0,penalty,mga,1000,10000000,138,True,18,1081,,10000000
scp_orlib,scp61,1000,0,penalty,mga,1000,10000000,138,True,19,1380,,10000000
scp_orlib,scp61,1000,0,penalty,mga,1000,10000000,138,True,20,1266,,10000000
scp_orlib,scp61,1000,0,penalty,mga,1000,10000000,138,True,21,1415,,10000000
scp_orlib,scp61,1000,0,penalty,mga,1000,10000000,138,True,22,1383,,10000000
scp_orlib,scp61,1000,0,penalty,mga,1000,10000000,138,True,23,1065,,10000000
scp_orlib,scp61,1000,0,penalty,mga,1000,10000000,138,True,24,1200,,10000000
scp_orlib,scp61,1000,0,penalty,mga,1000,10000000,138,True,25,1140,,10000000
scp_orlib,scp61,1000,0,penalty,mga,1000,10000000,138,True,26,1345,,10000000
scp_orlib,scp61,1000,0,penalty,mga,1000,10000000,138,True,27,1247,,10000000
scp_orlib,scp61,1000,0,penalty,mga,1000,10000000,138,True,28,1047,,10000000
scp_orlib,scp61,1000,0,penalty,mga,1000,10000000,138,True,29,1788,,10000000
scp_orlib,scp61,1000,0,penalty,mga,1000,10000000,138,True,30,1086,,10000000
scp_orlib,scp62,1000,0,penalty,mga,1000,10000000,146,True,0,1549,,10000000
scp_orlib,scp62,1000,0,penalty,mga,1000,10000000,146,True,1,1451,,10000000
scp_orlib,scp62,1000,0,penalty,mga,1000,10000000,146,True,2,1641,,10000000
scp_orlib,scp62,1000,0,penalty,mga,1000,10000000,146,True,3,1069,,10000000
scp_orlib,scp62,1000,0,penalty,mga,1000,10000000,146,True,4,1357,,10000000
scp_orlib,scp62,1000,0,penalty,mga,1000,10000000,146,True,5,1515,,10000000
scp_orlib,scp62,1000,0,penalty,mga,1000,10000000,146,True,6,1217,,10000000
scp_orlib,scp62,1000,0,penalty,mga,1000,10000000,146,True,7,1386,,10000000
scp_orlib,scp62,1000,0,penalty,mga,1000,10000000,146,True,8,1369,,10000000
scp_orlib,scp62,1000,0,penalty,mga,1000,10000000,146,True,9,1028,,10000000
scp_orlib,scp62,1000,0,penalty,mga,1000,10000000,146,True,10,1694,,10000000
scp_orlib,scp62,1000,0,penalty,mga,1000,10000000,146,True,11,1471,,10000000
scp_orlib,scp62,1000,0,penalty,mga,1000,10000000,146,True,12,1260,,10000000
scp_orlib,scp62,1000,0,penalty,mga,1000,10000000,146,True,13,962,,10000000
scp_orlib,scp62,1000,0,penalty,mga,1000,10000000,146,True,14,1451,,10000000
scp_orlib,scp62,1000,0,penalty,mga,1000,10000000,146,True,15,1273,,10000000
scp_orlib,scp62,1000,0,penalty,mga,1000,10000000,146,True,16,1410,,10000000
scp_orlib,scp62,1000,0,penalty,mga,1000,10000000,146,True,17,1549,,10000000
scp_orlib,scp62,1000,0,penalty,mga,1000,10000000,146,True,18,1265,,10000000
scp_orlib,scp62,1000,0,penalty,mga,1000,10000000,146,True,19,1525,,10000000
scp_orlib,scp62,1000,0,penalty,mga,1000,10000000,146,True,20,1379,,10000000
scp_orlib,scp62,1000,0,penalty,mga,1000,10000000,146,True,21,1653,,10000000
scp_orlib,scp62,1000,0,penalty,mga,1000,10000000,146,True,22,1485,,10000000
scp_orlib,scp62,1000,0,penalty,mga,1000,10000000,146,True,23,1331,,10000000
scp_orlib,scp62,1000,0,penalty,mga,1000,10000000,146,True,24,1301,,10000000
scp_orlib,scp62,1000,0,penalty,mga,1000,10000000,146,True,25,1348,,10000000
scp_orlib,scp62,1000,0,penalty,mga,1000,10000000,146,True,26,1354,,10000000
scp_orlib,scp62,1000,0,penalty,mga,1000,10000000,146,True,27,1388,,10000000
scp_orlib,scp62,1000,0,penalty,mga,1000,10000000,146,True,28,1472,,10000000
scp_orlib,scp62,1000,0,penalty,mga,1000,10000000,146,True,29,990,,10000000
scp_orlib,scp62,1000,0,penalty,mga,1000,10000000,146,True,30,1098,,10000000
scp_orlib,scp64,1000,0,penalty,ils,1000,10000000,131,True,0,131,7971230,7971230
scp_orlib,scp64,1000,0,penalty,ils,1000,10000000,131,True,1,134,,10000000
scp_orlib,scp64,1000,0,penalty,ils,1000,10000000,131,True,2,138,,10000000
scp_orlib,scp64,1000,0,penalty,ils,1000,10000000,131,True,3,145,,10000000
scp_orlib,scp64,1000,0,penalty,ils,1000,10000000,131,True,4,134,,10000000
scp_orlib,scp64,1000,0,penalty,ils,1000,10000000,131,True,5,136,,10000000
scp_orlib,scp64,1000,0,penalty,ils,1000,10000000,131,True,6,135,,10000000
scp_orlib,scp64,1000,0,penalty,ils,1000,10000000,131,True,7,135,,10000000
scp_orlib,scp64,1000,0,penalty,ils,1000,10000000,131,True,8,146,,10000000
scp_orlib,scp64,1000,0,penalty,ils,1000,10000000,131,True,9,135,,10000000
scp_orlib,scp64,1000,0,penalty,ils,1000,10000000,131,True,10,134,,10000000
scp_orlib,scp64,1000,0,penalty,ils,1000,10000000,131,True,11,149,,10000000
scp_orlib,scp64,1000,0,penalty,ils,1000,10000000,131,True,12,135,,10000000
scp_orlib,scp64,1000,0,penalty,ils,1000,10000000,131,True,13,143,,10000000
scp_orlib,scp64,1000,0,penalty,ils,1000,10000000,131,True,14,131,8151500,8151500
scp_orlib,scp64,1000,0,penalty,ils,1000,10000000,131,True,15,143,,10000000
scp_orlib,scp64,1000,0,penalty,ils,1000,10000000,131,True,16,138,,10000000
scp_orlib,scp64,1000,0,penalty,ils,1000,10000000,131,True,17,143,,10000000
scp_orlib,scp64,1000,0,penalty,ils,1000,10000000,131,True,18,135,,10000000
scp_orlib,scp64,1000,0,penalty,ils,1000,10000000,131,True,19,135,,10000000
scp_orlib,scp64,1000,0,penalty,ils,1000,10000000,131,True,20,158,,10000000
scp_orlib,scp64,1000,0,penalty,ils,1000,10000000,131,True,21,134,,10000000
scp_orlib,scp64,1000,0,penalty,ils,1000,10000000,131,True,22,143,,10000000
scp_orlib,scp64,1000,0,penalty,ils,1000,10000000,131,True,23,141,,10000000
scp_orlib,scp64,1000,0,penalty,ils,1000,10000000,131,True,24,134,,10000000
scp_orlib,scp64,1000,0,penalty,ils,1000,10000000,131,True,25,135,,10000000
scp_orlib,scp64,1000,0,penalty,ils,1000,10000000,131,True,26,137,,10000000
scp_orlib,scp64,1000,0,penalty,ils,1000,10000000,131,True,27,139,,10000000
scp_orlib,scp64,1000,0,penalty,ils,1000,10000000,131,True,28,135,,10000000
scp_orlib,scp64,1000,0,penalty,ils,1000,10000000,131,True,29,142,,10000000
scp_orlib,scp64,1000,0,penalty,ils,1000,10000000,131,True,30,137,,10000000
scp_orlib,scp63,1000,0,penalty,ils,1000,10000000,145,True,0,148,,10000000
scp_orlib,scp63,1000,0,penalty,ils,1000,10000000,145,True,1,150,,10000000
scp_orlib,scp63,1000,0,penalty,ils,1000,10000000,145,True,2,150,,10000000
scp_orlib,scp63,1000,0,penalty,ils,1000,10000000,145,True,3,148,,10000000
scp_orlib,scp63,1000,0,penalty,ils,1000,10000000,145,True,4,148,,10000000
scp_orlib,scp63,1000,0,penalty,ils,1000,10000000,145,True,5,150,,10000000
scp_orlib,scp63,1000,0,penalty,ils,1000,10000000,145,True,6,150,,10000000
scp_orlib,scp63,1000,0,penalty,ils,1000,10000000,145,True,7,148,,10000000
scp_orlib,scp63,1000,0,penalty,ils,1000,10000000,145,True,8,153,,10000000
scp_orlib,scp63,1000,0,penalty,ils,1000,10000000,145,True,9,145,7185252,7185252
scp_orlib,scp63,1000,0,penalty,ils,1000,10000000,145,True,10,148,,10000000
scp_orlib,scp63,1000,0,penalty,ils,1000,10000000,145,True,11,153,,10000000
scp_orlib,scp63,1000,0,penalty,ils,1000,10000000,145,True,12,150,,10000000
scp_orlib,scp63,1000,0,penalty,ils,1000,10000000,145,True,13,155,,10000000
scp_orlib,scp63,1000,0,penalty,ils,1000,10000000,145,True,14,153,,10000000
scp_orlib,scp63,1000,0,penalty,ils,1000,10000000,145,True,15,145,6575171,6575171
scp_orlib,scp63,1000,0,penalty,ils,1000,10000000,145,True,16,161,,10000000
scp_orlib,scp63,1000,0,penalty,ils,1000,10000000,145,True,17,148,,10000000
scp_orlib,scp63,1000,0,penalty,ils,1000,10000000,145,True,18,149,,10000000
scp_orlib,scp63,1000,0,penalty,ils,1000,10000000,145,True,19,148,,10000000
scp_orlib,scp63,1000,0,penalty,ils,1000,10000000,145,True,20,150,,10000000
scp_orlib,scp63,1000,0,penalty,ils,1000,10000000,145,True,21,154,,10000000
scp_orlib,scp63,1000,0,penalty,ils,1000,10000000,145,True,22,148,,10000000
scp_orlib,scp63,1000,0,penalty,ils,1000,10000000,145,True,23,150,,10000000
scp_orlib,scp63,1000,0,penalty,ils,1000,10000000,145,True,24,160,,10000000
scp_orlib,scp63,1000,0,penalty,ils,1000,10000000,145,True,25,157,,10000000
scp_orlib,scp63,1000,0,penalty,ils,1000,10000000,145,True,26,150,,10000000
scp_orlib,scp63,1000,0,penalty,ils,1000,10000000,145,True,27,148,,10000000
scp_orlib,scp63,1000,0,penalty,ils,1000,10000000,145,True,28,154,,10000000
scp_orlib,scp63,1000,0,penalty,ils,1000,10000000,145,True,29,161,,10000000
scp_orlib,scp63,1000,0,penalty,ils,1000,10000000,145,True,30,158,,10000000
scp_orlib,scp410,1000,0,penalty,floor,1000,10000000,514,True,0,964,,10000000
scp_orlib,scp410,1000,0,penalty,floor,1000,10000000,514,True,1,971,,10000000
scp_orlib,scp410,1000,0,penalty,floor,1000,10000000,514,True,2,968,,10000000
scp_orlib,scp410,1000,0,penalty,floor,1000,10000000,514,True,3,927,,10000000
scp_orlib,scp410,1000,0,penalty,floor,1000,10000000,514,True,4,950,,10000000
scp_orlib,scp410,1000,0,penalty,floor,1000,10000000,514,True,5,1038,,10000000
scp_orlib,scp410,1000,0,penalty,floor,1000,10000000,514,True,6,1083,,10000000
scp_orlib,scp410,1000,0,penalty,floor,1000,10000000,514,True,7,1070,,10000000
scp_orlib,scp410,1000,0,penalty,floor,1000,10000000,514,True,8,943,,10000000
scp_orlib,scp410,1000,0,penalty,floor,1000,10000000,514,True,9,1093,,10000000
scp_orlib,scp410,1000,0,penalty,floor,1000,10000000,514,True,10,977,,10000000
scp_orlib,scp410,1000,0,penalty,floor,1000,10000000,514,True,11,1020,,10000000
scp_orlib,scp410,1000,0,penalty,floor,1000,10000000,514,True,12,1056,,10000000
scp_orlib,scp410,1000,0,penalty,floor,1000,10000000,514,True,13,1054,,10000000
scp_orlib,scp410,1000,0,penalty,floor,1000,10000000,514,True,14,968,,10000000
scp_orlib,scp410,1000,0,penalty,floor,1000,10000000,514,True,15,952,,10000000
scp_orlib,scp410,1000,0,penalty,floor,1000,10000000,514,True,16,1047,,10000000
scp_orlib,scp410,1000,0,penalty,floor,1000,10000000,514,True,17,946,,10000000
scp_orlib,scp410,1000,0,penalty,floor,1000,10000000,514,True,18,1082,,10000000
scp_orlib,scp410,1000,0,penalty,floor,1000,10000000,514,True,19,914,,10000000
scp_orlib,scp410,1000,0,penalty,floor,1000,10000000,514,True,20,1041,,10000000
scp_orlib,scp410,1000,0,penalty,floor,1000,10000000,514,True,21,1026,,10000000
scp_orlib,scp410,1000,0,penalty,floor,1000,10000000,514,True,22,1044,,10000000
scp_orlib,scp410,1000,0,penalty,floor,1000,10000000,514,True,23,880,,10000000
scp_orlib,scp410,1000,0,penalty,floor,1000,10000000,514,True,24,965,,10000000
scp_orlib,scp410,1000,0,penalty,floor,1000,10000000,514,True,25,940,,10000000
scp_orlib,scp410,1000,0,penalty,floor,1000,10000000,514,True,26,1054,,10000000
scp_orlib,scp410,1000,0,penalty,floor,1000,10000000,514,True,27,904,,10000000
scp_orlib,scp410,1000,0,penalty,floor,1000,10000000,514,True,28,936,,10000000
scp_orlib,scp410,1000,0,penalty,floor,1000,10000000,514,True,29,1055,,10000000
scp_orlib,scp410,1000,0,penalty,floor,1000,10000000,514,True,30,961,,10000000
scp_orlib,scp49,1000,0,penalty,floor,1000,10000000,641,True,0,1062,,10000000
scp_orlib,scp49,1000,0,penalty,floor,1000,10000000,641,True,1,1045,,10000000
scp_orlib,scp49,1000,0,penalty,floor,1000,10000000,641,True,2,987,,10000000
scp_orlib,scp49,1000,0,penalty,floor,1000,10000000,641,True,3,1009,,10000000
scp_orlib,scp49,1000,0,penalty,floor,1000,10000000,641,True,4,1058,,10000000
scp_orlib,scp49,1000,0,penalty,floor,1000,10000000,641,True,5,1073,,10000000
scp_orlib,scp49,1000,0,penalty,floor,1000,10000000,641,True,6,1136,,10000000
scp_orlib,scp49,1000,0,penalty,floor,1000,10000000,641,True,7,991,,10000000
scp_orlib,scp49,1000,0,penalty,floor,1000,10000000,641,True,8,1091,,10000000
scp_orlib,scp49,1000,0,penalty,floor,1000,10000000,641,True,9,1082,,10000000
scp_orlib,scp49,1000,0,penalty,floor,1000,10000000,641,True,10,1023,,10000000
scp_orlib,scp49,1000,0,penalty,floor,1000,10000000,641,True,11,1058,,10000000
scp_orlib,scp49,1000,0,penalty,floor,1000,10000000,641,True,12,1066,,10000000
scp_orlib,scp49,1000,0,penalty,floor,1000,10000000,641,True,13,1023,,10000000
scp_orlib,scp49,1000,0,penalty,floor,1000,10000000,641,True,14,1018,,10000000
scp_orlib,scp49,1000,0,penalty,floor,1000,10000000,641,True,15,1063,,10000000
scp_orlib,scp49,1000,0,penalty,floor,1000,10000000,641,True,16,1059,,10000000
scp_orlib,scp49,1000,0,penalty,floor,1000,10000000,641,True,17,987,,10000000
scp_orlib,scp49,1000,0,penalty,floor,1000,10000000,641,True,18,1085,,10000000
scp_orlib,scp49,1000,0,penalty,floor,1000,10000000,641,True,19,1065,,10000000
scp_orlib,scp49,1000,0,penalty,floor,1000,10000000,641,True,20,1087,,10000000
scp_orlib,scp49,1000,0,penalty,floor,1000,10000000,641,True,21,1048,,10000000
scp_orlib,scp49,1000,0,penalty,floor,1000,10000000,641,True,22,1037,,10000000
scp_orlib,scp49,1000,0,penalty,floor,1000,10000000,641,True,23,985,,10000000
scp_orlib,scp49,1000,0,penalty,floor,1000,10000000,641,True,24,1021,,10000000
scp_orlib,scp49,1000,0,penalty,floor,1000,10000000,641,True,25,1073,,10000000
scp_orlib,scp49,1000,0,penalty,floor,1000,10000000,641,True,26,1062,,10000000
scp_orlib,scp49,1000,0,penalty,floor,1000,10000000,641,True,27,954,,10000000
scp_orlib,scp49,1000,0,penalty,floor,1000,10000000,641,True,28,946,,10000000
scp_orlib,scp49,1000,0,penalty,floor,1000,10000000,641,True,29,1125,,10000000
scp_orlib,scp49,1000,0,penalty,floor,1000,10000000,641,True,30,1093,,10000000
scp_orlib,scp64,1000,0,penalty,mga,1000,10000000,131,True,0,1655,,10000000
scp_orlib,scp64,1000,0,penalty,mga,1000,10000000,131,True,1,1600,,10000000
scp_orlib,scp64,1000,0,penalty,mga,1000,10000000,131,True,2,998,,10000000
scp_orlib,scp64,1000,0,penalty,mga,1000,10000000,131,True,3,1587,,10000000
scp_orlib,scp64,1000,0,penalty,mga,1000,10000000,131,True,4,1162,,10000000
scp_orlib,scp64,1000,0,penalty,mga,1000,10000000,131,True,5,1801,,10000000
scp_orlib,scp64,1000,0,penalty,mga,1000,10000000,131,True,6,1529,,10000000
scp_orlib,scp64,1000,0,penalty,mga,1000,10000000,131,True,7,1236,,10000000
scp_orlib,scp64,1000,0,penalty,mga,1000,10000000,131,True,8,1128,,10000000
scp_orlib,scp64,1000,0,penalty,mga,1000,10000000,131,True,9,1539,,10000000
scp_orlib,scp64,1000,0,penalty,mga,1000,10000000,131,True,10,1210,,10000000
scp_orlib,scp64,1000,0,penalty,mga,1000,10000000,131,True,11,1275,,10000000
scp_orlib,scp64,1000,0,penalty,mga,1000,10000000,131,True,12,1247,,10000000
scp_orlib,scp64,1000,0,penalty,mga,1000,10000000,131,True,13,1476,,10000000
scp_orlib,scp64,1000,0,penalty,mga,1000,10000000,131,True,14,1104,,10000000
scp_orlib,scp64,1000,0,penalty,mga,1000,10000000,131,True,15,1125,,10000000
scp_orlib,scp64,1000,0,penalty,mga,1000,10000000,131,True,16,1499,,10000000
scp_orlib,scp64,1000,0,penalty,mga,1000,10000000,131,True,17,1140,,10000000
scp_orlib,scp64,1000,0,penalty,mga,1000,10000000,131,True,18,1341,,10000000
scp_orlib,scp64,1000,0,penalty,mga,1000,10000000,131,True,19,1660,,10000000
scp_orlib,scp64,1000,0,penalty,mga,1000,10000000,131,True,20,1617,,10000000
scp_orlib,scp64,1000,0,penalty,mga,1000,10000000,131,True,21,1246,,10000000
scp_orlib,scp64,1000,0,penalty,mga,1000,10000000,131,True,22,1434,,10000000
scp_orlib,scp64,1000,0,penalty,mga,1000,10000000,131,True,23,1165,,10000000
scp_orlib,scp64,1000,0,penalty,mga,1000,10000000,131,True,24,968,,10000000
scp_orlib,scp64,1000,0,penalty,mga,1000,10000000,131,True,25,1641,,10000000
scp_orlib,scp64,1000,0,penalty,mga,1000,10000000,131,True,26,1230,,10000000
scp_orlib,scp64,1000,0,penalty,mga,1000,10000000,131,True,27,1472,,10000000
scp_orlib,scp64,1000,0,penalty,mga,1000,10000000,131,True,28,1447,,10000000
scp_orlib,scp64,1000,0,penalty,mga,1000,10000000,131,True,29,1553,,10000000
scp_orlib,scp64,1000,0,penalty,mga,1000,10000000,131,True,30,1364,,10000000
scp_orlib,scp63,1000,0,penalty,mga,1000,10000000,145,True,0,836,,10000000
scp_orlib,scp63,1000,0,penalty,mga,1000,10000000,145,True,1,1136,,10000000
scp_orlib,scp63,1000,0,penalty,mga,1000,10000000,145,True,2,1599,,10000000
scp_orlib,scp63,1000,0,penalty,mga,1000,10000000,145,True,3,1858,,10000000
scp_orlib,scp63,1000,0,penalty,mga,1000,10000000,145,True,4,1408,,10000000
scp_orlib,scp63,1000,0,penalty,mga,1000,10000000,145,True,5,1222,,10000000
scp_orlib,scp63,1000,0,penalty,mga,1000,10000000,145,True,6,1832,,10000000
scp_orlib,scp63,1000,0,penalty,mga,1000,10000000,145,True,7,1191,,10000000
scp_orlib,scp63,1000,0,penalty,mga,1000,10000000,145,True,8,1164,,10000000
scp_orlib,scp63,1000,0,penalty,mga,1000,10000000,145,True,9,1443,,10000000
scp_orlib,scp63,1000,0,penalty,mga,1000,10000000,145,True,10,1206,,10000000
scp_orlib,scp63,1000,0,penalty,mga,1000,10000000,145,True,11,1120,,10000000
scp_orlib,scp63,1000,0,penalty,mga,1000,10000000,145,True,12,1659,,10000000
scp_orlib,scp63,1000,0,penalty,mga,1000,10000000,145,True,13,950,,10000000
scp_orlib,scp63,1000,0,penalty,mga,1000,10000000,145,True,14,1348,,10000000
scp_orlib,scp63,1000,0,penalty,mga,1000,10000000,145,True,15,1377,,10000000
scp_orlib,scp63,1000,0,penalty,mga,1000,10000000,145,True,16,1356,,10000000
scp_orlib,scp63,1000,0,penalty,mga,1000,10000000,145,True,17,1530,,10000000
scp_orlib,scp63,1000,0,penalty,mga,1000,10000000,145,True,18,1078,,10000000
scp_orlib,scp63,1000,0,penalty,mga,1000,10000000,145,True,19,1001,,10000000
scp_orlib,scp63,1000,0,penalty,mga,1000,10000000,145,True,20,1284,,10000000
scp_orlib,scp63,1000,0,penalty,mga,1000,10000000,145,True,21,1216,,10000000
scp_orlib,scp63,1000,0,penalty,mga,1000,10000000,145,True,22,1630,,10000000
scp_orlib,scp63,1000,0,penalty,mga,1000,10000000,145,True,23,1644,,10000000
scp_orlib,scp63,1000,0,penalty,mga,1000,10000000,145,True,24,1415,,10000000
scp_orlib,scp63,1000,0,penalty,mga,1000,10000000,145,True,25,1496,,10000000
scp_orlib,scp63,1000,0,penalty,mga,1000,10000000,145,True,26,1729,,10000000
scp_orlib,scp63,1000,0,penalty,mga,1000,10000000,145,True,27,1709,,10000000
scp_orlib,scp63,1000,0,penalty,mga,1000,10000000,145,True,28,1795,,10000000
scp_orlib,scp63,1000,0,penalty,mga,1000,10000000,145,True,29,1561,,10000000
scp_orlib,scp63,1000,0,penalty,mga,1000,10000000,145,True,30,1578,,10000000
scp_orlib,scp65,1000,0,penalty,ils,1000,10000000,161,True,0,167,,10000000
scp_orlib,scp65,1000,0,penalty,ils,1000,10000000,161,True,1,164,,10000000
scp_orlib,scp65,1000,0,penalty,ils,1000,10000000,161,True,2,169,,10000000
scp_orlib,scp65,1000,0,penalty,ils,1000,10000000,161,True,3,177,,10000000
scp_orlib,scp65,1000,0,penalty,ils,1000,10000000,161,True,4,169,,10000000
scp_orlib,scp65,1000,0,penalty,ils,1000,10000000,161,True,5,175,,10000000
scp_orlib,scp65,1000,0,penalty,ils,1000,10000000,161,True,6,169,,10000000
scp_orlib,scp65,1000,0,penalty,ils,1000,10000000,161,True,7,172,,10000000
scp_orlib,scp65,1000,0,penalty,ils,1000,10000000,161,True,8,171,,10000000
scp_orlib,scp65,1000,0,penalty,ils,1000,10000000,161,True,9,172,,10000000
scp_orlib,scp65,1000,0,penalty,ils,1000,10000000,161,True,10,169,,10000000
scp_orlib,scp65,1000,0,penalty,ils,1000,10000000,161,True,11,178,,10000000
scp_orlib,scp65,1000,0,penalty,ils,1000,10000000,161,True,12,173,,10000000
scp_orlib,scp65,1000,0,penalty,ils,1000,10000000,161,True,13,165,,10000000
scp_orlib,scp65,1000,0,penalty,ils,1000,10000000,161,True,14,165,,10000000
scp_orlib,scp65,1000,0,penalty,ils,1000,10000000,161,True,15,175,,10000000
scp_orlib,scp65,1000,0,penalty,ils,1000,10000000,161,True,16,180,,10000000
scp_orlib,scp65,1000,0,penalty,ils,1000,10000000,161,True,17,163,,10000000
scp_orlib,scp65,1000,0,penalty,ils,1000,10000000,161,True,18,180,,10000000
scp_orlib,scp65,1000,0,penalty,ils,1000,10000000,161,True,19,165,,10000000
scp_orlib,scp65,1000,0,penalty,ils,1000,10000000,161,True,20,177,,10000000
scp_orlib,scp65,1000,0,penalty,ils,1000,10000000,161,True,21,179,,10000000
scp_orlib,scp65,1000,0,penalty,ils,1000,10000000,161,True,22,173,,10000000
scp_orlib,scp65,1000,0,penalty,ils,1000,10000000,161,True,23,163,,10000000
scp_orlib,scp65,1000,0,penalty,ils,1000,10000000,161,True,24,171,,10000000
scp_orlib,scp65,1000,0,penalty,ils,1000,10000000,161,True,25,175,,10000000
scp_orlib,scp65,1000,0,penalty,ils,1000,10000000,161,True,26,169,,10000000
scp_orlib,scp65,1000,0,penalty,ils,1000,10000000,161,True,27,180,,10000000
scp_orlib,scp65,1000,0,penalty,ils,1000,10000000,161,True,28,164,,10000000
scp_orlib,scp65,1000,0,penalty,ils,1000,10000000,161,True,29,169,,10000000
scp_orlib,scp65,1000,0,penalty,ils,1000,10000000,161,True,30,173,,10000000
scp_orlib,scp62,1000,0,penalty,floor,1000,10000000,146,True,0,241,,10000000
scp_orlib,scp62,1000,0,penalty,floor,1000,10000000,146,True,1,206,,10000000
scp_orlib,scp62,1000,0,penalty,floor,1000,10000000,146,True,2,246,,10000000
scp_orlib,scp62,1000,0,penalty,floor,1000,10000000,146,True,3,213,,10000000
scp_orlib,scp62,1000,0,penalty,floor,1000,10000000,146,True,4,206,,10000000
scp_orlib,scp62,1000,0,penalty,floor,1000,10000000,146,True,5,196,,10000000
scp_orlib,scp62,1000,0,penalty,floor,1000,10000000,146,True,6,217,,10000000
scp_orlib,scp62,1000,0,penalty,floor,1000,10000000,146,True,7,229,,10000000
scp_orlib,scp62,1000,0,penalty,floor,1000,10000000,146,True,8,230,,10000000
scp_orlib,scp62,1000,0,penalty,floor,1000,10000000,146,True,9,225,,10000000
scp_orlib,scp62,1000,0,penalty,floor,1000,10000000,146,True,10,237,,10000000
scp_orlib,scp62,1000,0,penalty,floor,1000,10000000,146,True,11,241,,10000000
scp_orlib,scp62,1000,0,penalty,floor,1000,10000000,146,True,12,229,,10000000
scp_orlib,scp62,1000,0,penalty,floor,1000,10000000,146,True,13,220,,10000000
scp_orlib,scp62,1000,0,penalty,floor,1000,10000000,146,True,14,230,,10000000
scp_orlib,scp62,1000,0,penalty,floor,1000,10000000,146,True,15,206,,10000000
scp_orlib,scp62,1000,0,penalty,floor,1000,10000000,146,True,16,221,,10000000
scp_orlib,scp62,1000,0,penalty,floor,1000,10000000,146,True,17,191,,10000000
scp_orlib,scp62,1000,0,penalty,floor,1000,10000000,146,True,18,221,,10000000
scp_orlib,scp62,1000,0,penalty,floor,1000,10000000,146,True,19,233,,10000000
scp_orlib,scp62,1000,0,penalty,floor,1000,10000000,146,True,20,236,,10000000
scp_orlib,scp62,1000,0,penalty,floor,1000,10000000,146,True,21,226,,10000000
scp_orlib,scp62,1000,0,penalty,floor,1000,10000000,146,True,22,221,,10000000
scp_orlib,scp62,1000,0,penalty,floor,1000,10000000,146,True,23,237,,10000000
scp_orlib,scp62,1000,0,penalty,floor,1000,10000000,146,True,24,222,,10000000
scp_orlib,scp62,1000,0,penalty,floor,1000,10000000,146,True,25,242,,10000000
scp_orlib,scp62,1000,0,penalty,floor,1000,10000000,146,True,26,237,,10000000
scp_orlib,scp62,1000,0,penalty,floor,1000,10000000,146,True,27,231,,10000000
scp_orlib,scp62,1000,0,penalty,floor,1000,10000000,146,True,28,210,,10000000
scp_orlib,scp62,1000,0,penalty,floor,1000,10000000,146,True,29,237,,10000000
scp_orlib,scp62,1000,0,penalty,floor,1000,10000000,146,True,30,223,,10000000
scp_orlib,scp61,1000,0,penalty,floor,1000,10000000,138,True,0,234,,10000000
scp_orlib,scp61,1000,0,penalty,floor,1000,10000000,138,True,1,209,,10000000
scp_orlib,scp61,1000,0,penalty,floor,1000,10000000,138,True,2,200,,10000000
scp_orlib,scp61,1000,0,penalty,floor,1000,10000000,138,True,3,215,,10000000
scp_orlib,scp61,1000,0,penalty,floor,1000,10000000,138,True,4,224,,10000000
scp_orlib,scp61,1000,0,penalty,floor,1000,10000000,138,True,5,192,,10000000
scp_orlib,scp61,1000,0,penalty,floor,1000,10000000,138,True,6,211,,10000000
scp_orlib,scp61,1000,0,penalty,floor,1000,10000000,138,True,7,226,,10000000
scp_orlib,scp61,1000,0,penalty,floor,1000,10000000,138,True,8,209,,10000000
scp_orlib,scp61,1000,0,penalty,floor,1000,10000000,138,True,9,205,,10000000
scp_orlib,scp61,1000,0,penalty,floor,1000,10000000,138,True,10,219,,10000000
scp_orlib,scp61,1000,0,penalty,floor,1000,10000000,138,True,11,228,,10000000
scp_orlib,scp61,1000,0,penalty,floor,1000,10000000,138,True,12,222,,10000000
scp_orlib,scp61,1000,0,penalty,floor,1000,10000000,138,True,13,213,,10000000
scp_orlib,scp61,1000,0,penalty,floor,1000,10000000,138,True,14,220,,10000000
scp_orlib,scp61,1000,0,penalty,floor,1000,10000000,138,True,15,208,,10000000
scp_orlib,scp61,1000,0,penalty,floor,1000,10000000,138,True,16,205,,10000000
scp_orlib,scp61,1000,0,penalty,floor,1000,10000000,138,True,17,240,,10000000
scp_orlib,scp61,1000,0,penalty,floor,1000,10000000,138,True,18,228,,10000000
scp_orlib,scp61,1000,0,penalty,floor,1000,10000000,138,True,19,223,,10000000
scp_orlib,scp61,1000,0,penalty,floor,1000,10000000,138,True,20,215,,10000000
scp_orlib,scp61,1000,0,penalty,floor,1000,10000000,138,True,21,223,,10000000
scp_orlib,scp61,1000,0,penalty,floor,1000,10000000,138,True,22,226,,10000000
scp_orlib,scp61,1000,0,penalty,floor,1000,10000000,138,True,23,223,,10000000
scp_orlib,scp61,1000,0,penalty,floor,1000,10000000,138,True,24,208,,10000000
scp_orlib,scp61,1000,0,penalty,floor,1000,10000000,138,True,25,205,,10000000
scp_orlib,scp61,1000,0,penalty,floor,1000,10000000,138,True,26,215,,10000000
scp_orlib,scp61,1000,0,penalty,floor,1000,10000000,138,True,27,223,,10000000
scp_orlib,scp61,1000,0,penalty,floor,1000,10000000,138,True,28,208,,10000000
scp_orlib,scp61,1000,0,penalty,floor,1000,10000000,138,True,29,201,,10000000
scp_orlib,scp61,1000,0,penalty,floor,1000,10000000,138,True,30,203,,10000000
scp_orlib,scp65,1000,0,penalty,mga,1000,10000000,161,True,0,1286,,10000000
scp_orlib,scp65,1000,0,penalty,mga,1000,10000000,161,True,1,1515,,10000000
scp_orlib,scp65,1000,0,penalty,mga,1000,10000000,161,True,2,1368,,10000000
scp_orlib,scp65,1000,0,penalty,mga,1000,10000000,161,True,3,1552,,10000000
scp_orlib,scp65,1000,0,penalty,mga,1000,10000000,161,True,4,1307,,10000000
scp_orlib,scp65,1000,0,penalty,mga,1000,10000000,161,True,5,1282,,10000000
scp_orlib,scp65,1000,0,penalty,mga,1000,10000000,161,True,6,1627,,10000000
scp_orlib,scp65,1000,0,penalty,mga,1000,10000000,161,True,7,1394,,10000000
scp_orlib,scp65,1000,0,penalty,mga,1000,10000000,161,True,8,1426,,10000000
scp_orlib,scp65,1000,0,penalty,mga,1000,10000000,161,True,9,1353,,10000000
scp_orlib,scp65,1000,0,penalty,mga,1000,10000000,161,True,10,1672,,10000000
scp_orlib,scp65,1000,0,penalty,mga,1000,10000000,161,True,11,1358,,10000000
scp_orlib,scp65,1000,0,penalty,mga,1000,10000000,161,True,12,1407,,10000000
scp_orlib,scp65,1000,0,penalty,mga,1000,10000000,161,True,13,1496,,10000000
scp_orlib,scp65,1000,0,penalty,mga,1000,10000000,161,True,14,1542,,10000000
scp_orlib,scp65,1000,0,penalty,mga,1000,10000000,161,True,15,1463,,10000000
scp_orlib,scp65,1000,0,penalty,mga,1000,10000000,161,True,16,1187,,10000000
scp_orlib,scp65,1000,0,penalty,mga,1000,10000000,161,True,17,1563,,10000000
scp_orlib,scp65,1000,0,penalty,mga,1000,10000000,161,True,18,1465,,10000000
scp_orlib,scp65,1000,0,penalty,mga,1000,10000000,161,True,19,1277,,10000000
scp_orlib,scp65,1000,0,penalty,mga,1000,10000000,161,True,20,1253,,10000000
scp_orlib,scp65,1000,0,penalty,mga,1000,10000000,161,True,21,1198,,10000000
scp_orlib,scp65,1000,0,penalty,mga,1000,10000000,161,True,22,1186,,10000000
scp_orlib,scp65,1000,0,penalty,mga,1000,10000000,161,True,23,1500,,10000000
scp_orlib,scp65,1000,0,penalty,mga,1000,10000000,161,True,24,1241,,10000000
scp_orlib,scp65,1000,0,penalty,mga,1000,10000000,161,True,25,1244,,10000000
scp_orlib,scp65,1000,0,penalty,mga,1000,10000000,161,True,26,1113,,10000000
scp_orlib,scp65,1000,0,penalty,mga,1000,10000000,161,True,27,1508,,10000000
scp_orlib,scp65,1000,0,penalty,mga,1000,10000000,161,True,28,1391,,10000000
scp_orlib,scp65,1000,0,penalty,mga,1000,10000000,161,True,29,1671,,10000000
scp_orlib,scp65,1000,0,penalty,mga,1000,10000000,161,True,30,1339,,10000000
scp_orlib,scp63,1000,0,penalty,floor,1000,10000000,145,True,0,249,,10000000
scp_orlib,scp63,1000,0,penalty,floor,1000,10000000,145,True,1,218,,10000000
scp_orlib,scp63,1000,0,penalty,floor,1000,10000000,145,True,2,227,,10000000
scp_orlib,scp63,1000,0,penalty,floor,1000,10000000,145,True,3,232,,10000000
scp_orlib,scp63,1000,0,penalty,floor,1000,10000000,145,True,4,232,,10000000
scp_orlib,scp63,1000,0,penalty,floor,1000,10000000,145,True,5,213,,10000000
scp_orlib,scp63,1000,0,penalty,floor,1000,10000000,145,True,6,238,,10000000
scp_orlib,scp63,1000,0,penalty,floor,1000,10000000,145,True,7,241,,10000000
scp_orlib,scp63,1000,0,penalty,floor,1000,10000000,145,True,8,263,,10000000
scp_orlib,scp63,1000,0,penalty,floor,1000,10000000,145,True,9,257,,10000000
scp_orlib,scp63,1000,0,penalty,floor,1000,10000000,145,True,10,246,,10000000
scp_orlib,scp63,1000,0,penalty,floor,1000,10000000,145,True,11,247,,10000000
scp_orlib,scp63,1000,0,penalty,floor,1000,10000000,145,True,12,260,,10000000
scp_orlib,scp63,1000,0,penalty,floor,1000,10000000,145,True,13,220,,10000000
scp_orlib,scp63,1000,0,penalty,floor,1000,10000000,145,True,14,221,,10000000
scp_orlib,scp63,1000,0,penalty,floor,1000,10000000,145,True,15,232,,10000000
scp_orlib,scp63,1000,0,penalty,floor,1000,10000000,145,True,16,260,,10000000
scp_orlib,scp63,1000,0,penalty,floor,1000,10000000,145,True,17,208,,10000000
scp_orlib,scp63,1000,0,penalty,floor,1000,10000000,145,True,18,237,,10000000
scp_orlib,scp63,1000,0,penalty,floor,1000,10000000,145,True,19,233,,10000000
scp_orlib,scp63,1000,0,penalty,floor,1000,10000000,145,True,20,235,,10000000
scp_orlib,scp63,1000,0,penalty,floor,1000,10000000,145,True,21,209,,10000000
scp_orlib,scp63,1000,0,penalty,floor,1000,10000000,145,True,22,234,,10000000
scp_orlib,scp63,1000,0,penalty,floor,1000,10000000,145,True,23,249,,10000000
scp_orlib,scp63,1000,0,penalty,floor,1000,10000000,145,True,24,234,,10000000
scp_orlib,scp63,1000,0,penalty,floor,1000,10000000,145,True,25,236,,10000000
scp_orlib,scp63,1000,0,penalty,floor,1000,10000000,145,True,26,261,,10000000
scp_orlib,scp63,1000,0,penalty,floor,1000,10000000,145,True,27,224,,10000000
scp_orlib,scp63,1000,0,penalty,floor,1000,10000000,145,True,28,222,,10000000
scp_orlib,scp63,1000,0,penalty,floor,1000,10000000,145,True,29,248,,10000000
scp_orlib,scp63,1000,0,penalty,floor,1000,10000000,145,True,30,255,,10000000
scp_orlib,scp47,1000,0,penalty,ga,1000,10000000,430,True,0,811,,10000000
scp_orlib,scp47,1000,0,penalty,ga,1000,10000000,430,True,1,797,,10000000
scp_orlib,scp47,1000,0,penalty,ga,1000,10000000,430,True,2,753,,10000000
scp_orlib,scp47,1000,0,penalty,ga,1000,10000000,430,True,3,769,,10000000
scp_orlib,scp47,1000,0,penalty,ga,1000,10000000,430,True,4,771,,10000000
scp_orlib,scp47,1000,0,penalty,ga,1000,10000000,430,True,5,532,,10000000
scp_orlib,scp47,1000,0,penalty,ga,1000,10000000,430,True,6,696,,10000000
scp_orlib,scp47,1000,0,penalty,ga,1000,10000000,430,True,7,651,,10000000
scp_orlib,scp47,1000,0,penalty,ga,1000,10000000,430,True,8,604,,10000000
scp_orlib,scp47,1000,0,penalty,ga,1000,10000000,430,True,9,684,,10000000
scp_orlib,scp47,1000,0,penalty,ga,1000,10000000,430,True,10,682,,10000000
scp_orlib,scp47,1000,0,penalty,ga,1000,10000000,430,True,11,697,,10000000
scp_orlib,scp47,1000,0,penalty,ga,1000,10000000,430,True,12,635,,10000000
scp_orlib,scp47,1000,0,penalty,ga,1000,10000000,430,True,13,624,,10000000
scp_orlib,scp47,1000,0,penalty,ga,1000,10000000,430,True,14,635,,10000000
scp_orlib,scp47,1000,0,penalty,ga,1000,10000000,430,True,15,729,,10000000
scp_orlib,scp47,1000,0,penalty,ga,1000,10000000,430,True,16,672,,10000000
scp_orlib,scp47,1000,0,penalty,ga,1000,10000000,430,True,17,579,,10000000
scp_orlib,scp47,1000,0,penalty,ga,1000,10000000,430,True,18,583,,10000000
scp_orlib,scp47,1000,0,penalty,ga,1000,10000000,430,True,19,661,,10000000
scp_orlib,scp47,1000,0,penalty,ga,1000,10000000,430,True,20,612,,10000000
scp_orlib,scp47,1000,0,penalty,ga,1000,10000000,430,True,21,722,,10000000
scp_orlib,scp47,1000,0,penalty,ga,1000,10000000,430,True,22,630,,10000000
scp_orlib,scp47,1000,0,penalty,ga,1000,10000000,430,True,23,606,,10000000
scp_orlib,scp47,1000,0,penalty,ga,1000,10000000,430,True,24,573,,10000000
scp_orlib,scp47,1000,0,penalty,ga,1000,10000000,430,True,25,866,,10000000
scp_orlib,scp47,1000,0,penalty,ga,1000,10000000,430,True,26,742,,10000000
scp_orlib,scp47,1000,0,penalty,ga,1000,10000000,430,True,27,769,,10000000
scp_orlib,scp47,1000,0,penalty,ga,1000,10000000,430,True,28,959,,10000000
scp_orlib,scp47,1000,0,penalty,ga,1000,10000000,430,True,29,666,,10000000
scp_orlib,scp47,1000,0,penalty,ga,1000,10000000,430,True,30,658,,10000000
scp_orlib,scp64,1000,0,penalty,floor,1000,10000000,131,True,0,248,,10000000
scp_orlib,scp64,1000,0,penalty,floor,1000,10000000,131,True,1,191,,10000000
scp_orlib,scp64,1000,0,penalty,floor,1000,10000000,131,True,2,195,,10000000
scp_orlib,scp64,1000,0,penalty,floor,1000,10000000,131,True,3,210,,10000000
scp_orlib,scp64,1000,0,penalty,floor,1000,10000000,131,True,4,221,,10000000
scp_orlib,scp64,1000,0,penalty,floor,1000,10000000,131,True,5,189,,10000000
scp_orlib,scp64,1000,0,penalty,floor,1000,10000000,131,True,6,230,,10000000
scp_orlib,scp64,1000,0,penalty,floor,1000,10000000,131,True,7,229,,10000000
scp_orlib,scp64,1000,0,penalty,floor,1000,10000000,131,True,8,225,,10000000
scp_orlib,scp64,1000,0,penalty,floor,1000,10000000,131,True,9,238,,10000000
scp_orlib,scp64,1000,0,penalty,floor,1000,10000000,131,True,10,214,,10000000
scp_orlib,scp64,1000,0,penalty,floor,1000,10000000,131,True,11,213,,10000000
scp_orlib,scp64,1000,0,penalty,floor,1000,10000000,131,True,12,211,,10000000
scp_orlib,scp64,1000,0,penalty,floor,1000,10000000,131,True,13,210,,10000000
scp_orlib,scp64,1000,0,penalty,floor,1000,10000000,131,True,14,232,,10000000
scp_orlib,scp64,1000,0,penalty,floor,1000,10000000,131,True,15,212,,10000000
scp_orlib,scp64,1000,0,penalty,floor,1000,10000000,131,True,16,229,,10000000
scp_orlib,scp64,1000,0,penalty,floor,1000,10000000,131,True,17,226,,10000000
scp_orlib,scp64,1000,0,penalty,floor,1000,10000000,131,True,18,222,,10000000
scp_orlib,scp64,1000,0,penalty,floor,1000,10000000,131,True,19,207,,10000000
scp_orlib,scp64,1000,0,penalty,floor,1000,10000000,131,True,20,194,,10000000
scp_orlib,scp64,1000,0,penalty,floor,1000,10000000,131,True,21,204,,10000000
scp_orlib,scp64,1000,0,penalty,floor,1000,10000000,131,True,22,240,,10000000
scp_orlib,scp64,1000,0,penalty,floor,1000,10000000,131,True,23,215,,10000000
scp_orlib,scp64,1000,0,penalty,floor,1000,10000000,131,True,24,211,,10000000
scp_orlib,scp64,1000,0,penalty,floor,1000,10000000,131,True,25,229,,10000000
scp_orlib,scp64,1000,0,penalty,floor,1000,10000000,131,True,26,214,,10000000
scp_orlib,scp64,1000,0,penalty,floor,1000,10000000,131,True,27,219,,10000000
scp_orlib,scp64,1000,0,penalty,floor,1000,10000000,131,True,28,192,,10000000
scp_orlib,scp64,1000,0,penalty,floor,1000,10000000,131,True,29,225,,10000000
scp_orlib,scp64,1000,0,penalty,floor,1000,10000000,131,True,30,206,,10000000
scp_orlib,scp43,1000,0,penalty,ga,1000,10000000,516,True,0,722,,10000000
scp_orlib,scp43,1000,0,penalty,ga,1000,10000000,516,True,1,745,,10000000
scp_orlib,scp43,1000,0,penalty,ga,1000,10000000,516,True,2,712,,10000000
scp_orlib,scp43,1000,0,penalty,ga,1000,10000000,516,True,3,652,,10000000
scp_orlib,scp43,1000,0,penalty,ga,1000,10000000,516,True,4,806,,10000000
scp_orlib,scp43,1000,0,penalty,ga,1000,10000000,516,True,5,873,,10000000
scp_orlib,scp43,1000,0,penalty,ga,1000,10000000,516,True,6,758,,10000000
scp_orlib,scp43,1000,0,penalty,ga,1000,10000000,516,True,7,789,,10000000
scp_orlib,scp43,1000,0,penalty,ga,1000,10000000,516,True,8,769,,10000000
scp_orlib,scp43,1000,0,penalty,ga,1000,10000000,516,True,9,1116,,10000000
scp_orlib,scp43,1000,0,penalty,ga,1000,10000000,516,True,10,698,,10000000
scp_orlib,scp43,1000,0,penalty,ga,1000,10000000,516,True,11,891,,10000000
scp_orlib,scp43,1000,0,penalty,ga,1000,10000000,516,True,12,742,,10000000
scp_orlib,scp43,1000,0,penalty,ga,1000,10000000,516,True,13,862,,10000000
scp_orlib,scp43,1000,0,penalty,ga,1000,10000000,516,True,14,777,,10000000
scp_orlib,scp43,1000,0,penalty,ga,1000,10000000,516,True,15,765,,10000000
scp_orlib,scp43,1000,0,penalty,ga,1000,10000000,516,True,16,859,,10000000
scp_orlib,scp43,1000,0,penalty,ga,1000,10000000,516,True,17,877,,10000000
scp_orlib,scp43,1000,0,penalty,ga,1000,10000000,516,True,18,825,,10000000
scp_orlib,scp43,1000,0,penalty,ga,1000,10000000,516,True,19,859,,10000000
scp_orlib,scp43,1000,0,penalty,ga,1000,10000000,516,True,20,848,,10000000
scp_orlib,scp43,1000,0,penalty,ga,1000,10000000,516,True,21,897,,10000000
scp_orlib,scp43,1000,0,penalty,ga,1000,10000000,516,True,22,887,,10000000
scp_orlib,scp43,1000,0,penalty,ga,1000,10000000,516,True,23,728,,10000000
scp_orlib,scp43,1000,0,penalty,ga,1000,10000000,516,True,24,787,,10000000
scp_orlib,scp43,1000,0,penalty,ga,1000,10000000,516,True,25,931,,10000000
scp_orlib,scp43,1000,0,penalty,ga,1000,10000000,516,True,26,923,,10000000
scp_orlib,scp43,1000,0,penalty,ga,1000,10000000,516,True,27,794,,10000000
scp_orlib,scp43,1000,0,penalty,ga,1000,10000000,516,True,28,864,,10000000
scp_orlib,scp43,1000,0,penalty,ga,1000,10000000,516,True,29,777,,10000000
scp_orlib,scp43,1000,0,penalty,ga,1000,10000000,516,True,30,814,,10000000
scp_orlib,scp48,1000,0,penalty,ga,1000,10000000,492,True,0,771,,10000000
scp_orlib,scp48,1000,0,penalty,ga,1000,10000000,492,True,1,917,,10000000
scp_orlib,scp48,1000,0,penalty,ga,1000,10000000,492,True,2,1059,,10000000
scp_orlib,scp48,1000,0,penalty,ga,1000,10000000,492,True,3,622,,10000000
scp_orlib,scp48,1000,0,penalty,ga,1000,10000000,492,True,4,807,,10000000
scp_orlib,scp48,1000,0,penalty,ga,1000,10000000,492,True,5,858,,10000000
scp_orlib,scp48,1000,0,penalty,ga,1000,10000000,492,True,6,698,,10000000
scp_orlib,scp48,1000,0,penalty,ga,1000,10000000,492,True,7,811,,10000000
scp_orlib,scp48,1000,0,penalty,ga,1000,10000000,492,True,8,816,,10000000
scp_orlib,scp48,1000,0,penalty,ga,1000,10000000,492,True,9,772,,10000000
scp_orlib,scp48,1000,0,penalty,ga,1000,10000000,492,True,10,870,,10000000
scp_orlib,scp48,1000,0,penalty,ga,1000,10000000,492,True,11,784,,10000000
scp_orlib,scp48,1000,0,penalty,ga,1000,10000000,492,True,12,714,,10000000
scp_orlib,scp48,1000,0,penalty,ga,1000,10000000,492,True,13,939,,10000000
scp_orlib,scp48,1000,0,penalty,ga,1000,10000000,492,True,14,769,,10000000
scp_orlib,scp48,1000,0,penalty,ga,1000,10000000,492,True,15,735,,10000000
scp_orlib,scp48,1000,0,penalty,ga,1000,10000000,492,True,16,738,,10000000
scp_orlib,scp48,1000,0,penalty,ga,1000,10000000,492,True,17,822,,10000000
scp_orlib,scp48,1000,0,penalty,ga,1000,10000000,492,True,18,683,,10000000
scp_orlib,scp48,1000,0,penalty,ga,1000,10000000,492,True,19,781,,10000000
scp_orlib,scp48,1000,0,penalty,ga,1000,10000000,492,True,20,851,,10000000
scp_orlib,scp48,1000,0,penalty,ga,1000,10000000,492,True,21,810,,10000000
scp_orlib,scp48,1000,0,penalty,ga,1000,10000000,492,True,22,889,,10000000
scp_orlib,scp48,1000,0,penalty,ga,1000,10000000,492,True,23,740,,10000000
scp_orlib,scp48,1000,0,penalty,ga,1000,10000000,492,True,24,559,,10000000
scp_orlib,scp48,1000,0,penalty,ga,1000,10000000,492,True,25,767,,10000000
scp_orlib,scp48,1000,0,penalty,ga,1000,10000000,492,True,26,641,,10000000
scp_orlib,scp48,1000,0,penalty,ga,1000,10000000,492,True,27,878,,10000000
scp_orlib,scp48,1000,0,penalty,ga,1000,10000000,492,True,28,692,,10000000
scp_orlib,scp48,1000,0,penalty,ga,1000,10000000,492,True,29,851,,10000000
scp_orlib,scp48,1000,0,penalty,ga,1000,10000000,492,True,30,811,,10000000
scp_orlib,scp41,1000,0,penalty,ga,1000,10000000,429,True,0,840,,10000000
scp_orlib,scp41,1000,0,penalty,ga,1000,10000000,429,True,1,732,,10000000
scp_orlib,scp41,1000,0,penalty,ga,1000,10000000,429,True,2,778,,10000000
scp_orlib,scp41,1000,0,penalty,ga,1000,10000000,429,True,3,742,,10000000
scp_orlib,scp41,1000,0,penalty,ga,1000,10000000,429,True,4,727,,10000000
scp_orlib,scp41,1000,0,penalty,ga,1000,10000000,429,True,5,774,,10000000
scp_orlib,scp41,1000,0,penalty,ga,1000,10000000,429,True,6,1017,,10000000
scp_orlib,scp41,1000,0,penalty,ga,1000,10000000,429,True,7,782,,10000000
scp_orlib,scp41,1000,0,penalty,ga,1000,10000000,429,True,8,643,,10000000
scp_orlib,scp41,1000,0,penalty,ga,1000,10000000,429,True,9,714,,10000000
scp_orlib,scp41,1000,0,penalty,ga,1000,10000000,429,True,10,542,,10000000
scp_orlib,scp41,1000,0,penalty,ga,1000,10000000,429,True,11,835,,10000000
scp_orlib,scp41,1000,0,penalty,ga,1000,10000000,429,True,12,756,,10000000
scp_orlib,scp41,1000,0,penalty,ga,1000,10000000,429,True,13,737,,10000000
scp_orlib,scp41,1000,0,penalty,ga,1000,10000000,429,True,14,744,,10000000
scp_orlib,scp41,1000,0,penalty,ga,1000,10000000,429,True,15,725,,10000000
scp_orlib,scp41,1000,0,penalty,ga,1000,10000000,429,True,16,609,,10000000
scp_orlib,scp41,1000,0,penalty,ga,1000,10000000,429,True,17,717,,10000000
scp_orlib,scp41,1000,0,penalty,ga,1000,10000000,429,True,18,740,,10000000
scp_orlib,scp41,1000,0,penalty,ga,1000,10000000,429,True,19,649,,10000000
scp_orlib,scp41,1000,0,penalty,ga,1000,10000000,429,True,20,879,,10000000
scp_orlib,scp41,1000,0,penalty,ga,1000,10000000,429,True,21,721,,10000000
scp_orlib,scp41,1000,0,penalty,ga,1000,10000000,429,True,22,689,,10000000
scp_orlib,scp41,1000,0,penalty,ga,1000,10000000,429,True,23,768,,10000000
scp_orlib,scp41,1000,0,penalty,ga,1000,10000000,429,True,24,681,,10000000
scp_orlib,scp41,1000,0,penalty,ga,1000,10000000,429,True,25,870,,10000000
scp_orlib,scp41,1000,0,penalty,ga,1000,10000000,429,True,26,794,,10000000
scp_orlib,scp41,1000,0,penalty,ga,1000,10000000,429,True,27,749,,10000000
scp_orlib,scp41,1000,0,penalty,ga,1000,10000000,429,True,28,726,,10000000
scp_orlib,scp41,1000,0,penalty,ga,1000,10000000,429,True,29,765,,10000000
scp_orlib,scp41,1000,0,penalty,ga,1000,10000000,429,True,30,617,,10000000
scp_orlib,scp45,1000,0,penalty,ga,1000,10000000,512,True,0,757,,10000000
scp_orlib,scp45,1000,0,penalty,ga,1000,10000000,512,True,1,815,,10000000
scp_orlib,scp45,1000,0,penalty,ga,1000,10000000,512,True,2,776,,10000000
scp_orlib,scp45,1000,0,penalty,ga,1000,10000000,512,True,3,698,,10000000
scp_orlib,scp45,1000,0,penalty,ga,1000,10000000,512,True,4,705,,10000000
scp_orlib,scp45,1000,0,penalty,ga,1000,10000000,512,True,5,666,,10000000
scp_orlib,scp45,1000,0,penalty,ga,1000,10000000,512,True,6,874,,10000000
scp_orlib,scp45,1000,0,penalty,ga,1000,10000000,512,True,7,730,,10000000
scp_orlib,scp45,1000,0,penalty,ga,1000,10000000,512,True,8,744,,10000000
scp_orlib,scp45,1000,0,penalty,ga,1000,10000000,512,True,9,636,,10000000
scp_orlib,scp45,1000,0,penalty,ga,1000,10000000,512,True,10,764,,10000000
scp_orlib,scp45,1000,0,penalty,ga,1000,10000000,512,True,11,679,,10000000
scp_orlib,scp45,1000,0,penalty,ga,1000,10000000,512,True,12,616,,10000000
scp_orlib,scp45,1000,0,penalty,ga,1000,10000000,512,True,13,756,,10000000
scp_orlib,scp45,1000,0,penalty,ga,1000,10000000,512,True,14,832,,10000000
scp_orlib,scp45,1000,0,penalty,ga,1000,10000000,512,True,15,823,,10000000
scp_orlib,scp45,1000,0,penalty,ga,1000,10000000,512,True,16,738,,10000000
scp_orlib,scp45,1000,0,penalty,ga,1000,10000000,512,True,17,781,,10000000
scp_orlib,scp45,1000,0,penalty,ga,1000,10000000,512,True,18,746,,10000000
scp_orlib,scp45,1000,0,penalty,ga,1000,10000000,512,True,19,704,,10000000
scp_orlib,scp45,1000,0,penalty,ga,1000,10000000,512,True,20,838,,10000000
scp_orlib,scp45,1000,0,penalty,ga,1000,10000000,512,True,21,828,,10000000
scp_orlib,scp45,1000,0,penalty,ga,1000,10000000,512,True,22,807,,10000000
scp_orlib,scp45,1000,0,penalty,ga,1000,10000000,512,True,23,705,,10000000
scp_orlib,scp45,1000,0,penalty,ga,1000,10000000,512,True,24,733,,10000000
scp_orlib,scp45,1000,0,penalty,ga,1000,10000000,512,True,25,949,,10000000
scp_orlib,scp45,1000,0,penalty,ga,1000,10000000,512,True,26,851,,10000000
scp_orlib,scp45,1000,0,penalty,ga,1000,10000000,512,True,27,712,,10000000
scp_orlib,scp45,1000,0,penalty,ga,1000,10000000,512,True,28,824,,10000000
scp_orlib,scp45,1000,0,penalty,ga,1000,10000000,512,True,29,682,,10000000
scp_orlib,scp45,1000,0,penalty,ga,1000,10000000,512,True,30,854,,10000000
scp_orlib,scp46,1000,0,penalty,ga,1000,10000000,560,True,0,804,,10000000
scp_orlib,scp46,1000,0,penalty,ga,1000,10000000,560,True,1,1010,,10000000
scp_orlib,scp46,1000,0,penalty,ga,1000,10000000,560,True,2,852,,10000000
scp_orlib,scp46,1000,0,penalty,ga,1000,10000000,560,True,3,921,,10000000
scp_orlib,scp46,1000,0,penalty,ga,1000,10000000,560,True,4,904,,10000000
scp_orlib,scp46,1000,0,penalty,ga,1000,10000000,560,True,5,860,,10000000
scp_orlib,scp46,1000,0,penalty,ga,1000,10000000,560,True,6,802,,10000000
scp_orlib,scp46,1000,0,penalty,ga,1000,10000000,560,True,7,892,,10000000
scp_orlib,scp46,1000,0,penalty,ga,1000,10000000,560,True,8,1042,,10000000
scp_orlib,scp46,1000,0,penalty,ga,1000,10000000,560,True,9,943,,10000000
scp_orlib,scp46,1000,0,penalty,ga,1000,10000000,560,True,10,893,,10000000
scp_orlib,scp46,1000,0,penalty,ga,1000,10000000,560,True,11,831,,10000000
scp_orlib,scp46,1000,0,penalty,ga,1000,10000000,560,True,12,897,,10000000
scp_orlib,scp46,1000,0,penalty,ga,1000,10000000,560,True,13,844,,10000000
scp_orlib,scp46,1000,0,penalty,ga,1000,10000000,560,True,14,902,,10000000
scp_orlib,scp46,1000,0,penalty,ga,1000,10000000,560,True,15,783,,10000000
scp_orlib,scp46,1000,0,penalty,ga,1000,10000000,560,True,16,861,,10000000
scp_orlib,scp46,1000,0,penalty,ga,1000,10000000,560,True,17,1150,,10000000
scp_orlib,scp46,1000,0,penalty,ga,1000,10000000,560,True,18,1090,,10000000
scp_orlib,scp46,1000,0,penalty,ga,1000,10000000,560,True,19,817,,10000000
scp_orlib,scp46,1000,0,penalty,ga,1000,10000000,560,True,20,789,,10000000
scp_orlib,scp46,1000,0,penalty,ga,1000,10000000,560,True,21,818,,10000000
scp_orlib,scp46,1000,0,penalty,ga,1000,10000000,560,True,22,1146,,10000000
scp_orlib,scp46,1000,0,penalty,ga,1000,10000000,560,True,23,837,,10000000
scp_orlib,scp46,1000,0,penalty,ga,1000,10000000,560,True,24,926,,10000000
scp_orlib,scp46,1000,0,penalty,ga,1000,10000000,560,True,25,894,,10000000
scp_orlib,scp46,1000,0,penalty,ga,1000,10000000,560,True,26,803,,10000000
scp_orlib,scp46,1000,0,penalty,ga,1000,10000000,560,True,27,887,,10000000
scp_orlib,scp46,1000,0,penalty,ga,1000,10000000,560,True,28,720,,10000000
scp_orlib,scp46,1000,0,penalty,ga,1000,10000000,560,True,29,837,,10000000
scp_orlib,scp46,1000,0,penalty,ga,1000,10000000,560,True,30,1024,,10000000
scp_orlib,scp42,1000,0,penalty,ga,1000,10000000,512,True,0,767,,10000000
scp_orlib,scp42,1000,0,penalty,ga,1000,10000000,512,True,1,718,,10000000
scp_orlib,scp42,1000,0,penalty,ga,1000,10000000,512,True,2,721,,10000000
scp_orlib,scp42,1000,0,penalty,ga,1000,10000000,512,True,3,690,,10000000
scp_orlib,scp42,1000,0,penalty,ga,1000,10000000,512,True,4,860,,10000000
scp_orlib,scp42,1000,0,penalty,ga,1000,10000000,512,True,5,739,,10000000
scp_orlib,scp42,1000,0,penalty,ga,1000,10000000,512,True,6,810,,10000000
scp_orlib,scp42,1000,0,penalty,ga,1000,10000000,512,True,7,723,,10000000
scp_orlib,scp42,1000,0,penalty,ga,1000,10000000,512,True,8,786,,10000000
scp_orlib,scp42,1000,0,penalty,ga,1000,10000000,512,True,9,743,,10000000
scp_orlib,scp42,1000,0,penalty,ga,1000,10000000,512,True,10,738,,10000000
scp_orlib,scp42,1000,0,penalty,ga,1000,10000000,512,True,11,847,,10000000
scp_orlib,scp42,1000,0,penalty,ga,1000,10000000,512,True,12,683,,10000000
scp_orlib,scp42,1000,0,penalty,ga,1000,10000000,512,True,13,754,,10000000
scp_orlib,scp42,1000,0,penalty,ga,1000,10000000,512,True,14,886,,10000000
scp_orlib,scp42,1000,0,penalty,ga,1000,10000000,512,True,15,846,,10000000
scp_orlib,scp42,1000,0,penalty,ga,1000,10000000,512,True,16,742,,10000000
scp_orlib,scp42,1000,0,penalty,ga,1000,10000000,512,True,17,862,,10000000
scp_orlib,scp42,1000,0,penalty,ga,1000,10000000,512,True,18,848,,10000000
scp_orlib,scp42,1000,0,penalty,ga,1000,10000000,512,True,19,870,,10000000
scp_orlib,scp42,1000,0,penalty,ga,1000,10000000,512,True,20,1045,,10000000
scp_orlib,scp42,1000,0,penalty,ga,1000,10000000,512,True,21,691,,10000000
scp_orlib,scp42,1000,0,penalty,ga,1000,10000000,512,True,22,995,,10000000
scp_orlib,scp42,1000,0,penalty,ga,1000,10000000,512,True,23,733,,10000000
scp_orlib,scp42,1000,0,penalty,ga,1000,10000000,512,True,24,836,,10000000
scp_orlib,scp42,1000,0,penalty,ga,1000,10000000,512,True,25,777,,10000000
scp_orlib,scp42,1000,0,penalty,ga,1000,10000000,512,True,26,791,,10000000
scp_orlib,scp42,1000,0,penalty,ga,1000,10000000,512,True,27,830,,10000000
scp_orlib,scp42,1000,0,penalty,ga,1000,10000000,512,True,28,860,,10000000
scp_orlib,scp42,1000,0,penalty,ga,1000,10000000,512,True,29,927,,10000000
scp_orlib,scp42,1000,0,penalty,ga,1000,10000000,512,True,30,810,,10000000
scp_orlib,scp65,1000,0,penalty,floor,1000,10000000,161,True,0,270,,10000000
scp_orlib,scp65,1000,0,penalty,floor,1000,10000000,161,True,1,244,,10000000
scp_orlib,scp65,1000,0,penalty,floor,1000,10000000,161,True,2,225,,10000000
scp_orlib,scp65,1000,0,penalty,floor,1000,10000000,161,True,3,268,,10000000
scp_orlib,scp65,1000,0,penalty,floor,1000,10000000,161,True,4,245,,10000000
scp_orlib,scp65,1000,0,penalty,floor,1000,10000000,161,True,5,226,,10000000
scp_orlib,scp65,1000,0,penalty,floor,1000,10000000,161,True,6,232,,10000000
scp_orlib,scp65,1000,0,penalty,floor,1000,10000000,161,True,7,271,,10000000
scp_orlib,scp65,1000,0,penalty,floor,1000,10000000,161,True,8,259,,10000000
scp_orlib,scp65,1000,0,penalty,floor,1000,10000000,161,True,9,258,,10000000
scp_orlib,scp65,1000,0,penalty,floor,1000,10000000,161,True,10,270,,10000000
scp_orlib,scp65,1000,0,penalty,floor,1000,10000000,161,True,11,246,,10000000
scp_orlib,scp65,1000,0,penalty,floor,1000,10000000,161,True,12,263,,10000000
scp_orlib,scp65,1000,0,penalty,floor,1000,10000000,161,True,13,260,,10000000
scp_orlib,scp65,1000,0,penalty,floor,1000,10000000,161,True,14,248,,10000000
scp_orlib,scp65,1000,0,penalty,floor,1000,10000000,161,True,15,215,,10000000
scp_orlib,scp65,1000,0,penalty,floor,1000,10000000,161,True,16,248,,10000000
scp_orlib,scp65,1000,0,penalty,floor,1000,10000000,161,True,17,262,,10000000
scp_orlib,scp65,1000,0,penalty,floor,1000,10000000,161,True,18,267,,10000000
scp_orlib,scp65,1000,0,penalty,floor,1000,10000000,161,True,19,229,,10000000
scp_orlib,scp65,1000,0,penalty,floor,1000,10000000,161,True,20,241,,10000000
scp_orlib,scp65,1000,0,penalty,floor,1000,10000000,161,True,21,250,,10000000
scp_orlib,scp65,1000,0,penalty,floor,1000,10000000,161,True,22,251,,10000000
scp_orlib,scp65,1000,0,penalty,floor,1000,10000000,161,True,23,258,,10000000
scp_orlib,scp65,1000,0,penalty,floor,1000,10000000,161,True,24,259,,10000000
scp_orlib,scp65,1000,0,penalty,floor,1000,10000000,161,True,25,232,,10000000
scp_orlib,scp65,1000,0,penalty,floor,1000,10000000,161,True,26,251,,10000000
scp_orlib,scp65,1000,0,penalty,floor,1000,10000000,161,True,27,229,,10000000
scp_orlib,scp65,1000,0,penalty,floor,1000,10000000,161,True,28,233,,10000000
scp_orlib,scp65,1000,0,penalty,floor,1000,10000000,161,True,29,266,,10000000
scp_orlib,scp65,1000,0,penalty,floor,1000,10000000,161,True,30,242,,10000000
scp_orlib,scp44,1000,0,penalty,ga,1000,10000000,494,True,0,849,,10000000
scp_orlib,scp44,1000,0,penalty,ga,1000,10000000,494,True,1,772,,10000000
scp_orlib,scp44,1000,0,penalty,ga,1000,10000000,494,True,2,667,,10000000
scp_orlib,scp44,1000,0,penalty,ga,1000,10000000,494,True,3,734,,10000000
scp_orlib,scp44,1000,0,penalty,ga,1000,10000000,494,True,4,667,,10000000
scp_orlib,scp44,1000,0,penalty,ga,1000,10000000,494,True,5,858,,10000000
scp_orlib,scp44,1000,0,penalty,ga,1000,10000000,494,True,6,734,,10000000
scp_orlib,scp44,1000,0,penalty,ga,1000,10000000,494,True,7,614,,10000000
scp_orlib,scp44,1000,0,penalty,ga,1000,10000000,494,True,8,661,,10000000
scp_orlib,scp44,1000,0,penalty,ga,1000,10000000,494,True,9,607,,10000000
scp_orlib,scp44,1000,0,penalty,ga,1000,10000000,494,True,10,622,,10000000
scp_orlib,scp44,1000,0,penalty,ga,1000,10000000,494,True,11,835,,10000000
scp_orlib,scp44,1000,0,penalty,ga,1000,10000000,494,True,12,727,,10000000
scp_orlib,scp44,1000,0,penalty,ga,1000,10000000,494,True,13,819,,10000000
scp_orlib,scp44,1000,0,penalty,ga,1000,10000000,494,True,14,739,,10000000
scp_orlib,scp44,1000,0,penalty,ga,1000,10000000,494,True,15,641,,10000000
scp_orlib,scp44,1000,0,penalty,ga,1000,10000000,494,True,16,705,,10000000
scp_orlib,scp44,1000,0,penalty,ga,1000,10000000,494,True,17,595,,10000000
scp_orlib,scp44,1000,0,penalty,ga,1000,10000000,494,True,18,694,,10000000
scp_orlib,scp44,1000,0,penalty,ga,1000,10000000,494,True,19,699,,10000000
scp_orlib,scp44,1000,0,penalty,ga,1000,10000000,494,True,20,842,,10000000
scp_orlib,scp44,1000,0,penalty,ga,1000,10000000,494,True,21,691,,10000000
scp_orlib,scp44,1000,0,penalty,ga,1000,10000000,494,True,22,736,,10000000
scp_orlib,scp44,1000,0,penalty,ga,1000,10000000,494,True,23,677,,10000000
scp_orlib,scp44,1000,0,penalty,ga,1000,10000000,494,True,24,741,,10000000
scp_orlib,scp44,1000,0,penalty,ga,1000,10000000,494,True,25,695,,10000000
scp_orlib,scp44,1000,0,penalty,ga,1000,10000000,494,True,26,753,,10000000
scp_orlib,scp44,1000,0,penalty,ga,1000,10000000,494,True,27,859,,10000000
scp_orlib,scp44,1000,0,penalty,ga,1000,10000000,494,True,28,856,,10000000
scp_orlib,scp44,1000,0,penalty,ga,1000,10000000,494,True,29,722,,10000000
scp_orlib,scp44,1000,0,penalty,ga,1000,10000000,494,True,30,813,,10000000
scp_orlib,scp49,1000,0,penalty,ga,1000,10000000,641,True,0,882,,10000000
scp_orlib,scp49,1000,0,penalty,ga,1000,10000000,641,True,1,918,,10000000
scp_orlib,scp49,1000,0,penalty,ga,1000,10000000,641,True,2,1150,,10000000
scp_orlib,scp49,1000,0,penalty,ga,1000,10000000,641,True,3,981,,10000000
scp_orlib,scp49,1000,0,penalty,ga,1000,10000000,641,True,4,1021,,10000000
scp_orlib,scp49,1000,0,penalty,ga,1000,10000000,641,True,5,1092,,10000000
scp_orlib,scp49,1000,0,penalty,ga,1000,10000000,641,True,6,906,,10000000
scp_orlib,scp49,1000,0,penalty,ga,1000,10000000,641,True,7,1192,,10000000
scp_orlib,scp49,1000,0,penalty,ga,1000,10000000,641,True,8,1035,,10000000
scp_orlib,scp49,1000,0,penalty,ga,1000,10000000,641,True,9,1128,,10000000
scp_orlib,scp49,1000,0,penalty,ga,1000,10000000,641,True,10,929,,10000000
scp_orlib,scp49,1000,0,penalty,ga,1000,10000000,641,True,11,1055,,10000000
scp_orlib,scp49,1000,0,penalty,ga,1000,10000000,641,True,12,901,,10000000
scp_orlib,scp49,1000,0,penalty,ga,1000,10000000,641,True,13,1122,,10000000
scp_orlib,scp49,1000,0,penalty,ga,1000,10000000,641,True,14,1127,,10000000
scp_orlib,scp49,1000,0,penalty,ga,1000,10000000,641,True,15,965,,10000000
scp_orlib,scp49,1000,0,penalty,ga,1000,10000000,641,True,16,1040,,10000000
scp_orlib,scp49,1000,0,penalty,ga,1000,10000000,641,True,17,1050,,10000000
scp_orlib,scp49,1000,0,penalty,ga,1000,10000000,641,True,18,969,,10000000
scp_orlib,scp49,1000,0,penalty,ga,1000,10000000,641,True,19,819,,10000000
scp_orlib,scp49,1000,0,penalty,ga,1000,10000000,641,True,20,952,,10000000
scp_orlib,scp49,1000,0,penalty,ga,1000,10000000,641,True,21,858,,10000000
scp_orlib,scp49,1000,0,penalty,ga,1000,10000000,641,True,22,1062,,10000000
scp_orlib,scp49,1000,0,penalty,ga,1000,10000000,641,True,23,957,,10000000
scp_orlib,scp49,1000,0,penalty,ga,1000,10000000,641,True,24,1050,,10000000
scp_orlib,scp49,1000,0,penalty,ga,1000,10000000,641,True,25,1033,,10000000
scp_orlib,scp49,1000,0,penalty,ga,1000,10000000,641,True,26,902,,10000000
scp_orlib,scp49,1000,0,penalty,ga,1000,10000000,641,True,27,883,,10000000
scp_orlib,scp49,1000,0,penalty,ga,1000,10000000,641,True,28,1064,,10000000
scp_orlib,scp49,1000,0,penalty,ga,1000,10000000,641,True,29,1044,,10000000
scp_orlib,scp49,1000,0,penalty,ga,1000,10000000,641,True,30,1033,,10000000
scp_orlib,scp61,1000,0,penalty,ga,1000,10000000,138,True,0,256,,10000000
scp_orlib,scp61,1000,0,penalty,ga,1000,10000000,138,True,1,321,,10000000
scp_orlib,scp61,1000,0,penalty,ga,1000,10000000,138,True,2,205,,10000000
scp_orlib,scp61,1000,0,penalty,ga,1000,10000000,138,True,3,228,,10000000
scp_orlib,scp61,1000,0,penalty,ga,1000,10000000,138,True,4,279,,10000000
scp_orlib,scp61,1000,0,penalty,ga,1000,10000000,138,True,5,179,,10000000
scp_orlib,scp61,1000,0,penalty,ga,1000,10000000,138,True,6,236,,10000000
scp_orlib,scp61,1000,0,penalty,ga,1000,10000000,138,True,7,236,,10000000
scp_orlib,scp61,1000,0,penalty,ga,1000,10000000,138,True,8,296,,10000000
scp_orlib,scp61,1000,0,penalty,ga,1000,10000000,138,True,9,209,,10000000
scp_orlib,scp61,1000,0,penalty,ga,1000,10000000,138,True,10,235,,10000000
scp_orlib,scp61,1000,0,penalty,ga,1000,10000000,138,True,11,235,,10000000
scp_orlib,scp61,1000,0,penalty,ga,1000,10000000,138,True,12,332,,10000000
scp_orlib,scp61,1000,0,penalty,ga,1000,10000000,138,True,13,263,,10000000
scp_orlib,scp61,1000,0,penalty,ga,1000,10000000,138,True,14,244,,10000000
scp_orlib,scp61,1000,0,penalty,ga,1000,10000000,138,True,15,183,,10000000
scp_orlib,scp61,1000,0,penalty,ga,1000,10000000,138,True,16,241,,10000000
scp_orlib,scp61,1000,0,penalty,ga,1000,10000000,138,True,17,236,,10000000
scp_orlib,scp61,1000,0,penalty,ga,1000,10000000,138,True,18,248,,10000000
scp_orlib,scp61,1000,0,penalty,ga,1000,10000000,138,True,19,286,,10000000
scp_orlib,scp61,1000,0,penalty,ga,1000,10000000,138,True,20,227,,10000000
scp_orlib,scp61,1000,0,penalty,ga,1000,10000000,138,True,21,213,,10000000
scp_orlib,scp61,1000,0,penalty,ga,1000,10000000,138,True,22,257,,10000000
scp_orlib,scp61,1000,0,penalty,ga,1000,10000000,138,True,23,239,,10000000
scp_orlib,scp61,1000,0,penalty,ga,1000,10000000,138,True,24,229,,10000000
scp_orlib,scp61,1000,0,penalty,ga,1000,10000000,138,True,25,328,,10000000
scp_orlib,scp61,1000,0,penalty,ga,1000,10000000,138,True,26,197,,10000000
scp_orlib,scp61,1000,0,penalty,ga,1000,10000000,138,True,27,316,,10000000
scp_orlib,scp61,1000,0,penalty,ga,1000,10000000,138,True,28,214,,10000000
scp_orlib,scp61,1000,0,penalty,ga,1000,10000000,138,True,29,219,,10000000
scp_orlib,scp61,1000,0,penalty,ga,1000,10000000,138,True,30,233,,10000000
scp_orlib,scp410,1000,0,penalty,ga,1000,10000000,514,True,0,859,,10000000
scp_orlib,scp410,1000,0,penalty,ga,1000,10000000,514,True,1,1053,,10000000
scp_orlib,scp410,1000,0,penalty,ga,1000,10000000,514,True,2,779,,10000000
scp_orlib,scp410,1000,0,penalty,ga,1000,10000000,514,True,3,673,,10000000
scp_orlib,scp410,1000,0,penalty,ga,1000,10000000,514,True,4,960,,10000000
scp_orlib,scp410,1000,0,penalty,ga,1000,10000000,514,True,5,910,,10000000
scp_orlib,scp410,1000,0,penalty,ga,1000,10000000,514,True,6,864,,10000000
scp_orlib,scp410,1000,0,penalty,ga,1000,10000000,514,True,7,942,,10000000
scp_orlib,scp410,1000,0,penalty,ga,1000,10000000,514,True,8,1009,,10000000
scp_orlib,scp410,1000,0,penalty,ga,1000,10000000,514,True,9,948,,10000000
scp_orlib,scp410,1000,0,penalty,ga,1000,10000000,514,True,10,940,,10000000
scp_orlib,scp410,1000,0,penalty,ga,1000,10000000,514,True,11,816,,10000000
scp_orlib,scp410,1000,0,penalty,ga,1000,10000000,514,True,12,1005,,10000000
scp_orlib,scp410,1000,0,penalty,ga,1000,10000000,514,True,13,699,,10000000
scp_orlib,scp410,1000,0,penalty,ga,1000,10000000,514,True,14,762,,10000000
scp_orlib,scp410,1000,0,penalty,ga,1000,10000000,514,True,15,895,,10000000
scp_orlib,scp410,1000,0,penalty,ga,1000,10000000,514,True,16,809,,10000000
scp_orlib,scp410,1000,0,penalty,ga,1000,10000000,514,True,17,876,,10000000
scp_orlib,scp410,1000,0,penalty,ga,1000,10000000,514,True,18,965,,10000000
scp_orlib,scp410,1000,0,penalty,ga,1000,10000000,514,True,19,1000,,10000000
scp_orlib,scp410,1000,0,penalty,ga,1000,10000000,514,True,20,926,,10000000
scp_orlib,scp410,1000,0,penalty,ga,1000,10000000,514,True,21,1017,,10000000
scp_orlib,scp410,1000,0,penalty,ga,1000,10000000,514,True,22,815,,10000000
scp_orlib,scp410,1000,0,penalty,ga,1000,10000000,514,True,23,812,,10000000
scp_orlib,scp410,1000,0,penalty,ga,1000,10000000,514,True,24,811,,10000000
scp_orlib,scp410,1000,0,penalty,ga,1000,10000000,514,True,25,972,,10000000
scp_orlib,scp410,1000,0,penalty,ga,1000,10000000,514,True,26,840,,10000000
scp_orlib,scp410,1000,0,penalty,ga,1000,10000000,514,True,27,927,,10000000
scp_orlib,scp410,1000,0,penalty,ga,1000,10000000,514,True,28,954,,10000000
scp_orlib,scp410,1000,0,penalty,ga,1000,10000000,514,True,29,898,,10000000
scp_orlib,scp410,1000,0,penalty,ga,1000,10000000,514,True,30,867,,10000000
scp_orlib,scp62,1000,0,penalty,ga,1000,10000000,146,True,0,219,,10000000
scp_orlib,scp62,1000,0,penalty,ga,1000,10000000,146,True,1,247,,10000000
scp_orlib,scp62,1000,0,penalty,ga,1000,10000000,146,True,2,268,,10000000
scp_orlib,scp62,1000,0,penalty,ga,1000,10000000,146,True,3,250,,10000000
scp_orlib,scp62,1000,0,penalty,ga,1000,10000000,146,True,4,253,,10000000
scp_orlib,scp62,1000,0,penalty,ga,1000,10000000,146,True,5,240,,10000000
scp_orlib,scp62,1000,0,penalty,ga,1000,10000000,146,True,6,234,,10000000
scp_orlib,scp62,1000,0,penalty,ga,1000,10000000,146,True,7,277,,10000000
scp_orlib,scp62,1000,0,penalty,ga,1000,10000000,146,True,8,223,,10000000
scp_orlib,scp62,1000,0,penalty,ga,1000,10000000,146,True,9,199,,10000000
scp_orlib,scp62,1000,0,penalty,ga,1000,10000000,146,True,10,294,,10000000
scp_orlib,scp62,1000,0,penalty,ga,1000,10000000,146,True,11,355,,10000000
scp_orlib,scp62,1000,0,penalty,ga,1000,10000000,146,True,12,225,,10000000
scp_orlib,scp62,1000,0,penalty,ga,1000,10000000,146,True,13,250,,10000000
scp_orlib,scp62,1000,0,penalty,ga,1000,10000000,146,True,14,207,,10000000
scp_orlib,scp62,1000,0,penalty,ga,1000,10000000,146,True,15,243,,10000000
scp_orlib,scp62,1000,0,penalty,ga,1000,10000000,146,True,16,307,,10000000
scp_orlib,scp62,1000,0,penalty,ga,1000,10000000,146,True,17,332,,10000000
scp_orlib,scp62,1000,0,penalty,ga,1000,10000000,146,True,18,273,,10000000
scp_orlib,scp62,1000,0,penalty,ga,1000,10000000,146,True,19,224,,10000000
scp_orlib,scp62,1000,0,penalty,ga,1000,10000000,146,True,20,272,,10000000
scp_orlib,scp62,1000,0,penalty,ga,1000,10000000,146,True,21,278,,10000000
scp_orlib,scp62,1000,0,penalty,ga,1000,10000000,146,True,22,223,,10000000
scp_orlib,scp62,1000,0,penalty,ga,1000,10000000,146,True,23,229,,10000000
scp_orlib,scp62,1000,0,penalty,ga,1000,10000000,146,True,24,179,,10000000
scp_orlib,scp62,1000,0,penalty,ga,1000,10000000,146,True,25,311,,10000000
scp_orlib,scp62,1000,0,penalty,ga,1000,10000000,146,True,26,331,,10000000
scp_orlib,scp62,1000,0,penalty,ga,1000,10000000,146,True,27,169,,10000000
scp_orlib,scp62,1000,0,penalty,ga,1000,10000000,146,True,28,318,,10000000
scp_orlib,scp62,1000,0,penalty,ga,1000,10000000,146,True,29,187,,10000000
scp_orlib,scp62,1000,0,penalty,ga,1000,10000000,146,True,30,249,,10000000
scp_orlib,scp64,1000,0,penalty,ga,1000,10000000,131,True,0,280,,10000000
scp_orlib,scp64,1000,0,penalty,ga,1000,10000000,131,True,1,212,,10000000
scp_orlib,scp64,1000,0,penalty,ga,1000,10000000,131,True,2,280,,10000000
scp_orlib,scp64,1000,0,penalty,ga,1000,10000000,131,True,3,210,,10000000
scp_orlib,scp64,1000,0,penalty,ga,1000,10000000,131,True,4,254,,10000000
scp_orlib,scp64,1000,0,penalty,ga,1000,10000000,131,True,5,211,,10000000
scp_orlib,scp64,1000,0,penalty,ga,1000,10000000,131,True,6,272,,10000000
scp_orlib,scp64,1000,0,penalty,ga,1000,10000000,131,True,7,277,,10000000
scp_orlib,scp64,1000,0,penalty,ga,1000,10000000,131,True,8,323,,10000000
scp_orlib,scp64,1000,0,penalty,ga,1000,10000000,131,True,9,248,,10000000
scp_orlib,scp64,1000,0,penalty,ga,1000,10000000,131,True,10,299,,10000000
scp_orlib,scp64,1000,0,penalty,ga,1000,10000000,131,True,11,238,,10000000
scp_orlib,scp64,1000,0,penalty,ga,1000,10000000,131,True,12,238,,10000000
scp_orlib,scp64,1000,0,penalty,ga,1000,10000000,131,True,13,242,,10000000
scp_orlib,scp64,1000,0,penalty,ga,1000,10000000,131,True,14,232,,10000000
scp_orlib,scp64,1000,0,penalty,ga,1000,10000000,131,True,15,271,,10000000
scp_orlib,scp64,1000,0,penalty,ga,1000,10000000,131,True,16,225,,10000000
scp_orlib,scp64,1000,0,penalty,ga,1000,10000000,131,True,17,225,,10000000
scp_orlib,scp64,1000,0,penalty,ga,1000,10000000,131,True,18,166,,10000000
scp_orlib,scp64,1000,0,penalty,ga,1000,10000000,131,True,19,193,,10000000
scp_orlib,scp64,1000,0,penalty,ga,1000,10000000,131,True,20,180,,10000000
scp_orlib,scp64,1000,0,penalty,ga,1000,10000000,131,True,21,214,,10000000
scp_orlib,scp64,1000,0,penalty,ga,1000,10000000,131,True,22,207,,10000000
scp_orlib,scp64,1000,0,penalty,ga,1000,10000000,131,True,23,266,,10000000
scp_orlib,scp64,1000,0,penalty,ga,1000,10000000,131,True,24,279,,10000000
scp_orlib,scp64,1000,0,penalty,ga,1000,10000000,131,True,25,265,,10000000
scp_orlib,scp64,1000,0,penalty,ga,1000,10000000,131,True,26,269,,10000000
scp_orlib,scp64,1000,0,penalty,ga,1000,10000000,131,True,27,239,,10000000
scp_orlib,scp64,1000,0,penalty,ga,1000,10000000,131,True,28,223,,10000000
scp_orlib,scp64,1000,0,penalty,ga,1000,10000000,131,True,29,211,,10000000
scp_orlib,scp64,1000,0,penalty,ga,1000,10000000,131,True,30,258,,10000000
scp_orlib,scp63,1000,0,penalty,ga,1000,10000000,145,True,0,271,,10000000
scp_orlib,scp63,1000,0,penalty,ga,1000,10000000,145,True,1,269,,10000000
scp_orlib,scp63,1000,0,penalty,ga,1000,10000000,145,True,2,217,,10000000
scp_orlib,scp63,1000,0,penalty,ga,1000,10000000,145,True,3,302,,10000000
scp_orlib,scp63,1000,0,penalty,ga,1000,10000000,145,True,4,191,,10000000
scp_orlib,scp63,1000,0,penalty,ga,1000,10000000,145,True,5,235,,10000000
scp_orlib,scp63,1000,0,penalty,ga,1000,10000000,145,True,6,197,,10000000
scp_orlib,scp63,1000,0,penalty,ga,1000,10000000,145,True,7,312,,10000000
scp_orlib,scp63,1000,0,penalty,ga,1000,10000000,145,True,8,199,,10000000
scp_orlib,scp63,1000,0,penalty,ga,1000,10000000,145,True,9,303,,10000000
scp_orlib,scp63,1000,0,penalty,ga,1000,10000000,145,True,10,225,,10000000
scp_orlib,scp63,1000,0,penalty,ga,1000,10000000,145,True,11,283,,10000000
scp_orlib,scp63,1000,0,penalty,ga,1000,10000000,145,True,12,232,,10000000
scp_orlib,scp63,1000,0,penalty,ga,1000,10000000,145,True,13,364,,10000000
scp_orlib,scp63,1000,0,penalty,ga,1000,10000000,145,True,14,219,,10000000
scp_orlib,scp63,1000,0,penalty,ga,1000,10000000,145,True,15,313,,10000000
scp_orlib,scp63,1000,0,penalty,ga,1000,10000000,145,True,16,213,,10000000
scp_orlib,scp63,1000,0,penalty,ga,1000,10000000,145,True,17,223,,10000000
scp_orlib,scp63,1000,0,penalty,ga,1000,10000000,145,True,18,228,,10000000
scp_orlib,scp63,1000,0,penalty,ga,1000,10000000,145,True,19,221,,10000000
scp_orlib,scp63,1000,0,penalty,ga,1000,10000000,145,True,20,206,,10000000
scp_orlib,scp63,1000,0,penalty,ga,1000,10000000,145,True,21,259,,10000000
scp_orlib,scp63,1000,0,penalty,ga,1000,10000000,145,True,22,222,,10000000
scp_orlib,scp63,1000,0,penalty,ga,1000,10000000,145,True,23,260,,10000000
scp_orlib,scp63,1000,0,penalty,ga,1000,10000000,145,True,24,263,,10000000
scp_orlib,scp63,1000,0,penalty,ga,1000,10000000,145,True,25,289,,10000000
scp_orlib,scp63,1000,0,penalty,ga,1000,10000000,145,True,26,249,,10000000
scp_orlib,scp63,1000,0,penalty,ga,1000,10000000,145,True,27,224,,10000000
scp_orlib,scp63,1000,0,penalty,ga,1000,10000000,145,True,28,262,,10000000
scp_orlib,scp63,1000,0,penalty,ga,1000,10000000,145,True,29,265,,10000000
scp_orlib,scp63,1000,0,penalty,ga,1000,10000000,145,True,30,223,,10000000
scp_orlib,scp65,1000,0,penalty,ga,1000,10000000,161,True,0,218,,10000000
scp_orlib,scp65,1000,0,penalty,ga,1000,10000000,161,True,1,350,,10000000
scp_orlib,scp65,1000,0,penalty,ga,1000,10000000,161,True,2,260,,10000000
scp_orlib,scp65,1000,0,penalty,ga,1000,10000000,161,True,3,247,,10000000
scp_orlib,scp65,1000,0,penalty,ga,1000,10000000,161,True,4,266,,10000000
scp_orlib,scp65,1000,0,penalty,ga,1000,10000000,161,True,5,275,,10000000
scp_orlib,scp65,1000,0,penalty,ga,1000,10000000,161,True,6,270,,10000000
scp_orlib,scp65,1000,0,penalty,ga,1000,10000000,161,True,7,309,,10000000
scp_orlib,scp65,1000,0,penalty,ga,1000,10000000,161,True,8,312,,10000000
scp_orlib,scp65,1000,0,penalty,ga,1000,10000000,161,True,9,295,,10000000
scp_orlib,scp65,1000,0,penalty,ga,1000,10000000,161,True,10,256,,10000000
scp_orlib,scp65,1000,0,penalty,ga,1000,10000000,161,True,11,334,,10000000
scp_orlib,scp65,1000,0,penalty,ga,1000,10000000,161,True,12,302,,10000000
scp_orlib,scp65,1000,0,penalty,ga,1000,10000000,161,True,13,241,,10000000
scp_orlib,scp65,1000,0,penalty,ga,1000,10000000,161,True,14,276,,10000000
scp_orlib,scp65,1000,0,penalty,ga,1000,10000000,161,True,15,337,,10000000
scp_orlib,scp65,1000,0,penalty,ga,1000,10000000,161,True,16,292,,10000000
scp_orlib,scp65,1000,0,penalty,ga,1000,10000000,161,True,17,341,,10000000
scp_orlib,scp65,1000,0,penalty,ga,1000,10000000,161,True,18,372,,10000000
scp_orlib,scp65,1000,0,penalty,ga,1000,10000000,161,True,19,347,,10000000
scp_orlib,scp65,1000,0,penalty,ga,1000,10000000,161,True,20,248,,10000000
scp_orlib,scp65,1000,0,penalty,ga,1000,10000000,161,True,21,307,,10000000
scp_orlib,scp65,1000,0,penalty,ga,1000,10000000,161,True,22,228,,10000000
scp_orlib,scp65,1000,0,penalty,ga,1000,10000000,161,True,23,305,,10000000
scp_orlib,scp65,1000,0,penalty,ga,1000,10000000,161,True,24,231,,10000000
scp_orlib,scp65,1000,0,penalty,ga,1000,10000000,161,True,25,229,,10000000
scp_orlib,scp65,1000,0,penalty,ga,1000,10000000,161,True,26,247,,10000000
scp_orlib,scp65,1000,0,penalty,ga,1000,10000000,161,True,27,351,,10000000
scp_orlib,scp65,1000,0,penalty,ga,1000,10000000,161,True,28,281,,10000000
scp_orlib,scp65,1000,0,penalty,ga,1000,10000000,161,True,29,255,,10000000
scp_orlib,scp65,1000,0,penalty,ga,1000,10000000,161,True,30,277,,10000000
