family,tag,n,idx,decoder,method,dim,budget,f_opt,exact,seed,best,ftt,fes
knapsack,uncorrelated,30,1,penalty,mpoa,30,300000,-11046,True,0,-10641,,300000
knapsack,uncorrelated,30,1,penalty,mpoa,30,300000,-11046,True,1,-10893,,300000
knapsack,uncorrelated,30,1,penalty,mpoa,30,300000,-11046,True,2,-10659,,300000
knapsack,uncorrelated,30,1,penalty,mpoa,30,300000,-11046,True,3,-10451,,300000
knapsack,uncorrelated,30,1,penalty,mpoa,30,300000,-11046,True,4,-10708,,300000
knapsack,uncorrelated,30,1,penalty,mpoa,30,300000,-11046,True,5,-10585,,300000
knapsack,uncorrelated,30,1,penalty,mpoa,30,300000,-11046,True,6,-10722,,300000
knapsack,uncorrelated,30,1,penalty,mpoa,30,300000,-11046,True,7,-11046,39784,39784
knapsack,uncorrelated,30,1,penalty,mpoa,30,300000,-11046,True,8,-10916,,300000
knapsack,uncorrelated,30,1,penalty,mpoa,30,300000,-11046,True,9,-10659,,300000
knapsack,uncorrelated,30,1,penalty,mpoa,30,300000,-11046,True,10,-10322,,300000
knapsack,uncorrelated,30,1,penalty,mpoa,30,300000,-11046,True,11,-10557,,300000
knapsack,uncorrelated,30,1,penalty,mpoa,30,300000,-11046,True,12,-10439,,300000
knapsack,uncorrelated,30,1,penalty,mpoa,30,300000,-11046,True,13,-10708,,300000
knapsack,uncorrelated,30,1,penalty,mpoa,30,300000,-11046,True,14,-11046,81092,81092
knapsack,uncorrelated,30,1,penalty,mpoa,30,300000,-11046,True,15,-10601,,300000
knapsack,uncorrelated,30,1,penalty,mpoa,30,300000,-11046,True,16,-10722,,300000
knapsack,uncorrelated,30,1,penalty,mpoa,30,300000,-11046,True,17,-10708,,300000
knapsack,uncorrelated,30,1,penalty,mpoa,30,300000,-11046,True,18,-10422,,300000
knapsack,uncorrelated,30,1,penalty,mpoa,30,300000,-11046,True,19,-10392,,300000
knapsack,uncorrelated,30,1,penalty,mpoa,30,300000,-11046,True,20,-10523,,300000
knapsack,uncorrelated,30,1,penalty,mpoa,30,300000,-11046,True,21,-10893,,300000
knapsack,uncorrelated,30,1,penalty,mpoa,30,300000,-11046,True,22,-11046,14671,14671
knapsack,uncorrelated,30,1,penalty,mpoa,30,300000,-11046,True,23,-10893,,300000
knapsack,uncorrelated,30,1,penalty,mpoa,30,300000,-11046,True,24,-10893,,300000
knapsack,uncorrelated,30,1,penalty,mpoa,30,300000,-11046,True,25,-10916,,300000
knapsack,uncorrelated,30,1,penalty,mpoa,30,300000,-11046,True,26,-10596,,300000
knapsack,uncorrelated,30,1,penalty,mpoa,30,300000,-11046,True,27,-10593,,300000
knapsack,uncorrelated,30,1,penalty,mpoa,30,300000,-11046,True,28,-10257,,300000
knapsack,uncorrelated,30,1,penalty,mpoa,30,300000,-11046,True,29,-10836,,300000
knapsack,uncorrelated,30,1,penalty,mpoa,30,300000,-11046,True,30,-10708,,300000
knapsack,uncorrelated,30,3,penalty,mpoa,30,300000,-12061,True,0,-11665,,300000
knapsack,uncorrelated,30,3,penalty,mpoa,30,300000,-12061,True,1,-11627,,300000
knapsack,uncorrelated,30,3,penalty,mpoa,30,300000,-12061,True,2,-11744,,300000
knapsack,uncorrelated,30,3,penalty,mpoa,30,300000,-12061,True,3,-11426,,300000
knapsack,uncorrelated,30,3,penalty,mpoa,30,300000,-12061,True,4,-11400,,300000
knapsack,uncorrelated,30,3,penalty,mpoa,30,300000,-12061,True,5,-12061,244957,244957
knapsack,uncorrelated,30,3,penalty,mpoa,30,300000,-12061,True,6,-11881,,300000
knapsack,uncorrelated,30,3,penalty,mpoa,30,300000,-12061,True,7,-11441,,300000
knapsack,uncorrelated,30,3,penalty,mpoa,30,300000,-12061,True,8,-11655,,300000
knapsack,uncorrelated,30,3,penalty,mpoa,30,300000,-12061,True,9,-11803,,300000
knapsack,uncorrelated,30,3,penalty,mpoa,30,300000,-12061,True,10,-11428,,300000
knapsack,uncorrelated,30,3,penalty,mpoa,30,300000,-12061,True,11,-11862,,300000
knapsack,uncorrelated,30,3,penalty,mpoa,30,300000,-12061,True,12,-11877,,300000
knapsack,uncorrelated,30,3,penalty,mpoa,30,300000,-12061,True,13,-11818,,300000
knapsack,uncorrelated,30,3,penalty,mpoa,30,300000,-12061,True,14,-11817,,300000
knapsack,uncorrelated,30,3,penalty,mpoa,30,300000,-12061,True,15,-11328,,300000
knapsack,uncorrelated,30,3,penalty,mpoa,30,300000,-12061,True,16,-11495,,300000
knapsack,uncorrelated,30,3,penalty,mpoa,30,300000,-12061,True,17,-11353,,300000
knapsack,uncorrelated,30,3,penalty,mpoa,30,300000,-12061,True,18,-11636,,300000
knapsack,uncorrelated,30,3,penalty,mpoa,30,300000,-12061,True,19,-12061,243550,243550
knapsack,uncorrelated,30,3,penalty,mpoa,30,300000,-12061,True,20,-11593,,300000
knapsack,uncorrelated,30,3,penalty,mpoa,30,300000,-12061,True,21,-11597,,300000
knapsack,uncorrelated,30,3,penalty,mpoa,30,300000,-12061,True,22,-11355,,300000
knapsack,uncorrelated,30,3,penalty,mpoa,30,300000,-12061,True,23,-11517,,300000
knapsack,uncorrelated,30,3,penalty,mpoa,30,300000,-12061,True,24,-11841,,300000
knapsack,uncorrelated,30,3,penalty,mpoa,30,300000,-12061,True,25,-11745,,300000
knapsack,uncorrelated,30,3,penalty,mpoa,30,300000,-12061,True,26,-11537,,300000
knapsack,uncorrelated,30,3,penalty,mpoa,30,300000,-12061,True,27,-11131,,300000
knapsack,uncorrelated,30,3,penalty,mpoa,30,300000,-12061,True,28,-11314,,300000
knapsack,uncorrelated,30,3,penalty,mpoa,30,300000,-12061,True,29,-11757,,300000
knapsack,uncorrelated,30,3,penalty,mpoa,30,300000,-12061,True,30,-11405,,300000
knapsack,uncorrelated,30,4,penalty,mpoa,30,300000,-11877,True,0,-11424,,300000
knapsack,uncorrelated,30,4,penalty,mpoa,30,300000,-11877,True,1,-11454,,300000
knapsack,uncorrelated,30,4,penalty,mpoa,30,300000,-11877,True,2,-11722,,300000
knapsack,uncorrelated,30,4,penalty,mpoa,30,300000,-11877,True,3,-11602,,300000
knapsack,uncorrelated,30,4,penalty,mpoa,30,300000,-11877,True,4,-11398,,300000
knapsack,uncorrelated,30,4,penalty,mpoa,30,300000,-11877,True,5,-11764,,300000
knapsack,uncorrelated,30,4,penalty,mpoa,30,300000,-11877,True,6,-11818,,300000
knapsack,uncorrelated,30,4,penalty,mpoa,30,300000,-11877,True,7,-11657,,300000
knapsack,uncorrelated,30,4,penalty,mpoa,30,300000,-11877,True,8,-11697,,300000
knapsack,uncorrelated,30,4,penalty,mpoa,30,300000,-11877,True,9,-11639,,300000
knapsack,uncorrelated,30,4,penalty,mpoa,30,300000,-11877,True,10,-11691,,300000
knapsack,uncorrelated,30,4,penalty,mpoa,30,300000,-11877,True,11,-11516,,300000
knapsack,uncorrelated,30,4,penalty,mpoa,30,300000,-11877,True,12,-11631,,300000
knapsack,uncorrelated,30,4,penalty,mpoa,30,300000,-11877,True,13,-11660,,300000
knapsack,uncorrelated,30,4,penalty,mpoa,30,300000,-11877,True,14,-11356,,300000
knapsack,uncorrelated,30,4,penalty,mpoa,30,300000,-11877,True,15,-11697,,300000
knapsack,uncorrelated,30,4,penalty,mpoa,30,300000,-11877,True,16,-11673,,300000
knapsack,uncorrelated,30,4,penalty,mpoa,30,300000,-11877,True,17,-11725,,300000
knapsack,uncorrelated,30,4,penalty,mpoa,30,300000,-11877,True,18,-11567,,300000
knapsack,uncorrelated,30,4,penalty,mpoa,30,300000,-11877,True,19,-11624,,300000
knapsack,uncorrelated,30,4,penalty,mpoa,30,300000,-11877,True,20,-11440,,300000
knapsack,uncorrelated,30,4,penalty,mpoa,30,300000,-11877,True,21,-11632,,300000
knapsack,uncorrelated,30,4,penalty,mpoa,30,300000,-11877,True,22,-11415,,300000
knapsack,uncorrelated,30,4,penalty,mpoa,30,300000,-11877,True,23,-11632,,300000
knapsack,uncorrelated,30,4,penalty,mpoa,30,300000,-11877,True,24,-11781,,300000
knapsack,uncorrelated,30,4,penalty,mpoa,30,300000,-11877,True,25,-11440,,300000
knapsack,uncorrelated,30,4,penalty,mpoa,30,300000,-11877,True,26,-11309,,300000
knapsack,uncorrelated,30,4,penalty,mpoa,30,300000,-11877,True,27,-11496,,300000
knapsack,uncorrelated,30,4,penalty,mpoa,30,300000,-11877,True,28,-11582,,300000
knapsack,uncorrelated,30,4,penalty,mpoa,30,300000,-11877,True,29,-11723,,300000
knapsack,uncorrelated,30,4,penalty,mpoa,30,300000,-11877,True,30,-11498,,300000
knapsack,uncorrelated,30,0,penalty,mpoa,30,300000,-11556,True,0,-11051,,300000
knapsack,uncorrelated,30,0,penalty,mpoa,30,300000,-11556,True,1,-11243,,300000
knapsack,uncorrelated,30,0,penalty,mpoa,30,300000,-11556,True,2,-11143,,300000
knapsack,uncorrelated,30,0,penalty,mpoa,30,300000,-11556,True,3,-11237,,300000
knapsack,uncorrelated,30,0,penalty,mpoa,30,300000,-11556,True,4,-11027,,300000
knapsack,uncorrelated,30,0,penalty,mpoa,30,300000,-11556,True,5,-10926,,300000
knapsack,uncorrelated,30,0,penalty,mpoa,30,300000,-11556,True,6,-11496,,300000
knapsack,uncorrelated,30,0,penalty,mpoa,30,300000,-11556,True,7,-11262,,300000
knapsack,uncorrelated,30,0,penalty,mpoa,30,300000,-11556,True,8,-11174,,300000
knapsack,uncorrelated,30,0,penalty,mpoa,30,300000,-11556,True,9,-10800,,300000
knapsack,uncorrelated,30,0,penalty,mpoa,30,300000,-11556,True,10,-11316,,300000
knapsack,uncorrelated,30,0,penalty,mpoa,30,300000,-11556,True,11,-11248,,300000
knapsack,uncorrelated,30,0,penalty,mpoa,30,300000,-11556,True,12,-11199,,300000
knapsack,uncorrelated,30,0,penalty,mpoa,30,300000,-11556,True,13,-11361,,300000
knapsack,uncorrelated,30,0,penalty,mpoa,30,300000,-11556,True,14,-11117,,300000
knapsack,uncorrelated,30,0,penalty,mpoa,30,300000,-11556,True,15,-10903,,300000
knapsack,uncorrelated,30,0,penalty,mpoa,30,300000,-11556,True,16,-11174,,300000
knapsack,uncorrelated,30,0,penalty,mpoa,30,300000,-11556,True,17,-11248,,300000
knapsack,uncorrelated,30,0,penalty,mpoa,30,300000,-11556,True,18,-11234,,300000
knapsack,uncorrelated,30,0,penalty,mpoa,30,300000,-11556,True,19,-11122,,300000
knapsack,uncorrelated,30,0,penalty,mpoa,30,300000,-11556,True,20,-10859,,300000
knapsack,uncorrelated,30,0,penalty,mpoa,30,300000,-11556,True,21,-11006,,300000
knapsack,uncorrelated,30,0,penalty,mpoa,30,300000,-11556,True,22,-11009,,300000
knapsack,uncorrelated,30,0,penalty,mpoa,30,300000,-11556,True,23,-11115,,300000
knapsack,uncorrelated,30,0,penalty,mpoa,30,300000,-11556,True,24,-11361,,300000
knapsack,uncorrelated,30,0,penalty,mpoa,30,300000,-11556,True,25,-11306,,300000
knapsack,uncorrelated,30,0,penalty,mpoa,30,300000,-11556,True,26,-11496,,300000
knapsack,uncorrelated,30,0,penalty,mpoa,30,300000,-11556,True,27,-11192,,300000
knapsack,uncorrelated,30,0,penalty,mpoa,30,300000,-11556,True,28,-10775,,300000
knapsack,uncorrelated,30,0,penalty,mpoa,30,300000,-11556,True,29,-11171,,300000
knapsack,uncorrelated,30,0,penalty,mpoa,30,300000,-11556,True,30,-11248,,300000
knapsack,uncorrelated,30,2,penalty,mpoa,30,300000,-12472,True,0,-12185,,300000
knapsack,uncorrelated,30,2,penalty,mpoa,30,300000,-12472,True,1,-12037,,300000
knapsack,uncorrelated,30,2,penalty,mpoa,30,300000,-12472,True,2,-11977,,300000
knapsack,uncorrelated,30,2,penalty,mpoa,30,300000,-12472,True,3,-11944,,300000
knapsack,uncorrelated,30,2,penalty,mpoa,30,300000,-12472,True,4,-11757,,300000
knapsack,uncorrelated,30,2,penalty,mpoa,30,300000,-12472,True,5,-11961,,300000
knapsack,uncorrelated,30,2,penalty,mpoa,30,300000,-12472,True,6,-11916,,300000
knapsack,uncorrelated,30,2,penalty,mpoa,30,300000,-12472,True,7,-12166,,300000
knapsack,uncorrelated,30,2,penalty,mpoa,30,300000,-12472,True,8,-12222,,300000
knapsack,uncorrelated,30,2,penalty,mpoa,30,300000,-12472,True,9,-12019,,300000
knapsack,uncorrelated,30,2,penalty,mpoa,30,300000,-12472,True,10,-12341,,300000
knapsack,uncorrelated,30,2,penalty,mpoa,30,300000,-12472,True,11,-11855,,300000
knapsack,uncorrelated,30,2,penalty,mpoa,30,300000,-12472,True,12,-11867,,300000
knapsack,uncorrelated,30,2,penalty,mpoa,30,300000,-12472,True,13,-12341,,300000
knapsack,uncorrelated,30,2,penalty,mpoa,30,300000,-12472,True,14,-12395,,300000
knapsack,uncorrelated,30,2,penalty,mpoa,30,300000,-12472,True,15,-12147,,300000
knapsack,uncorrelated,30,2,penalty,mpoa,30,300000,-12472,True,16,-12087,,300000
knapsack,uncorrelated,30,2,penalty,mpoa,30,300000,-12472,True,17,-12176,,300000
knapsack,uncorrelated,30,2,penalty,mpoa,30,300000,-12472,True,18,-12019,,300000
knapsack,uncorrelated,30,2,penalty,mpoa,30,300000,-12472,True,19,-11894,,300000
knapsack,uncorrelated,30,2,penalty,mpoa,30,300000,-12472,True,20,-11542,,300000
knapsack,uncorrelated,30,2,penalty,mpoa,30,300000,-12472,True,21,-11793,,300000
knapsack,uncorrelated,30,2,penalty,mpoa,30,300000,-12472,True,22,-11783,,300000
knapsack,uncorrelated,30,2,penalty,mpoa,30,300000,-12472,True,23,-12290,,300000
knapsack,uncorrelated,30,2,penalty,mpoa,30,300000,-12472,True,24,-11998,,300000
knapsack,uncorrelated,30,2,penalty,mpoa,30,300000,-12472,True,25,-12182,,300000
knapsack,uncorrelated,30,2,penalty,mpoa,30,300000,-12472,True,26,-11905,,300000
knapsack,uncorrelated,30,2,penalty,mpoa,30,300000,-12472,True,27,-11732,,300000
knapsack,uncorrelated,30,2,penalty,mpoa,30,300000,-12472,True,28,-12000,,300000
knapsack,uncorrelated,30,2,penalty,mpoa,30,300000,-12472,True,29,-12000,,300000
knapsack,uncorrelated,30,2,penalty,mpoa,30,300000,-12472,True,30,-12011,,300000
knapsack,uncorrelated,30,4,penalty,poa,30,300000,-11877,True,0,-11458,,300000
knapsack,uncorrelated,30,4,penalty,poa,30,300000,-11877,True,1,-11536,,300000
knapsack,uncorrelated,30,4,penalty,poa,30,300000,-11877,True,2,-11801,,300000
knapsack,uncorrelated,30,4,penalty,poa,30,300000,-11877,True,3,-11701,,300000
knapsack,uncorrelated,30,4,penalty,poa,30,300000,-11877,True,4,-11268,,300000
knapsack,uncorrelated,30,4,penalty,poa,30,300000,-11877,True,5,-11589,,300000
knapsack,uncorrelated,30,4,penalty,poa,30,300000,-11877,True,6,-11818,,300000
knapsack,uncorrelated,30,4,penalty,poa,30,300000,-11877,True,7,-11652,,300000
knapsack,uncorrelated,30,4,penalty,poa,30,300000,-11877,True,8,-11526,,300000
knapsack,uncorrelated,30,4,penalty,poa,30,300000,-11877,True,9,-11683,,300000
knapsack,uncorrelated,30,4,penalty,poa,30,300000,-11877,True,10,-11615,,300000
knapsack,uncorrelated,30,4,penalty,poa,30,300000,-11877,True,11,-11655,,300000
knapsack,uncorrelated,30,4,penalty,poa,30,300000,-11877,True,12,-11639,,300000
knapsack,uncorrelated,30,4,penalty,poa,30,300000,-11877,True,13,-11470,,300000
knapsack,uncorrelated,30,4,penalty,poa,30,300000,-11877,True,14,-11439,,300000
knapsack,uncorrelated,30,4,penalty,poa,30,300000,-11877,True,15,-11852,,300000
knapsack,uncorrelated,30,4,penalty,poa,30,300000,-11877,True,16,-11736,,300000
knapsack,uncorrelated,30,4,penalty,poa,30,300000,-11877,True,17,-11461,,300000
knapsack,uncorrelated,30,4,penalty,poa,30,300000,-11877,True,18,-11355,,300000
knapsack,uncorrelated,30,4,penalty,poa,30,300000,-11877,True,19,-11783,,300000
knapsack,uncorrelated,30,4,penalty,poa,30,300000,-11877,True,20,-11440,,300000
knapsack,uncorrelated,30,4,penalty,poa,30,300000,-11877,True,21,-11548,,300000
knapsack,uncorrelated,30,4,penalty,poa,30,300000,-11877,True,22,-11684,,300000
knapsack,uncorrelated,30,4,penalty,poa,30,300000,-11877,True,23,-11553,,300000
knapsack,uncorrelated,30,4,penalty,poa,30,300000,-11877,True,24,-11781,,300000
knapsack,uncorrelated,30,4,penalty,poa,30,300000,-11877,True,25,-11577,,300000
knapsack,uncorrelated,30,4,penalty,poa,30,300000,-11877,True,26,-11451,,300000
knapsack,uncorrelated,30,4,penalty,poa,30,300000,-11877,True,27,-11488,,300000
knapsack,uncorrelated,30,4,penalty,poa,30,300000,-11877,True,28,-11613,,300000
knapsack,uncorrelated,30,4,penalty,poa,30,300000,-11877,True,29,-11709,,300000
knapsack,uncorrelated,30,4,penalty,poa,30,300000,-11877,True,30,-11542,,300000
knapsack,uncorrelated,30,0,penalty,poa,30,300000,-11556,True,0,-10818,,300000
knapsack,uncorrelated,30,0,penalty,poa,30,300000,-11556,True,1,-11111,,300000
knapsack,uncorrelated,30,0,penalty,poa,30,300000,-11556,True,2,-10932,,300000
knapsack,uncorrelated,30,0,penalty,poa,30,300000,-11556,True,3,-11034,,300000
knapsack,uncorrelated,30,0,penalty,poa,30,300000,-11556,True,4,-11088,,300000
knapsack,uncorrelated,30,0,penalty,poa,30,300000,-11556,True,5,-10775,,300000
knapsack,uncorrelated,30,0,penalty,poa,30,300000,-11556,True,6,-11447,,300000
knapsack,uncorrelated,30,0,penalty,poa,30,300000,-11556,True,7,-10741,,300000
knapsack,uncorrelated,30,0,penalty,poa,30,300000,-11556,True,8,-10891,,300000
knapsack,uncorrelated,30,0,penalty,poa,30,300000,-11556,True,9,-10973,,300000
knapsack,uncorrelated,30,0,penalty,poa,30,300000,-11556,True,10,-11233,,300000
knapsack,uncorrelated,30,0,penalty,poa,30,300000,-11556,True,11,-11160,,300000
knapsack,uncorrelated,30,0,penalty,poa,30,300000,-11556,True,12,-11083,,300000
knapsack,uncorrelated,30,0,penalty,poa,30,300000,-11556,True,13,-11290,,300000
knapsack,uncorrelated,30,0,penalty,poa,30,300000,-11556,True,14,-11262,,300000
knapsack,uncorrelated,30,0,penalty,poa,30,300000,-11556,True,15,-10916,,300000
knapsack,uncorrelated,30,0,penalty,poa,30,300000,-11556,True,16,-11163,,300000
knapsack,uncorrelated,30,0,penalty,poa,30,300000,-11556,True,17,-11316,,300000
knapsack,uncorrelated,30,0,penalty,poa,30,300000,-11556,True,18,-11220,,300000
knapsack,uncorrelated,30,0,penalty,poa,30,300000,-11556,True,19,-10795,,300000
knapsack,uncorrelated,30,0,penalty,poa,30,300000,-11556,True,20,-10949,,300000
knapsack,uncorrelated,30,0,penalty,poa,30,300000,-11556,True,21,-11248,,300000
knapsack,uncorrelated,30,0,penalty,poa,30,300000,-11556,True,22,-10848,,300000
knapsack,uncorrelated,30,0,penalty,poa,30,300000,-11556,True,23,-11201,,300000
knapsack,uncorrelated,30,0,penalty,poa,30,300000,-11556,True,24,-11233,,300000
knapsack,uncorrelated,30,0,penalty,poa,30,300000,-11556,True,25,-11034,,300000
knapsack,uncorrelated,30,0,penalty,poa,30,300000,-11556,True,26,-10889,,300000
knapsack,uncorrelated,30,0,penalty,poa,30,300000,-11556,True,27,-10946,,300000
knapsack,uncorrelated,30,0,penalty,poa,30,300000,-11556,True,28,-10802,,300000
knapsack,uncorrelated,30,0,penalty,poa,30,300000,-11556,True,29,-11171,,300000
knapsack,uncorrelated,30,0,penalty,poa,30,300000,-11556,True,30,-11243,,300000
knapsack,uncorrelated,30,2,penalty,poa,30,300000,-12472,True,0,-12222,,300000
knapsack,uncorrelated,30,2,penalty,poa,30,300000,-12472,True,1,-11820,,300000
knapsack,uncorrelated,30,2,penalty,poa,30,300000,-12472,True,2,-11780,,300000
knapsack,uncorrelated,30,2,penalty,poa,30,300000,-12472,True,3,-11741,,300000
knapsack,uncorrelated,30,2,penalty,poa,30,300000,-12472,True,4,-11757,,300000
knapsack,uncorrelated,30,2,penalty,poa,30,300000,-12472,True,5,-11894,,300000
knapsack,uncorrelated,30,2,penalty,poa,30,300000,-12472,True,6,-12023,,300000
knapsack,uncorrelated,30,2,penalty,poa,30,300000,-12472,True,7,-11981,,300000
knapsack,uncorrelated,30,2,penalty,poa,30,300000,-12472,True,8,-11786,,300000
knapsack,uncorrelated,30,2,penalty,poa,30,300000,-12472,True,9,-12182,,300000
knapsack,uncorrelated,30,2,penalty,poa,30,300000,-12472,True,10,-12271,,300000
knapsack,uncorrelated,30,2,penalty,poa,30,300000,-12472,True,11,-11965,,300000
knapsack,uncorrelated,30,2,penalty,poa,30,300000,-12472,True,12,-11961,,300000
knapsack,uncorrelated,30,2,penalty,poa,30,300000,-12472,True,13,-12006,,300000
knapsack,uncorrelated,30,2,penalty,poa,30,300000,-12472,True,14,-12036,,300000
knapsack,uncorrelated,30,2,penalty,poa,30,300000,-12472,True,15,-12218,,300000
knapsack,uncorrelated,30,2,penalty,poa,30,300000,-12472,True,16,-12036,,300000
knapsack,uncorrelated,30,2,penalty,poa,30,300000,-12472,True,17,-12083,,300000
knapsack,uncorrelated,30,2,penalty,poa,30,300000,-12472,True,18,-11980,,300000
knapsack,uncorrelated,30,2,penalty,poa,30,300000,-12472,True,19,-12017,,300000
knapsack,uncorrelated,30,2,penalty,poa,30,300000,-12472,True,20,-11722,,300000
knapsack,uncorrelated,30,2,penalty,poa,30,300000,-12472,True,21,-12056,,300000
knapsack,uncorrelated,30,2,penalty,poa,30,300000,-12472,True,22,-11600,,300000
knapsack,uncorrelated,30,2,penalty,poa,30,300000,-12472,True,23,-11847,,300000
knapsack,uncorrelated,30,2,penalty,poa,30,300000,-12472,True,24,-12068,,300000
knapsack,uncorrelated,30,2,penalty,poa,30,300000,-12472,True,25,-12180,,300000
knapsack,uncorrelated,30,2,penalty,poa,30,300000,-12472,True,26,-11950,,300000
knapsack,uncorrelated,30,2,penalty,poa,30,300000,-12472,True,27,-11896,,300000
knapsack,uncorrelated,30,2,penalty,poa,30,300000,-12472,True,28,-12017,,300000
knapsack,uncorrelated,30,2,penalty,poa,30,300000,-12472,True,29,-12060,,300000
knapsack,uncorrelated,30,2,penalty,poa,30,300000,-12472,True,30,-12000,,300000
knapsack,uncorrelated,30,3,penalty,poa,30,300000,-12061,True,0,-11742,,300000
knapsack,uncorrelated,30,3,penalty,poa,30,300000,-12061,True,1,-11482,,300000
knapsack,uncorrelated,30,3,penalty,poa,30,300000,-12061,True,2,-11545,,300000
knapsack,uncorrelated,30,3,penalty,poa,30,300000,-12061,True,3,-11653,,300000
knapsack,uncorrelated,30,3,penalty,poa,30,300000,-12061,True,4,-11506,,300000
knapsack,uncorrelated,30,3,penalty,poa,30,300000,-12061,True,5,-11625,,300000
knapsack,uncorrelated,30,3,penalty,poa,30,300000,-12061,True,6,-11726,,300000
knapsack,uncorrelated,30,3,penalty,poa,30,300000,-12061,True,7,-11651,,300000
knapsack,uncorrelated,30,3,penalty,poa,30,300000,-12061,True,8,-11696,,300000
knapsack,uncorrelated,30,3,penalty,poa,30,300000,-12061,True,9,-11799,,300000
knapsack,uncorrelated,30,3,penalty,poa,30,300000,-12061,True,10,-11562,,300000
knapsack,uncorrelated,30,3,penalty,poa,30,300000,-12061,True,11,-11817,,300000
knapsack,uncorrelated,30,3,penalty,poa,30,300000,-12061,True,12,-11877,,300000
knapsack,uncorrelated,30,3,penalty,poa,30,300000,-12061,True,13,-11535,,300000
knapsack,uncorrelated,30,3,penalty,poa,30,300000,-12061,True,14,-11616,,300000
knapsack,uncorrelated,30,3,penalty,poa,30,300000,-12061,True,15,-11617,,300000
knapsack,uncorrelated,30,3,penalty,poa,30,300000,-12061,True,16,-11484,,300000
knapsack,uncorrelated,30,3,penalty,poa,30,300000,-12061,True,17,-11594,,300000
knapsack,uncorrelated,30,3,penalty,poa,30,300000,-12061,True,18,-11308,,300000
knapsack,uncorrelated,30,3,penalty,poa,30,300000,-12061,True,19,-11457,,300000
knapsack,uncorrelated,30,3,penalty,poa,30,300000,-12061,True,20,-11559,,300000
knapsack,uncorrelated,30,3,penalty,poa,30,300000,-12061,True,21,-11223,,300000
knapsack,uncorrelated,30,3,penalty,poa,30,300000,-12061,True,22,-11281,,300000
knapsack,uncorrelated,30,3,penalty,poa,30,300000,-12061,True,23,-11722,,300000
knapsack,uncorrelated,30,3,penalty,poa,30,300000,-12061,True,24,-11724,,300000
knapsack,uncorrelated,30,3,penalty,poa,30,300000,-12061,True,25,-11483,,300000
knapsack,uncorrelated,30,3,penalty,poa,30,300000,-12061,True,26,-11687,,300000
knapsack,uncorrelated,30,3,penalty,poa,30,300000,-12061,True,27,-11480,,300000
knapsack,uncorrelated,30,3,penalty,poa,30,300000,-12061,True,28,-11731,,300000
knapsack,uncorrelated,30,3,penalty,poa,30,300000,-12061,True,29,-11786,,300000
knapsack,uncorrelated,30,3,penalty,poa,30,300000,-12061,True,30,-11070,,300000
knapsack,uncorrelated,30,1,penalty,poa,30,300000,-11046,True,0,-10622,,300000
knapsack,uncorrelated,30,1,penalty,poa,30,300000,-11046,True,1,-10724,,300000
knapsack,uncorrelated,30,1,penalty,poa,30,300000,-11046,True,2,-10722,,300000
knapsack,uncorrelated,30,1,penalty,poa,30,300000,-11046,True,3,-10411,,300000
knapsack,uncorrelated,30,1,penalty,poa,30,300000,-11046,True,4,-10564,,300000
knapsack,uncorrelated,30,1,penalty,poa,30,300000,-11046,True,5,-10493,,300000
knapsack,uncorrelated,30,1,penalty,poa,30,300000,-11046,True,6,-10444,,300000
knapsack,uncorrelated,30,1,penalty,poa,30,300000,-11046,True,7,-10836,,300000
knapsack,uncorrelated,30,1,penalty,poa,30,300000,-11046,True,8,-10704,,300000
knapsack,uncorrelated,30,1,penalty,poa,30,300000,-11046,True,9,-10530,,300000
knapsack,uncorrelated,30,1,penalty,poa,30,300000,-11046,True,10,-10161,,300000
knapsack,uncorrelated,30,1,penalty,poa,30,300000,-11046,True,11,-10421,,300000
knapsack,uncorrelated,30,1,penalty,poa,30,300000,-11046,True,12,-10555,,300000
knapsack,uncorrelated,30,1,penalty,poa,30,300000,-11046,True,13,-10564,,300000
knapsack,uncorrelated,30,1,penalty,poa,30,300000,-11046,True,14,-10435,,300000
knapsack,uncorrelated,30,1,penalty,poa,30,300000,-11046,True,15,-10347,,300000
knapsack,uncorrelated,30,1,penalty,poa,30,300000,-11046,True,16,-10530,,300000
knapsack,uncorrelated,30,1,penalty,poa,30,300000,-11046,True,17,-10579,,300000
knapsack,uncorrelated,30,1,penalty,poa,30,300000,-11046,True,18,-10680,,300000
knapsack,uncorrelated,30,1,penalty,poa,30,300000,-11046,True,19,-10490,,300000
knapsack,uncorrelated,30,1,penalty,poa,30,300000,-11046,True,20,-10225,,300000
knapsack,uncorrelated,30,1,penalty,poa,30,300000,-11046,True,21,-10880,,300000
knapsack,uncorrelated,30,1,penalty,poa,30,300000,-11046,True,22,-10893,,300000
knapsack,uncorrelated,30,1,penalty,poa,30,300000,-11046,True,23,-10455,,300000
knapsack,uncorrelated,30,1,penalty,poa,30,300000,-11046,True,24,-10893,,300000
knapsack,uncorrelated,30,1,penalty,poa,30,300000,-11046,True,25,-10747,,300000
knapsack,uncorrelated,30,1,penalty,poa,30,300000,-11046,True,26,-10565,,300000
knapsack,uncorrelated,30,1,penalty,poa,30,300000,-11046,True,27,-10863,,300000
knapsack,uncorrelated,30,1,penalty,poa,30,300000,-11046,True,28,-10556,,300000
knapsack,uncorrelated,30,1,penalty,poa,30,300000,-11046,True,29,-10512,,300000
knapsack,uncorrelated,30,1,penalty,poa,30,300000,-11046,True,30,-10539,,300000
knapsack,uncorrelated,50,0,penalty,mpoa,50,500000,-18961,True,0,-17506,,500000
knapsack,uncorrelated,50,0,penalty,mpoa,50,500000,-18961,True,1,-17003,,500000
knapsack,uncorrelated,50,0,penalty,mpoa,50,500000,-18961,True,2,-17315,,500000
knapsack,uncorrelated,50,0,penalty,mpoa,50,500000,-18961,True,3,-18492,,500000
knapsack,uncorrelated,50,0,penalty,mpoa,50,500000,-18961,True,4,-17123,,500000
knapsack,uncorrelated,50,0,penalty,mpoa,50,500000,-18961,True,5,-17277,,500000
knapsack,uncorrelated,50,0,penalty,mpoa,50,500000,-18961,True,6,-17815,,500000
knapsack,uncorrelated,50,0,penalty,mpoa,50,500000,-18961,True,7,-17229,,500000
knapsack,uncorrelated,50,0,penalty,mpoa,50,500000,-18961,True,8,-16984,,500000
knapsack,uncorrelated,50,0,penalty,mpoa,50,500000,-18961,True,9,-17516,,500000
knapsack,uncorrelated,50,0,penalty,mpoa,50,500000,-18961,True,10,-17288,,500000
knapsack,uncorrelated,50,0,penalty,mpoa,50,500000,-18961,True,11,-17452,,500000
knapsack,uncorrelated,50,0,penalty,mpoa,50,500000,-18961,True,12,-17952,,500000
knapsack,uncorrelated,50,0,penalty,mpoa,50,500000,-18961,True,13,-17212,,500000
knapsack,uncorrelated,50,0,penalty,mpoa,50,500000,-18961,True,14,-17141,,500000
knapsack,uncorrelated,50,0,penalty,mpoa,50,500000,-18961,True,15,-17333,,500000
knapsack,uncorrelated,50,0,penalty,mpoa,50,500000,-18961,True,16,-16645,,500000
knapsack,uncorrelated,50,0,penalty,mpoa,50,500000,-18961,True,17,-17602,,500000
knapsack,uncorrelated,50,0,penalty,mpoa,50,500000,-18961,True,18,-17733,,500000
knapsack,uncorrelated,50,0,penalty,mpoa,50,500000,-18961,True,19,-18089,,500000
knapsack,uncorrelated,50,0,penalty,mpoa,50,500000,-18961,True,20,-18131,,500000
knapsack,uncorrelated,50,0,penalty,mpoa,50,500000,-18961,True,21,-17142,,500000
knapsack,uncorrelated,50,0,penalty,mpoa,50,500000,-18961,True,22,-17436,,500000
knapsack,uncorrelated,50,0,penalty,mpoa,50,500000,-18961,True,23,-17102,,500000
knapsack,uncorrelated,50,0,penalty,mpoa,50,500000,-18961,True,24,-17742,,500000
knapsack,uncorrelated,50,0,penalty,mpoa,50,500000,-18961,True,25,-17449,,500000
knapsack,uncorrelated,50,0,penalty,mpoa,50,500000,-18961,True,26,-17313,,500000
knapsack,uncorrelated,50,0,penalty,mpoa,50,500000,-18961,True,27,-16847,,500000
knapsack,uncorrelated,50,0,penalty,mpoa,50,500000,-18961,True,28,-17742,,500000
knapsack,uncorrelated,50,0,penalty,mpoa,50,500000,-18961,True,29,-17378,,500000
knapsack,uncorrelated,50,0,penalty,mpoa,50,500000,-18961,True,30,-16747,,500000
knapsack,uncorrelated,50,3,penalty,mpoa,50,500000,-19627,True,0,-17821,,500000
knapsack,uncorrelated,50,3,penalty,mpoa,50,500000,-19627,True,1,-17919,,500000
knapsack,uncorrelated,50,3,penalty,mpoa,50,500000,-19627,True,2,-18186,,500000
knapsack,uncorrelated,50,3,penalty,mpoa,50,500000,-19627,True,3,-17585,,500000
knapsack,uncorrelated,50,3,penalty,mpoa,50,500000,-19627,True,4,-17711,,500000
knapsack,uncorrelated,50,3,penalty,mpoa,50,500000,-19627,True,5,-17856,,500000
knapsack,uncorrelated,50,3,penalty,mpoa,50,500000,-19627,True,6,-18060,,500000
knapsack,uncorrelated,50,3,penalty,mpoa,50,500000,-19627,True,7,-18165,,500000
knapsack,uncorrelated,50,3,penalty,mpoa,50,500000,-19627,True,8,-18056,,500000
knapsack,uncorrelated,50,3,penalty,mpoa,50,500000,-19627,True,9,-17039,,500000
knapsack,uncorrelated,50,3,penalty,mpoa,50,500000,-19627,True,10,-18762,,500000
knapsack,uncorrelated,50,3,penalty,mpoa,50,500000,-19627,True,11,-18455,,500000
knapsack,uncorrelated,50,3,penalty,mpoa,50,500000,-19627,True,12,-18226,,500000
knapsack,uncorrelated,50,3,penalty,mpoa,50,500000,-19627,True,13,-17900,,500000
knapsack,uncorrelated,50,3,penalty,mpoa,50,500000,-19627,True,14,-17420,,500000
knapsack,uncorrelated,50,3,penalty,mpoa,50,500000,-19627,True,15,-18173,,500000
knapsack,uncorrelated,50,3,penalty,mpoa,50,500000,-19627,True,16,-17227,,500000
knapsack,uncorrelated,50,3,penalty,mpoa,50,500000,-19627,True,17,-17686,,500000
knapsack,uncorrelated,50,3,penalty,mpoa,50,500000,-19627,True,18,-17296,,500000
knapsack,uncorrelated,50,3,penalty,mpoa,50,500000,-19627,True,19,-17875,,500000
knapsack,uncorrelated,50,3,penalty,mpoa,50,500000,-19627,True,20,-17052,,500000
knapsack,uncorrelated,50,3,penalty,mpoa,50,500000,-19627,True,21,-17975,,500000
knapsack,uncorrelated,50,3,penalty,mpoa,50,500000,-19627,True,22,-17722,,500000
knapsack,uncorrelated,50,3,penalty,mpoa,50,500000,-19627,True,23,-17921,,500000
knapsack,uncorrelated,50,3,penalty,mpoa,50,500000,-19627,True,24,-17524,,500000
knapsack,uncorrelated,50,3,penalty,mpoa,50,500000,-19627,True,25,-17759,,500000
knapsack,uncorrelated,50,3,penalty,mpoa,50,500000,-19627,True,26,-17929,,500000
knapsack,uncorrelated,50,3,penalty,mpoa,50,500000,-19627,True,27,-17985,,500000
knapsack,uncorrelated,50,3,penalty,mpoa,50,500000,-19627,True,28,-18259,,500000
knapsack,uncorrelated,50,3,penalty,mpoa,50,500000,-19627,True,29,-17543,,500000
knapsack,uncorrelated,50,3,penalty,mpoa,50,500000,-19627,True,30,-18013,,500000
knapsack,uncorrelated,50,1,penalty,mpoa,50,500000,-21287,True,0,-19383,,500000
knapsack,uncorrelated,50,1,penalty,mpoa,50,500000,-21287,True,1,-19295,,500000
knapsack,uncorrelated,50,1,penalty,mpoa,50,500000,-21287,True,2,-19544,,500000
knapsack,uncorrelated,50,1,penalty,mpoa,50,500000,-21287,True,3,-19930,,500000
knapsack,uncorrelated,50,1,penalty,mpoa,50,500000,-21287,True,4,-19788,,500000
knapsack,uncorrelated,50,1,penalty,mpoa,50,500000,-21287,True,5,-19383,,500000
knapsack,uncorrelated,50,1,penalty,mpoa,50,500000,-21287,True,6,-18879,,500000
knapsack,uncorrelated,50,1,penalty,mpoa,50,500000,-21287,True,7,-19885,,500000
knapsack,uncorrelated,50,1,penalty,mpoa,50,500000,-21287,True,8,-19401,,500000
knapsack,uncorrelated,50,1,penalty,mpoa,50,500000,-21287,True,9,-19405,,500000
knapsack,uncorrelated,50,1,penalty,mpoa,50,500000,-21287,True,10,-19249,,500000
knapsack,uncorrelated,50,1,penalty,mpoa,50,500000,-21287,True,11,-19640,,500000
knapsack,uncorrelated,50,1,penalty,mpoa,50,500000,-21287,True,12,-20347,,500000
knapsack,uncorrelated,50,1,penalty,mpoa,50,500000,-21287,True,13,-19899,,500000
knapsack,uncorrelated,50,1,penalty,mpoa,50,500000,-21287,True,14,-19835,,500000
knapsack,uncorrelated,50,1,penalty,mpoa,50,500000,-21287,True,15,-19371,,500000
knapsack,uncorrelated,50,1,penalty,mpoa,50,500000,-21287,True,16,-19220,,500000
knapsack,uncorrelated,50,1,penalty,mpoa,50,500000,-21287,True,17,-19135,,500000
knapsack,uncorrelated,50,1,penalty,mpoa,50,500000,-21287,True,18,-18995,,500000
knapsack,uncorrelated,50,1,penalty,mpoa,50,500000,-21287,True,19,-19674,,500000
knapsack,uncorrelated,50,1,penalty,mpoa,50,500000,-21287,True,20,-19207,,500000
knapsack,uncorrelated,50,1,penalty,mpoa,50,500000,-21287,True,21,-19117,,500000
knapsack,uncorrelated,50,1,penalty,mpoa,50,500000,-21287,True,22,-19504,,500000
knapsack,uncorrelated,50,1,penalty,mpoa,50,500000,-21287,True,23,-19368,,500000
knapsack,uncorrelated,50,1,penalty,mpoa,50,500000,-21287,True,24,-19495,,500000
knapsack,uncorrelated,50,1,penalty,mpoa,50,500000,-21287,True,25,-19759,,500000
knapsack,uncorrelated,50,1,penalty,mpoa,50,500000,-21287,True,26,-19895,,500000
knapsack,uncorrelated,50,1,penalty,mpoa,50,500000,-21287,True,27,-18871,,500000
knapsack,uncorrelated,50,1,penalty,mpoa,50,500000,-21287,True,28,-18845,,500000
knapsack,uncorrelated,50,1,penalty,mpoa,50,500000,-21287,True,29,-19342,,500000
knapsack,uncorrelated,50,1,penalty,mpoa,50,500000,-21287,True,30,-19118,,500000
knapsack,uncorrelated,50,4,penalty,mpoa,50,500000,-20974,True,0,-19636,,500000
knapsack,uncorrelated,50,4,penalty,mpoa,50,500000,-20974,True,1,-19600,,500000
knapsack,uncorrelated,50,4,penalty,mpoa,50,500000,-20974,True,2,-19426,,500000
knapsack,uncorrelated,50,4,penalty,mpoa,50,500000,-20974,True,3,-19469,,500000
knapsack,uncorrelated,50,4,penalty,mpoa,50,500000,-20974,True,4,-19179,,500000
knapsack,uncorrelated,50,4,penalty,mpoa,50,500000,-20974,True,5,-19719,,500000
knapsack,uncorrelated,50,4,penalty,mpoa,50,500000,-20974,True,6,-20207,,500000
knapsack,uncorrelated,50,4,penalty,mpoa,50,500000,-20974,True,7,-18779,,500000
knapsack,uncorrelated,50,4,penalty,mpoa,50,500000,-20974,True,8,-19252,,500000
knapsack,uncorrelated,50,4,penalty,mpoa,50,500000,-20974,True,9,-19348,,500000
knapsack,uncorrelated,50,4,penalty,mpoa,50,500000,-20974,True,10,-19914,,500000
knapsack,uncorrelated,50,4,penalty,mpoa,50,500000,-20974,True,11,-19018,,500000
knapsack,uncorrelated,50,4,penalty,mpoa,50,500000,-20974,True,12,-19555,,500000
knapsack,uncorrelated,50,4,penalty,mpoa,50,500000,-20974,True,13,-19067,,500000
knapsack,uncorrelated,50,4,penalty,mpoa,50,500000,-20974,True,14,-18457,,500000
knapsack,uncorrelated,50,4,penalty,mpoa,50,500000,-20974,True,15,-19049,,500000
knapsack,uncorrelated,50,4,penalty,mpoa,50,500000,-20974,True,16,-19699,,500000
knapsack,uncorrelated,50,4,penalty,mpoa,50,500000,-20974,True,17,-19363,,500000
knapsack,uncorrelated,50,4,penalty,mpoa,50,500000,-20974,True,18,-19418,,500000
knapsack,uncorrelated,50,4,penalty,mpoa,50,500000,-20974,True,19,-19067,,500000
knapsack,uncorrelated,50,4,penalty,mpoa,50,500000,-20974,True,20,-19439,,500000
knapsack,uncorrelated,50,4,penalty,mpoa,50,500000,-20974,True,21,-19718,,500000
knapsack,uncorrelated,50,4,penalty,mpoa,50,500000,-20974,True,22,-18781,,500000
knapsack,uncorrelated,50,4,penalty,mpoa,50,500000,-20974,True,23,-19535,,500000
knapsack,uncorrelated,50,4,penalty,mpoa,50,500000,-20974,True,24,-18625,,500000
knapsack,uncorrelated,50,4,penalty,mpoa,50,500000,-20974,True,25,-19483,,500000
knapsack,uncorrelated,50,4,penalty,mpoa,50,500000,-20974,True,26,-19296,,500000
knapsack,uncorrelated,50,4,penalty,mpoa,50,500000,-20974,True,27,-18658,,500000
knapsack,uncorrelated,50,4,penalty,mpoa,50,500000,-20974,True,28,-18879,,500000
knapsack,uncorrelated,50,4,penalty,mpoa,50,500000,-20974,True,29,-19192,,500000
knapsack,uncorrelated,50,4,penalty,mpoa,50,500000,-20974,True,30,-19388,,500000
knapsack,uncorrelated,50,2,penalty,mpoa,50,500000,-18831,True,0,-17021,,500000
knapsack,uncorrelated,50,2,penalty,mpoa,50,500000,-18831,True,1,-17447,,500000
knapsack,uncorrelated,50,2,penalty,mpoa,50,500000,-18831,True,2,-16590,,500000
knapsack,uncorrelated,50,2,penalty,mpoa,50,500000,-18831,True,3,-17358,,500000
knapsack,uncorrelated,50,2,penalty,mpoa,50,500000,-18831,True,4,-17250,,500000
knapsack,uncorrelated,50,2,penalty,mpoa,50,500000,-18831,True,5,-16473,,500000
knapsack,uncorrelated,50,2,penalty,mpoa,50,500000,-18831,True,6,-17329,,500000
knapsack,uncorrelated,50,2,penalty,mpoa,50,500000,-18831,True,7,-15983,,500000
knapsack,uncorrelated,50,2,penalty,mpoa,50,500000,-18831,True,8,-16792,,500000
knapsack,uncorrelated,50,2,penalty,mpoa,50,500000,-18831,True,9,-17163,,500000
knapsack,uncorrelated,50,2,penalty,mpoa,50,500000,-18831,True,10,-16809,,500000
knapsack,uncorrelated,50,2,penalty,mpoa,50,500000,-18831,True,11,-16718,,500000
knapsack,uncorrelated,50,2,penalty,mpoa,50,500000,-18831,True,12,-17150,,500000
knapsack,uncorrelated,50,2,penalty,mpoa,50,500000,-18831,True,13,-17469,,500000
knapsack,uncorrelated,50,2,penalty,mpoa,50,500000,-18831,True,14,-17044,,500000
knapsack,uncorrelated,50,2,penalty,mpoa,50,500000,-18831,True,15,-17470,,500000
knapsack,uncorrelated,50,2,penalty,mpoa,50,500000,-18831,True,16,-16831,,500000
knapsack,uncorrelated,50,2,penalty,mpoa,50,500000,-18831,True,17,-16913,,500000
knapsack,uncorrelated,50,2,penalty,mpoa,50,500000,-18831,True,18,-17476,,500000
knapsack,uncorrelated,50,2,penalty,mpoa,50,500000,-18831,True,19,-17102,,500000
knapsack,uncorrelated,50,2,penalty,mpoa,50,500000,-18831,True,20,-17474,,500000
knapsack,uncorrelated,50,2,penalty,mpoa,50,500000,-18831,True,21,-16724,,500000
knapsack,uncorrelated,50,2,penalty,mpoa,50,500000,-18831,True,22,-17177,,500000
knapsack,uncorrelated,50,2,penalty,mpoa,50,500000,-18831,True,23,-17359,,500000
knapsack,uncorrelated,50,2,penalty,mpoa,50,500000,-18831,True,24,-16609,,500000
knapsack,uncorrelated,50,2,penalty,mpoa,50,500000,-18831,True,25,-16507,,500000
knapsack,uncorrelated,50,2,penalty,mpoa,50,500000,-18831,True,26,-17572,,500000
knapsack,uncorrelated,50,2,penalty,mpoa,50,500000,-18831,True,27,-16727,,500000
knapsack,uncorrelated,50,2,penalty,mpoa,50,500000,-18831,True,28,-17039,,500000
knapsack,uncorrelated,50,2,penalty,mpoa,50,500000,-18831,True,29,-17352,,500000
knapsack,uncorrelated,50,2,penalty,mpoa,50,500000,-18831,True,30,-17246,,500000
knapsack,strongly,30,0,penalty,mpoa,30,300000,-8083,True,0,-8019,,300000
knapsack,strongly,30,0,penalty,mpoa,30,300000,-8083,True,1,-7970,,300000
knapsack,strongly,30,0,penalty,mpoa,30,300000,-8083,True,2,-7983,,300000
knapsack,strongly,30,0,penalty,mpoa,30,300000,-8083,True,3,-8083,195155,195155
knapsack,strongly,30,0,penalty,mpoa,30,300000,-8083,True,4,-8081,,300000
knapsack,strongly,30,0,penalty,mpoa,30,300000,-8083,True,5,-7980,,300000
knapsack,strongly,30,0,penalty,mpoa,30,300000,-8083,True,6,-7983,,300000
knapsack,strongly,30,0,penalty,mpoa,30,300000,-8083,True,7,-7981,,300000
knapsack,strongly,30,0,penalty,mpoa,30,300000,-8083,True,8,-7973,,300000
knapsack,strongly,30,0,penalty,mpoa,30,300000,-8083,True,9,-7971,,300000
knapsack,strongly,30,0,penalty,mpoa,30,300000,-8083,True,10,-7974,,300000
knapsack,strongly,30,0,penalty,mpoa,30,300000,-8083,True,11,-8066,,300000
knapsack,strongly,30,0,penalty,mpoa,30,300000,-8083,True,12,-8070,,300000
knapsack,strongly,30,0,penalty,mpoa,30,300000,-8083,True,13,-7978,,300000
knapsack,strongly,30,0,penalty,mpoa,30,300000,-8083,True,14,-7964,,300000
knapsack,strongly,30,0,penalty,mpoa,30,300000,-8083,True,15,-8069,,300000
knapsack,strongly,30,0,penalty,mpoa,30,300000,-8083,True,16,-7980,,300000
knapsack,strongly,30,0,penalty,mpoa,30,300000,-8083,True,17,-8022,,300000
knapsack,strongly,30,0,penalty,mpoa,30,300000,-8083,True,18,-7985,,300000
knapsack,strongly,30,0,penalty,mpoa,30,300000,-8083,True,19,-8069,,300000
knapsack,strongly,30,0,penalty,mpoa,30,300000,-8083,True,20,-7969,,300000
knapsack,strongly,30,0,penalty,mpoa,30,300000,-8083,True,21,-7979,,300000
knapsack,strongly,30,0,penalty,mpoa,30,300000,-8083,True,22,-8070,,300000
knapsack,strongly,30,0,penalty,mpoa,30,300000,-8083,True,23,-8060,,300000
knapsack,strongly,30,0,penalty,mpoa,30,300000,-8083,True,24,-7977,,300000
knapsack,strongly,30,0,penalty,mpoa,30,300000,-8083,True,25,-7978,,300000
knapsack,strongly,30,0,penalty,mpoa,30,300000,-8083,True,26,-7918,,300000
knapsack,strongly,30,0,penalty,mpoa,30,300000,-8083,True,27,-8053,,300000
knapsack,strongly,30,0,penalty,mpoa,30,300000,-8083,True,28,-7975,,300000
knapsack,strongly,30,0,penalty,mpoa,30,300000,-8083,True,29,-7957,,300000
knapsack,strongly,30,0,penalty,mpoa,30,300000,-8083,True,30,-7946,,300000
knapsack,strongly,30,0,penalty,poa,30,300000,-8083,True,0,-7982,,300000
knapsack,strongly,30,0,penalty,poa,30,300000,-8083,True,1,-7970,,300000
knapsack,strongly,30,0,penalty,poa,30,300000,-8083,True,2,-8038,,300000
knapsack,strongly,30,0,penalty,poa,30,300000,-8083,True,3,-8007,,300000
knapsack,strongly,30,0,penalty,poa,30,300000,-8083,True,4,-8031,,300000
knapsack,strongly,30,0,penalty,poa,30,300000,-8083,True,5,-8053,,300000
knapsack,strongly,30,0,penalty,poa,30,300000,-8083,True,6,-7981,,300000
knapsack,strongly,30,0,penalty,poa,30,300000,-8083,True,7,-7983,,300000
knapsack,strongly,30,0,penalty,poa,30,300000,-8083,True,8,-8002,,300000
knapsack,strongly,30,0,penalty,poa,30,300000,-8083,True,9,-7985,,300000
knapsack,strongly,30,0,penalty,poa,30,300000,-8083,True,10,-7974,,300000
knapsack,strongly,30,0,penalty,poa,30,300000,-8083,True,11,-8064,,300000
knapsack,strongly,30,0,penalty,poa,30,300000,-8083,True,12,-7983,,300000
knapsack,strongly,30,0,penalty,poa,30,300000,-8083,True,13,-7982,,300000
knapsack,strongly,30,0,penalty,poa,30,300000,-8083,True,14,-8065,,300000
knapsack,strongly,30,0,penalty,poa,30,300000,-8083,True,15,-8079,,300000
knapsack,strongly,30,0,penalty,poa,30,300000,-8083,True,16,-7978,,300000
knapsack,strongly,30,0,penalty,poa,30,300000,-8083,True,17,-8060,,300000
knapsack,strongly,30,0,penalty,poa,30,300000,-8083,True,18,-8070,,300000
knapsack,strongly,30,0,penalty,poa,30,300000,-8083,True,19,-7982,,300000
knapsack,strongly,30,0,penalty,poa,30,300000,-8083,True,20,-8064,,300000
knapsack,strongly,30,0,penalty,poa,30,300000,-8083,True,21,-7982,,300000
knapsack,strongly,30,0,penalty,poa,30,300000,-8083,True,22,-8056,,300000
knapsack,strongly,30,0,penalty,poa,30,300000,-8083,True,23,-8038,,300000
knapsack,strongly,30,0,penalty,poa,30,300000,-8083,True,24,-7979,,300000
knapsack,strongly,30,0,penalty,poa,30,300000,-8083,True,25,-8037,,300000
knapsack,strongly,30,0,penalty,poa,30,300000,-8083,True,26,-7978,,300000
knapsack,strongly,30,0,penalty,poa,30,300000,-8083,True,27,-7982,,300000
knapsack,strongly,30,0,penalty,poa,30,300000,-8083,True,28,-7983,,300000
knapsack,strongly,30,0,penalty,poa,30,300000,-8083,True,29,-8083,55258,55258
knapsack,strongly,30,0,penalty,poa,30,300000,-8083,True,30,-7964,,300000
knapsack,strongly,30,2,penalty,mpoa,30,300000,-8236,True,0,-8109,,300000
knapsack,strongly,30,2,penalty,mpoa,30,300000,-8236,True,1,-8129,,300000
knapsack,strongly,30,2,penalty,mpoa,30,300000,-8236,True,2,-8075,,300000
knapsack,strongly,30,2,penalty,mpoa,30,300000,-8236,True,3,-8236,124722,124722
knapsack,strongly,30,2,penalty,mpoa,30,300000,-8236,True,4,-8035,,300000
knapsack,strongly,30,2,penalty,mpoa,30,300000,-8236,True,5,-8132,,300000
knapsack,strongly,30,2,penalty,mpoa,30,300000,-8236,True,6,-8123,,300000
knapsack,strongly,30,2,penalty,mpoa,30,300000,-8236,True,7,-8126,,300000
knapsack,strongly,30,2,penalty,mpoa,30,300000,-8236,True,8,-8122,,300000
knapsack,strongly,30,2,penalty,mpoa,30,300000,-8236,True,9,-8098,,300000
knapsack,strongly,30,2,penalty,mpoa,30,300000,-8236,True,10,-8058,,300000
knapsack,strongly,30,2,penalty,mpoa,30,300000,-8236,True,11,-8132,,300000
knapsack,strongly,30,2,penalty,mpoa,30,300000,-8236,True,12,-8127,,300000
knapsack,strongly,30,2,penalty,mpoa,30,300000,-8236,True,13,-8119,,300000
knapsack,strongly,30,2,penalty,mpoa,30,300000,-8236,True,14,-8221,,300000
knapsack,strongly,30,2,penalty,mpoa,30,300000,-8236,True,15,-8136,,300000
knapsack,strongly,30,2,penalty,mpoa,30,300000,-8236,True,16,-8079,,300000
knapsack,strongly,30,2,penalty,mpoa,30,300000,-8236,True,17,-8231,,300000
knapsack,strongly,30,2,penalty,mpoa,30,300000,-8236,True,18,-8034,,300000
knapsack,strongly,30,2,penalty,mpoa,30,300000,-8236,True,19,-8119,,300000
knapsack,strongly,30,2,penalty,mpoa,30,300000,-8236,True,20,-8236,86370,86370
knapsack,strongly,30,2,penalty,mpoa,30,300000,-8236,True,21,-8134,,300000
knapsack,strongly,30,2,penalty,mpoa,30,300000,-8236,True,22,-8126,,300000
knapsack,strongly,30,2,penalty,mpoa,30,300000,-8236,True,23,-8069,,300000
knapsack,strongly,30,2,penalty,mpoa,30,300000,-8236,True,24,-8133,,300000
knapsack,strongly,30,2,penalty,mpoa,30,300000,-8236,True,25,-8227,,300000
knapsack,strongly,30,2,penalty,mpoa,30,300000,-8236,True,26,-8224,,300000
knapsack,strongly,30,2,penalty,mpoa,30,300000,-8236,True,27,-8080,,300000
knapsack,strongly,30,2,penalty,mpoa,30,300000,-8236,True,28,-8035,,300000
knapsack,strongly,30,2,penalty,mpoa,30,300000,-8236,True,29,-8114,,300000
knapsack,strongly,30,2,penalty,mpoa,30,300000,-8236,True,30,-8120,,300000
knapsack,strongly,30,1,penalty,mpoa,30,300000,-8991,True,0,-8884,,300000
knapsack,strongly,30,1,penalty,mpoa,30,300000,-8991,True,1,-8890,,300000
knapsack,strongly,30,1,penalty,mpoa,30,300000,-8991,True,2,-8927,,300000
knapsack,strongly,30,1,penalty,mpoa,30,300000,-8991,True,3,-8891,,300000
knapsack,strongly,30,1,penalty,mpoa,30,300000,-8991,True,4,-8976,,300000
knapsack,strongly,30,1,penalty,mpoa,30,300000,-8991,True,5,-8888,,300000
knapsack,strongly,30,1,penalty,mpoa,30,300000,-8991,True,6,-8884,,300000
knapsack,strongly,30,1,penalty,mpoa,30,300000,-8991,True,7,-8989,,300000
knapsack,strongly,30,1,penalty,mpoa,30,300000,-8991,True,8,-8882,,300000
knapsack,strongly,30,1,penalty,mpoa,30,300000,-8991,True,9,-8891,,300000
knapsack,strongly,30,1,penalty,mpoa,30,300000,-8991,True,10,-8889,,300000
knapsack,strongly,30,1,penalty,mpoa,30,300000,-8991,True,11,-8891,,300000
knapsack,strongly,30,1,penalty,mpoa,30,300000,-8991,True,12,-8873,,300000
knapsack,strongly,30,1,penalty,mpoa,30,300000,-8991,True,13,-8891,,300000
knapsack,strongly,30,1,penalty,mpoa,30,300000,-8991,True,14,-8891,,300000
knapsack,strongly,30,1,penalty,mpoa,30,300000,-8991,True,15,-8890,,300000
knapsack,strongly,30,1,penalty,mpoa,30,300000,-8991,True,16,-8938,,300000
knapsack,strongly,30,1,penalty,mpoa,30,300000,-8991,True,17,-8891,,300000
knapsack,strongly,30,1,penalty,mpoa,30,300000,-8991,True,18,-8887,,300000
knapsack,strongly,30,1,penalty,mpoa,30,300000,-8991,True,19,-8881,,300000
knapsack,strongly,30,1,penalty,mpoa,30,300000,-8991,True,20,-8886,,300000
knapsack,strongly,30,1,penalty,mpoa,30,300000,-8991,True,21,-8967,,300000
knapsack,strongly,30,1,penalty,mpoa,30,300000,-8991,True,22,-8886,,300000
knapsack,strongly,30,1,penalty,mpoa,30,300000,-8991,True,23,-8884,,300000
knapsack,strongly,30,1,penalty,mpoa,30,300000,-8991,True,24,-8890,,300000
knapsack,strongly,30,1,penalty,mpoa,30,300000,-8991,True,25,-8888,,300000
knapsack,strongly,30,1,penalty,mpoa,30,300000,-8991,True,26,-8886,,300000
knapsack,strongly,30,1,penalty,mpoa,30,300000,-8991,True,27,-8881,,300000
knapsack,strongly,30,1,penalty,mpoa,30,300000,-8991,True,28,-8888,,300000
knapsack,strongly,30,1,penalty,mpoa,30,300000,-8991,True,29,-8888,,300000
knapsack,strongly,30,1,penalty,mpoa,30,300000,-8991,True,30,-8917,,300000
knapsack,uncorrelated,50,2,penalty,poa,50,500000,-18831,True,0,-16353,,500000
knapsack,uncorrelated,50,2,penalty,poa,50,500000,-18831,True,1,-17077,,500000
knapsack,uncorrelated,50,2,penalty,poa,50,500000,-18831,True,2,-17144,,500000
knapsack,uncorrelated,50,2,penalty,poa,50,500000,-18831,True,3,-16729,,500000
knapsack,uncorrelated,50,2,penalty,poa,50,500000,-18831,True,4,-16620,,500000
knapsack,uncorrelated,50,2,penalty,poa,50,500000,-18831,True,5,-16570,,500000
knapsack,uncorrelated,50,2,penalty,poa,50,500000,-18831,True,6,-17195,,500000
knapsack,uncorrelated,50,2,penalty,poa,50,500000,-18831,True,7,-16681,,500000
knapsack,uncorrelated,50,2,penalty,poa,50,500000,-18831,True,8,-17555,,500000
knapsack,uncorrelated,50,2,penalty,poa,50,500000,-18831,True,9,-17834,,500000
knapsack,uncorrelated,50,2,penalty,poa,50,500000,-18831,True,10,-17061,,500000
knapsack,uncorrelated,50,2,penalty,poa,50,500000,-18831,True,11,-16547,,500000
knapsack,uncorrelated,50,2,penalty,poa,50,500000,-18831,True,12,-17528,,500000
knapsack,uncorrelated,50,2,penalty,poa,50,500000,-18831,True,13,-17584,,500000
knapsack,uncorrelated,50,2,penalty,poa,50,500000,-18831,True,14,-17271,,500000
knapsack,uncorrelated,50,2,penalty,poa,50,500000,-18831,True,15,-17525,,500000
knapsack,uncorrelated,50,2,penalty,poa,50,500000,-18831,True,16,-16544,,500000
knapsack,uncorrelated,50,2,penalty,poa,50,500000,-18831,True,17,-16995,,500000
knapsack,uncorrelated,50,2,penalty,poa,50,500000,-18831,True,18,-16727,,500000
knapsack,uncorrelated,50,2,penalty,poa,50,500000,-18831,True,19,-16407,,500000
knapsack,uncorrelated,50,2,penalty,poa,50,500000,-18831,True,20,-17422,,500000
knapsack,uncorrelated,50,2,penalty,poa,50,500000,-18831,True,21,-16767,,500000
knapsack,uncorrelated,50,2,penalty,poa,50,500000,-18831,True,22,-16498,,500000
knapsack,uncorrelated,50,2,penalty,poa,50,500000,-18831,True,23,-17069,,500000
knapsack,uncorrelated,50,2,penalty,poa,50,500000,-18831,True,24,-17330,,500000
knapsack,uncorrelated,50,2,penalty,poa,50,500000,-18831,True,25,-17066,,500000
knapsack,uncorrelated,50,2,penalty,poa,50,500000,-18831,True,26,-17141,,500000
knapsack,uncorrelated,50,2,penalty,poa,50,500000,-18831,True,27,-17219,,500000
knapsack,uncorrelated,50,2,penalty,poa,50,500000,-18831,True,28,-16792,,500000
knapsack,uncorrelated,50,2,penalty,poa,50,500000,-18831,True,29,-17131,,500000
knapsack,uncorrelated,50,2,penalty,poa,50,500000,-18831,True,30,-16996,,500000
knapsack,uncorrelated,50,4,penalty,poa,50,500000,-20974,True,0,-18790,,500000
knapsack,uncorrelated,50,4,penalty,poa,50,500000,-20974,True,1,-18671,,500000
knapsack,uncorrelated,50,4,penalty,poa,50,500000,-20974,True,2,-19139,,500000
knapsack,uncorrelated,50,4,penalty,poa,50,500000,-20974,True,3,-18804,,500000
knapsack,uncorrelated,50,4,penalty,poa,50,500000,-20974,True,4,-19358,,500000
knapsack,uncorrelated,50,4,penalty,poa,50,500000,-20974,True,5,-18567,,500000
knapsack,uncorrelated,50,4,penalty,poa,50,500000,-20974,True,6,-19840,,500000
knapsack,uncorrelated,50,4,penalty,poa,50,500000,-20974,True,7,-18628,,500000
knapsack,uncorrelated,50,4,penalty,poa,50,500000,-20974,True,8,-18723,,500000
knapsack,uncorrelated,50,4,penalty,poa,50,500000,-20974,True,9,-19776,,500000
knapsack,uncorrelated,50,4,penalty,poa,50,500000,-20974,True,10,-19690,,500000
knapsack,uncorrelated,50,4,penalty,poa,50,500000,-20974,True,11,-19090,,500000
knapsack,uncorrelated,50,4,penalty,poa,50,500000,-20974,True,12,-18999,,500000
knapsack,uncorrelated,50,4,penalty,poa,50,500000,-20974,True,13,-19108,,500000
knapsack,uncorrelated,50,4,penalty,poa,50,500000,-20974,True,14,-19075,,500000
knapsack,uncorrelated,50,4,penalty,poa,50,500000,-20974,True,15,-18812,,500000
knapsack,uncorrelated,50,4,penalty,poa,50,500000,-20974,True,16,-19326,,500000
knapsack,uncorrelated,50,4,penalty,poa,50,500000,-20974,True,17,-19171,,500000
knapsack,uncorrelated,50,4,penalty,poa,50,500000,-20974,True,18,-19235,,500000
knapsack,uncorrelated,50,4,penalty,poa,50,500000,-20974,True,19,-18157,,500000
knapsack,uncorrelated,50,4,penalty,poa,50,500000,-20974,True,20,-19038,,500000
knapsack,uncorrelated,50,4,penalty,poa,50,500000,-20974,True,21,-18453,,500000
knapsack,uncorrelated,50,4,penalty,poa,50,500000,-20974,True,22,-19168,,500000
knapsack,uncorrelated,50,4,penalty,poa,50,500000,-20974,True,23,-18904,,500000
knapsack,uncorrelated,50,4,penalty,poa,50,500000,-20974,True,24,-19189,,500000
knapsack,uncorrelated,50,4,penalty,poa,50,500000,-20974,True,25,-18958,,500000
knapsack,uncorrelated,50,4,penalty,poa,50,500000,-20974,True,26,-19823,,500000
knapsack,uncorrelated,50,4,penalty,poa,50,500000,-20974,True,27,-18789,,500000
knapsack,uncorrelated,50,4,penalty,poa,50,500000,-20974,True,28,-19189,,500000
knapsack,uncorrelated,50,4,penalty,poa,50,500000,-20974,True,29,-19298,,500000
knapsack,uncorrelated,50,4,penalty,poa,50,500000,-20974,True,30,-19103,,500000
knapsack,uncorrelated,50,3,penalty,poa,50,500000,-19627,True,0,-17475,,500000
knapsack,uncorrelated,50,3,penalty,poa,50,500000,-19627,True,1,-17892,,500000
knapsack,uncorrelated,50,3,penalty,poa,50,500000,-19627,True,2,-18484,,500000
knapsack,uncorrelated,50,3,penalty,poa,50,500000,-19627,True,3,-17730,,500000
knapsack,uncorrelated,50,3,penalty,poa,50,500000,-19627,True,4,-17918,,500000
knapsack,uncorrelated,50,3,penalty,poa,50,500000,-19627,True,5,-17550,,500000
knapsack,uncorrelated,50,3,penalty,poa,50,500000,-19627,True,6,-17741,,500000
knapsack,uncorrelated,50,3,penalty,poa,50,500000,-19627,True,7,-17468,,500000
knapsack,uncorrelated,50,3,penalty,poa,50,500000,-19627,True,8,-18073,,500000
knapsack,uncorrelated,50,3,penalty,poa,50,500000,-19627,True,9,-17877,,500000
knapsack,uncorrelated,50,3,penalty,poa,50,500000,-19627,True,10,-18774,,500000
knapsack,uncorrelated,50,3,penalty,poa,50,500000,-19627,True,11,-18443,,500000
knapsack,uncorrelated,50,3,penalty,poa,50,500000,-19627,True,12,-17586,,500000
knapsack,uncorrelated,50,3,penalty,poa,50,500000,-19627,True,13,-17701,,500000
knapsack,uncorrelated,50,3,penalty,poa,50,500000,-19627,True,14,-17776,,500000
knapsack,uncorrelated,50,3,penalty,poa,50,500000,-19627,True,15,-17776,,500000
knapsack,uncorrelated,50,3,penalty,poa,50,500000,-19627,True,16,-17335,,500000
knapsack,uncorrelated,50,3,penalty,poa,50,500000,-19627,True,17,-17630,,500000
knapsack,uncorrelated,50,3,penalty,poa,50,500000,-19627,True,18,-17062,,500000
knapsack,uncorrelated,50,3,penalty,poa,50,500000,-19627,True,19,-17335,,500000
knapsack,uncorrelated,50,3,penalty,poa,50,500000,-19627,True,20,-17684,,500000
knapsack,uncorrelated,50,3,penalty,poa,50,500000,-19627,True,21,-17992,,500000
knapsack,uncorrelated,50,3,penalty,poa,50,500000,-19627,True,22,-18056,,500000
knapsack,uncorrelated,50,3,penalty,poa,50,500000,-19627,True,23,-17552,,500000
knapsack,uncorrelated,50,3,penalty,poa,50,500000,-19627,True,24,-17323,,500000
knapsack,uncorrelated,50,3,penalty,poa,50,500000,-19627,True,25,-17199,,500000
knapsack,uncorrelated,50,3,penalty,poa,50,500000,-19627,True,26,-17853,,500000
knapsack,uncorrelated,50,3,penalty,poa,50,500000,-19627,True,27,-17873,,500000
knapsack,uncorrelated,50,3,penalty,poa,50,500000,-19627,True,28,-18191,,500000
knapsack,uncorrelated,50,3,penalty,poa,50,500000,-19627,True,29,-17688,,500000
knapsack,uncorrelated,50,3,penalty,poa,50,500000,-19627,True,30,-17977,,500000
knapsack,uncorrelated,50,0,penalty,poa,50,500000,-18961,True,0,-17474,,500000
knapsack,uncorrelated,50,0,penalty,poa,50,500000,-18961,True,1,-16765,,500000
knapsack,uncorrelated,50,0,penalty,poa,50,500000,-18961,True,2,-17458,,500000
knapsack,uncorrelated,50,0,penalty,poa,50,500000,-18961,True,3,-17409,,500000
knapsack,uncorrelated,50,0,penalty,poa,50,500000,-18961,True,4,-16797,,500000
knapsack,uncorrelated,50,0,penalty,poa,50,500000,-18961,True,5,-17192,,500000
knapsack,uncorrelated,50,0,penalty,poa,50,500000,-18961,True,6,-17291,,500000
knapsack,uncorrelated,50,0,penalty,poa,50,500000,-18961,True,7,-17377,,500000
knapsack,uncorrelated,50,0,penalty,poa,50,500000,-18961,True,8,-16839,,500000
knapsack,uncorrelated,50,0,penalty,poa,50,500000,-18961,True,9,-17773,,500000
knapsack,uncorrelated,50,0,penalty,poa,50,500000,-18961,True,10,-17207,,500000
knapsack,uncorrelated,50,0,penalty,poa,50,500000,-18961,True,11,-17188,,500000
knapsack,uncorrelated,50,0,penalty,poa,50,500000,-18961,True,12,-17246,,500000
knapsack,uncorrelated,50,0,penalty,poa,50,500000,-18961,True,13,-16879,,500000
knapsack,uncorrelated,50,0,penalty,poa,50,500000,-18961,True,14,-17264,,500000
knapsack,uncorrelated,50,0,penalty,poa,50,500000,-18961,True,15,-17014,,500000
knapsack,uncorrelated,50,0,penalty,poa,50,500000,-18961,True,16,-17412,,500000
knapsack,uncorrelated,50,0,penalty,poa,50,500000,-18961,True,17,-17312,,500000
knapsack,uncorrelated,50,0,penalty,poa,50,500000,-18961,True,18,-17357,,500000
knapsack,uncorrelated,50,0,penalty,poa,50,500000,-18961,True,19,-17858,,500000
knapsack,uncorrelated,50,0,penalty,poa,50,500000,-18961,True,20,-16875,,500000
knapsack,uncorrelated,50,0,penalty,poa,50,500000,-18961,True,21,-17549,,500000
knapsack,uncorrelated,50,0,penalty,poa,50,500000,-18961,True,22,-17431,,500000
knapsack,uncorrelated,50,0,penalty,poa,50,500000,-18961,True,23,-17087,,500000
knapsack,uncorrelated,50,0,penalty,poa,50,500000,-18961,True,24,-17289,,500000
knapsack,uncorrelated,50,0,penalty,poa,50,500000,-18961,True,25,-17640,,500000
knapsack,uncorrelated,50,0,penalty,poa,50,500000,-18961,True,26,-17059,,500000
knapsack,uncorrelated,50,0,penalty,poa,50,500000,-18961,True,27,-16988,,500000
knapsack,uncorrelated,50,0,penalty,poa,50,500000,-18961,True,28,-17302,,500000
knapsack,uncorrelated,50,0,penalty,poa,50,500000,-18961,True,29,-17548,,500000
knapsack,uncorrelated,50,0,penalty,poa,50,500000,-18961,True,30,-17127,,500000
knapsack,uncorrelated,50,1,penalty,poa,50,500000,-21287,True,0,-19407,,500000
knapsack,uncorrelated,50,1,penalty,poa,50,500000,-21287,True,1,-19701,,500000
knapsack,uncorrelated,50,1,penalty,poa,50,500000,-21287,True,2,-18728,,500000
knapsack,uncorrelated,50,1,penalty,poa,50,500000,-21287,True,3,-20116,,500000
knapsack,uncorrelated,50,1,penalty,poa,50,500000,-21287,True,4,-18777,,500000
knapsack,uncorrelated,50,1,penalty,poa,50,500000,-21287,True,5,-19615,,500000
knapsack,uncorrelated,50,1,penalty,poa,50,500000,-21287,True,6,-19342,,500000
knapsack,uncorrelated,50,1,penalty,poa,50,500000,-21287,True,7,-19918,,500000
knapsack,uncorrelated,50,1,penalty,poa,50,500000,-21287,True,8,-19534,,500000
knapsack,uncorrelated,50,1,penalty,poa,50,500000,-21287,True,9,-18598,,500000
knapsack,uncorrelated,50,1,penalty,poa,50,500000,-21287,True,10,-19256,,500000
knapsack,uncorrelated,50,1,penalty,poa,50,500000,-21287,True,11,-19189,,500000
knapsack,uncorrelated,50,1,penalty,poa,50,500000,-21287,True,12,-19573,,500000
knapsack,uncorrelated,50,1,penalty,poa,50,500000,-21287,True,13,-19389,,500000
knapsack,uncorrelated,50,1,penalty,poa,50,500000,-21287,True,14,-19882,,500000
knapsack,uncorrelated,50,1,penalty,poa,50,500000,-21287,True,15,-19701,,500000
knapsack,uncorrelated,50,1,penalty,poa,50,500000,-21287,True,16,-19560,,500000
knapsack,uncorrelated,50,1,penalty,poa,50,500000,-21287,True,17,-18673,,500000
knapsack,uncorrelated,50,1,penalty,poa,50,500000,-21287,True,18,-19300,,500000
knapsack,uncorrelated,50,1,penalty,poa,50,500000,-21287,True,19,-19779,,500000
knapsack,uncorrelated,50,1,penalty,poa,50,500000,-21287,True,20,-19703,,500000
knapsack,uncorrelated,50,1,penalty,poa,50,500000,-21287,True,21,-19927,,500000
knapsack,uncorrelated,50,1,penalty,poa,50,500000,-21287,True,22,-19883,,500000
knapsack,uncorrelated,50,1,penalty,poa,50,500000,-21287,True,23,-19622,,500000
knapsack,uncorrelated,50,1,penalty,poa,50,500000,-21287,True,24,-19333,,500000
knapsack,uncorrelated,50,1,penalty,poa,50,500000,-21287,True,25,-19674,,500000
knapsack,uncorrelated,50,1,penalty,poa,50,500000,-21287,True,26,-18824,,500000
knapsack,uncorrelated,50,1,penalty,poa,50,500000,-21287,True,27,-19453,,500000
knapsack,uncorrelated,50,1,penalty,poa,50,500000,-21287,True,28,-18733,,500000
knapsack,uncorrelated,50,1,penalty,poa,50,500000,-21287,True,29,-19612,,500000
knapsack,uncorrelated,50,1,penalty,poa,50,500000,-21287,True,30,-18934,,500000
knapsack,strongly,30,3,penalty,mpoa,30,300000,-10407,True,0,-10266,,300000
knapsack,strongly,30,3,penalty,mpoa,30,300000,-10407,True,1,-10287,,300000
knapsack,strongly,30,3,penalty,mpoa,30,300000,-10407,True,2,-10309,,300000
knapsack,strongly,30,3,penalty,mpoa,30,300000,-10407,True,3,-10285,,300000
knapsack,strongly,30,3,penalty,mpoa,30,300000,-10407,True,4,-10308,,300000
knapsack,strongly,30,3,penalty,mpoa,30,300000,-10407,True,5,-10308,,300000
knapsack,strongly,30,3,penalty,mpoa,30,300000,-10407,True,6,-10301,,300000
knapsack,strongly,30,3,penalty,mpoa,30,300000,-10407,True,7,-10286,,300000
knapsack,strongly,30,3,penalty,mpoa,30,300000,-10407,True,8,-10288,,300000
knapsack,strongly,30,3,penalty,mpoa,30,300000,-10407,True,9,-10307,,300000
knapsack,strongly,30,3,penalty,mpoa,30,300000,-10407,True,10,-10301,,300000
knapsack,strongly,30,3,penalty,mpoa,30,300000,-10407,True,11,-10309,,300000
knapsack,strongly,30,3,penalty,mpoa,30,300000,-10407,True,12,-10308,,300000
knapsack,strongly,30,3,penalty,mpoa,30,300000,-10407,True,13,-10305,,300000
knapsack,strongly,30,3,penalty,mpoa,30,300000,-10407,True,14,-10289,,300000
knapsack,strongly,30,3,penalty,mpoa,30,300000,-10407,True,15,-10309,,300000
knapsack,strongly,30,3,penalty,mpoa,30,300000,-10407,True,16,-10298,,300000
knapsack,strongly,30,3,penalty,mpoa,30,300000,-10407,True,17,-10307,,300000
knapsack,strongly,30,3,penalty,mpoa,30,300000,-10407,True,18,-10307,,300000
knapsack,strongly,30,3,penalty,mpoa,30,300000,-10407,True,19,-10307,,300000
knapsack,strongly,30,3,penalty,mpoa,30,300000,-10407,True,20,-10308,,300000
knapsack,strongly,30,3,penalty,mpoa,30,300000,-10407,True,21,-10308,,300000
knapsack,strongly,30,3,penalty,mpoa,30,300000,-10407,True,22,-10309,,300000
knapsack,strongly,30,3,penalty,mpoa,30,300000,-10407,True,23,-10308,,300000
knapsack,strongly,30,3,penalty,mpoa,30,300000,-10407,True,24,-10304,,300000
knapsack,strongly,30,3,penalty,mpoa,30,300000,-10407,True,25,-10293,,300000
knapsack,strongly,30,3,penalty,mpoa,30,300000,-10407,True,26,-10309,,300000
knapsack,strongly,30,3,penalty,mpoa,30,300000,-10407,True,27,-10283,,300000
knapsack,strongly,30,3,penalty,mpoa,30,300000,-10407,True,28,-10307,,300000
knapsack,strongly,30,3,penalty,mpoa,30,300000,-10407,True,29,-10297,,300000
knapsack,strongly,30,3,penalty,mpoa,30,300000,-10407,True,30,-10309,,300000
knapsack,strongly,30,2,penalty,poa,30,300000,-8236,True,0,-8136,,300000
knapsack,strongly,30,2,penalty,poa,30,300000,-8236,True,1,-8134,,300000
knapsack,strongly,30,2,penalty,poa,30,300000,-8236,True,2,-8096,,300000
knapsack,strongly,30,2,penalty,poa,30,300000,-8236,True,3,-8236,82692,82692
knapsack,strongly,30,2,penalty,poa,30,300000,-8236,True,4,-8067,,300000
knapsack,strongly,30,2,penalty,poa,30,300000,-8236,True,5,-8127,,300000
knapsack,strongly,30,2,penalty,poa,30,300000,-8236,True,6,-8123,,300000
knapsack,strongly,30,2,penalty,poa,30,300000,-8236,True,7,-8125,,300000
knapsack,strongly,30,2,penalty,poa,30,300000,-8236,True,8,-8132,,300000
knapsack,strongly,30,2,penalty,poa,30,300000,-8236,True,9,-8135,,300000
knapsack,strongly,30,2,penalty,poa,30,300000,-8236,True,10,-8136,,300000
knapsack,strongly,30,2,penalty,poa,30,300000,-8236,True,11,-8133,,300000
knapsack,strongly,30,2,penalty,poa,30,300000,-8236,True,12,-8131,,300000
knapsack,strongly,30,2,penalty,poa,30,300000,-8236,True,13,-8115,,300000
knapsack,strongly,30,2,penalty,poa,30,300000,-8236,True,14,-8036,,300000
knapsack,strongly,30,2,penalty,poa,30,300000,-8236,True,15,-8210,,300000
knapsack,strongly,30,2,penalty,poa,30,300000,-8236,True,16,-8117,,300000
knapsack,strongly,30,2,penalty,poa,30,300000,-8236,True,17,-8231,,300000
knapsack,strongly,30,2,penalty,poa,30,300000,-8236,True,18,-8079,,300000
knapsack,strongly,30,2,penalty,poa,30,300000,-8236,True,19,-8119,,300000
knapsack,strongly,30,2,penalty,poa,30,300000,-8236,True,20,-8135,,300000
knapsack,strongly,30,2,penalty,poa,30,300000,-8236,True,21,-8048,,300000
knapsack,strongly,30,2,penalty,poa,30,300000,-8236,True,22,-8134,,300000
knapsack,strongly,30,2,penalty,poa,30,300000,-8236,True,23,-8122,,300000
knapsack,strongly,30,2,penalty,poa,30,300000,-8236,True,24,-8136,,300000
knapsack,strongly,30,2,penalty,poa,30,300000,-8236,True,25,-8135,,300000
knapsack,strongly,30,2,penalty,poa,30,300000,-8236,True,26,-8135,,300000
knapsack,strongly,30,2,penalty,poa,30,300000,-8236,True,27,-8080,,300000
knapsack,strongly,30,2,penalty,poa,30,300000,-8236,True,28,-8133,,300000
knapsack,strongly,30,2,penalty,poa,30,300000,-8236,True,29,-8127,,300000
knapsack,strongly,30,2,penalty,poa,30,300000,-8236,True,30,-8035,,300000
knapsack,strongly,30,1,penalty,poa,30,300000,-8991,True,0,-8880,,300000
knapsack,strongly,30,1,penalty,poa,30,300000,-8991,True,1,-8946,,300000
knapsack,strongly,30,1,penalty,poa,30,300000,-8991,True,2,-8927,,300000
knapsack,strongly,30,1,penalty,poa,30,300000,-8991,True,3,-8891,,300000
knapsack,strongly,30,1,penalty,poa,30,300000,-8991,True,4,-8888,,300000
knapsack,strongly,30,1,penalty,poa,30,300000,-8991,True,5,-8888,,300000
knapsack,strongly,30,1,penalty,poa,30,300000,-8991,True,6,-8889,,300000
knapsack,strongly,30,1,penalty,poa,30,300000,-8991,True,7,-8940,,300000
knapsack,strongly,30,1,penalty,poa,30,300000,-8991,True,8,-8889,,300000
knapsack,strongly,30,1,penalty,poa,30,300000,-8991,True,9,-8974,,300000
knapsack,strongly,30,1,penalty,poa,30,300000,-8991,True,10,-8889,,300000
knapsack,strongly,30,1,penalty,poa,30,300000,-8991,True,11,-8891,,300000
knapsack,strongly,30,1,penalty,poa,30,300000,-8991,True,12,-8888,,300000
knapsack,strongly,30,1,penalty,poa,30,300000,-8991,True,13,-8891,,300000
knapsack,strongly,30,1,penalty,poa,30,300000,-8991,True,14,-8891,,300000
knapsack,strongly,30,1,penalty,poa,30,300000,-8991,True,15,-8870,,300000
knapsack,strongly,30,1,penalty,poa,30,300000,-8991,True,16,-8938,,300000
knapsack,strongly,30,1,penalty,poa,30,300000,-8991,True,17,-8890,,300000
knapsack,strongly,30,1,penalty,poa,30,300000,-8991,True,18,-8887,,300000
knapsack,strongly,30,1,penalty,poa,30,300000,-8991,True,19,-8874,,300000
knapsack,strongly,30,1,penalty,poa,30,300000,-8991,True,20,-8886,,300000
knapsack,strongly,30,1,penalty,poa,30,300000,-8991,True,21,-8967,,300000
knapsack,strongly,30,1,penalty,poa,30,300000,-8991,True,22,-8886,,300000
knapsack,strongly,30,1,penalty,poa,30,300000,-8991,True,23,-8904,,300000
knapsack,strongly,30,1,penalty,poa,30,300000,-8991,True,24,-8910,,300000
knapsack,strongly,30,1,penalty,poa,30,300000,-8991,True,25,-8971,,300000
knapsack,strongly,30,1,penalty,poa,30,300000,-8991,True,26,-8970,,300000
knapsack,strongly,30,1,penalty,poa,30,300000,-8991,True,27,-8887,,300000
knapsack,strongly,30,1,penalty,poa,30,300000,-8991,True,28,-8891,,300000
knapsack,strongly,30,1,penalty,poa,30,300000,-8991,True,29,-8888,,300000
knapsack,strongly,30,1,penalty,poa,30,300000,-8991,True,30,-8917,,300000
knapsack,strongly,30,3,penalty,poa,30,300000,-10407,True,0,-10307,,300000
knapsack,strongly,30,3,penalty,poa,30,300000,-10407,True,1,-10307,,300000
knapsack,strongly,30,3,penalty,poa,30,300000,-10407,True,2,-10309,,300000
knapsack,strongly,30,3,penalty,poa,30,300000,-10407,True,3,-10299,,300000
knapsack,strongly,30,3,penalty,poa,30,300000,-10407,True,4,-10309,,300000
knapsack,strongly,30,3,penalty,poa,30,300000,-10407,True,5,-10309,,300000
knapsack,strongly,30,3,penalty,poa,30,300000,-10407,True,6,-10301,,300000
knapsack,strongly,30,3,penalty,poa,30,300000,-10407,True,7,-10302,,300000
knapsack,strongly,30,3,penalty,poa,30,300000,-10407,True,8,-10307,,300000
knapsack,strongly,30,3,penalty,poa,30,300000,-10407,True,9,-10309,,300000
knapsack,strongly,30,3,penalty,poa,30,300000,-10407,True,10,-10301,,300000
knapsack,strongly,30,3,penalty,poa,30,300000,-10407,True,11,-10309,,300000
knapsack,strongly,30,3,penalty,poa,30,300000,-10407,True,12,-10308,,300000
knapsack,strongly,30,3,penalty,poa,30,300000,-10407,True,13,-10307,,300000
knapsack,strongly,30,3,penalty,poa,30,300000,-10407,True,14,-10305,,300000
knapsack,strongly,30,3,penalty,poa,30,300000,-10407,True,15,-10309,,300000
knapsack,strongly,30,3,penalty,poa,30,300000,-10407,True,16,-10302,,300000
knapsack,strongly,30,3,penalty,poa,30,300000,-10407,True,17,-10309,,300000
knapsack,strongly,30,3,penalty,poa,30,300000,-10407,True,18,-10309,,300000
knapsack,strongly,30,3,penalty,poa,30,300000,-10407,True,19,-10309,,300000
knapsack,strongly,30,3,penalty,poa,30,300000,-10407,True,20,-10309,,300000
knapsack,strongly,30,3,penalty,poa,30,300000,-10407,True,21,-10308,,300000
knapsack,strongly,30,3,penalty,poa,30,300000,-10407,True,22,-10309,,300000
knapsack,strongly,30,3,penalty,poa,30,300000,-10407,True,23,-10308,,300000
knapsack,strongly,30,3,penalty,poa,30,300000,-10407,True,24,-10307,,300000
knapsack,strongly,30,3,penalty,poa,30,300000,-10407,True,25,-10306,,300000
knapsack,strongly,30,3,penalty,poa,30,300000,-10407,True,26,-10309,,300000
knapsack,strongly,30,3,penalty,poa,30,300000,-10407,True,27,-10307,,300000
knapsack,strongly,30,3,penalty,poa,30,300000,-10407,True,28,-10308,,300000
knapsack,strongly,30,3,penalty,poa,30,300000,-10407,True,29,-10303,,300000
knapsack,strongly,30,3,penalty,poa,30,300000,-10407,True,30,-10307,,300000
knapsack,strongly,30,4,penalty,poa,30,300000,-10913,True,0,-10913,156208,156208
knapsack,strongly,30,4,penalty,poa,30,300000,-10913,True,1,-10909,,300000
knapsack,strongly,30,4,penalty,poa,30,300000,-10913,True,2,-10886,,300000
knapsack,strongly,30,4,penalty,poa,30,300000,-10913,True,3,-10912,,300000
knapsack,strongly,30,4,penalty,poa,30,300000,-10913,True,4,-10907,,300000
knapsack,strongly,30,4,penalty,poa,30,300000,-10913,True,5,-10903,,300000
knapsack,strongly,30,4,penalty,poa,30,300000,-10913,True,6,-10907,,300000
knapsack,strongly,30,4,penalty,poa,30,300000,-10913,True,7,-10909,,300000
knapsack,strongly,30,4,penalty,poa,30,300000,-10913,True,8,-10845,,300000
knapsack,strongly,30,4,penalty,poa,30,300000,-10913,True,9,-10910,,300000
knapsack,strongly,30,4,penalty,poa,30,300000,-10913,True,10,-10911,,300000
knapsack,strongly,30,4,penalty,poa,30,300000,-10913,True,11,-10906,,300000
knapsack,strongly,30,4,penalty,poa,30,300000,-10913,True,12,-10862,,300000
knapsack,strongly,30,4,penalty,poa,30,300000,-10913,True,13,-10843,,300000
knapsack,strongly,30,4,penalty,poa,30,300000,-10913,True,14,-10895,,300000
knapsack,strongly,30,4,penalty,poa,30,300000,-10913,True,15,-10873,,300000
knapsack,strongly,30,4,penalty,poa,30,300000,-10913,True,16,-10809,,300000
knapsack,strongly,30,4,penalty,poa,30,300000,-10913,True,17,-10911,,300000
knapsack,strongly,30,4,penalty,poa,30,300000,-10913,True,18,-10870,,300000
knapsack,strongly,30,4,penalty,poa,30,300000,-10913,True,19,-10812,,300000
knapsack,strongly,30,4,penalty,poa,30,300000,-10913,True,20,-10902,,300000
knapsack,strongly,30,4,penalty,poa,30,300000,-10913,True,21,-10911,,300000
knapsack,strongly,30,4,penalty,poa,30,300000,-10913,True,22,-10900,,300000
knapsack,strongly,30,4,penalty,poa,30,300000,-10913,True,23,-10913,119622,119622
knapsack,strongly,30,4,penalty,poa,30,300000,-10913,True,24,-10901,,300000
knapsack,strongly,30,4,penalty,poa,30,300000,-10913,True,25,-10879,,300000
knapsack,strongly,30,4,penalty,poa,30,300000,-10913,True,26,-10910,,300000
knapsack,strongly,30,4,penalty,poa,30,300000,-10913,True,27,-10907,,300000
knapsack,strongly,30,4,penalty,poa,30,300000,-10913,True,28,-10913,84821,84821
knapsack,strongly,30,4,penalty,poa,30,300000,-10913,True,29,-10813,,300000
knapsack,strongly,30,4,penalty,poa,30,300000,-10913,True,30,-10912,,300000
knapsack,strongly,30,4,penalty,mpoa,30,300000,-10913,True,0,-10873,,300000
knapsack,strongly,30,4,penalty,mpoa,30,300000,-10913,True,1,-10909,,300000
knapsack,strongly,30,4,penalty,mpoa,30,300000,-10913,True,2,-10886,,300000
knapsack,strongly,30,4,penalty,mpoa,30,300000,-10913,True,3,-10896,,300000
knapsack,strongly,30,4,penalty,mpoa,30,300000,-10913,True,4,-10907,,300000
knapsack,strongly,30,4,penalty,mpoa,30,300000,-10913,True,5,-10868,,300000
knapsack,strongly,30,4,penalty,mpoa,30,300000,-10913,True,6,-10907,,300000
knapsack,strongly,30,4,penalty,mpoa,30,300000,-10913,True,7,-10909,,300000
knapsack,strongly,30,4,penalty,mpoa,30,300000,-10913,True,8,-10811,,300000
knapsack,strongly,30,4,penalty,mpoa,30,300000,-10913,True,9,-10910,,300000
knapsack,strongly,30,4,penalty,mpoa,30,300000,-10913,True,10,-10906,,300000
knapsack,strongly,30,4,penalty,mpoa,30,300000,-10913,True,11,-10913,153417,153417
knapsack,strongly,30,4,penalty,mpoa,30,300000,-10913,True,12,-10912,,300000
knapsack,strongly,30,4,penalty,mpoa,30,300000,-10913,True,13,-10843,,300000
knapsack,strongly,30,4,penalty,mpoa,30,300000,-10913,True,14,-10895,,300000
knapsack,strongly,30,4,penalty,mpoa,30,300000,-10913,True,15,-10813,,300000
knapsack,strongly,30,4,penalty,mpoa,30,300000,-10913,True,16,-10809,,300000
knapsack,strongly,30,4,penalty,mpoa,30,300000,-10913,True,17,-10901,,300000
knapsack,strongly,30,4,penalty,mpoa,30,300000,-10913,True,18,-10870,,300000
knapsack,strongly,30,4,penalty,mpoa,30,300000,-10913,True,19,-10908,,300000
knapsack,strongly,30,4,penalty,mpoa,30,300000,-10913,True,20,-10902,,300000
knapsack,strongly,30,4,penalty,mpoa,30,300000,-10913,True,21,-10911,,300000
knapsack,strongly,30,4,penalty,mpoa,30,300000,-10913,True,22,-10900,,300000
knapsack,strongly,30,4,penalty,mpoa,30,300000,-10913,True,23,-10913,180492,180492
knapsack,strongly,30,4,penalty,mpoa,30,300000,-10913,True,24,-10879,,300000
knapsack,strongly,30,4,penalty,mpoa,30,300000,-10913,True,25,-10879,,300000
knapsack,strongly,30,4,penalty,mpoa,30,300000,-10913,True,26,-10882,,300000
knapsack,strongly,30,4,penalty,mpoa,30,300000,-10913,True,27,-10900,,300000
knapsack,strongly,30,4,penalty,mpoa,30,300000,-10913,True,28,-10906,,300000
knapsack,strongly,30,4,penalty,mpoa,30,300000,-10913,True,29,-10813,,300000
knapsack,strongly,30,4,penalty,mpoa,30,300000,-10913,True,30,-10912,,300000
knapsack,uncorrelated,80,2,penalty,mpoa,80,800000,-32328,True,0,-26676,,800000
knapsack,uncorrelated,80,2,penalty,mpoa,80,800000,-32328,True,1,-27011,,800000
knapsack,uncorrelated,80,2,penalty,mpoa,80,800000,-32328,True,2,-27274,,800000
knapsack,uncorrelated,80,2,penalty,mpoa,80,800000,-32328,True,3,-26814,,800000
knapsack,uncorrelated,80,2,penalty,mpoa,80,800000,-32328,True,4,-27738,,800000
knapsack,uncorrelated,80,2,penalty,mpoa,80,800000,-32328,True,5,-27817,,800000
knapsack,uncorrelated,80,2,penalty,mpoa,80,800000,-32328,True,6,-27929,,800000
knapsack,uncorrelated,80,2,penalty,mpoa,80,800000,-32328,True,7,-28001,,800000
knapsack,uncorrelated,80,2,penalty,mpoa,80,800000,-32328,True,8,-27542,,800000
knapsack,uncorrelated,80,2,penalty,mpoa,80,800000,-32328,True,9,-27096,,800000
knapsack,uncorrelated,80,2,penalty,mpoa,80,800000,-32328,True,10,-27645,,800000
knapsack,uncorrelated,80,2,penalty,mpoa,80,800000,-32328,True,11,-27168,,800000
knapsack,uncorrelated,80,2,penalty,mpoa,80,800000,-32328,True,12,-27251,,800000
knapsack,uncorrelated,80,2,penalty,mpoa,80,800000,-32328,True,13,-27258,,800000
knapsack,uncorrelated,80,2,penalty,mpoa,80,800000,-32328,True,14,-26831,,800000
knapsack,uncorrelated,80,2,penalty,mpoa,80,800000,-32328,True,15,-28042,,800000
knapsack,uncorrelated,80,2,penalty,mpoa,80,800000,-32328,True,16,-28865,,800000
knapsack,uncorrelated,80,2,penalty,mpoa,80,800000,-32328,True,17,-27093,,800000
knapsack,uncorrelated,80,2,penalty,mpoa,80,800000,-32328,True,18,-27923,,800000
knapsack,uncorrelated,80,2,penalty,mpoa,80,800000,-32328,True,19,-28457,,800000
knapsack,uncorrelated,80,2,penalty,mpoa,80,800000,-32328,True,20,-27378,,800000
knapsack,uncorrelated,80,2,penalty,mpoa,80,800000,-32328,True,21,-27935,,800000
knapsack,uncorrelated,80,2,penalty,mpoa,80,800000,-32328,True,22,-27267,,800000
knapsack,uncorrelated,80,2,penalty,mpoa,80,800000,-32328,True,23,-27607,,800000
knapsack,uncorrelated,80,2,penalty,mpoa,80,800000,-32328,True,24,-26687,,800000
knapsack,uncorrelated,80,2,penalty,mpoa,80,800000,-32328,True,25,-27180,,800000
knapsack,uncorrelated,80,2,penalty,mpoa,80,800000,-32328,True,26,-27324,,800000
knapsack,uncorrelated,80,2,penalty,mpoa,80,800000,-32328,True,27,-28069,,800000
knapsack,uncorrelated,80,2,penalty,mpoa,80,800000,-32328,True,28,-27718,,800000
knapsack,uncorrelated,80,2,penalty,mpoa,80,800000,-32328,True,29,-28009,,800000
knapsack,uncorrelated,80,2,penalty,mpoa,80,800000,-32328,True,30,-27475,,800000
knapsack,uncorrelated,80,1,penalty,mpoa,80,800000,-32981,True,0,-28607,,800000
knapsack,uncorrelated,80,1,penalty,mpoa,80,800000,-32981,True,1,-29393,,800000
knapsack,uncorrelated,80,1,penalty,mpoa,80,800000,-32981,True,2,-28518,,800000
knapsack,uncorrelated,80,1,penalty,mpoa,80,800000,-32981,True,3,-28823,,800000
knapsack,uncorrelated,80,1,penalty,mpoa,80,800000,-32981,True,4,-27323,,800000
knapsack,uncorrelated,80,1,penalty,mpoa,80,800000,-32981,True,5,-28504,,800000
knapsack,uncorrelated,80,1,penalty,mpoa,80,800000,-32981,True,6,-28840,,800000
knapsack,uncorrelated,80,1,penalty,mpoa,80,800000,-32981,True,7,-28621,,800000
knapsack,uncorrelated,80,1,penalty,mpoa,80,800000,-32981,True,8,-29086,,800000
knapsack,uncorrelated,80,1,penalty,mpoa,80,800000,-32981,True,9,-28621,,800000
knapsack,uncorrelated,80,1,penalty,mpoa,80,800000,-32981,True,10,-29013,,800000
knapsack,uncorrelated,80,1,penalty,mpoa,80,800000,-32981,True,11,-28418,,800000
knapsack,uncorrelated,80,1,penalty,mpoa,80,800000,-32981,True,12,-28545,,800000
knapsack,uncorrelated,80,1,penalty,mpoa,80,800000,-32981,True,13,-27694,,800000
knapsack,uncorrelated,80,1,penalty,mpoa,80,800000,-32981,True,14,-27584,,800000
knapsack,uncorrelated,80,1,penalty,mpoa,80,800000,-32981,True,15,-27976,,800000
knapsack,uncorrelated,80,1,penalty,mpoa,80,800000,-32981,True,16,-28381,,800000
knapsack,uncorrelated,80,1,penalty,mpoa,80,800000,-32981,True,17,-27189,,800000
knapsack,uncorrelated,80,1,penalty,mpoa,80,800000,-32981,True,18,-28120,,800000
knapsack,uncorrelated,80,1,penalty,mpoa,80,800000,-32981,True,19,-27400,,800000
knapsack,uncorrelated,80,1,penalty,mpoa,80,800000,-32981,True,20,-28223,,800000
knapsack,uncorrelated,80,1,penalty,mpoa,80,800000,-32981,True,21,-29036,,800000
knapsack,uncorrelated,80,1,penalty,mpoa,80,800000,-32981,True,22,-28745,,800000
knapsack,uncorrelated,80,1,penalty,mpoa,80,800000,-32981,True,23,-28623,,800000
knapsack,uncorrelated,80,1,penalty,mpoa,80,800000,-32981,True,24,-27378,,800000
knapsack,uncorrelated,80,1,penalty,mpoa,80,800000,-32981,True,25,-29457,,800000
knapsack,uncorrelated,80,1,penalty,mpoa,80,800000,-32981,True,26,-30684,,800000
knapsack,uncorrelated,80,1,penalty,mpoa,80,800000,-32981,True,27,-28416,,800000
knapsack,uncorrelated,80,1,penalty,mpoa,80,800000,-32981,True,28,-28002,,800000
knapsack,uncorrelated,80,1,penalty,mpoa,80,800000,-32981,True,29,-28940,,800000
knapsack,uncorrelated,80,1,penalty,mpoa,80,800000,-32981,True,30,-29805,,800000
knapsack,uncorrelated,80,4,penalty,mpoa,80,800000,-34121,True,0,-28874,,800000
knapsack,uncorrelated,80,4,penalty,mpoa,80,800000,-34121,True,1,-30261,,800000
knapsack,uncorrelated,80,4,penalty,mpoa,80,800000,-34121,True,2,-28822,,800000
knapsack,uncorrelated,80,4,penalty,mpoa,80,800000,-34121,True,3,-30211,,800000
knapsack,uncorrelated,80,4,penalty,mpoa,80,800000,-34121,True,4,-29482,,800000
knapsack,uncorrelated,80,4,penalty,mpoa,80,800000,-34121,True,5,-28542,,800000
knapsack,uncorrelated,80,4,penalty,mpoa,80,800000,-34121,True,6,-30056,,800000
knapsack,uncorrelated,80,4,penalty,mpoa,80,800000,-34121,True,7,-28636,,800000
knapsack,uncorrelated,80,4,penalty,mpoa,80,800000,-34121,True,8,-28916,,800000
knapsack,uncorrelated,80,4,penalty,mpoa,80,800000,-34121,True,9,-29476,,800000
knapsack,uncorrelated,80,4,penalty,mpoa,80,800000,-34121,True,10,-29584,,800000
knapsack,uncorrelated,80,4,penalty,mpoa,80,800000,-34121,True,11,-30290,,800000
knapsack,uncorrelated,80,4,penalty,mpoa,80,800000,-34121,True,12,-29318,,800000
knapsack,uncorrelated,80,4,penalty,mpoa,80,800000,-34121,True,13,-30385,,800000
knapsack,uncorrelated,80,4,penalty,mpoa,80,800000,-34121,True,14,-30260,,800000
knapsack,uncorrelated,80,4,penalty,mpoa,80,800000,-34121,True,15,-30053,,800000
knapsack,uncorrelated,80,4,penalty,mpoa,80,800000,-34121,True,16,-29679,,800000
knapsack,uncorrelated,80,4,penalty,mpoa,80,800000,-34121,True,17,-30208,,800000
knapsack,uncorrelated,80,4,penalty,mpoa,80,800000,-34121,True,18,-28813,,800000
knapsack,uncorrelated,80,4,penalty,mpoa,80,800000,-34121,True,19,-30491,,800000
knapsack,uncorrelated,80,4,penalty,mpoa,80,800000,-34121,True,20,-30240,,800000
knapsack,uncorrelated,80,4,penalty,mpoa,80,800000,-34121,True,21,-30722,,800000
knapsack,uncorrelated,80,4,penalty,mpoa,80,800000,-34121,True,22,-29550,,800000
knapsack,uncorrelated,80,4,penalty,mpoa,80,800000,-34121,True,23,-30120,,800000
knapsack,uncorrelated,80,4,penalty,mpoa,80,800000,-34121,True,24,-28953,,800000
knapsack,uncorrelated,80,4,penalty,mpoa,80,800000,-34121,True,25,-28817,,800000
knapsack,uncorrelated,80,4,penalty,mpoa,80,800000,-34121,True,26,-30586,,800000
knapsack,uncorrelated,80,4,penalty,mpoa,80,800000,-34121,True,27,-29802,,800000
knapsack,uncorrelated,80,4,penalty,mpoa,80,800000,-34121,True,28,-30069,,800000
knapsack,uncorrelated,80,4,penalty,mpoa,80,800000,-34121,True,29,-30072,,800000
knapsack,uncorrelated,80,4,penalty,mpoa,80,800000,-34121,True,30,-29632,,800000
knapsack,uncorrelated,80,3,penalty,mpoa,80,800000,-32404,True,0,-28537,,800000
knapsack,uncorrelated,80,3,penalty,mpoa,80,800000,-32404,True,1,-27984,,800000
knapsack,uncorrelated,80,3,penalty,mpoa,80,800000,-32404,True,2,-28999,,800000
knapsack,uncorrelated,80,3,penalty,mpoa,80,800000,-32404,True,3,-27465,,800000
knapsack,uncorrelated,80,3,penalty,mpoa,80,800000,-32404,True,4,-30139,,800000
knapsack,uncorrelated,80,3,penalty,mpoa,80,800000,-32404,True,5,-30101,,800000
knapsack,uncorrelated,80,3,penalty,mpoa,80,800000,-32404,True,6,-27917,,800000
knapsack,uncorrelated,80,3,penalty,mpoa,80,800000,-32404,True,7,-28125,,800000
knapsack,uncorrelated,80,3,penalty,mpoa,80,800000,-32404,True,8,-28771,,800000
knapsack,uncorrelated,80,3,penalty,mpoa,80,800000,-32404,True,9,-28254,,800000
knapsack,uncorrelated,80,3,penalty,mpoa,80,800000,-32404,True,10,-27141,,800000
knapsack,uncorrelated,80,3,penalty,mpoa,80,800000,-32404,True,11,-28833,,800000
knapsack,uncorrelated,80,3,penalty,mpoa,80,800000,-32404,True,12,-28566,,800000
knapsack,uncorrelated,80,3,penalty,mpoa,80,800000,-32404,True,13,-28479,,800000
knapsack,uncorrelated,80,3,penalty,mpoa,80,800000,-32404,True,14,-28925,,800000
knapsack,uncorrelated,80,3,penalty,mpoa,80,800000,-32404,True,15,-29014,,800000
knapsack,uncorrelated,80,3,penalty,mpoa,80,800000,-32404,True,16,-28834,,800000
knapsack,uncorrelated,80,3,penalty,mpoa,80,800000,-32404,True,17,-28128,,800000
knapsack,uncorrelated,80,3,penalty,mpoa,80,800000,-32404,True,18,-27493,,800000
knapsack,uncorrelated,80,3,penalty,mpoa,80,800000,-32404,True,19,-28205,,800000
knapsack,uncorrelated,80,3,penalty,mpoa,80,800000,-32404,True,20,-28729,,800000
knapsack,uncorrelated,80,3,penalty,mpoa,80,800000,-32404,True,21,-28145,,800000
knapsack,uncorrelated,80,3,penalty,mpoa,80,800000,-32404,True,22,-29309,,800000
knapsack,uncorrelated,80,3,penalty,mpoa,80,800000,-32404,True,23,-29096,,800000
knapsack,uncorrelated,80,3,penalty,mpoa,80,800000,-32404,True,24,-28340,,800000
knapsack,uncorrelated,80,3,penalty,mpoa,80,800000,-32404,True,25,-28324,,800000
knapsack,uncorrelated,80,3,penalty,mpoa,80,800000,-32404,True,26,-29107,,800000
knapsack,uncorrelated,80,3,penalty,mpoa,80,800000,-32404,True,27,-28314,,800000
knapsack,uncorrelated,80,3,penalty,mpoa,80,800000,-32404,True,28,-28860,,800000
knapsack,uncorrelated,80,3,penalty,mpoa,80,800000,-32404,True,29,-28925,,800000
knapsack,uncorrelated,80,3,penalty,mpoa,80,800000,-32404,True,30,-28632,,800000
knapsack,uncorrelated,80,0,penalty,mpoa,80,800000,-35386,True,0,-30379,,800000
knapsack,uncorrelated,80,0,penalty,mpoa,80,800000,-35386,True,1,-32654,,800000
knapsack,uncorrelated,80,0,penalty,mpoa,80,800000,-35386,True,2,-31863,,800000
knapsack,uncorrelated,80,0,penalty,mpoa,80,800000,-35386,True,3,-32319,,800000
knapsack,uncorrelated,80,0,penalty,mpoa,80,800000,-35386,True,4,-31184,,800000
knapsack,uncorrelated,80,0,penalty,mpoa,80,800000,-35386,True,5,-31494,,800000
knapsack,uncorrelated,80,0,penalty,mpoa,80,800000,-35386,True,6,-30950,,800000
knapsack,uncorrelated,80,0,penalty,mpoa,80,800000,-35386,True,7,-31821,,800000
knapsack,uncorrelated,80,0,penalty,mpoa,80,800000,-35386,True,8,-30510,,800000
knapsack,uncorrelated,80,0,penalty,mpoa,80,800000,-35386,True,9,-30983,,800000
knapsack,uncorrelated,80,0,penalty,mpoa,80,800000,-35386,True,10,-32603,,800000
knapsack,uncorrelated,80,0,penalty,mpoa,80,800000,-35386,True,11,-32787,,800000
knapsack,uncorrelated,80,0,penalty,mpoa,80,800000,-35386,True,12,-30789,,800000
knapsack,uncorrelated,80,0,penalty,mpoa,80,800000,-35386,True,13,-31005,,800000
knapsack,uncorrelated,80,0,penalty,mpoa,80,800000,-35386,True,14,-30838,,800000
knapsack,uncorrelated,80,0,penalty,mpoa,80,800000,-35386,True,15,-31843,,800000
knapsack,uncorrelated,80,0,penalty,mpoa,80,800000,-35386,True,16,-30040,,800000
knapsack,uncorrelated,80,0,penalty,mpoa,80,800000,-35386,True,17,-30414,,800000
knapsack,uncorrelated,80,0,penalty,mpoa,80,800000,-35386,True,18,-30951,,800000
knapsack,uncorrelated,80,0,penalty,mpoa,80,800000,-35386,True,19,-31358,,800000
knapsack,uncorrelated,80,0,penalty,mpoa,80,800000,-35386,True,20,-29351,,800000
knapsack,uncorrelated,80,0,penalty,mpoa,80,800000,-35386,True,21,-30294,,800000
knapsack,uncorrelated,80,0,penalty,mpoa,80,800000,-35386,True,22,-30266,,800000
knapsack,uncorrelated,80,0,penalty,mpoa,80,800000,-35386,True,23,-31461,,800000
knapsack,uncorrelated,80,0,penalty,mpoa,80,800000,-35386,True,24,-30934,,800000
knapsack,uncorrelated,80,0,penalty,mpoa,80,800000,-35386,True,25,-32181,,800000
knapsack,uncorrelated,80,0,penalty,mpoa,80,800000,-35386,True,26,-31169,,800000
knapsack,uncorrelated,80,0,penalty,mpoa,80,800000,-35386,True,27,-31953,,800000
knapsack,uncorrelated,80,0,penalty,mpoa,80,800000,-35386,True,28,-31066,,800000
knapsack,uncorrelated,80,0,penalty,mpoa,80,800000,-35386,True,29,-32858,,800000
knapsack,uncorrelated,80,0,penalty,mpoa,80,800000,-35386,True,30,-32267,,800000
knapsack,strongly,50,0,penalty,mpoa,50,500000,-16940,True,0,-16638,,500000
knapsack,strongly,50,0,penalty,mpoa,50,500000,-16940,True,1,-16637,,500000
knapsack,strongly,50,0,penalty,mpoa,50,500000,-16940,True,2,-16682,,500000
knapsack,strongly,50,0,penalty,mpoa,50,500000,-16940,True,3,-16623,,500000
knapsack,strongly,50,0,penalty,mpoa,50,500000,-16940,True,4,-16531,,500000
knapsack,strongly,50,0,penalty,mpoa,50,500000,-16940,True,5,-16736,,500000
knapsack,strongly,50,0,penalty,mpoa,50,500000,-16940,True,6,-16631,,500000
knapsack,strongly,50,0,penalty,mpoa,50,500000,-16940,True,7,-16617,,500000
knapsack,strongly,50,0,penalty,mpoa,50,500000,-16940,True,8,-16559,,500000
knapsack,strongly,50,0,penalty,mpoa,50,500000,-16940,True,9,-16628,,500000
knapsack,strongly,50,0,penalty,mpoa,50,500000,-16940,True,10,-16639,,500000
knapsack,strongly,50,0,penalty,mpoa,50,500000,-16940,True,11,-16570,,500000
knapsack,strongly,50,0,penalty,mpoa,50,500000,-16940,True,12,-16534,,500000
knapsack,strongly,50,0,penalty,mpoa,50,500000,-16940,True,13,-16728,,500000
knapsack,strongly,50,0,penalty,mpoa,50,500000,-16940,True,14,-16535,,500000
knapsack,strongly,50,0,penalty,mpoa,50,500000,-16940,True,15,-16604,,500000
knapsack,strongly,50,0,penalty,mpoa,50,500000,-16940,True,16,-16670,,500000
knapsack,strongly,50,0,penalty,mpoa,50,500000,-16940,True,17,-16634,,500000
knapsack,strongly,50,0,penalty,mpoa,50,500000,-16940,True,18,-16629,,500000
knapsack,strongly,50,0,penalty,mpoa,50,500000,-16940,True,19,-16621,,500000
knapsack,strongly,50,0,penalty,mpoa,50,500000,-16940,True,20,-16537,,500000
knapsack,strongly,50,0,penalty,mpoa,50,500000,-16940,True,21,-16728,,500000
knapsack,strongly,50,0,penalty,mpoa,50,500000,-16940,True,22,-16620,,500000
knapsack,strongly,50,0,penalty,mpoa,50,500000,-16940,True,23,-16638,,500000
knapsack,strongly,50,0,penalty,mpoa,50,500000,-16940,True,24,-16538,,500000
knapsack,strongly,50,0,penalty,mpoa,50,500000,-16940,True,25,-16718,,500000
knapsack,strongly,50,0,penalty,mpoa,50,500000,-16940,True,26,-16617,,500000
knapsack,strongly,50,0,penalty,mpoa,50,500000,-16940,True,27,-16724,,500000
knapsack,strongly,50,0,penalty,mpoa,50,500000,-16940,True,28,-16539,,500000
knapsack,strongly,50,0,penalty,mpoa,50,500000,-16940,True,29,-16565,,500000
knapsack,strongly,50,0,penalty,mpoa,50,500000,-16940,True,30,-16638,,500000
knapsack,strongly,50,1,penalty,mpoa,50,500000,-16379,True,0,-16079,,500000
knapsack,strongly,50,1,penalty,mpoa,50,500000,-16379,True,1,-16101,,500000
knapsack,strongly,50,1,penalty,mpoa,50,500000,-16379,True,2,-16086,,500000
knapsack,strongly,50,1,penalty,mpoa,50,500000,-16379,True,3,-16176,,500000
knapsack,strongly,50,1,penalty,mpoa,50,500000,-16379,True,4,-16165,,500000
knapsack,strongly,50,1,penalty,mpoa,50,500000,-16379,True,5,-16065,,500000
knapsack,strongly,50,1,penalty,mpoa,50,500000,-16379,True,6,-16180,,500000
knapsack,strongly,50,1,penalty,mpoa,50,500000,-16379,True,7,-16078,,500000
knapsack,strongly,50,1,penalty,mpoa,50,500000,-16379,True,8,-16112,,500000
knapsack,strongly,50,1,penalty,mpoa,50,500000,-16379,True,9,-16153,,500000
knapsack,strongly,50,1,penalty,mpoa,50,500000,-16379,True,10,-16070,,500000
knapsack,strongly,50,1,penalty,mpoa,50,500000,-16379,True,11,-16071,,500000
knapsack,strongly,50,1,penalty,mpoa,50,500000,-16379,True,12,-16072,,500000
knapsack,strongly,50,1,penalty,mpoa,50,500000,-16379,True,13,-16144,,500000
knapsack,strongly,50,1,penalty,mpoa,50,500000,-16379,True,14,-16176,,500000
knapsack,strongly,50,1,penalty,mpoa,50,500000,-16379,True,15,-16078,,500000
knapsack,strongly,50,1,penalty,mpoa,50,500000,-16379,True,16,-16065,,500000
knapsack,strongly,50,1,penalty,mpoa,50,500000,-16379,True,17,-16072,,500000
knapsack,strongly,50,1,penalty,mpoa,50,500000,-16379,True,18,-16221,,500000
knapsack,strongly,50,1,penalty,mpoa,50,500000,-16379,True,19,-16134,,500000
knapsack,strongly,50,1,penalty,mpoa,50,500000,-16379,True,20,-16172,,500000
knapsack,strongly,50,1,penalty,mpoa,50,500000,-16379,True,21,-16139,,500000
knapsack,strongly,50,1,penalty,mpoa,50,500000,-16379,True,22,-16157,,500000
knapsack,strongly,50,1,penalty,mpoa,50,500000,-16379,True,23,-16175,,500000
knapsack,strongly,50,1,penalty,mpoa,50,500000,-16379,True,24,-16171,,500000
knapsack,strongly,50,1,penalty,mpoa,50,500000,-16379,True,25,-16093,,500000
knapsack,strongly,50,1,penalty,mpoa,50,500000,-16379,True,26,-16165,,500000
knapsack,strongly,50,1,penalty,mpoa,50,500000,-16379,True,27,-16078,,500000
knapsack,strongly,50,1,penalty,mpoa,50,500000,-16379,True,28,-16149,,500000
knapsack,strongly,50,1,penalty,mpoa,50,500000,-16379,True,29,-16179,,500000
knapsack,strongly,50,1,penalty,mpoa,50,500000,-16379,True,30,-16026,,500000
knapsack,strongly,50,2,penalty,mpoa,50,500000,-16778,True,0,-16473,,500000
knapsack,strongly,50,2,penalty,mpoa,50,500000,-16778,True,1,-16464,,500000
knapsack,strongly,50,2,penalty,mpoa,50,500000,-16778,True,2,-16469,,500000
knapsack,strongly,50,2,penalty,mpoa,50,500000,-16778,True,3,-16424,,500000
knapsack,strongly,50,2,penalty,mpoa,50,500000,-16778,True,4,-16427,,500000
knapsack,strongly,50,2,penalty,mpoa,50,500000,-16778,True,5,-16475,,500000
knapsack,strongly,50,2,penalty,mpoa,50,500000,-16778,True,6,-16572,,500000
knapsack,strongly,50,2,penalty,mpoa,50,500000,-16778,True,7,-16562,,500000
knapsack,strongly,50,2,penalty,mpoa,50,500000,-16778,True,8,-16404,,500000
knapsack,strongly,50,2,penalty,mpoa,50,500000,-16778,True,9,-16423,,500000
knapsack,strongly,50,2,penalty,mpoa,50,500000,-16778,True,10,-16550,,500000
knapsack,strongly,50,2,penalty,mpoa,50,500000,-16778,True,11,-16467,,500000
knapsack,strongly,50,2,penalty,mpoa,50,500000,-16778,True,12,-16469,,500000
knapsack,strongly,50,2,penalty,mpoa,50,500000,-16778,True,13,-16457,,500000
knapsack,strongly,50,2,penalty,mpoa,50,500000,-16778,True,14,-16570,,500000
knapsack,strongly,50,2,penalty,mpoa,50,500000,-16778,True,15,-16417,,500000
knapsack,strongly,50,2,penalty,mpoa,50,500000,-16778,True,16,-16441,,500000
knapsack,strongly,50,2,penalty,mpoa,50,500000,-16778,True,17,-16472,,500000
knapsack,strongly,50,2,penalty,mpoa,50,500000,-16778,True,18,-16570,,500000
knapsack,strongly,50,2,penalty,mpoa,50,500000,-16778,True,19,-16428,,500000
knapsack,strongly,50,2,penalty,mpoa,50,500000,-16778,True,20,-16570,,500000
knapsack,strongly,50,2,penalty,mpoa,50,500000,-16778,True,21,-16478,,500000
knapsack,strongly,50,2,penalty,mpoa,50,500000,-16778,True,22,-16578,,500000
knapsack,strongly,50,2,penalty,mpoa,50,500000,-16778,True,23,-16484,,500000
knapsack,strongly,50,2,penalty,mpoa,50,500000,-16778,True,24,-16372,,500000
knapsack,strongly,50,2,penalty,mpoa,50,500000,-16778,True,25,-16369,,500000
knapsack,strongly,50,2,penalty,mpoa,50,500000,-16778,True,26,-16426,,500000
knapsack,strongly,50,2,penalty,mpoa,50,500000,-16778,True,27,-16378,,500000
knapsack,strongly,50,2,penalty,mpoa,50,500000,-16778,True,28,-16458,,500000
knapsack,strongly,50,2,penalty,mpoa,50,500000,-16778,True,29,-16356,,500000
knapsack,strongly,50,2,penalty,mpoa,50,500000,-16778,True,30,-16476,,500000
knapsack,strongly,50,3,penalty,mpoa,50,500000,-16824,True,0,-16517,,500000
knapsack,strongly,50,3,penalty,mpoa,50,500000,-16824,True,1,-16614,,500000
knapsack,strongly,50,3,penalty,mpoa,50,500000,-16824,True,2,-16520,,500000
knapsack,strongly,50,3,penalty,mpoa,50,500000,-16824,True,3,-16588,,500000
knapsack,strongly,50,3,penalty,mpoa,50,500000,-16824,True,4,-16486,,500000
knapsack,strongly,50,3,penalty,mpoa,50,500000,-16824,True,5,-16500,,500000
knapsack,strongly,50,3,penalty,mpoa,50,500000,-16824,True,6,-16595,,500000
knapsack,strongly,50,3,penalty,mpoa,50,500000,-16824,True,7,-16622,,500000
knapsack,strongly,50,3,penalty,mpoa,50,500000,-16824,True,8,-16616,,500000
knapsack,strongly,50,3,penalty,mpoa,50,500000,-16824,True,9,-16520,,500000
knapsack,strongly,50,3,penalty,mpoa,50,500000,-16824,True,10,-16495,,500000
knapsack,strongly,50,3,penalty,mpoa,50,500000,-16824,True,11,-16453,,500000
knapsack,strongly,50,3,penalty,mpoa,50,500000,-16824,True,12,-16595,,500000
knapsack,strongly,50,3,penalty,mpoa,50,500000,-16824,True,13,-16694,,500000
knapsack,strongly,50,3,penalty,mpoa,50,500000,-16824,True,14,-16624,,500000
knapsack,strongly,50,3,penalty,mpoa,50,500000,-16824,True,15,-16515,,500000
knapsack,strongly,50,3,penalty,mpoa,50,500000,-16824,True,16,-16491,,500000
knapsack,strongly,50,3,penalty,mpoa,50,500000,-16824,True,17,-16613,,500000
knapsack,strongly,50,3,penalty,mpoa,50,500000,-16824,True,18,-16517,,500000
knapsack,strongly,50,3,penalty,mpoa,50,500000,-16824,True,19,-16514,,500000
knapsack,strongly,50,3,penalty,mpoa,50,500000,-16824,True,20,-16524,,500000
knapsack,strongly,50,3,penalty,mpoa,50,500000,-16824,True,21,-16621,,500000
knapsack,strongly,50,3,penalty,mpoa,50,500000,-16824,True,22,-16522,,500000
knapsack,strongly,50,3,penalty,mpoa,50,500000,-16824,True,23,-16574,,500000
knapsack,strongly,50,3,penalty,mpoa,50,500000,-16824,True,24,-16622,,500000
knapsack,strongly,50,3,penalty,mpoa,50,500000,-16824,True,25,-16499,,500000
knapsack,strongly,50,3,penalty,mpoa,50,500000,-16824,True,26,-16621,,500000
knapsack,strongly,50,3,penalty,mpoa,50,500000,-16824,True,27,-16500,,500000
knapsack,strongly,50,3,penalty,mpoa,50,500000,-16824,True,28,-16599,,500000
knapsack,strongly,50,3,penalty,mpoa,50,500000,-16824,True,29,-16622,,500000
knapsack,strongly,50,3,penalty,mpoa,50,500000,-16824,True,30,-16503,,500000
knapsack,strongly,50,4,penalty,mpoa,50,500000,-17847,True,0,-17722,,500000
knapsack,strongly,50,4,penalty,mpoa,50,500000,-17847,True,1,-17638,,500000
knapsack,strongly,50,4,penalty,mpoa,50,500000,-17847,True,2,-17626,,500000
knapsack,strongly,50,4,penalty,mpoa,50,500000,-17847,True,3,-17645,,500000
knapsack,strongly,50,4,penalty,mpoa,50,500000,-17847,True,4,-17647,,500000
knapsack,strongly,50,4,penalty,mpoa,50,500000,-17847,True,5,-17645,,500000
knapsack,strongly,50,4,penalty,mpoa,50,500000,-17847,True,6,-17633,,500000
knapsack,strongly,50,4,penalty,mpoa,50,500000,-17847,True,7,-17612,,500000
knapsack,strongly,50,4,penalty,mpoa,50,500000,-17847,True,8,-17585,,500000
knapsack,strongly,50,4,penalty,mpoa,50,500000,-17847,True,9,-17546,,500000
knapsack,strongly,50,4,penalty,mpoa,50,500000,-17847,True,10,-17640,,500000
knapsack,strongly,50,4,penalty,mpoa,50,500000,-17847,True,11,-17574,,500000
knapsack,strongly,50,4,penalty,mpoa,50,500000,-17847,True,12,-17638,,500000
knapsack,strongly,50,4,penalty,mpoa,50,500000,-17847,True,13,-17546,,500000
knapsack,strongly,50,4,penalty,mpoa,50,500000,-17847,True,14,-17547,,500000
knapsack,strongly,50,4,penalty,mpoa,50,500000,-17847,True,15,-17624,,500000
knapsack,strongly,50,4,penalty,mpoa,50,500000,-17847,True,16,-17636,,500000
knapsack,strongly,50,4,penalty,mpoa,50,500000,-17847,True,17,-17635,,500000
knapsack,strongly,50,4,penalty,mpoa,50,500000,-17847,True,18,-17626,,500000
knapsack,strongly,50,4,penalty,mpoa,50,500000,-17847,True,19,-17623,,500000
knapsack,strongly,50,4,penalty,mpoa,50,500000,-17847,True,20,-17529,,500000
knapsack,strongly,50,4,penalty,mpoa,50,500000,-17847,True,21,-17640,,500000
knapsack,strongly,50,4,penalty,mpoa,50,500000,-17847,True,22,-17540,,500000
knapsack,strongly,50,4,penalty,mpoa,50,500000,-17847,True,23,-17642,,500000
knapsack,strongly,50,4,penalty,mpoa,50,500000,-17847,True,24,-17639,,500000
knapsack,strongly,50,4,penalty,mpoa,50,500000,-17847,True,25,-17555,,500000
knapsack,strongly,50,4,penalty,mpoa,50,500000,-17847,True,26,-17620,,500000
knapsack,strongly,50,4,penalty,mpoa,50,500000,-17847,True,27,-17726,,500000
knapsack,strongly,50,4,penalty,mpoa,50,500000,-17847,True,28,-17640,,500000
knapsack,strongly,50,4,penalty,mpoa,50,500000,-17847,True,29,-17641,,500000
knapsack,strongly,50,4,penalty,mpoa,50,500000,-17847,True,30,-17547,,500000
knapsack,strongly,50,0,penalty,poa,50,500000,-16940,True,0,-16727,,500000
knapsack,strongly,50,0,penalty,poa,50,500000,-16940,True,1,-16635,,500000
knapsack,strongly,50,0,penalty,poa,50,500000,-16940,True,2,-16633,,500000
knapsack,strongly,50,0,penalty,poa,50,500000,-16940,True,3,-16635,,500000
knapsack,strongly,50,0,penalty,poa,50,500000,-16940,True,4,-16531,,500000
knapsack,strongly,50,0,penalty,poa,50,500000,-16940,True,5,-16612,,500000
knapsack,strongly,50,0,penalty,poa,50,500000,-16940,True,6,-16539,,500000
knapsack,strongly,50,0,penalty,poa,50,500000,-16940,True,7,-16525,,500000
knapsack,strongly,50,0,penalty,poa,50,500000,-16940,True,8,-16596,,500000
knapsack,strongly,50,0,penalty,poa,50,500000,-16940,True,9,-16527,,500000
knapsack,strongly,50,0,penalty,poa,50,500000,-16940,True,10,-16640,,500000
knapsack,strongly,50,0,penalty,poa,50,500000,-16940,True,11,-16505,,500000
knapsack,strongly,50,0,penalty,poa,50,500000,-16940,True,12,-16636,,500000
knapsack,strongly,50,0,penalty,poa,50,500000,-16940,True,13,-16538,,500000
knapsack,strongly,50,0,penalty,poa,50,500000,-16940,True,14,-16635,,500000
knapsack,strongly,50,0,penalty,poa,50,500000,-16940,True,15,-16629,,500000
knapsack,strongly,50,0,penalty,poa,50,500000,-16940,True,16,-16739,,500000
knapsack,strongly,50,0,penalty,poa,50,500000,-16940,True,17,-16579,,500000
knapsack,strongly,50,0,penalty,poa,50,500000,-16940,True,18,-16736,,500000
knapsack,strongly,50,0,penalty,poa,50,500000,-16940,True,19,-16604,,500000
knapsack,strongly,50,0,penalty,poa,50,500000,-16940,True,20,-16546,,500000
knapsack,strongly,50,0,penalty,poa,50,500000,-16940,True,21,-16714,,500000
knapsack,strongly,50,0,penalty,poa,50,500000,-16940,True,22,-16565,,500000
knapsack,strongly,50,0,penalty,poa,50,500000,-16940,True,23,-16560,,500000
knapsack,strongly,50,0,penalty,poa,50,500000,-16940,True,24,-16524,,500000
knapsack,strongly,50,0,penalty,poa,50,500000,-16940,True,25,-16594,,500000
knapsack,strongly,50,0,penalty,poa,50,500000,-16940,True,26,-16640,,500000
knapsack,strongly,50,0,penalty,poa,50,500000,-16940,True,27,-16732,,500000
knapsack,strongly,50,0,penalty,poa,50,500000,-16940,True,28,-16515,,500000
knapsack,strongly,50,0,penalty,poa,50,500000,-16940,True,29,-16620,,500000
knapsack,strongly,50,0,penalty,poa,50,500000,-16940,True,30,-16637,,500000
knapsack,strongly,50,1,penalty,poa,50,500000,-16379,True,0,-16177,,500000
knapsack,strongly,50,1,penalty,poa,50,500000,-16379,True,1,-16140,,500000
knapsack,strongly,50,1,penalty,poa,50,500000,-16379,True,2,-16163,,500000
knapsack,strongly,50,1,penalty,poa,50,500000,-16379,True,3,-16077,,500000
knapsack,strongly,50,1,penalty,poa,50,500000,-16379,True,4,-16219,,500000
knapsack,strongly,50,1,penalty,poa,50,500000,-16379,True,5,-16155,,500000
knapsack,strongly,50,1,penalty,poa,50,500000,-16379,True,6,-16062,,500000
knapsack,strongly,50,1,penalty,poa,50,500000,-16379,True,7,-16156,,500000
knapsack,strongly,50,1,penalty,poa,50,500000,-16379,True,8,-16113,,500000
knapsack,strongly,50,1,penalty,poa,50,500000,-16379,True,9,-16177,,500000
knapsack,strongly,50,1,penalty,poa,50,500000,-16379,True,10,-16141,,500000
knapsack,strongly,50,1,penalty,poa,50,500000,-16379,True,11,-16168,,500000
knapsack,strongly,50,1,penalty,poa,50,500000,-16379,True,12,-16062,,500000
knapsack,strongly,50,1,penalty,poa,50,500000,-16379,True,13,-16078,,500000
knapsack,strongly,50,1,penalty,poa,50,500000,-16379,True,14,-16207,,500000
knapsack,strongly,50,1,penalty,poa,50,500000,-16379,True,15,-16167,,500000
knapsack,strongly,50,1,penalty,poa,50,500000,-16379,True,16,-16169,,500000
knapsack,strongly,50,1,penalty,poa,50,500000,-16379,True,17,-16072,,500000
knapsack,strongly,50,1,penalty,poa,50,500000,-16379,True,18,-16066,,500000
knapsack,strongly,50,1,penalty,poa,50,500000,-16379,True,19,-16176,,500000
knapsack,strongly,50,1,penalty,poa,50,500000,-16379,True,20,-16150,,500000
knapsack,strongly,50,1,penalty,poa,50,500000,-16379,True,21,-16130,,500000
knapsack,strongly,50,1,penalty,poa,50,500000,-16379,True,22,-16103,,500000
knapsack,strongly,50,1,penalty,poa,50,500000,-16379,True,23,-16168,,500000
knapsack,strongly,50,1,penalty,poa,50,500000,-16379,True,24,-16141,,500000
knapsack,strongly,50,1,penalty,poa,50,500000,-16379,True,25,-16077,,500000
knapsack,strongly,50,1,penalty,poa,50,500000,-16379,True,26,-16040,,500000
knapsack,strongly,50,1,penalty,poa,50,500000,-16379,True,27,-16072,,500000
knapsack,strongly,50,1,penalty,poa,50,500000,-16379,True,28,-16150,,500000
knapsack,strongly,50,1,penalty,poa,50,500000,-16379,True,29,-16099,,500000
knapsack,strongly,50,1,penalty,poa,50,500000,-16379,True,30,-16068,,500000
knapsack,strongly,50,3,penalty,poa,50,500000,-16824,True,0,-16621,,500000
knapsack,strongly,50,3,penalty,poa,50,500000,-16824,True,1,-16596,,500000
knapsack,strongly,50,3,penalty,poa,50,500000,-16824,True,2,-16601,,500000
knapsack,strongly,50,3,penalty,poa,50,500000,-16824,True,3,-16621,,500000
knapsack,strongly,50,3,penalty,poa,50,500000,-16824,True,4,-16513,,500000
knapsack,strongly,50,3,penalty,poa,50,500000,-16824,True,5,-16622,,500000
knapsack,strongly,50,3,penalty,poa,50,500000,-16824,True,6,-16519,,500000
knapsack,strongly,50,3,penalty,poa,50,500000,-16824,True,7,-16521,,500000
knapsack,strongly,50,3,penalty,poa,50,500000,-16824,True,8,-16662,,500000
knapsack,strongly,50,3,penalty,poa,50,500000,-16824,True,9,-16520,,500000
knapsack,strongly,50,3,penalty,poa,50,500000,-16824,True,10,-16515,,500000
knapsack,strongly,50,3,penalty,poa,50,500000,-16824,True,11,-16596,,500000
knapsack,strongly,50,3,penalty,poa,50,500000,-16824,True,12,-16490,,500000
knapsack,strongly,50,3,penalty,poa,50,500000,-16824,True,13,-16520,,500000
knapsack,strongly,50,3,penalty,poa,50,500000,-16824,True,14,-16524,,500000
knapsack,strongly,50,3,penalty,poa,50,500000,-16824,True,15,-16509,,500000
knapsack,strongly,50,3,penalty,poa,50,500000,-16824,True,16,-16576,,500000
knapsack,strongly,50,3,penalty,poa,50,500000,-16824,True,17,-16620,,500000
knapsack,strongly,50,3,penalty,poa,50,500000,-16824,True,18,-16617,,500000
knapsack,strongly,50,3,penalty,poa,50,500000,-16824,True,19,-16514,,500000
knapsack,strongly,50,3,penalty,poa,50,500000,-16824,True,20,-16515,,500000
knapsack,strongly,50,3,penalty,poa,50,500000,-16824,True,21,-16519,,500000
knapsack,strongly,50,3,penalty,poa,50,500000,-16824,True,22,-16572,,500000
knapsack,strongly,50,3,penalty,poa,50,500000,-16824,True,23,-16619,,500000
knapsack,strongly,50,3,penalty,poa,50,500000,-16824,True,24,-16621,,500000
knapsack,strongly,50,3,penalty,poa,50,500000,-16824,True,25,-16523,,500000
knapsack,strongly,50,3,penalty,poa,50,500000,-16824,True,26,-16517,,500000
knapsack,strongly,50,3,penalty,poa,50,500000,-16824,True,27,-16601,,500000
knapsack,strongly,50,3,penalty,poa,50,500000,-16824,True,28,-16598,,500000
knapsack,strongly,50,3,penalty,poa,50,500000,-16824,True,29,-16524,,500000
knapsack,strongly,50,3,penalty,poa,50,500000,-16824,True,30,-16497,,500000
knapsack,strongly,50,2,penalty,poa,50,500000,-16778,True,0,-16372,,500000
knapsack,strongly,50,2,penalty,poa,50,500000,-16778,True,1,-16442,,500000
knapsack,strongly,50,2,penalty,poa,50,500000,-16778,True,2,-16521,,500000
knapsack,strongly,50,2,penalty,poa,50,500000,-16778,True,3,-16378,,500000
knapsack,strongly,50,2,penalty,poa,50,500000,-16778,True,4,-16561,,500000
knapsack,strongly,50,2,penalty,poa,50,500000,-16778,True,5,-16447,,500000
knapsack,strongly,50,2,penalty,poa,50,500000,-16778,True,6,-16377,,500000
knapsack,strongly,50,2,penalty,poa,50,500000,-16778,True,7,-16574,,500000
knapsack,strongly,50,2,penalty,poa,50,500000,-16778,True,8,-16464,,500000
knapsack,strongly,50,2,penalty,poa,50,500000,-16778,True,9,-16465,,500000
knapsack,strongly,50,2,penalty,poa,50,500000,-16778,True,10,-16550,,500000
knapsack,strongly,50,2,penalty,poa,50,500000,-16778,True,11,-16462,,500000
knapsack,strongly,50,2,penalty,poa,50,500000,-16778,True,12,-16451,,500000
knapsack,strongly,50,2,penalty,poa,50,500000,-16778,True,13,-16459,,500000
knapsack,strongly,50,2,penalty,poa,50,500000,-16778,True,14,-16440,,500000
knapsack,strongly,50,2,penalty,poa,50,500000,-16778,True,15,-16465,,500000
knapsack,strongly,50,2,penalty,poa,50,500000,-16778,True,16,-16521,,500000
knapsack,strongly,50,2,penalty,poa,50,500000,-16778,True,17,-16472,,500000
knapsack,strongly,50,2,penalty,poa,50,500000,-16778,True,18,-16519,,500000
knapsack,strongly,50,2,penalty,poa,50,500000,-16778,True,19,-16520,,500000
knapsack,strongly,50,2,penalty,poa,50,500000,-16778,True,20,-16380,,500000
knapsack,strongly,50,2,penalty,poa,50,500000,-16778,True,21,-16464,,500000
knapsack,strongly,50,2,penalty,poa,50,500000,-16778,True,22,-16569,,500000
knapsack,strongly,50,2,penalty,poa,50,500000,-16778,True,23,-16536,,500000
knapsack,strongly,50,2,penalty,poa,50,500000,-16778,True,24,-16470,,500000
knapsack,strongly,50,2,penalty,poa,50,500000,-16778,True,25,-16503,,500000
knapsack,strongly,50,2,penalty,poa,50,500000,-16778,True,26,-16467,,500000
knapsack,strongly,50,2,penalty,poa,50,500000,-16778,True,27,-16561,,500000
knapsack,strongly,50,2,penalty,poa,50,500000,-16778,True,28,-16454,,500000
knapsack,strongly,50,2,penalty,poa,50,500000,-16778,True,29,-16460,,500000
knapsack,strongly,50,2,penalty,poa,50,500000,-16778,True,30,-16478,,500000
knapsack,strongly,50,4,penalty,poa,50,500000,-17847,True,0,-17680,,500000
knapsack,strongly,50,4,penalty,poa,50,500000,-17847,True,1,-17638,,500000
knapsack,strongly,50,4,penalty,poa,50,500000,-17847,True,2,-17626,,500000
knapsack,strongly,50,4,penalty,poa,50,500000,-17847,True,3,-17645,,500000
knapsack,strongly,50,4,penalty,poa,50,500000,-17847,True,4,-17647,,500000
knapsack,strongly,50,4,penalty,poa,50,500000,-17847,True,5,-17617,,500000
knapsack,strongly,50,4,penalty,poa,50,500000,-17847,True,6,-17625,,500000
knapsack,strongly,50,4,penalty,poa,50,500000,-17847,True,7,-17640,,500000
knapsack,strongly,50,4,penalty,poa,50,500000,-17847,True,8,-17602,,500000
knapsack,strongly,50,4,penalty,poa,50,500000,-17847,True,9,-17625,,500000
knapsack,strongly,50,4,penalty,poa,50,500000,-17847,True,10,-17646,,500000
knapsack,strongly,50,4,penalty,poa,50,500000,-17847,True,11,-17597,,500000
knapsack,strongly,50,4,penalty,poa,50,500000,-17847,True,12,-17543,,500000
knapsack,strongly,50,4,penalty,poa,50,500000,-17847,True,13,-17546,,500000
knapsack,strongly,50,4,penalty,poa,50,500000,-17847,True,14,-17689,,500000
knapsack,strongly,50,4,penalty,poa,50,500000,-17847,True,15,-17592,,500000
knapsack,strongly,50,4,penalty,poa,50,500000,-17847,True,16,-17613,,500000
knapsack,strongly,50,4,penalty,poa,50,500000,-17847,True,17,-17642,,500000
knapsack,strongly,50,4,penalty,poa,50,500000,-17847,True,18,-17626,,500000
knapsack,strongly,50,4,penalty,poa,50,500000,-17847,True,19,-17605,,500000
knapsack,strongly,50,4,penalty,poa,50,500000,-17847,True,20,-17556,,500000
knapsack,strongly,50,4,penalty,poa,50,500000,-17847,True,21,-17640,,500000
knapsack,strongly,50,4,penalty,poa,50,500000,-17847,True,22,-17596,,500000
knapsack,strongly,50,4,penalty,poa,50,500000,-17847,True,23,-17647,,500000
knapsack,strongly,50,4,penalty,poa,50,500000,-17847,True,24,-17639,,500000
knapsack,strongly,50,4,penalty,poa,50,500000,-17847,True,25,-17643,,500000
knapsack,strongly,50,4,penalty,poa,50,500000,-17847,True,26,-17612,,500000
knapsack,strongly,50,4,penalty,poa,50,500000,-17847,True,27,-17726,,500000
knapsack,strongly,50,4,penalty,poa,50,500000,-17847,True,28,-17637,,500000
knapsack,strongly,50,4,penalty,poa,50,500000,-17847,True,29,-17611,,500000
knapsack,strongly,50,4,penalty,poa,50,500000,-17847,True,30,-17547,,500000
knapsack,uncorrelated,80,1,penalty,poa,80,800000,-32981,True,0,-27943,,800000
knapsack,uncorrelated,80,1,penalty,poa,80,800000,-32981,True,1,-28939,,800000
knapsack,uncorrelated,80,1,penalty,poa,80,800000,-32981,True,2,-28654,,800000
knapsack,uncorrelated,80,1,penalty,poa,80,800000,-32981,True,3,-27916,,800000
knapsack,uncorrelated,80,1,penalty,poa,80,800000,-32981,True,4,-29558,,800000
knapsack,uncorrelated,80,1,penalty,poa,80,800000,-32981,True,5,-27882,,800000
knapsack,uncorrelated,80,1,penalty,poa,80,800000,-32981,True,6,-28363,,800000
knapsack,uncorrelated,80,1,penalty,poa,80,800000,-32981,True,7,-28571,,800000
knapsack,uncorrelated,80,1,penalty,poa,80,800000,-32981,True,8,-29186,,800000
knapsack,uncorrelated,80,1,penalty,poa,80,800000,-32981,True,9,-28882,,800000
knapsack,uncorrelated,80,1,penalty,poa,80,800000,-32981,True,10,-28499,,800000
knapsack,uncorrelated,80,1,penalty,poa,80,800000,-32981,True,11,-28443,,800000
knapsack,uncorrelated,80,1,penalty,poa,80,800000,-32981,True,12,-28393,,800000
knapsack,uncorrelated,80,1,penalty,poa,80,800000,-32981,True,13,-28054,,800000
knapsack,uncorrelated,80,1,penalty,poa,80,800000,-32981,True,14,-27962,,800000
knapsack,uncorrelated,80,1,penalty,poa,80,800000,-32981,True,15,-28019,,800000
knapsack,uncorrelated,80,1,penalty,poa,80,800000,-32981,True,16,-28094,,800000
knapsack,uncorrelated,80,1,penalty,poa,80,800000,-32981,True,17,-28021,,800000
knapsack,uncorrelated,80,1,penalty,poa,80,800000,-32981,True,18,-27627,,800000
knapsack,uncorrelated,80,1,penalty,poa,80,800000,-32981,True,19,-27760,,800000
knapsack,uncorrelated,80,1,penalty,poa,80,800000,-32981,True,20,-28373,,800000
knapsack,uncorrelated,80,1,penalty,poa,80,800000,-32981,True,21,-27933,,800000
knapsack,uncorrelated,80,1,penalty,poa,80,800000,-32981,True,22,-28281,,800000
knapsack,uncorrelated,80,1,penalty,poa,80,800000,-32981,True,23,-28610,,800000
knapsack,uncorrelated,80,1,penalty,poa,80,800000,-32981,True,24,-26932,,800000
knapsack,uncorrelated,80,1,penalty,poa,80,800000,-32981,True,25,-28580,,800000
knapsack,uncorrelated,80,1,penalty,poa,80,800000,-32981,True,26,-28732,,800000
knapsack,uncorrelated,80,1,penalty,poa,80,800000,-32981,True,27,-28800,,800000
knapsack,uncorrelated,80,1,penalty,poa,80,800000,-32981,True,28,-28403,,800000
knapsack,uncorrelated,80,1,penalty,poa,80,800000,-32981,True,29,-28232,,800000
knapsack,uncorrelated,80,1,penalty,poa,80,800000,-32981,True,30,-28058,,800000
knapsack,uncorrelated,80,2,penalty,poa,80,800000,-32328,True,0,-26518,,800000
knapsack,uncorrelated,80,2,penalty,poa,80,800000,-32328,True,1,-26492,,800000
knapsack,uncorrelated,80,2,penalty,poa,80,800000,-32328,True,2,-27661,,800000
knapsack,uncorrelated,80,2,penalty,poa,80,800000,-32328,True,3,-28374,,800000
knapsack,uncorrelated,80,2,penalty,poa,80,800000,-32328,True,4,-27086,,800000
knapsack,uncorrelated,80,2,penalty,poa,80,800000,-32328,True,5,-26983,,800000
knapsack,uncorrelated,80,2,penalty,poa,80,800000,-32328,True,6,-28407,,800000
knapsack,uncorrelated,80,2,penalty,poa,80,800000,-32328,True,7,-27815,,800000
knapsack,uncorrelated,80,2,penalty,poa,80,800000,-32328,True,8,-26931,,800000
knapsack,uncorrelated,80,2,penalty,poa,80,800000,-32328,True,9,-26673,,800000
knapsack,uncorrelated,80,2,penalty,poa,80,800000,-32328,True,10,-27348,,800000
knapsack,uncorrelated,80,2,penalty,poa,80,800000,-32328,True,11,-26836,,800000
knapsack,uncorrelated,80,2,penalty,poa,80,800000,-32328,True,12,-26714,,800000
knapsack,uncorrelated,80,2,penalty,poa,80,800000,-32328,True,13,-26893,,800000
knapsack,uncorrelated,80,2,penalty,poa,80,800000,-32328,True,14,-26399,,800000
knapsack,uncorrelated,80,2,penalty,poa,80,800000,-32328,True,15,-27405,,800000
knapsack,uncorrelated,80,2,penalty,poa,80,800000,-32328,True,16,-26897,,800000
knapsack,uncorrelated,80,2,penalty,poa,80,800000,-32328,True,17,-27613,,800000
knapsack,uncorrelated,80,2,penalty,poa,80,800000,-32328,True,18,-28847,,800000
knapsack,uncorrelated,80,2,penalty,poa,80,800000,-32328,True,19,-26290,,800000
knapsack,uncorrelated,80,2,penalty,poa,80,800000,-32328,True,20,-26900,,800000
knapsack,uncorrelated,80,2,penalty,poa,80,800000,-32328,True,21,-27693,,800000
knapsack,uncorrelated,80,2,penalty,poa,80,800000,-32328,True,22,-27718,,800000
knapsack,uncorrelated,80,2,penalty,poa,80,800000,-32328,True,23,-27978,,800000
knapsack,uncorrelated,80,2,penalty,poa,80,800000,-32328,True,24,-26529,,800000
knapsack,uncorrelated,80,2,penalty,poa,80,800000,-32328,True,25,-26932,,800000
knapsack,uncorrelated,80,2,penalty,poa,80,800000,-32328,True,26,-27247,,800000
knapsack,uncorrelated,80,2,penalty,poa,80,800000,-32328,True,27,-27983,,800000
knapsack,uncorrelated,80,2,penalty,poa,80,800000,-32328,True,28,-28326,,800000
knapsack,uncorrelated,80,2,penalty,poa,80,800000,-32328,True,29,-27397,,800000
knapsack,uncorrelated,80,2,penalty,poa,80,800000,-32328,True,30,-27161,,800000
knapsack,uncorrelated,80,3,penalty,poa,80,800000,-32404,True,0,-28687,,800000
knapsack,uncorrelated,80,3,penalty,poa,80,800000,-32404,True,1,-28504,,800000
knapsack,uncorrelated,80,3,penalty,poa,80,800000,-32404,True,2,-29335,,800000
knapsack,uncorrelated,80,3,penalty,poa,80,800000,-32404,True,3,-27669,,800000
knapsack,uncorrelated,80,3,penalty,poa,80,800000,-32404,True,4,-29156,,800000
knapsack,uncorrelated,80,3,penalty,poa,80,800000,-32404,True,5,-29039,,800000
knapsack,uncorrelated,80,3,penalty,poa,80,800000,-32404,True,6,-27848,,800000
knapsack,uncorrelated,80,3,penalty,poa,80,800000,-32404,True,7,-27622,,800000
knapsack,uncorrelated,80,3,penalty,poa,80,800000,-32404,True,8,-28564,,800000
knapsack,uncorrelated,80,3,penalty,poa,80,800000,-32404,True,9,-28690,,800000
knapsack,uncorrelated,80,3,penalty,poa,80,800000,-32404,True,10,-27708,,800000
knapsack,uncorrelated,80,3,penalty,poa,80,800000,-32404,True,11,-29203,,800000
knapsack,uncorrelated,80,3,penalty,poa,80,800000,-32404,True,12,-28412,,800000
knapsack,uncorrelated,80,3,penalty,poa,80,800000,-32404,True,13,-28571,,800000
knapsack,uncorrelated,80,3,penalty,poa,80,800000,-32404,True,14,-28184,,800000
knapsack,uncorrelated,80,3,penalty,poa,80,800000,-32404,True,15,-27677,,800000
knapsack,uncorrelated,80,3,penalty,poa,80,800000,-32404,True,16,-28066,,800000
knapsack,uncorrelated,80,3,penalty,poa,80,800000,-32404,True,17,-28179,,800000
knapsack,uncorrelated,80,3,penalty,poa,80,800000,-32404,True,18,-27467,,800000
knapsack,uncorrelated,80,3,penalty,poa,80,800000,-32404,True,19,-28632,,800000
knapsack,uncorrelated,80,3,penalty,poa,80,800000,-32404,True,20,-28320,,800000
knapsack,uncorrelated,80,3,penalty,poa,80,800000,-32404,True,21,-28232,,800000
knapsack,uncorrelated,80,3,penalty,poa,80,800000,-32404,True,22,-28392,,800000
knapsack,uncorrelated,80,3,penalty,poa,80,800000,-32404,True,23,-29555,,800000
knapsack,uncorrelated,80,3,penalty,poa,80,800000,-32404,True,24,-28740,,800000
knapsack,uncorrelated,80,3,penalty,poa,80,800000,-32404,True,25,-28386,,800000
knapsack,uncorrelated,80,3,penalty,poa,80,800000,-32404,True,26,-28844,,800000
knapsack,uncorrelated,80,3,penalty,poa,80,800000,-32404,True,27,-27649,,800000
knapsack,uncorrelated,80,3,penalty,poa,80,800000,-32404,True,28,-27738,,800000
knapsack,uncorrelated,80,3,penalty,poa,80,800000,-32404,True,29,-28644,,800000
knapsack,uncorrelated,80,3,penalty,poa,80,800000,-32404,True,30,-28503,,800000
knapsack,uncorrelated,80,4,penalty,poa,80,800000,-34121,True,0,-29515,,800000
knapsack,uncorrelated,80,4,penalty,poa,80,800000,-34121,True,1,-28965,,800000
knapsack,uncorrelated,80,4,penalty,poa,80,800000,-34121,True,2,-29278,,800000
knapsack,uncorrelated,80,4,penalty,poa,80,800000,-34121,True,3,-29269,,800000
knapsack,uncorrelated,80,4,penalty,poa,80,800000,-34121,True,4,-29845,,800000
knapsack,uncorrelated,80,4,penalty,poa,80,800000,-34121,True,5,-29068,,800000
knapsack,uncorrelated,80,4,penalty,poa,80,800000,-34121,True,6,-29470,,800000
knapsack,uncorrelated,80,4,penalty,poa,80,800000,-34121,True,7,-29781,,800000
knapsack,uncorrelated,80,4,penalty,poa,80,800000,-34121,True,8,-28888,,800000
knapsack,uncorrelated,80,4,penalty,poa,80,800000,-34121,True,9,-29362,,800000
knapsack,uncorrelated,80,4,penalty,poa,80,800000,-34121,True,10,-29336,,800000
knapsack,uncorrelated,80,4,penalty,poa,80,800000,-34121,True,11,-29762,,800000
knapsack,uncorrelated,80,4,penalty,poa,80,800000,-34121,True,12,-28714,,800000
knapsack,uncorrelated,80,4,penalty,poa,80,800000,-34121,True,13,-29931,,800000
knapsack,uncorrelated,80,4,penalty,poa,80,800000,-34121,True,14,-29818,,800000
knapsack,uncorrelated,80,4,penalty,poa,80,800000,-34121,True,15,-29852,,800000
knapsack,uncorrelated,80,4,penalty,poa,80,800000,-34121,True,16,-28764,,800000
knapsack,uncorrelated,80,4,penalty,poa,80,800000,-34121,True,17,-30324,,800000
knapsack,uncorrelated,80,4,penalty,poa,80,800000,-34121,True,18,-29419,,800000
knapsack,uncorrelated,80,4,penalty,poa,80,800000,-34121,True,19,-29570,,800000
knapsack,uncorrelated,80,4,penalty,poa,80,800000,-34121,True,20,-29507,,800000
knapsack,uncorrelated,80,4,penalty,poa,80,800000,-34121,True,21,-30217,,800000
knapsack,uncorrelated,80,4,penalty,poa,80,800000,-34121,True,22,-29877,,800000
knapsack,uncorrelated,80,4,penalty,poa,80,800000,-34121,True,23,-30312,,800000
knapsack,uncorrelated,80,4,penalty,poa,80,800000,-34121,True,24,-29256,,800000
knapsack,uncorrelated,80,4,penalty,poa,80,800000,-34121,True,25,-28256,,800000
knapsack,uncorrelated,80,4,penalty,poa,80,800000,-34121,True,26,-30229,,800000
knapsack,uncorrelated,80,4,penalty,poa,80,800000,-34121,True,27,-29816,,800000
knapsack,uncorrelated,80,4,penalty,poa,80,800000,-34121,True,28,-29413,,800000
knapsack,uncorrelated,80,4,penalty,poa,80,800000,-34121,True,29,-30101,,800000
knapsack,uncorrelated,80,4,penalty,poa,80,800000,-34121,True,30,-30397,,800000
knapsack,uncorrelated,80,0,penalty,poa,80,800000,-35386,True,0,-30687,,800000
knapsack,uncorrelated,80,0,penalty,poa,80,800000,-35386,True,1,-29836,,800000
knapsack,uncorrelated,80,0,penalty,poa,80,800000,-35386,True,2,-31452,,800000
knapsack,uncorrelated,80,0,penalty,poa,80,800000,-35386,True,3,-30744,,800000
knapsack,uncorrelated,80,0,penalty,poa,80,800000,-35386,True,4,-31107,,800000
knapsack,uncorrelated,80,0,penalty,poa,80,800000,-35386,True,5,-31342,,800000
knapsack,uncorrelated,80,0,penalty,poa,80,800000,-35386,True,6,-30833,,800000
knapsack,uncorrelated,80,0,penalty,poa,80,800000,-35386,True,7,-31483,,800000
knapsack,uncorrelated,80,0,penalty,poa,80,800000,-35386,True,8,-30926,,800000
knapsack,uncorrelated,80,0,penalty,poa,80,800000,-35386,True,9,-31195,,800000
knapsack,uncorrelated,80,0,penalty,poa,80,800000,-35386,True,10,-29299,,800000
knapsack,uncorrelated,80,0,penalty,poa,80,800000,-35386,True,11,-31506,,800000
knapsack,uncorrelated,80,0,penalty,poa,80,800000,-35386,True,12,-31352,,800000
knapsack,uncorrelated,80,0,penalty,poa,80,800000,-35386,True,13,-30547,,800000
knapsack,uncorrelated,80,0,penalty,poa,80,800000,-35386,True,14,-30846,,800000
knapsack,uncorrelated,80,0,penalty,poa,80,800000,-35386,True,15,-31845,,800000
knapsack,uncorrelated,80,0,penalty,poa,80,800000,-35386,True,16,-30092,,800000
knapsack,uncorrelated,80,0,penalty,poa,80,800000,-35386,True,17,-30890,,800000
knapsack,uncorrelated,80,0,penalty,poa,80,800000,-35386,True,18,-30144,,800000
knapsack,uncorrelated,80,0,penalty,poa,80,800000,-35386,True,19,-29746,,800000
knapsack,uncorrelated,80,0,penalty,poa,80,800000,-35386,True,20,-29910,,800000
knapsack,uncorrelated,80,0,penalty,poa,80,800000,-35386,True,21,-30937,,800000
knapsack,uncorrelated,80,0,penalty,poa,80,800000,-35386,True,22,-30025,,800000
knapsack,uncorrelated,80,0,penalty,poa,80,800000,-35386,True,23,-30367,,800000
knapsack,uncorrelated,80,0,penalty,poa,80,800000,-35386,True,24,-30600,,800000
knapsack,uncorrelated,80,0,penalty,poa,80,800000,-35386,True,25,-31261,,800000
knapsack,uncorrelated,80,0,penalty,poa,80,800000,-35386,True,26,-31035,,800000
knapsack,uncorrelated,80,0,penalty,poa,80,800000,-35386,True,27,-30859,,800000
knapsack,uncorrelated,80,0,penalty,poa,80,800000,-35386,True,28,-30533,,800000
knapsack,uncorrelated,80,0,penalty,poa,80,800000,-35386,True,29,-31416,,800000
knapsack,uncorrelated,80,0,penalty,poa,80,800000,-35386,True,30,-30545,,800000
knapsack,uncorrelated,120,0,penalty,mpoa,120,1200000,-46538,True,0,-38004,,1200000
knapsack,uncorrelated,120,0,penalty,mpoa,120,1200000,-46538,True,1,-38835,,1200000
knapsack,uncorrelated,120,0,penalty,mpoa,120,1200000,-46538,True,2,-38287,,1200000
knapsack,uncorrelated,120,0,penalty,mpoa,120,1200000,-46538,True,3,-40896,,1200000
knapsack,uncorrelated,120,0,penalty,mpoa,120,1200000,-46538,True,4,-39315,,1200000
knapsack,uncorrelated,120,0,penalty,mpoa,120,1200000,-46538,True,5,-37678,,1200000
knapsack,uncorrelated,120,0,penalty,mpoa,120,1200000,-46538,True,6,-38711,,1200000
knapsack,uncorrelated,120,0,penalty,mpoa,120,1200000,-46538,True,7,-40474,,1200000
knapsack,uncorrelated,120,0,penalty,mpoa,120,1200000,-46538,True,8,-39078,,1200000
knapsack,uncorrelated,120,0,penalty,mpoa,120,1200000,-46538,True,9,-39491,,1200000
knapsack,uncorrelated,120,0,penalty,mpoa,120,1200000,-46538,True,10,-39628,,1200000
knapsack,uncorrelated,120,0,penalty,mpoa,120,1200000,-46538,True,11,-39902,,1200000
knapsack,uncorrelated,120,0,penalty,mpoa,120,1200000,-46538,True,12,-37507,,1200000
knapsack,uncorrelated,120,0,penalty,mpoa,120,1200000,-46538,True,13,-39629,,1200000
knapsack,uncorrelated,120,0,penalty,mpoa,120,1200000,-46538,True,14,-39181,,1200000
knapsack,uncorrelated,120,0,penalty,mpoa,120,1200000,-46538,True,15,-38652,,1200000
knapsack,uncorrelated,120,0,penalty,mpoa,120,1200000,-46538,True,16,-39112,,1200000
knapsack,uncorrelated,120,0,penalty,mpoa,120,1200000,-46538,True,17,-38367,,1200000
knapsack,uncorrelated,120,0,penalty,mpoa,120,1200000,-46538,True,18,-38970,,1200000
knapsack,uncorrelated,120,0,penalty,mpoa,120,1200000,-46538,True,19,-37968,,1200000
knapsack,uncorrelated,120,0,penalty,mpoa,120,1200000,-46538,True,20,-41543,,1200000
knapsack,uncorrelated,120,0,penalty,mpoa,120,1200000,-46538,True,21,-38148,,1200000
knapsack,uncorrelated,120,0,penalty,mpoa,120,1200000,-46538,True,22,-38817,,1200000
knapsack,uncorrelated,120,0,penalty,mpoa,120,1200000,-46538,True,23,-39526,,1200000
knapsack,uncorrelated,120,0,penalty,mpoa,120,1200000,-46538,True,24,-38217,,1200000
knapsack,uncorrelated,120,0,penalty,mpoa,120,1200000,-46538,True,25,-38338,,1200000
knapsack,uncorrelated,120,0,penalty,mpoa,120,1200000,-46538,True,26,-37903,,1200000
knapsack,uncorrelated,120,0,penalty,mpoa,120,1200000,-46538,True,27,-38020,,1200000
knapsack,uncorrelated,120,0,penalty,mpoa,120,1200000,-46538,True,28,-41265,,1200000
knapsack,uncorrelated,120,0,penalty,mpoa,120,1200000,-46538,True,29,-39216,,1200000
knapsack,uncorrelated,120,0,penalty,mpoa,120,1200000,-46538,True,30,-38897,,1200000
knapsack,strongly,80,0,penalty,mpoa,80,800000,-24176,True,0,-23615,,800000
knapsack,strongly,80,0,penalty,mpoa,80,800000,-24176,True,1,-23529,,800000
knapsack,strongly,80,0,penalty,mpoa,80,800000,-24176,True,2,-23562,,800000
knapsack,strongly,80,0,penalty,mpoa,80,800000,-24176,True,3,-23444,,800000
knapsack,strongly,80,0,penalty,mpoa,80,800000,-24176,True,4,-23459,,800000
knapsack,strongly,80,0,penalty,mpoa,80,800000,-24176,True,5,-23573,,800000
knapsack,strongly,80,0,penalty,mpoa,80,800000,-24176,True,6,-23470,,800000
knapsack,strongly,80,0,penalty,mpoa,80,800000,-24176,True,7,-23434,,800000
knapsack,strongly,80,0,penalty,mpoa,80,800000,-24176,True,8,-23372,,800000
knapsack,strongly,80,0,penalty,mpoa,80,800000,-24176,True,9,-23534,,800000
knapsack,strongly,80,0,penalty,mpoa,80,800000,-24176,True,10,-23638,,800000
knapsack,strongly,80,0,penalty,mpoa,80,800000,-24176,True,11,-23464,,800000
knapsack,strongly,80,0,penalty,mpoa,80,800000,-24176,True,12,-23672,,800000
knapsack,strongly,80,0,penalty,mpoa,80,800000,-24176,True,13,-23362,,800000
knapsack,strongly,80,0,penalty,mpoa,80,800000,-24176,True,14,-23466,,800000
knapsack,strongly,80,0,penalty,mpoa,80,800000,-24176,True,15,-23475,,800000
knapsack,strongly,80,0,penalty,mpoa,80,800000,-24176,True,16,-23455,,800000
knapsack,strongly,80,0,penalty,mpoa,80,800000,-24176,True,17,-23652,,800000
knapsack,strongly,80,0,penalty,mpoa,80,800000,-24176,True,18,-23569,,800000
knapsack,strongly,80,0,penalty,mpoa,80,800000,-24176,True,19,-23356,,800000
knapsack,strongly,80,0,penalty,mpoa,80,800000,-24176,True,20,-23348,,800000
knapsack,strongly,80,0,penalty,mpoa,80,800000,-24176,True,21,-23555,,800000
knapsack,strongly,80,0,penalty,mpoa,80,800000,-24176,True,22,-23774,,800000
knapsack,strongly,80,0,penalty,mpoa,80,800000,-24176,True,23,-23569,,800000
knapsack,strongly,80,0,penalty,mpoa,80,800000,-24176,True,24,-23473,,800000
knapsack,strongly,80,0,penalty,mpoa,80,800000,-24176,True,25,-23432,,800000
knapsack,strongly,80,0,penalty,mpoa,80,800000,-24176,True,26,-23636,,800000
knapsack,strongly,80,0,penalty,mpoa,80,800000,-24176,True,27,-23671,,800000
knapsack,strongly,80,0,penalty,mpoa,80,800000,-24176,True,28,-23573,,800000
knapsack,strongly,80,0,penalty,mpoa,80,800000,-24176,True,29,-23437,,800000
knapsack,strongly,80,0,penalty,mpoa,80,800000,-24176,True,30,-23540,,800000
knapsack,inverse,30,0,penalty,mpoa,30,300000,-9094,True,0,-8992,,300000
knapsack,inverse,30,0,penalty,mpoa,30,300000,-9094,True,1,-9012,,300000
knapsack,inverse,30,0,penalty,mpoa,30,300000,-9094,True,2,-8990,,300000
knapsack,inverse,30,0,penalty,mpoa,30,300000,-9094,True,3,-8983,,300000
knapsack,inverse,30,0,penalty,mpoa,30,300000,-9094,True,4,-9048,,300000
knapsack,inverse,30,0,penalty,mpoa,30,300000,-9094,True,5,-8993,,300000
knapsack,inverse,30,0,penalty,mpoa,30,300000,-9094,True,6,-8988,,300000
knapsack,inverse,30,0,penalty,mpoa,30,300000,-9094,True,7,-8989,,300000
knapsack,inverse,30,0,penalty,mpoa,30,300000,-9094,True,8,-8987,,300000
knapsack,inverse,30,0,penalty,mpoa,30,300000,-9094,True,9,-8989,,300000
knapsack,inverse,30,0,penalty,mpoa,30,300000,-9094,True,10,-8994,,300000
knapsack,inverse,30,0,penalty,mpoa,30,300000,-9094,True,11,-8989,,300000
knapsack,inverse,30,0,penalty,mpoa,30,300000,-9094,True,12,-8973,,300000
knapsack,inverse,30,0,penalty,mpoa,30,300000,-9094,True,13,-8948,,300000
knapsack,inverse,30,0,penalty,mpoa,30,300000,-9094,True,14,-8988,,300000
knapsack,inverse,30,0,penalty,mpoa,30,300000,-9094,True,15,-8994,,300000
knapsack,inverse,30,0,penalty,mpoa,30,300000,-9094,True,16,-8991,,300000
knapsack,inverse,30,0,penalty,mpoa,30,300000,-9094,True,17,-8993,,300000
knapsack,inverse,30,0,penalty,mpoa,30,300000,-9094,True,18,-8994,,300000
knapsack,inverse,30,0,penalty,mpoa,30,300000,-9094,True,19,-8994,,300000
knapsack,inverse,30,0,penalty,mpoa,30,300000,-9094,True,20,-8953,,300000
knapsack,inverse,30,0,penalty,mpoa,30,300000,-9094,True,21,-8983,,300000
knapsack,inverse,30,0,penalty,mpoa,30,300000,-9094,True,22,-9041,,300000
knapsack,inverse,30,0,penalty,mpoa,30,300000,-9094,True,23,-8963,,300000
knapsack,inverse,30,0,penalty,mpoa,30,300000,-9094,True,24,-8994,,300000
knapsack,inverse,30,0,penalty,mpoa,30,300000,-9094,True,25,-8992,,300000
knapsack,inverse,30,0,penalty,mpoa,30,300000,-9094,True,26,-8991,,300000
knapsack,inverse,30,0,penalty,mpoa,30,300000,-9094,True,27,-9036,,300000
knapsack,inverse,30,0,penalty,mpoa,30,300000,-9094,True,28,-8980,,300000
knapsack,inverse,30,0,penalty,mpoa,30,300000,-9094,True,29,-8993,,300000
knapsack,inverse,30,0,penalty,mpoa,30,300000,-9094,True,30,-8976,,300000
knapsack,strongly,80,1,penalty,mpoa,80,800000,-26770,True,0,-26234,,800000
knapsack,strongly,80,1,penalty,mpoa,80,800000,-26770,True,1,-26195,,800000
knapsack,strongly,80,1,penalty,mpoa,80,800000,-26770,True,2,-26249,,800000
knapsack,strongly,80,1,penalty,mpoa,80,800000,-26770,True,3,-26096,,800000
knapsack,strongly,80,1,penalty,mpoa,80,800000,-26770,True,4,-26168,,800000
knapsack,strongly,80,1,penalty,mpoa,80,800000,-26770,True,5,-26255,,800000
knapsack,strongly,80,1,penalty,mpoa,80,800000,-26770,True,6,-26162,,800000
knapsack,strongly,80,1,penalty,mpoa,80,800000,-26770,True,7,-26157,,800000
knapsack,strongly,80,1,penalty,mpoa,80,800000,-26770,True,8,-26326,,800000
knapsack,strongly,80,1,penalty,mpoa,80,800000,-26770,True,9,-26227,,800000
knapsack,strongly,80,1,penalty,mpoa,80,800000,-26770,True,10,-26118,,800000
knapsack,strongly,80,1,penalty,mpoa,80,800000,-26770,True,11,-26166,,800000
knapsack,strongly,80,1,penalty,mpoa,80,800000,-26770,True,12,-26113,,800000
knapsack,strongly,80,1,penalty,mpoa,80,800000,-26770,True,13,-26157,,800000
knapsack,strongly,80,1,penalty,mpoa,80,800000,-26770,True,14,-26165,,800000
knapsack,strongly,80,1,penalty,mpoa,80,800000,-26770,True,15,-26232,,800000
knapsack,strongly,80,1,penalty,mpoa,80,800000,-26770,True,16,-26142,,800000
knapsack,strongly,80,1,penalty,mpoa,80,800000,-26770,True,17,-26063,,800000
knapsack,strongly,80,1,penalty,mpoa,80,800000,-26770,True,18,-26029,,800000
knapsack,strongly,80,1,penalty,mpoa,80,800000,-26770,True,19,-26167,,800000
knapsack,strongly,80,1,penalty,mpoa,80,800000,-26770,True,20,-26035,,800000
knapsack,strongly,80,1,penalty,mpoa,80,800000,-26770,True,21,-26256,,800000
knapsack,strongly,80,1,penalty,mpoa,80,800000,-26770,True,22,-26149,,800000
knapsack,strongly,80,1,penalty,mpoa,80,800000,-26770,True,23,-26135,,800000
knapsack,strongly,80,1,penalty,mpoa,80,800000,-26770,True,24,-26144,,800000
knapsack,strongly,80,1,penalty,mpoa,80,800000,-26770,True,25,-26169,,800000
knapsack,strongly,80,1,penalty,mpoa,80,800000,-26770,True,26,-26170,,800000
knapsack,strongly,80,1,penalty,mpoa,80,800000,-26770,True,27,-26207,,800000
knapsack,strongly,80,1,penalty,mpoa,80,800000,-26770,True,28,-26231,,800000
knapsack,strongly,80,1,penalty,mpoa,80,800000,-26770,True,29,-26155,,800000
knapsack,strongly,80,1,penalty,mpoa,80,800000,-26770,True,30,-26069,,800000
knapsack,strongly,80,2,penalty,mpoa,80,800000,-25888,True,0,-25266,,800000
knapsack,strongly,80,2,penalty,mpoa,80,800000,-25888,True,1,-25082,,800000
knapsack,strongly,80,2,penalty,mpoa,80,800000,-25888,True,2,-25082,,800000
knapsack,strongly,80,2,penalty,mpoa,80,800000,-25888,True,3,-25123,,800000
knapsack,strongly,80,2,penalty,mpoa,80,800000,-25888,True,4,-25157,,800000
knapsack,strongly,80,2,penalty,mpoa,80,800000,-25888,True,5,-25328,,800000
knapsack,strongly,80,2,penalty,mpoa,80,800000,-25888,True,6,-25274,,800000
knapsack,strongly,80,2,penalty,mpoa,80,800000,-25888,True,7,-25257,,800000
knapsack,strongly,80,2,penalty,mpoa,80,800000,-25888,True,8,-25168,,800000
knapsack,strongly,80,2,penalty,mpoa,80,800000,-25888,True,9,-25179,,800000
knapsack,strongly,80,2,penalty,mpoa,80,800000,-25888,True,10,-25315,,800000
knapsack,strongly,80,2,penalty,mpoa,80,800000,-25888,True,11,-25182,,800000
knapsack,strongly,80,2,penalty,mpoa,80,800000,-25888,True,12,-25151,,800000
knapsack,strongly,80,2,penalty,mpoa,80,800000,-25888,True,13,-25158,,800000
knapsack,strongly,80,2,penalty,mpoa,80,800000,-25888,True,14,-25261,,800000
knapsack,strongly,80,2,penalty,mpoa,80,800000,-25888,True,15,-25170,,800000
knapsack,strongly,80,2,penalty,mpoa,80,800000,-25888,True,16,-25176,,800000
knapsack,strongly,80,2,penalty,mpoa,80,800000,-25888,True,17,-25025,,800000
knapsack,strongly,80,2,penalty,mpoa,80,800000,-25888,True,18,-25269,,800000
knapsack,strongly,80,2,penalty,mpoa,80,800000,-25888,True,19,-25274,,800000
knapsack,strongly,80,2,penalty,mpoa,80,800000,-25888,True,20,-25206,,800000
knapsack,strongly,80,2,penalty,mpoa,80,800000,-25888,True,21,-25066,,800000
knapsack,strongly,80,2,penalty,mpoa,80,800000,-25888,True,22,-25306,,800000
knapsack,strongly,80,2,penalty,mpoa,80,800000,-25888,True,23,-25248,,800000
knapsack,strongly,80,2,penalty,mpoa,80,800000,-25888,True,24,-25179,,800000
knapsack,strongly,80,2,penalty,mpoa,80,800000,-25888,True,25,-25380,,800000
knapsack,strongly,80,2,penalty,mpoa,80,800000,-25888,True,26,-25385,,800000
knapsack,strongly,80,2,penalty,mpoa,80,800000,-25888,True,27,-25162,,800000
knapsack,strongly,80,2,penalty,mpoa,80,800000,-25888,True,28,-25283,,800000
knapsack,strongly,80,2,penalty,mpoa,80,800000,-25888,True,29,-25330,,800000
knapsack,strongly,80,2,penalty,mpoa,80,800000,-25888,True,30,-25369,,800000
knapsack,inverse,30,0,penalty,poa,30,300000,-9094,True,0,-8974,,300000
knapsack,inverse,30,0,penalty,poa,30,300000,-9094,True,1,-9081,,300000
knapsack,inverse,30,0,penalty,poa,30,300000,-9094,True,2,-8992,,300000
knapsack,inverse,30,0,penalty,poa,30,300000,-9094,True,3,-8969,,300000
knapsack,inverse,30,0,penalty,poa,30,300000,-9094,True,4,-9048,,300000
knapsack,inverse,30,0,penalty,poa,30,300000,-9094,True,5,-9050,,300000
knapsack,inverse,30,0,penalty,poa,30,300000,-9094,True,6,-8988,,300000
knapsack,inverse,30,0,penalty,poa,30,300000,-9094,True,7,-8994,,300000
knapsack,inverse,30,0,penalty,poa,30,300000,-9094,True,8,-8994,,300000
knapsack,inverse,30,0,penalty,poa,30,300000,-9094,True,9,-8994,,300000
knapsack,inverse,30,0,penalty,poa,30,300000,-9094,True,10,-8987,,300000
knapsack,inverse,30,0,penalty,poa,30,300000,-9094,True,11,-8989,,300000
knapsack,inverse,30,0,penalty,poa,30,300000,-9094,True,12,-8978,,300000
knapsack,inverse,30,0,penalty,poa,30,300000,-9094,True,13,-8990,,300000
knapsack,inverse,30,0,penalty,poa,30,300000,-9094,True,14,-8994,,300000
knapsack,inverse,30,0,penalty,poa,30,300000,-9094,True,15,-8994,,300000
knapsack,inverse,30,0,penalty,poa,30,300000,-9094,True,16,-8991,,300000
knapsack,inverse,30,0,penalty,poa,30,300000,-9094,True,17,-9081,,300000
knapsack,inverse,30,0,penalty,poa,30,300000,-9094,True,18,-8994,,300000
knapsack,inverse,30,0,penalty,poa,30,300000,-9094,True,19,-8985,,300000
knapsack,inverse,30,0,penalty,poa,30,300000,-9094,True,20,-8982,,300000
knapsack,inverse,30,0,penalty,poa,30,300000,-9094,True,21,-8983,,300000
knapsack,inverse,30,0,penalty,poa,30,300000,-9094,True,22,-8994,,300000
knapsack,inverse,30,0,penalty,poa,30,300000,-9094,True,23,-8991,,300000
knapsack,inverse,30,0,penalty,poa,30,300000,-9094,True,24,-9053,,300000
knapsack,inverse,30,0,penalty,poa,30,300000,-9094,True,25,-8994,,300000
knapsack,inverse,30,0,penalty,poa,30,300000,-9094,True,26,-8991,,300000
knapsack,inverse,30,0,penalty,poa,30,300000,-9094,True,27,-9088,,300000
knapsack,inverse,30,0,penalty,poa,30,300000,-9094,True,28,-8994,,300000
knapsack,inverse,30,0,penalty,poa,30,300000,-9094,True,29,-8991,,300000
knapsack,inverse,30,0,penalty,poa,30,300000,-9094,True,30,-8987,,300000
knapsack,uncorrelated,120,1,penalty,mpoa,120,1200000,-47897,True,0,-40578,,1200000
knapsack,uncorrelated,120,1,penalty,mpoa,120,1200000,-47897,True,1,-40189,,1200000
knapsack,uncorrelated,120,1,penalty,mpoa,120,1200000,-47897,True,2,-39166,,1200000
knapsack,uncorrelated,120,1,penalty,mpoa,120,1200000,-47897,True,3,-39324,,1200000
knapsack,uncorrelated,120,1,penalty,mpoa,120,1200000,-47897,True,4,-39610,,1200000
knapsack,uncorrelated,120,1,penalty,mpoa,120,1200000,-47897,True,5,-39334,,1200000
knapsack,uncorrelated,120,1,penalty,mpoa,120,1200000,-47897,True,6,-40255,,1200000
knapsack,uncorrelated,120,1,penalty,mpoa,120,1200000,-47897,True,7,-40008,,1200000
knapsack,uncorrelated,120,1,penalty,mpoa,120,1200000,-47897,True,8,-40649,,1200000
knapsack,uncorrelated,120,1,penalty,mpoa,120,1200000,-47897,True,9,-38446,,1200000
knapsack,uncorrelated,120,1,penalty,mpoa,120,1200000,-47897,True,10,-38829,,1200000
knapsack,uncorrelated,120,1,penalty,mpoa,120,1200000,-47897,True,11,-39621,,1200000
knapsack,uncorrelated,120,1,penalty,mpoa,120,1200000,-47897,True,12,-38789,,1200000
knapsack,uncorrelated,120,1,penalty,mpoa,120,1200000,-47897,True,13,-38852,,1200000
knapsack,uncorrelated,120,1,penalty,mpoa,120,1200000,-47897,True,14,-38927,,1200000
knapsack,uncorrelated,120,1,penalty,mpoa,120,1200000,-47897,True,15,-39111,,1200000
knapsack,uncorrelated,120,1,penalty,mpoa,120,1200000,-47897,True,16,-41109,,1200000
knapsack,uncorrelated,120,1,penalty,mpoa,120,1200000,-47897,True,17,-39865,,1200000
knapsack,uncorrelated,120,1,penalty,mpoa,120,1200000,-47897,True,18,-39386,,1200000
knapsack,uncorrelated,120,1,penalty,mpoa,120,1200000,-47897,True,19,-39676,,1200000
knapsack,uncorrelated,120,1,penalty,mpoa,120,1200000,-47897,True,20,-39442,,1200000
knapsack,uncorrelated,120,1,penalty,mpoa,120,1200000,-47897,True,21,-38551,,1200000
knapsack,uncorrelated,120,1,penalty,mpoa,120,1200000,-47897,True,22,-40637,,1200000
knapsack,uncorrelated,120,1,penalty,mpoa,120,1200000,-47897,True,23,-41337,,1200000
knapsack,uncorrelated,120,1,penalty,mpoa,120,1200000,-47897,True,24,-39538,,1200000
knapsack,uncorrelated,120,1,penalty,mpoa,120,1200000,-47897,True,25,-40249,,1200000
knapsack,uncorrelated,120,1,penalty,mpoa,120,1200000,-47897,True,26,-38486,,1200000
knapsack,uncorrelated,120,1,penalty,mpoa,120,1200000,-47897,True,27,-40295,,1200000
knapsack,uncorrelated,120,1,penalty,mpoa,120,1200000,-47897,True,28,-38787,,1200000
knapsack,uncorrelated,120,1,penalty,mpoa,120,1200000,-47897,True,29,-40307,,1200000
knapsack,uncorrelated,120,1,penalty,mpoa,120,1200000,-47897,True,30,-38591,,1200000
knapsack,inverse,30,1,penalty,mpoa,30,300000,-7107,True,0,-7040,,300000
knapsack,inverse,30,1,penalty,mpoa,30,300000,-7107,True,1,-7024,,300000
knapsack,inverse,30,1,penalty,mpoa,30,300000,-7107,True,2,-7067,,300000
knapsack,inverse,30,1,penalty,mpoa,30,300000,-7107,True,3,-7045,,300000
knapsack,inverse,30,1,penalty,mpoa,30,300000,-7107,True,4,-7023,,300000
knapsack,inverse,30,1,penalty,mpoa,30,300000,-7107,True,5,-7042,,300000
knapsack,inverse,30,1,penalty,mpoa,30,300000,-7107,True,6,-7067,,300000
knapsack,inverse,30,1,penalty,mpoa,30,300000,-7107,True,7,-7050,,300000
knapsack,inverse,30,1,penalty,mpoa,30,300000,-7107,True,8,-7060,,300000
knapsack,inverse,30,1,penalty,mpoa,30,300000,-7107,True,9,-6963,,300000
knapsack,inverse,30,1,penalty,mpoa,30,300000,-7107,True,10,-7054,,300000
knapsack,inverse,30,1,penalty,mpoa,30,300000,-7107,True,11,-7039,,300000
knapsack,inverse,30,1,penalty,mpoa,30,300000,-7107,True,12,-7004,,300000
knapsack,inverse,30,1,penalty,mpoa,30,300000,-7107,True,13,-6967,,300000
knapsack,inverse,30,1,penalty,mpoa,30,300000,-7107,True,14,-7053,,300000
knapsack,inverse,30,1,penalty,mpoa,30,300000,-7107,True,15,-6986,,300000
knapsack,inverse,30,1,penalty,mpoa,30,300000,-7107,True,16,-7046,,300000
knapsack,inverse,30,1,penalty,mpoa,30,300000,-7107,True,17,-6967,,300000
knapsack,inverse,30,1,penalty,mpoa,30,300000,-7107,True,18,-7056,,300000
knapsack,inverse,30,1,penalty,mpoa,30,300000,-7107,True,19,-7059,,300000
knapsack,inverse,30,1,penalty,mpoa,30,300000,-7107,True,20,-7055,,300000
knapsack,inverse,30,1,penalty,mpoa,30,300000,-7107,True,21,-7064,,300000
knapsack,inverse,30,1,penalty,mpoa,30,300000,-7107,True,22,-6962,,300000
knapsack,inverse,30,1,penalty,mpoa,30,300000,-7107,True,23,-7046,,300000
knapsack,inverse,30,1,penalty,mpoa,30,300000,-7107,True,24,-7031,,300000
knapsack,inverse,30,1,penalty,mpoa,30,300000,-7107,True,25,-7067,,300000
knapsack,inverse,30,1,penalty,mpoa,30,300000,-7107,True,26,-7052,,300000
knapsack,inverse,30,1,penalty,mpoa,30,300000,-7107,True,27,-7060,,300000
knapsack,inverse,30,1,penalty,mpoa,30,300000,-7107,True,28,-7049,,300000
knapsack,inverse,30,1,penalty,mpoa,30,300000,-7107,True,29,-7053,,300000
knapsack,inverse,30,1,penalty,mpoa,30,300000,-7107,True,30,-7066,,300000
knapsack,uncorrelated,120,2,penalty,mpoa,120,1200000,-47685,True,0,-39127,,1200000
knapsack,uncorrelated,120,2,penalty,mpoa,120,1200000,-47685,True,1,-41674,,1200000
knapsack,uncorrelated,120,2,penalty,mpoa,120,1200000,-47685,True,2,-39199,,1200000
knapsack,uncorrelated,120,2,penalty,mpoa,120,1200000,-47685,True,3,-40167,,1200000
knapsack,uncorrelated,120,2,penalty,mpoa,120,1200000,-47685,True,4,-38045,,1200000
knapsack,uncorrelated,120,2,penalty,mpoa,120,1200000,-47685,True,5,-38896,,1200000
knapsack,uncorrelated,120,2,penalty,mpoa,120,1200000,-47685,True,6,-40393,,1200000
knapsack,uncorrelated,120,2,penalty,mpoa,120,1200000,-47685,True,7,-39322,,1200000
knapsack,uncorrelated,120,2,penalty,mpoa,120,1200000,-47685,True,8,-38838,,1200000
knapsack,uncorrelated,120,2,penalty,mpoa,120,1200000,-47685,True,9,-38203,,1200000
knapsack,uncorrelated,120,2,penalty,mpoa,120,1200000,-47685,True,10,-40087,,1200000
knapsack,uncorrelated,120,2,penalty,mpoa,120,1200000,-47685,True,11,-39256,,1200000
knapsack,uncorrelated,120,2,penalty,mpoa,120,1200000,-47685,True,12,-38883,,1200000
knapsack,uncorrelated,120,2,penalty,mpoa,120,1200000,-47685,True,13,-39510,,1200000
knapsack,uncorrelated,120,2,penalty,mpoa,120,1200000,-47685,True,14,-39696,,1200000
knapsack,uncorrelated,120,2,penalty,mpoa,120,1200000,-47685,True,15,-39792,,1200000
knapsack,uncorrelated,120,2,penalty,mpoa,120,1200000,-47685,True,16,-40443,,1200000
knapsack,uncorrelated,120,2,penalty,mpoa,120,1200000,-47685,True,17,-41198,,1200000
knapsack,uncorrelated,120,2,penalty,mpoa,120,1200000,-47685,True,18,-37961,,1200000
knapsack,uncorrelated,120,2,penalty,mpoa,120,1200000,-47685,True,19,-39908,,1200000
knapsack,uncorrelated,120,2,penalty,mpoa,120,1200000,-47685,True,20,-40720,,1200000
knapsack,uncorrelated,120,2,penalty,mpoa,120,1200000,-47685,True,21,-38839,,1200000
knapsack,uncorrelated,120,2,penalty,mpoa,120,1200000,-47685,True,22,-39005,,1200000
knapsack,uncorrelated,120,2,penalty,mpoa,120,1200000,-47685,True,23,-39098,,1200000
knapsack,uncorrelated,120,2,penalty,mpoa,120,1200000,-47685,True,24,-39491,,1200000
knapsack,uncorrelated,120,2,penalty,mpoa,120,1200000,-47685,True,25,-39361,,1200000
knapsack,uncorrelated,120,2,penalty,mpoa,120,1200000,-47685,True,26,-41525,,1200000
knapsack,uncorrelated,120,2,penalty,mpoa,120,1200000,-47685,True,27,-39381,,1200000
knapsack,uncorrelated,120,2,penalty,mpoa,120,1200000,-47685,True,28,-39281,,1200000
knapsack,uncorrelated,120,2,penalty,mpoa,120,1200000,-47685,True,29,-39273,,1200000
knapsack,uncorrelated,120,2,penalty,mpoa,120,1200000,-47685,True,30,-38852,,1200000
knapsack,inverse,30,1,penalty,poa,30,300000,-7107,True,0,-7056,,300000
knapsack,inverse,30,1,penalty,poa,30,300000,-7107,True,1,-7028,,300000
knapsack,inverse,30,1,penalty,poa,30,300000,-7107,True,2,-7067,,300000
knapsack,inverse,30,1,penalty,poa,30,300000,-7107,True,3,-7031,,300000
knapsack,inverse,30,1,penalty,poa,30,300000,-7107,True,4,-7068,,300000
knapsack,inverse,30,1,penalty,poa,30,300000,-7107,True,5,-7107,204647,204647
knapsack,inverse,30,1,penalty,poa,30,300000,-7107,True,6,-7061,,300000
knapsack,inverse,30,1,penalty,poa,30,300000,-7107,True,7,-7066,,300000
knapsack,inverse,30,1,penalty,poa,30,300000,-7107,True,8,-7061,,300000
knapsack,inverse,30,1,penalty,poa,30,300000,-7107,True,9,-7002,,300000
knapsack,inverse,30,1,penalty,poa,30,300000,-7107,True,10,-7027,,300000
knapsack,inverse,30,1,penalty,poa,30,300000,-7107,True,11,-7032,,300000
knapsack,inverse,30,1,penalty,poa,30,300000,-7107,True,12,-6998,,300000
knapsack,inverse,30,1,penalty,poa,30,300000,-7107,True,13,-7052,,300000
knapsack,inverse,30,1,penalty,poa,30,300000,-7107,True,14,-7053,,300000
knapsack,inverse,30,1,penalty,poa,30,300000,-7107,True,15,-7067,,300000
knapsack,inverse,30,1,penalty,poa,30,300000,-7107,True,16,-7051,,300000
knapsack,inverse,30,1,penalty,poa,30,300000,-7107,True,17,-7031,,300000
knapsack,inverse,30,1,penalty,poa,30,300000,-7107,True,18,-7019,,300000
knapsack,inverse,30,1,penalty,poa,30,300000,-7107,True,19,-7051,,300000
knapsack,inverse,30,1,penalty,poa,30,300000,-7107,True,20,-7043,,300000
knapsack,inverse,30,1,penalty,poa,30,300000,-7107,True,21,-7066,,300000
knapsack,inverse,30,1,penalty,poa,30,300000,-7107,True,22,-6997,,300000
knapsack,inverse,30,1,penalty,poa,30,300000,-7107,True,23,-7046,,300000
knapsack,inverse,30,1,penalty,poa,30,300000,-7107,True,24,-7068,,300000
knapsack,inverse,30,1,penalty,poa,30,300000,-7107,True,25,-7067,,300000
knapsack,inverse,30,1,penalty,poa,30,300000,-7107,True,26,-7044,,300000
knapsack,inverse,30,1,penalty,poa,30,300000,-7107,True,27,-7068,,300000
knapsack,inverse,30,1,penalty,poa,30,300000,-7107,True,28,-7066,,300000
knapsack,inverse,30,1,penalty,poa,30,300000,-7107,True,29,-7067,,300000
knapsack,inverse,30,1,penalty,poa,30,300000,-7107,True,30,-7066,,300000
knapsack,uncorrelated,120,3,penalty,mpoa,120,1200000,-46068,True,0,-39571,,1200000
knapsack,uncorrelated,120,3,penalty,mpoa,120,1200000,-46068,True,1,-38220,,1200000
knapsack,uncorrelated,120,3,penalty,mpoa,120,1200000,-46068,True,2,-37756,,1200000
knapsack,uncorrelated,120,3,penalty,mpoa,120,1200000,-46068,True,3,-38998,,1200000
knapsack,uncorrelated,120,3,penalty,mpoa,120,1200000,-46068,True,4,-38939,,1200000
knapsack,uncorrelated,120,3,penalty,mpoa,120,1200000,-46068,True,5,-37621,,1200000
knapsack,uncorrelated,120,3,penalty,mpoa,120,1200000,-46068,True,6,-37736,,1200000
knapsack,uncorrelated,120,3,penalty,mpoa,120,1200000,-46068,True,7,-37625,,1200000
knapsack,uncorrelated,120,3,penalty,mpoa,120,1200000,-46068,True,8,-37875,,1200000
knapsack,uncorrelated,120,3,penalty,mpoa,120,1200000,-46068,True,9,-37763,,1200000
knapsack,uncorrelated,120,3,penalty,mpoa,120,1200000,-46068,True,10,-38058,,1200000
knapsack,uncorrelated,120,3,penalty,mpoa,120,1200000,-46068,True,11,-38147,,1200000
knapsack,uncorrelated,120,3,penalty,mpoa,120,1200000,-46068,True,12,-37248,,1200000
knapsack,uncorrelated,120,3,penalty,mpoa,120,1200000,-46068,True,13,-38955,,1200000
knapsack,uncorrelated,120,3,penalty,mpoa,120,1200000,-46068,True,14,-37411,,1200000
knapsack,uncorrelated,120,3,penalty,mpoa,120,1200000,-46068,True,15,-37199,,1200000
knapsack,uncorrelated,120,3,penalty,mpoa,120,1200000,-46068,True,16,-38858,,1200000
knapsack,uncorrelated,120,3,penalty,mpoa,120,1200000,-46068,True,17,-37595,,1200000
knapsack,uncorrelated,120,3,penalty,mpoa,120,1200000,-46068,True,18,-38012,,1200000
knapsack,uncorrelated,120,3,penalty,mpoa,120,1200000,-46068,True,19,-39316,,1200000
knapsack,uncorrelated,120,3,penalty,mpoa,120,1200000,-46068,True,20,-37958,,1200000
knapsack,uncorrelated,120,3,penalty,mpoa,120,1200000,-46068,True,21,-37387,,1200000
knapsack,uncorrelated,120,3,penalty,mpoa,120,1200000,-46068,True,22,-39196,,1200000
knapsack,uncorrelated,120,3,penalty,mpoa,120,1200000,-46068,True,23,-38155,,1200000
knapsack,uncorrelated,120,3,penalty,mpoa,120,1200000,-46068,True,24,-38415,,1200000
knapsack,uncorrelated,120,3,penalty,mpoa,120,1200000,-46068,True,25,-37603,,1200000
knapsack,uncorrelated,120,3,penalty,mpoa,120,1200000,-46068,True,26,-38087,,1200000
knapsack,uncorrelated,120,3,penalty,mpoa,120,1200000,-46068,True,27,-38857,,1200000
knapsack,uncorrelated,120,3,penalty,mpoa,120,1200000,-46068,True,28,-37026,,1200000
knapsack,uncorrelated,120,3,penalty,mpoa,120,1200000,-46068,True,29,-39200,,1200000
knapsack,uncorrelated,120,3,penalty,mpoa,120,1200000,-46068,True,30,-38866,,1200000
knapsack,uncorrelated,120,4,penalty,mpoa,120,1200000,-46845,True,0,-39466,,1200000
knapsack,uncorrelated,120,4,penalty,mpoa,120,1200000,-46845,True,1,-38889,,1200000
knapsack,uncorrelated,120,4,penalty,mpoa,120,1200000,-46845,True,2,-39454,,1200000
knapsack,uncorrelated,120,4,penalty,mpoa,120,1200000,-46845,True,3,-40251,,1200000
knapsack,uncorrelated,120,4,penalty,mpoa,120,1200000,-46845,True,4,-39790,,1200000
knapsack,uncorrelated,120,4,penalty,mpoa,120,1200000,-46845,True,5,-39399,,1200000
knapsack,uncorrelated,120,4,penalty,mpoa,120,1200000,-46845,True,6,-41034,,1200000
knapsack,uncorrelated,120,4,penalty,mpoa,120,1200000,-46845,True,7,-40087,,1200000
knapsack,uncorrelated,120,4,penalty,mpoa,120,1200000,-46845,True,8,-39517,,1200000
knapsack,uncorrelated,120,4,penalty,mpoa,120,1200000,-46845,True,9,-38575,,1200000
knapsack,uncorrelated,120,4,penalty,mpoa,120,1200000,-46845,True,10,-39480,,1200000
knapsack,uncorrelated,120,4,penalty,mpoa,120,1200000,-46845,True,11,-38873,,1200000
knapsack,uncorrelated,120,4,penalty,mpoa,120,1200000,-46845,True,12,-39869,,1200000
knapsack,uncorrelated,120,4,penalty,mpoa,120,1200000,-46845,True,13,-38970,,1200000
knapsack,uncorrelated,120,4,penalty,mpoa,120,1200000,-46845,True,14,-38995,,1200000
knapsack,uncorrelated,120,4,penalty,mpoa,120,1200000,-46845,True,15,-38602,,1200000
knapsack,uncorrelated,120,4,penalty,mpoa,120,1200000,-46845,True,16,-38888,,1200000
knapsack,uncorrelated,120,4,penalty,mpoa,120,1200000,-46845,True,17,-37877,,1200000
knapsack,uncorrelated,120,4,penalty,mpoa,120,1200000,-46845,True,18,-40159,,1200000
knapsack,uncorrelated,120,4,penalty,mpoa,120,1200000,-46845,True,19,-39294,,1200000
knapsack,uncorrelated,120,4,penalty,mpoa,120,1200000,-46845,True,20,-37757,,1200000
knapsack,uncorrelated,120,4,penalty,mpoa,120,1200000,-46845,True,21,-41124,,1200000
knapsack,uncorrelated,120,4,penalty,mpoa,120,1200000,-46845,True,22,-39471,,1200000
knapsack,uncorrelated,120,4,penalty,mpoa,120,1200000,-46845,True,23,-37618,,1200000
knapsack,uncorrelated,120,4,penalty,mpoa,120,1200000,-46845,True,24,-38609,,1200000
knapsack,uncorrelated,120,4,penalty,mpoa,120,1200000,-46845,True,25,-38308,,1200000
knapsack,uncorrelated,120,4,penalty,mpoa,120,1200000,-46845,True,26,-38916,,1200000
knapsack,uncorrelated,120,4,penalty,mpoa,120,1200000,-46845,True,27,-38043,,1200000
knapsack,uncorrelated,120,4,penalty,mpoa,120,1200000,-46845,True,28,-40200,,1200000
knapsack,uncorrelated,120,4,penalty,mpoa,120,1200000,-46845,True,29,-39353,,1200000
knapsack,uncorrelated,120,4,penalty,mpoa,120,1200000,-46845,True,30,-38827,,1200000
knapsack,strongly,80,3,penalty,mpoa,80,800000,-24517,True,0,-23914,,800000
knapsack,strongly,80,3,penalty,mpoa,80,800000,-24517,True,1,-23768,,800000
knapsack,strongly,80,3,penalty,mpoa,80,800000,-24517,True,2,-23865,,800000
knapsack,strongly,80,3,penalty,mpoa,80,800000,-24517,True,3,-23878,,800000
knapsack,strongly,80,3,penalty,mpoa,80,800000,-24517,True,4,-23686,,800000
knapsack,strongly,80,3,penalty,mpoa,80,800000,-24517,True,5,-23775,,800000
knapsack,strongly,80,3,penalty,mpoa,80,800000,-24517,True,6,-23726,,800000
knapsack,strongly,80,3,penalty,mpoa,80,800000,-24517,True,7,-23816,,800000
knapsack,strongly,80,3,penalty,mpoa,80,800000,-24517,True,8,-23950,,800000
knapsack,strongly,80,3,penalty,mpoa,80,800000,-24517,True,9,-23872,,800000
knapsack,strongly,80,3,penalty,mpoa,80,800000,-24517,True,10,-23776,,800000
knapsack,strongly,80,3,penalty,mpoa,80,800000,-24517,True,11,-23806,,800000
knapsack,strongly,80,3,penalty,mpoa,80,800000,-24517,True,12,-23656,,800000
knapsack,strongly,80,3,penalty,mpoa,80,800000,-24517,True,13,-23992,,800000
knapsack,strongly,80,3,penalty,mpoa,80,800000,-24517,True,14,-23786,,800000
knapsack,strongly,80,3,penalty,mpoa,80,800000,-24517,True,15,-23869,,800000
knapsack,strongly,80,3,penalty,mpoa,80,800000,-24517,True,16,-23610,,800000
knapsack,strongly,80,3,penalty,mpoa,80,800000,-24517,True,17,-23904,,800000
knapsack,strongly,80,3,penalty,mpoa,80,800000,-24517,True,18,-23833,,800000
knapsack,strongly,80,3,penalty,mpoa,80,800000,-24517,True,19,-23716,,800000
knapsack,strongly,80,3,penalty,mpoa,80,800000,-24517,True,20,-23704,,800000
knapsack,strongly,80,3,penalty,mpoa,80,800000,-24517,True,21,-23868,,800000
knapsack,strongly,80,3,penalty,mpoa,80,800000,-24517,True,22,-23815,,800000
knapsack,strongly,80,3,penalty,mpoa,80,800000,-24517,True,23,-23912,,800000
knapsack,strongly,80,3,penalty,mpoa,80,800000,-24517,True,24,-23704,,800000
knapsack,strongly,80,3,penalty,mpoa,80,800000,-24517,True,25,-23802,,800000
knapsack,strongly,80,3,penalty,mpoa,80,800000,-24517,True,26,-23787,,800000
knapsack,strongly,80,3,penalty,mpoa,80,800000,-24517,True,27,-23800,,800000
knapsack,strongly,80,3,penalty,mpoa,80,800000,-24517,True,28,-23807,,800000
knapsack,strongly,80,3,penalty,mpoa,80,800000,-24517,True,29,-23712,,800000
knapsack,strongly,80,3,penalty,mpoa,80,800000,-24517,True,30,-23700,,800000
knapsack,strongly,80,4,penalty,mpoa,80,800000,-26036,True,0,-25427,,800000
knapsack,strongly,80,4,penalty,mpoa,80,800000,-26036,True,1,-25522,,800000
knapsack,strongly,80,4,penalty,mpoa,80,800000,-26036,True,2,-25321,,800000
knapsack,strongly,80,4,penalty,mpoa,80,800000,-26036,True,3,-25234,,800000
knapsack,strongly,80,4,penalty,mpoa,80,800000,-26036,True,4,-25533,,800000
knapsack,strongly,80,4,penalty,mpoa,80,800000,-26036,True,5,-25527,,800000
knapsack,strongly,80,4,penalty,mpoa,80,800000,-26036,True,6,-25317,,800000
knapsack,strongly,80,4,penalty,mpoa,80,800000,-26036,True,7,-25427,,800000
knapsack,strongly,80,4,penalty,mpoa,80,800000,-26036,True,8,-25519,,800000
knapsack,strongly,80,4,penalty,mpoa,80,800000,-26036,True,9,-25314,,800000
knapsack,strongly,80,4,penalty,mpoa,80,800000,-26036,True,10,-25636,,800000
knapsack,strongly,80,4,penalty,mpoa,80,800000,-26036,True,11,-25321,,800000
knapsack,strongly,80,4,penalty,mpoa,80,800000,-26036,True,12,-25403,,800000
knapsack,strongly,80,4,penalty,mpoa,80,800000,-26036,True,13,-25400,,800000
knapsack,strongly,80,4,penalty,mpoa,80,800000,-26036,True,14,-25415,,800000
knapsack,strongly,80,4,penalty,mpoa,80,800000,-26036,True,15,-25303,,800000
knapsack,strongly,80,4,penalty,mpoa,80,800000,-26036,True,16,-25316,,800000
knapsack,strongly,80,4,penalty,mpoa,80,800000,-26036,True,17,-25402,,800000
knapsack,strongly,80,4,penalty,mpoa,80,800000,-26036,True,18,-25311,,800000
knapsack,strongly,80,4,penalty,mpoa,80,800000,-26036,True,19,-25235,,800000
knapsack,strongly,80,4,penalty,mpoa,80,800000,-26036,True,20,-25426,,800000
knapsack,strongly,80,4,penalty,mpoa,80,800000,-26036,True,21,-25513,,800000
knapsack,strongly,80,4,penalty,mpoa,80,800000,-26036,True,22,-25333,,800000
knapsack,strongly,80,4,penalty,mpoa,80,800000,-26036,True,23,-25475,,800000
knapsack,strongly,80,4,penalty,mpoa,80,800000,-26036,True,24,-25302,,800000
knapsack,strongly,80,4,penalty,mpoa,80,800000,-26036,True,25,-25247,,800000
knapsack,strongly,80,4,penalty,mpoa,80,800000,-26036,True,26,-25518,,800000
knapsack,strongly,80,4,penalty,mpoa,80,800000,-26036,True,27,-25324,,800000
knapsack,strongly,80,4,penalty,mpoa,80,800000,-26036,True,28,-25428,,800000
knapsack,strongly,80,4,penalty,mpoa,80,800000,-26036,True,29,-25504,,800000
knapsack,strongly,80,4,penalty,mpoa,80,800000,-26036,True,30,-25323,,800000
knapsack,inverse,30,2,penalty,mpoa,30,300000,-8757,True,0,-8721,,300000
knapsack,inverse,30,2,penalty,mpoa,30,300000,-8757,True,1,-8716,,300000
knapsack,inverse,30,2,penalty,mpoa,30,300000,-8757,True,2,-8715,,300000
knapsack,inverse,30,2,penalty,mpoa,30,300000,-8757,True,3,-8748,,300000
knapsack,inverse,30,2,penalty,mpoa,30,300000,-8757,True,4,-8657,,300000
knapsack,inverse,30,2,penalty,mpoa,30,300000,-8757,True,5,-8745,,300000
knapsack,inverse,30,2,penalty,mpoa,30,300000,-8757,True,6,-8745,,300000
knapsack,inverse,30,2,penalty,mpoa,30,300000,-8757,True,7,-8692,,300000
knapsack,inverse,30,2,penalty,mpoa,30,300000,-8757,True,8,-8664,,300000
knapsack,inverse,30,2,penalty,mpoa,30,300000,-8757,True,9,-8725,,300000
knapsack,inverse,30,2,penalty,mpoa,30,300000,-8757,True,10,-8755,,300000
knapsack,inverse,30,2,penalty,mpoa,30,300000,-8757,True,11,-8740,,300000
knapsack,inverse,30,2,penalty,mpoa,30,300000,-8757,True,12,-8685,,300000
knapsack,inverse,30,2,penalty,mpoa,30,300000,-8757,True,13,-8661,,300000
knapsack,inverse,30,2,penalty,mpoa,30,300000,-8757,True,14,-8711,,300000
knapsack,inverse,30,2,penalty,mpoa,30,300000,-8757,True,15,-8657,,300000
knapsack,inverse,30,2,penalty,mpoa,30,300000,-8757,True,16,-8749,,300000
knapsack,inverse,30,2,penalty,mpoa,30,300000,-8757,True,17,-8738,,300000
knapsack,inverse,30,2,penalty,mpoa,30,300000,-8757,True,18,-8677,,300000
knapsack,inverse,30,2,penalty,mpoa,30,300000,-8757,True,19,-8657,,300000
knapsack,inverse,30,2,penalty,mpoa,30,300000,-8757,True,20,-8738,,300000
knapsack,inverse,30,2,penalty,mpoa,30,300000,-8757,True,21,-8745,,300000
knapsack,inverse,30,2,penalty,mpoa,30,300000,-8757,True,22,-8757,201975,201975
knapsack,inverse,30,2,penalty,mpoa,30,300000,-8757,True,23,-8752,,300000
knapsack,inverse,30,2,penalty,mpoa,30,300000,-8757,True,24,-8752,,300000
knapsack,inverse,30,2,penalty,mpoa,30,300000,-8757,True,25,-8657,,300000
knapsack,inverse,30,2,penalty,mpoa,30,300000,-8757,True,26,-8722,,300000
knapsack,inverse,30,2,penalty,mpoa,30,300000,-8757,True,27,-8653,,300000
knapsack,inverse,30,2,penalty,mpoa,30,300000,-8757,True,28,-8725,,300000
knapsack,inverse,30,2,penalty,mpoa,30,300000,-8757,True,29,-8755,,300000
knapsack,inverse,30,2,penalty,mpoa,30,300000,-8757,True,30,-8745,,300000
knapsack,inverse,30,2,penalty,poa,30,300000,-8757,True,0,-8678,,300000
knapsack,inverse,30,2,penalty,poa,30,300000,-8757,True,1,-8735,,300000
knapsack,inverse,30,2,penalty,poa,30,300000,-8757,True,2,-8699,,300000
knapsack,inverse,30,2,penalty,poa,30,300000,-8757,True,3,-8748,,300000
knapsack,inverse,30,2,penalty,poa,30,300000,-8757,True,4,-8657,,300000
knapsack,inverse,30,2,penalty,poa,30,300000,-8757,True,5,-8742,,300000
knapsack,inverse,30,2,penalty,poa,30,300000,-8757,True,6,-8747,,300000
knapsack,inverse,30,2,penalty,poa,30,300000,-8757,True,7,-8699,,300000
knapsack,inverse,30,2,penalty,poa,30,300000,-8757,True,8,-8745,,300000
knapsack,inverse,30,2,penalty,poa,30,300000,-8757,True,9,-8657,,300000
knapsack,inverse,30,2,penalty,poa,30,300000,-8757,True,10,-8755,,300000
knapsack,inverse,30,2,penalty,poa,30,300000,-8757,True,11,-8657,,300000
knapsack,inverse,30,2,penalty,poa,30,300000,-8757,True,12,-8695,,300000
knapsack,inverse,30,2,penalty,poa,30,300000,-8757,True,13,-8661,,300000
knapsack,inverse,30,2,penalty,poa,30,300000,-8757,True,14,-8743,,300000
knapsack,inverse,30,2,penalty,poa,30,300000,-8757,True,15,-8717,,300000
knapsack,inverse,30,2,penalty,poa,30,300000,-8757,True,16,-8749,,300000
knapsack,inverse,30,2,penalty,poa,30,300000,-8757,True,17,-8738,,300000
knapsack,inverse,30,2,penalty,poa,30,300000,-8757,True,18,-8693,,300000
knapsack,inverse,30,2,penalty,poa,30,300000,-8757,True,19,-8745,,300000
knapsack,inverse,30,2,penalty,poa,30,300000,-8757,True,20,-8703,,300000
knapsack,inverse,30,2,penalty,poa,30,300000,-8757,True,21,-8731,,300000
knapsack,inverse,30,2,penalty,poa,30,300000,-8757,True,22,-8757,133905,133905
knapsack,inverse,30,2,penalty,poa,30,300000,-8757,True,23,-8752,,300000
knapsack,inverse,30,2,penalty,poa,30,300000,-8757,True,24,-8648,,300000
knapsack,inverse,30,2,penalty,poa,30,300000,-8757,True,25,-8735,,300000
knapsack,inverse,30,2,penalty,poa,30,300000,-8757,True,26,-8685,,300000
knapsack,inverse,30,2,penalty,poa,30,300000,-8757,True,27,-8654,,300000
knapsack,inverse,30,2,penalty,poa,30,300000,-8757,True,28,-8718,,300000
knapsack,inverse,30,2,penalty,poa,30,300000,-8757,True,29,-8745,,300000
knapsack,inverse,30,2,penalty,poa,30,300000,-8757,True,30,-8692,,300000
knapsack,inverse,30,3,penalty,mpoa,30,300000,-9053,True,0,-8944,,300000
knapsack,inverse,30,3,penalty,mpoa,30,300000,-9053,True,1,-8954,,300000
knapsack,inverse,30,3,penalty,mpoa,30,300000,-9053,True,2,-8954,,300000
knapsack,inverse,30,3,penalty,mpoa,30,300000,-9053,True,3,-8949,,300000
knapsack,inverse,30,3,penalty,mpoa,30,300000,-9053,True,4,-8953,,300000
knapsack,inverse,30,3,penalty,mpoa,30,300000,-9053,True,5,-8954,,300000
knapsack,inverse,30,3,penalty,mpoa,30,300000,-9053,True,6,-8954,,300000
knapsack,inverse,30,3,penalty,mpoa,30,300000,-9053,True,7,-8954,,300000
knapsack,inverse,30,3,penalty,mpoa,30,300000,-9053,True,8,-8999,,300000
knapsack,inverse,30,3,penalty,mpoa,30,300000,-9053,True,9,-8954,,300000
knapsack,inverse,30,3,penalty,mpoa,30,300000,-9053,True,10,-8951,,300000
knapsack,inverse,30,3,penalty,mpoa,30,300000,-9053,True,11,-8954,,300000
knapsack,inverse,30,3,penalty,mpoa,30,300000,-9053,True,12,-8942,,300000
knapsack,inverse,30,3,penalty,mpoa,30,300000,-9053,True,13,-8954,,300000
knapsack,inverse,30,3,penalty,mpoa,30,300000,-9053,True,14,-8973,,300000
knapsack,inverse,30,3,penalty,mpoa,30,300000,-9053,True,15,-9003,,300000
knapsack,inverse,30,3,penalty,mpoa,30,300000,-9053,True,16,-8954,,300000
knapsack,inverse,30,3,penalty,mpoa,30,300000,-9053,True,17,-8948,,300000
knapsack,inverse,30,3,penalty,mpoa,30,300000,-9053,True,18,-9023,,300000
knapsack,inverse,30,3,penalty,mpoa,30,300000,-9053,True,19,-8984,,300000
knapsack,inverse,30,3,penalty,mpoa,30,300000,-9053,True,20,-8953,,300000
knapsack,inverse,30,3,penalty,mpoa,30,300000,-9053,True,21,-8954,,300000
knapsack,inverse,30,3,penalty,mpoa,30,300000,-9053,True,22,-8953,,300000
knapsack,inverse,30,3,penalty,mpoa,30,300000,-9053,True,23,-8952,,300000
knapsack,inverse,30,3,penalty,mpoa,30,300000,-9053,True,24,-8951,,300000
knapsack,inverse,30,3,penalty,mpoa,30,300000,-9053,True,25,-8954,,300000
knapsack,inverse,30,3,penalty,mpoa,30,300000,-9053,True,26,-8951,,300000
knapsack,inverse,30,3,penalty,mpoa,30,300000,-9053,True,27,-8954,,300000
knapsack,inverse,30,3,penalty,mpoa,30,300000,-9053,True,28,-8954,,300000
knapsack,inverse,30,3,penalty,mpoa,30,300000,-9053,True,29,-8953,,300000
knapsack,inverse,30,3,penalty,mpoa,30,300000,-9053,True,30,-8950,,300000
knapsack,inverse,30,3,penalty,poa,30,300000,-9053,True,0,-8944,,300000
knapsack,inverse,30,3,penalty,poa,30,300000,-9053,True,1,-8954,,300000
knapsack,inverse,30,3,penalty,poa,30,300000,-9053,True,2,-8954,,300000
knapsack,inverse,30,3,penalty,poa,30,300000,-9053,True,3,-8949,,300000
knapsack,inverse,30,3,penalty,poa,30,300000,-9053,True,4,-8953,,300000
knapsack,inverse,30,3,penalty,poa,30,300000,-9053,True,5,-8954,,300000
knapsack,inverse,30,3,penalty,poa,30,300000,-9053,True,6,-8954,,300000
knapsack,inverse,30,3,penalty,poa,30,300000,-9053,True,7,-8954,,300000
knapsack,inverse,30,3,penalty,poa,30,300000,-9053,True,8,-8999,,300000
knapsack,inverse,30,3,penalty,poa,30,300000,-9053,True,9,-9007,,300000
knapsack,inverse,30,3,penalty,poa,30,300000,-9053,True,10,-8954,,300000
knapsack,inverse,30,3,penalty,poa,30,300000,-9053,True,11,-8954,,300000
knapsack,inverse,30,3,penalty,poa,30,300000,-9053,True,12,-8950,,300000
knapsack,inverse,30,3,penalty,poa,30,300000,-9053,True,13,-8954,,300000
knapsack,inverse,30,3,penalty,poa,30,300000,-9053,True,14,-8973,,300000
knapsack,inverse,30,3,penalty,poa,30,300000,-9053,True,15,-8953,,300000
knapsack,inverse,30,3,penalty,poa,30,300000,-9053,True,16,-8954,,300000
knapsack,inverse,30,3,penalty,poa,30,300000,-9053,True,17,-8953,,300000
knapsack,inverse,30,3,penalty,poa,30,300000,-9053,True,18,-9033,,300000
knapsack,inverse,30,3,penalty,poa,30,300000,-9053,True,19,-8984,,300000
knapsack,inverse,30,3,penalty,poa,30,300000,-9053,True,20,-8953,,300000
knapsack,inverse,30,3,penalty,poa,30,300000,-9053,True,21,-8954,,300000
knapsack,inverse,30,3,penalty,poa,30,300000,-9053,True,22,-8953,,300000
knapsack,inverse,30,3,penalty,poa,30,300000,-9053,True,23,-8953,,300000
knapsack,inverse,30,3,penalty,poa,30,300000,-9053,True,24,-8953,,300000
knapsack,inverse,30,3,penalty,poa,30,300000,-9053,True,25,-8954,,300000
knapsack,inverse,30,3,penalty,poa,30,300000,-9053,True,26,-8951,,300000
knapsack,inverse,30,3,penalty,poa,30,300000,-9053,True,27,-9000,,300000
knapsack,inverse,30,3,penalty,poa,30,300000,-9053,True,28,-8949,,300000
knapsack,inverse,30,3,penalty,poa,30,300000,-9053,True,29,-8953,,300000
knapsack,inverse,30,3,penalty,poa,30,300000,-9053,True,30,-8950,,300000
knapsack,inverse,30,4,penalty,mpoa,30,300000,-7385,True,0,-7303,,300000
knapsack,inverse,30,4,penalty,mpoa,30,300000,-7385,True,1,-7305,,300000
knapsack,inverse,30,4,penalty,mpoa,30,300000,-7385,True,2,-7265,,300000
knapsack,inverse,30,4,penalty,mpoa,30,300000,-7385,True,3,-7317,,300000
knapsack,inverse,30,4,penalty,mpoa,30,300000,-7385,True,4,-7250,,300000
knapsack,inverse,30,4,penalty,mpoa,30,300000,-7385,True,5,-7247,,300000
knapsack,inverse,30,4,penalty,mpoa,30,300000,-7385,True,6,-7302,,300000
knapsack,inverse,30,4,penalty,mpoa,30,300000,-7385,True,7,-7218,,300000
knapsack,inverse,30,4,penalty,mpoa,30,300000,-7385,True,8,-7316,,300000
knapsack,inverse,30,4,penalty,mpoa,30,300000,-7385,True,9,-7302,,300000
knapsack,inverse,30,4,penalty,mpoa,30,300000,-7385,True,10,-7264,,300000
knapsack,inverse,30,4,penalty,mpoa,30,300000,-7385,True,11,-7312,,300000
knapsack,inverse,30,4,penalty,mpoa,30,300000,-7385,True,12,-7288,,300000
knapsack,inverse,30,4,penalty,mpoa,30,300000,-7385,True,13,-7303,,300000
knapsack,inverse,30,4,penalty,mpoa,30,300000,-7385,True,14,-7245,,300000
knapsack,inverse,30,4,penalty,mpoa,30,300000,-7385,True,15,-7302,,300000
knapsack,inverse,30,4,penalty,mpoa,30,300000,-7385,True,16,-7228,,300000
knapsack,inverse,30,4,penalty,mpoa,30,300000,-7385,True,17,-7296,,300000
knapsack,inverse,30,4,penalty,mpoa,30,300000,-7385,True,18,-7290,,300000
knapsack,inverse,30,4,penalty,mpoa,30,300000,-7385,True,19,-7215,,300000
knapsack,inverse,30,4,penalty,mpoa,30,300000,-7385,True,20,-7300,,300000
knapsack,inverse,30,4,penalty,mpoa,30,300000,-7385,True,21,-7279,,300000
knapsack,inverse,30,4,penalty,mpoa,30,300000,-7385,True,22,-7320,,300000
knapsack,inverse,30,4,penalty,mpoa,30,300000,-7385,True,23,-7295,,300000
knapsack,inverse,30,4,penalty,mpoa,30,300000,-7385,True,24,-7246,,300000
knapsack,inverse,30,4,penalty,mpoa,30,300000,-7385,True,25,-7220,,300000
knapsack,inverse,30,4,penalty,mpoa,30,300000,-7385,True,26,-7319,,300000
knapsack,inverse,30,4,penalty,mpoa,30,300000,-7385,True,27,-7307,,300000
knapsack,inverse,30,4,penalty,mpoa,30,300000,-7385,True,28,-7278,,300000
knapsack,inverse,30,4,penalty,mpoa,30,300000,-7385,True,29,-7261,,300000
knapsack,inverse,30,4,penalty,mpoa,30,300000,-7385,True,30,-7306,,300000
knapsack,inverse,30,4,penalty,poa,30,300000,-7385,True,0,-7320,,300000
knapsack,inverse,30,4,penalty,poa,30,300000,-7385,True,1,-7305,,300000
knapsack,inverse,30,4,penalty,poa,30,300000,-7385,True,2,-7262,,300000
knapsack,inverse,30,4,penalty,poa,30,300000,-7385,True,3,-7316,,300000
knapsack,inverse,30,4,penalty,poa,30,300000,-7385,True,4,-7219,,300000
knapsack,inverse,30,4,penalty,poa,30,300000,-7385,True,5,-7262,,300000
knapsack,inverse,30,4,penalty,poa,30,300000,-7385,True,6,-7309,,300000
knapsack,inverse,30,4,penalty,poa,30,300000,-7385,True,7,-7301,,300000
knapsack,inverse,30,4,penalty,poa,30,300000,-7385,True,8,-7316,,300000
knapsack,inverse,30,4,penalty,poa,30,300000,-7385,True,9,-7303,,300000
knapsack,inverse,30,4,penalty,poa,30,300000,-7385,True,10,-7303,,300000
knapsack,inverse,30,4,penalty,poa,30,300000,-7385,True,11,-7310,,300000
knapsack,inverse,30,4,penalty,poa,30,300000,-7385,True,12,-7288,,300000
knapsack,inverse,30,4,penalty,poa,30,300000,-7385,True,13,-7259,,300000
knapsack,inverse,30,4,penalty,poa,30,300000,-7385,True,14,-7273,,300000
knapsack,inverse,30,4,penalty,poa,30,300000,-7385,True,15,-7302,,300000
knapsack,inverse,30,4,penalty,poa,30,300000,-7385,True,16,-7228,,300000
knapsack,inverse,30,4,penalty,poa,30,300000,-7385,True,17,-7309,,300000
knapsack,inverse,30,4,penalty,poa,30,300000,-7385,True,18,-7290,,300000
knapsack,inverse,30,4,penalty,poa,30,300000,-7385,True,19,-7321,,300000
knapsack,inverse,30,4,penalty,poa,30,300000,-7385,True,20,-7305,,300000
knapsack,inverse,30,4,penalty,poa,30,300000,-7385,True,21,-7292,,300000
knapsack,inverse,30,4,penalty,poa,30,300000,-7385,True,22,-7313,,300000
knapsack,inverse,30,4,penalty,poa,30,300000,-7385,True,23,-7280,,300000
knapsack,inverse,30,4,penalty,poa,30,300000,-7385,True,24,-7213,,300000
knapsack,inverse,30,4,penalty,poa,30,300000,-7385,True,25,-7296,,300000
knapsack,inverse,30,4,penalty,poa,30,300000,-7385,True,26,-7318,,300000
knapsack,inverse,30,4,penalty,poa,30,300000,-7385,True,27,-7316,,300000
knapsack,inverse,30,4,penalty,poa,30,300000,-7385,True,28,-7376,,300000
knapsack,inverse,30,4,penalty,poa,30,300000,-7385,True,29,-7307,,300000
knapsack,inverse,30,4,penalty,poa,30,300000,-7385,True,30,-7311,,300000
knapsack,strongly,80,0,penalty,poa,80,800000,-24176,True,0,-23646,,800000
knapsack,strongly,80,0,penalty,poa,80,800000,-24176,True,1,-23462,,800000
knapsack,strongly,80,0,penalty,poa,80,800000,-24176,True,2,-23400,,800000
knapsack,strongly,80,0,penalty,poa,80,800000,-24176,True,3,-23523,,800000
knapsack,strongly,80,0,penalty,poa,80,800000,-24176,True,4,-23437,,800000
knapsack,strongly,80,0,penalty,poa,80,800000,-24176,True,5,-23672,,800000
knapsack,strongly,80,0,penalty,poa,80,800000,-24176,True,6,-23557,,800000
knapsack,strongly,80,0,penalty,poa,80,800000,-24176,True,7,-23463,,800000
knapsack,strongly,80,0,penalty,poa,80,800000,-24176,True,8,-23376,,800000
knapsack,strongly,80,0,penalty,poa,80,800000,-24176,True,9,-23549,,800000
knapsack,strongly,80,0,penalty,poa,80,800000,-24176,True,10,-23471,,800000
knapsack,strongly,80,0,penalty,poa,80,800000,-24176,True,11,-23657,,800000
knapsack,strongly,80,0,penalty,poa,80,800000,-24176,True,12,-23528,,800000
knapsack,strongly,80,0,penalty,poa,80,800000,-24176,True,13,-23458,,800000
knapsack,strongly,80,0,penalty,poa,80,800000,-24176,True,14,-23470,,800000
knapsack,strongly,80,0,penalty,poa,80,800000,-24176,True,15,-23460,,800000
knapsack,strongly,80,0,penalty,poa,80,800000,-24176,True,16,-23527,,800000
knapsack,strongly,80,0,penalty,poa,80,800000,-24176,True,17,-23369,,800000
knapsack,strongly,80,0,penalty,poa,80,800000,-24176,True,18,-23650,,800000
knapsack,strongly,80,0,penalty,poa,80,800000,-24176,True,19,-23402,,800000
knapsack,strongly,80,0,penalty,poa,80,800000,-24176,True,20,-23354,,800000
knapsack,strongly,80,0,penalty,poa,80,800000,-24176,True,21,-23366,,800000
knapsack,strongly,80,0,penalty,poa,80,800000,-24176,True,22,-23399,,800000
knapsack,strongly,80,0,penalty,poa,80,800000,-24176,True,23,-23603,,800000
knapsack,strongly,80,0,penalty,poa,80,800000,-24176,True,24,-23570,,800000
knapsack,strongly,80,0,penalty,poa,80,800000,-24176,True,25,-23403,,800000
knapsack,strongly,80,0,penalty,poa,80,800000,-24176,True,26,-23344,,800000
knapsack,strongly,80,0,penalty,poa,80,800000,-24176,True,27,-23380,,800000
knapsack,strongly,80,0,penalty,poa,80,800000,-24176,True,28,-23435,,800000
knapsack,strongly,80,0,penalty,poa,80,800000,-24176,True,29,-23465,,800000
knapsack,strongly,80,0,penalty,poa,80,800000,-24176,True,30,-23464,,800000
knapsack,inverse,50,0,penalty,mpoa,50,500000,-14041,True,0,-13726,,500000
knapsack,inverse,50,0,penalty,mpoa,50,500000,-14041,True,1,-13738,,500000
knapsack,inverse,50,0,penalty,mpoa,50,500000,-14041,True,2,-13733,,500000
knapsack,inverse,50,0,penalty,mpoa,50,500000,-14041,True,3,-13765,,500000
knapsack,inverse,50,0,penalty,mpoa,50,500000,-14041,True,4,-13830,,500000
knapsack,inverse,50,0,penalty,mpoa,50,500000,-14041,True,5,-13815,,500000
knapsack,inverse,50,0,penalty,mpoa,50,500000,-14041,True,6,-13813,,500000
knapsack,inverse,50,0,penalty,mpoa,50,500000,-14041,True,7,-13766,,500000
knapsack,inverse,50,0,penalty,mpoa,50,500000,-14041,True,8,-13816,,500000
knapsack,inverse,50,0,penalty,mpoa,50,500000,-14041,True,9,-13769,,500000
knapsack,inverse,50,0,penalty,mpoa,50,500000,-14041,True,10,-13730,,500000
knapsack,inverse,50,0,penalty,mpoa,50,500000,-14041,True,11,-13737,,500000
knapsack,inverse,50,0,penalty,mpoa,50,500000,-14041,True,12,-13738,,500000
knapsack,inverse,50,0,penalty,mpoa,50,500000,-14041,True,13,-13760,,500000
knapsack,inverse,50,0,penalty,mpoa,50,500000,-14041,True,14,-13792,,500000
knapsack,inverse,50,0,penalty,mpoa,50,500000,-14041,True,15,-13738,,500000
knapsack,inverse,50,0,penalty,mpoa,50,500000,-14041,True,16,-13828,,500000
knapsack,inverse,50,0,penalty,mpoa,50,500000,-14041,True,17,-13819,,500000
knapsack,inverse,50,0,penalty,mpoa,50,500000,-14041,True,18,-13784,,500000
knapsack,inverse,50,0,penalty,mpoa,50,500000,-14041,True,19,-13791,,500000
knapsack,inverse,50,0,penalty,mpoa,50,500000,-14041,True,20,-13784,,500000
knapsack,inverse,50,0,penalty,mpoa,50,500000,-14041,True,21,-13737,,500000
knapsack,inverse,50,0,penalty,mpoa,50,500000,-14041,True,22,-13730,,500000
knapsack,inverse,50,0,penalty,mpoa,50,500000,-14041,True,23,-13894,,500000
knapsack,inverse,50,0,penalty,mpoa,50,500000,-14041,True,24,-13738,,500000
knapsack,inverse,50,0,penalty,mpoa,50,500000,-14041,True,25,-13839,,500000
knapsack,inverse,50,0,penalty,mpoa,50,500000,-14041,True,26,-13752,,500000
knapsack,inverse,50,0,penalty,mpoa,50,500000,-14041,True,27,-13740,,500000
knapsack,inverse,50,0,penalty,mpoa,50,500000,-14041,True,28,-13807,,500000
knapsack,inverse,50,0,penalty,mpoa,50,500000,-14041,True,29,-13727,,500000
knapsack,inverse,50,0,penalty,mpoa,50,500000,-14041,True,30,-13768,,500000
knapsack,inverse,50,1,penalty,mpoa,50,500000,-13084,True,0,-12884,,500000
knapsack,inverse,50,1,penalty,mpoa,50,500000,-13084,True,1,-12774,,500000
knapsack,inverse,50,1,penalty,mpoa,50,500000,-13084,True,2,-12795,,500000
knapsack,inverse,50,1,penalty,mpoa,50,500000,-13084,True,3,-12768,,500000
knapsack,inverse,50,1,penalty,mpoa,50,500000,-13084,True,4,-12862,,500000
knapsack,inverse,50,1,penalty,mpoa,50,500000,-13084,True,5,-12875,,500000
knapsack,inverse,50,1,penalty,mpoa,50,500000,-13084,True,6,-12833,,500000
knapsack,inverse,50,1,penalty,mpoa,50,500000,-13084,True,7,-12773,,500000
knapsack,inverse,50,1,penalty,mpoa,50,500000,-13084,True,8,-12800,,500000
knapsack,inverse,50,1,penalty,mpoa,50,500000,-13084,True,9,-12779,,500000
knapsack,inverse,50,1,penalty,mpoa,50,500000,-13084,True,10,-12745,,500000
knapsack,inverse,50,1,penalty,mpoa,50,500000,-13084,True,11,-12822,,500000
knapsack,inverse,50,1,penalty,mpoa,50,500000,-13084,True,12,-12764,,500000
knapsack,inverse,50,1,penalty,mpoa,50,500000,-13084,True,13,-12839,,500000
knapsack,inverse,50,1,penalty,mpoa,50,500000,-13084,True,14,-12843,,500000
knapsack,inverse,50,1,penalty,mpoa,50,500000,-13084,True,15,-12799,,500000
knapsack,inverse,50,1,penalty,mpoa,50,500000,-13084,True,16,-12780,,500000
knapsack,inverse,50,1,penalty,mpoa,50,500000,-13084,True,17,-12865,,500000
knapsack,inverse,50,1,penalty,mpoa,50,500000,-13084,True,18,-12819,,500000
knapsack,inverse,50,1,penalty,mpoa,50,500000,-13084,True,19,-12804,,500000
knapsack,inverse,50,1,penalty,mpoa,50,500000,-13084,True,20,-12739,,500000
knapsack,inverse,50,1,penalty,mpoa,50,500000,-13084,True,21,-12848,,500000
knapsack,inverse,50,1,penalty,mpoa,50,500000,-13084,True,22,-12933,,500000
knapsack,inverse,50,1,penalty,mpoa,50,500000,-13084,True,23,-12831,,500000
knapsack,inverse,50,1,penalty,mpoa,50,500000,-13084,True,24,-12670,,500000
knapsack,inverse,50,1,penalty,mpoa,50,500000,-13084,True,25,-12765,,500000
knapsack,inverse,50,1,penalty,mpoa,50,500000,-13084,True,26,-12740,,500000
knapsack,inverse,50,1,penalty,mpoa,50,500000,-13084,True,27,-12875,,500000
knapsack,inverse,50,1,penalty,mpoa,50,500000,-13084,True,28,-12755,,500000
knapsack,inverse,50,1,penalty,mpoa,50,500000,-13084,True,29,-12776,,500000
knapsack,inverse,50,1,penalty,mpoa,50,500000,-13084,True,30,-12776,,500000
knapsack,inverse,50,2,penalty,mpoa,50,500000,-12101,True,0,-11787,,500000
knapsack,inverse,50,2,penalty,mpoa,50,500000,-12101,True,1,-11693,,500000
knapsack,inverse,50,2,penalty,mpoa,50,500000,-12101,True,2,-11764,,500000
knapsack,inverse,50,2,penalty,mpoa,50,500000,-12101,True,3,-11790,,500000
knapsack,inverse,50,2,penalty,mpoa,50,500000,-12101,True,4,-11697,,500000
knapsack,inverse,50,2,penalty,mpoa,50,500000,-12101,True,5,-11792,,500000
knapsack,inverse,50,2,penalty,mpoa,50,500000,-12101,True,6,-11686,,500000
knapsack,inverse,50,2,penalty,mpoa,50,500000,-12101,True,7,-11787,,500000
knapsack,inverse,50,2,penalty,mpoa,50,500000,-12101,True,8,-11733,,500000
knapsack,inverse,50,2,penalty,mpoa,50,500000,-12101,True,9,-11694,,500000
knapsack,inverse,50,2,penalty,mpoa,50,500000,-12101,True,10,-11776,,500000
knapsack,inverse,50,2,penalty,mpoa,50,500000,-12101,True,11,-11763,,500000
knapsack,inverse,50,2,penalty,mpoa,50,500000,-12101,True,12,-11752,,500000
knapsack,inverse,50,2,penalty,mpoa,50,500000,-12101,True,13,-11775,,500000
knapsack,inverse,50,2,penalty,mpoa,50,500000,-12101,True,14,-11842,,500000
knapsack,inverse,50,2,penalty,mpoa,50,500000,-12101,True,15,-11672,,500000
knapsack,inverse,50,2,penalty,mpoa,50,500000,-12101,True,16,-11794,,500000
knapsack,inverse,50,2,penalty,mpoa,50,500000,-12101,True,17,-11712,,500000
knapsack,inverse,50,2,penalty,mpoa,50,500000,-12101,True,18,-11699,,500000
knapsack,inverse,50,2,penalty,mpoa,50,500000,-12101,True,19,-11703,,500000
knapsack,inverse,50,2,penalty,mpoa,50,500000,-12101,True,20,-11798,,500000
knapsack,inverse,50,2,penalty,mpoa,50,500000,-12101,True,21,-11718,,500000
knapsack,inverse,50,2,penalty,mpoa,50,500000,-12101,True,22,-11651,,500000
knapsack,inverse,50,2,penalty,mpoa,50,500000,-12101,True,23,-11760,,500000
knapsack,inverse,50,2,penalty,mpoa,50,500000,-12101,True,24,-11662,,500000
knapsack,inverse,50,2,penalty,mpoa,50,500000,-12101,True,25,-11701,,500000
knapsack,inverse,50,2,penalty,mpoa,50,500000,-12101,True,26,-11763,,500000
knapsack,inverse,50,2,penalty,mpoa,50,500000,-12101,True,27,-11769,,500000
knapsack,inverse,50,2,penalty,mpoa,50,500000,-12101,True,28,-11704,,500000
knapsack,inverse,50,2,penalty,mpoa,50,500000,-12101,True,29,-11690,,500000
knapsack,inverse,50,2,penalty,mpoa,50,500000,-12101,True,30,-11699,,500000
knapsack,inverse,50,3,penalty,mpoa,50,500000,-14015,True,0,-13835,,500000
knapsack,inverse,50,3,penalty,mpoa,50,500000,-14015,True,1,-13790,,500000
knapsack,inverse,50,3,penalty,mpoa,50,500000,-14015,True,2,-13757,,500000
knapsack,inverse,50,3,penalty,mpoa,50,500000,-14015,True,3,-13804,,500000
knapsack,inverse,50,3,penalty,mpoa,50,500000,-14015,True,4,-13741,,500000
knapsack,inverse,50,3,penalty,mpoa,50,500000,-14015,True,5,-13799,,500000
knapsack,inverse,50,3,penalty,mpoa,50,500000,-14015,True,6,-13706,,500000
knapsack,inverse,50,3,penalty,mpoa,50,500000,-14015,True,7,-13806,,500000
knapsack,inverse,50,3,penalty,mpoa,50,500000,-14015,True,8,-13806,,500000
knapsack,inverse,50,3,penalty,mpoa,50,500000,-14015,True,9,-13711,,500000
knapsack,inverse,50,3,penalty,mpoa,50,500000,-14015,True,10,-13666,,500000
knapsack,inverse,50,3,penalty,mpoa,50,500000,-14015,True,11,-13708,,500000
knapsack,inverse,50,3,penalty,mpoa,50,500000,-14015,True,12,-13803,,500000
knapsack,inverse,50,3,penalty,mpoa,50,500000,-14015,True,13,-13793,,500000
knapsack,inverse,50,3,penalty,mpoa,50,500000,-14015,True,14,-13779,,500000
knapsack,inverse,50,3,penalty,mpoa,50,500000,-14015,True,15,-13689,,500000
knapsack,inverse,50,3,penalty,mpoa,50,500000,-14015,True,16,-13785,,500000
knapsack,inverse,50,3,penalty,mpoa,50,500000,-14015,True,17,-13759,,500000
knapsack,inverse,50,3,penalty,mpoa,50,500000,-14015,True,18,-13725,,500000
knapsack,inverse,50,3,penalty,mpoa,50,500000,-14015,True,19,-13665,,500000
knapsack,inverse,50,3,penalty,mpoa,50,500000,-14015,True,20,-13758,,500000
knapsack,inverse,50,3,penalty,mpoa,50,500000,-14015,True,21,-13781,,500000
knapsack,inverse,50,3,penalty,mpoa,50,500000,-14015,True,22,-13790,,500000
knapsack,inverse,50,3,penalty,mpoa,50,500000,-14015,True,23,-13708,,500000
knapsack,inverse,50,3,penalty,mpoa,50,500000,-14015,True,24,-13737,,500000
knapsack,inverse,50,3,penalty,mpoa,50,500000,-14015,True,25,-13707,,500000
knapsack,inverse,50,3,penalty,mpoa,50,500000,-14015,True,26,-13796,,500000
knapsack,inverse,50,3,penalty,mpoa,50,500000,-14015,True,27,-13687,,500000
knapsack,inverse,50,3,penalty,mpoa,50,500000,-14015,True,28,-13693,,500000
knapsack,inverse,50,3,penalty,mpoa,50,500000,-14015,True,29,-13724,,500000
knapsack,inverse,50,3,penalty,mpoa,50,500000,-14015,True,30,-13706,,500000
knapsack,strongly,80,1,penalty,poa,80,800000,-26770,True,0,-26112,,800000
knapsack,strongly,80,1,penalty,poa,80,800000,-26770,True,1,-26262,,800000
knapsack,strongly,80,1,penalty,poa,80,800000,-26770,True,2,-26353,,800000
knapsack,strongly,80,1,penalty,poa,80,800000,-26770,True,3,-26089,,800000
knapsack,strongly,80,1,penalty,poa,80,800000,-26770,True,4,-26241,,800000
knapsack,strongly,80,1,penalty,poa,80,800000,-26770,True,5,-26214,,800000
knapsack,strongly,80,1,penalty,poa,80,800000,-26770,True,6,-26110,,800000
knapsack,strongly,80,1,penalty,poa,80,800000,-26770,True,7,-26180,,800000
knapsack,strongly,80,1,penalty,poa,80,800000,-26770,True,8,-26217,,800000
knapsack,strongly,80,1,penalty,poa,80,800000,-26770,True,9,-26151,,800000
knapsack,strongly,80,1,penalty,poa,80,800000,-26770,True,10,-26170,,800000
knapsack,strongly,80,1,penalty,poa,80,800000,-26770,True,11,-26134,,800000
knapsack,strongly,80,1,penalty,poa,80,800000,-26770,True,12,-26149,,800000
knapsack,strongly,80,1,penalty,poa,80,800000,-26770,True,13,-26096,,800000
knapsack,strongly,80,1,penalty,poa,80,800000,-26770,True,14,-26103,,800000
knapsack,strongly,80,1,penalty,poa,80,800000,-26770,True,15,-26250,,800000
knapsack,strongly,80,1,penalty,poa,80,800000,-26770,True,16,-26301,,800000
knapsack,strongly,80,1,penalty,poa,80,800000,-26770,True,17,-26146,,800000
knapsack,strongly,80,1,penalty,poa,80,800000,-26770,True,18,-26316,,800000
knapsack,strongly,80,1,penalty,poa,80,800000,-26770,True,19,-26267,,800000
knapsack,strongly,80,1,penalty,poa,80,800000,-26770,True,20,-26356,,800000
knapsack,strongly,80,1,penalty,poa,80,800000,-26770,True,21,-26259,,800000
knapsack,strongly,80,1,penalty,poa,80,800000,-26770,True,22,-26169,,800000
knapsack,strongly,80,1,penalty,poa,80,800000,-26770,True,23,-26157,,800000
knapsack,strongly,80,1,penalty,poa,80,800000,-26770,True,24,-26224,,800000
knapsack,strongly,80,1,penalty,poa,80,800000,-26770,True,25,-26162,,800000
knapsack,strongly,80,1,penalty,poa,80,800000,-26770,True,26,-26152,,800000
knapsack,strongly,80,1,penalty,poa,80,800000,-26770,True,27,-26360,,800000
knapsack,strongly,80,1,penalty,poa,80,800000,-26770,True,28,-26070,,800000
knapsack,strongly,80,1,penalty,poa,80,800000,-26770,True,29,-26215,,800000
knapsack,strongly,80,1,penalty,poa,80,800000,-26770,True,30,-26169,,800000
knapsack,strongly,80,3,penalty,poa,80,800000,-24517,True,0,-23800,,800000
knapsack,strongly,80,3,penalty,poa,80,800000,-24517,True,1,-23712,,800000
knapsack,strongly,80,3,penalty,poa,80,800000,-24517,True,2,-23778,,800000
knapsack,strongly,80,3,penalty,poa,80,800000,-24517,True,3,-23732,,800000
knapsack,strongly,80,3,penalty,poa,80,800000,-24517,True,4,-23663,,800000
knapsack,strongly,80,3,penalty,poa,80,800000,-24517,True,5,-23781,,800000
knapsack,strongly,80,3,penalty,poa,80,800000,-24517,True,6,-23680,,800000
knapsack,strongly,80,3,penalty,poa,80,800000,-24517,True,7,-23716,,800000
knapsack,strongly,80,3,penalty,poa,80,800000,-24517,True,8,-24005,,800000
knapsack,strongly,80,3,penalty,poa,80,800000,-24517,True,9,-23699,,800000
knapsack,strongly,80,3,penalty,poa,80,800000,-24517,True,10,-23767,,800000
knapsack,strongly,80,3,penalty,poa,80,800000,-24517,True,11,-23775,,800000
knapsack,strongly,80,3,penalty,poa,80,800000,-24517,True,12,-23695,,800000
knapsack,strongly,80,3,penalty,poa,80,800000,-24517,True,13,-23609,,800000
knapsack,strongly,80,3,penalty,poa,80,800000,-24517,True,14,-23742,,800000
knapsack,strongly,80,3,penalty,poa,80,800000,-24517,True,15,-23812,,800000
knapsack,strongly,80,3,penalty,poa,80,800000,-24517,True,16,-23778,,800000
knapsack,strongly,80,3,penalty,poa,80,800000,-24517,True,17,-23682,,800000
knapsack,strongly,80,3,penalty,poa,80,800000,-24517,True,18,-23775,,800000
knapsack,strongly,80,3,penalty,poa,80,800000,-24517,True,19,-23884,,800000
knapsack,strongly,80,3,penalty,poa,80,800000,-24517,True,20,-23798,,800000
knapsack,strongly,80,3,penalty,poa,80,800000,-24517,True,21,-23906,,800000
knapsack,strongly,80,3,penalty,poa,80,800000,-24517,True,22,-23766,,800000
knapsack,strongly,80,3,penalty,poa,80,800000,-24517,True,23,-23720,,800000
knapsack,strongly,80,3,penalty,poa,80,800000,-24517,True,24,-23809,,800000
knapsack,strongly,80,3,penalty,poa,80,800000,-24517,True,25,-23709,,800000
knapsack,strongly,80,3,penalty,poa,80,800000,-24517,True,26,-23693,,800000
knapsack,strongly,80,3,penalty,poa,80,800000,-24517,True,27,-23789,,800000
knapsack,strongly,80,3,penalty,poa,80,800000,-24517,True,28,-23896,,800000
knapsack,strongly,80,3,penalty,poa,80,800000,-24517,True,29,-23810,,800000
knapsack,strongly,80,3,penalty,poa,80,800000,-24517,True,30,-23751,,800000
knapsack,strongly,80,2,penalty,poa,80,800000,-25888,True,0,-25249,,800000
knapsack,strongly,80,2,penalty,poa,80,800000,-25888,True,1,-25176,,800000
knapsack,strongly,80,2,penalty,poa,80,800000,-25888,True,2,-25235,,800000
knapsack,strongly,80,2,penalty,poa,80,800000,-25888,True,3,-25145,,800000
knapsack,strongly,80,2,penalty,poa,80,800000,-25888,True,4,-25259,,800000
knapsack,strongly,80,2,penalty,poa,80,800000,-25888,True,5,-25182,,800000
knapsack,strongly,80,2,penalty,poa,80,800000,-25888,True,6,-25379,,800000
knapsack,strongly,80,2,penalty,poa,80,800000,-25888,True,7,-25186,,800000
knapsack,strongly,80,2,penalty,poa,80,800000,-25888,True,8,-25081,,800000
knapsack,strongly,80,2,penalty,poa,80,800000,-25888,True,9,-25084,,800000
knapsack,strongly,80,2,penalty,poa,80,800000,-25888,True,10,-25425,,800000
knapsack,strongly,80,2,penalty,poa,80,800000,-25888,True,11,-25148,,800000
knapsack,strongly,80,2,penalty,poa,80,800000,-25888,True,12,-25199,,800000
knapsack,strongly,80,2,penalty,poa,80,800000,-25888,True,13,-25326,,800000
knapsack,strongly,80,2,penalty,poa,80,800000,-25888,True,14,-25158,,800000
knapsack,strongly,80,2,penalty,poa,80,800000,-25888,True,15,-25120,,800000
knapsack,strongly,80,2,penalty,poa,80,800000,-25888,True,16,-25224,,800000
knapsack,strongly,80,2,penalty,poa,80,800000,-25888,True,17,-25159,,800000
knapsack,strongly,80,2,penalty,poa,80,800000,-25888,True,18,-25182,,800000
knapsack,strongly,80,2,penalty,poa,80,800000,-25888,True,19,-25190,,800000
knapsack,strongly,80,2,penalty,poa,80,800000,-25888,True,20,-25080,,800000
knapsack,strongly,80,2,penalty,poa,80,800000,-25888,True,21,-25206,,800000
knapsack,strongly,80,2,penalty,poa,80,800000,-25888,True,22,-25288,,800000
knapsack,strongly,80,2,penalty,poa,80,800000,-25888,True,23,-25184,,800000
knapsack,strongly,80,2,penalty,poa,80,800000,-25888,True,24,-25324,,800000
knapsack,strongly,80,2,penalty,poa,80,800000,-25888,True,25,-25288,,800000
knapsack,strongly,80,2,penalty,poa,80,800000,-25888,True,26,-25257,,800000
knapsack,strongly,80,2,penalty,poa,80,800000,-25888,True,27,-25202,,800000
knapsack,strongly,80,2,penalty,poa,80,800000,-25888,True,28,-25148,,800000
knapsack,strongly,80,2,penalty,poa,80,800000,-25888,True,29,-25279,,800000
knapsack,strongly,80,2,penalty,poa,80,800000,-25888,True,30,-25174,,800000
knapsack,inverse,50,4,penalty,mpoa,50,500000,-14108,True,0,-13806,,500000
knapsack,inverse,50,4,penalty,mpoa,50,500000,-14108,True,1,-13881,,500000
knapsack,inverse,50,4,penalty,mpoa,50,500000,-14108,True,2,-13786,,500000
knapsack,inverse,50,4,penalty,mpoa,50,500000,-14108,True,3,-13759,,500000
knapsack,inverse,50,4,penalty,mpoa,50,500000,-14108,True,4,-13755,,500000
knapsack,inverse,50,4,penalty,mpoa,50,500000,-14108,True,5,-13900,,500000
knapsack,inverse,50,4,penalty,mpoa,50,500000,-14108,True,6,-13805,,500000
knapsack,inverse,50,4,penalty,mpoa,50,500000,-14108,True,7,-13703,,500000
knapsack,inverse,50,4,penalty,mpoa,50,500000,-14108,True,8,-13894,,500000
knapsack,inverse,50,4,penalty,mpoa,50,500000,-14108,True,9,-13864,,500000
knapsack,inverse,50,4,penalty,mpoa,50,500000,-14108,True,10,-13807,,500000
knapsack,inverse,50,4,penalty,mpoa,50,500000,-14108,True,11,-13848,,500000
knapsack,inverse,50,4,penalty,mpoa,50,500000,-14108,True,12,-13842,,500000
knapsack,inverse,50,4,penalty,mpoa,50,500000,-14108,True,13,-13808,,500000
knapsack,inverse,50,4,penalty,mpoa,50,500000,-14108,True,14,-13804,,500000
knapsack,inverse,50,4,penalty,mpoa,50,500000,-14108,True,15,-13804,,500000
knapsack,inverse,50,4,penalty,mpoa,50,500000,-14108,True,16,-13820,,500000
knapsack,inverse,50,4,penalty,mpoa,50,500000,-14108,True,17,-13942,,500000
knapsack,inverse,50,4,penalty,mpoa,50,500000,-14108,True,18,-13808,,500000
knapsack,inverse,50,4,penalty,mpoa,50,500000,-14108,True,19,-13804,,500000
knapsack,inverse,50,4,penalty,mpoa,50,500000,-14108,True,20,-13791,,500000
knapsack,inverse,50,4,penalty,mpoa,50,500000,-14108,True,21,-13807,,500000
knapsack,inverse,50,4,penalty,mpoa,50,500000,-14108,True,22,-13835,,500000
knapsack,inverse,50,4,penalty,mpoa,50,500000,-14108,True,23,-13879,,500000
knapsack,inverse,50,4,penalty,mpoa,50,500000,-14108,True,24,-13792,,500000
knapsack,inverse,50,4,penalty,mpoa,50,500000,-14108,True,25,-13791,,500000
knapsack,inverse,50,4,penalty,mpoa,50,500000,-14108,True,26,-13903,,500000
knapsack,inverse,50,4,penalty,mpoa,50,500000,-14108,True,27,-13807,,500000
knapsack,inverse,50,4,penalty,mpoa,50,500000,-14108,True,28,-13873,,500000
knapsack,inverse,50,4,penalty,mpoa,50,500000,-14108,True,29,-13907,,500000
knapsack,inverse,50,4,penalty,mpoa,50,500000,-14108,True,30,-13709,,500000
knapsack,inverse,50,0,penalty,poa,50,500000,-14041,True,0,-13839,,500000
knapsack,inverse,50,0,penalty,poa,50,500000,-14041,True,1,-13741,,500000
knapsack,inverse,50,0,penalty,poa,50,500000,-14041,True,2,-13756,,500000
knapsack,inverse,50,0,penalty,poa,50,500000,-14041,True,3,-13777,,500000
knapsack,inverse,50,0,penalty,poa,50,500000,-14041,True,4,-13790,,500000
knapsack,inverse,50,0,penalty,poa,50,500000,-14041,True,5,-13797,,500000
knapsack,inverse,50,0,penalty,poa,50,500000,-14041,True,6,-13814,,500000
knapsack,inverse,50,0,penalty,poa,50,500000,-14041,True,7,-13751,,500000
knapsack,inverse,50,0,penalty,poa,50,500000,-14041,True,8,-13840,,500000
knapsack,inverse,50,0,penalty,poa,50,500000,-14041,True,9,-13838,,500000
knapsack,inverse,50,0,penalty,poa,50,500000,-14041,True,10,-13720,,500000
knapsack,inverse,50,0,penalty,poa,50,500000,-14041,True,11,-13722,,500000
knapsack,inverse,50,0,penalty,poa,50,500000,-14041,True,12,-13736,,500000
knapsack,inverse,50,0,penalty,poa,50,500000,-14041,True,13,-13795,,500000
knapsack,inverse,50,0,penalty,poa,50,500000,-14041,True,14,-13830,,500000
knapsack,inverse,50,0,penalty,poa,50,500000,-14041,True,15,-13770,,500000
knapsack,inverse,50,0,penalty,poa,50,500000,-14041,True,16,-13824,,500000
knapsack,inverse,50,0,penalty,poa,50,500000,-14041,True,17,-13788,,500000
knapsack,inverse,50,0,penalty,poa,50,500000,-14041,True,18,-13815,,500000
knapsack,inverse,50,0,penalty,poa,50,500000,-14041,True,19,-13771,,500000
knapsack,inverse,50,0,penalty,poa,50,500000,-14041,True,20,-13837,,500000
knapsack,inverse,50,0,penalty,poa,50,500000,-14041,True,21,-13793,,500000
knapsack,inverse,50,0,penalty,poa,50,500000,-14041,True,22,-13739,,500000
knapsack,inverse,50,0,penalty,poa,50,500000,-14041,True,23,-13876,,500000
knapsack,inverse,50,0,penalty,poa,50,500000,-14041,True,24,-13739,,500000
knapsack,inverse,50,0,penalty,poa,50,500000,-14041,True,25,-13827,,500000
knapsack,inverse,50,0,penalty,poa,50,500000,-14041,True,26,-13807,,500000
knapsack,inverse,50,0,penalty,poa,50,500000,-14041,True,27,-13740,,500000
knapsack,inverse,50,0,penalty,poa,50,500000,-14041,True,28,-13807,,500000
knapsack,inverse,50,0,penalty,poa,50,500000,-14041,True,29,-13754,,500000
knapsack,inverse,50,0,penalty,poa,50,500000,-14041,True,30,-13797,,500000
knapsack,inverse,50,1,penalty,poa,50,500000,-13084,True,0,-12780,,500000
knapsack,inverse,50,1,penalty,poa,50,500000,-13084,True,1,-12815,,500000
knapsack,inverse,50,1,penalty,poa,50,500000,-13084,True,2,-12880,,500000
knapsack,inverse,50,1,penalty,poa,50,500000,-13084,True,3,-12768,,500000
knapsack,inverse,50,1,penalty,poa,50,500000,-13084,True,4,-12874,,500000
knapsack,inverse,50,1,penalty,poa,50,500000,-13084,True,5,-12881,,500000
knapsack,inverse,50,1,penalty,poa,50,500000,-13084,True,6,-12833,,500000
knapsack,inverse,50,1,penalty,poa,50,500000,-13084,True,7,-12817,,500000
knapsack,inverse,50,1,penalty,poa,50,500000,-13084,True,8,-12849,,500000
knapsack,inverse,50,1,penalty,poa,50,500000,-13084,True,9,-12762,,500000
knapsack,inverse,50,1,penalty,poa,50,500000,-13084,True,10,-12863,,500000
knapsack,inverse,50,1,penalty,poa,50,500000,-13084,True,11,-12875,,500000
knapsack,inverse,50,1,penalty,poa,50,500000,-13084,True,12,-12780,,500000
knapsack,inverse,50,1,penalty,poa,50,500000,-13084,True,13,-12876,,500000
knapsack,inverse,50,1,penalty,poa,50,500000,-13084,True,14,-12843,,500000
knapsack,inverse,50,1,penalty,poa,50,500000,-13084,True,15,-12973,,500000
knapsack,inverse,50,1,penalty,poa,50,500000,-13084,True,16,-12782,,500000
knapsack,inverse,50,1,penalty,poa,50,500000,-13084,True,17,-12982,,500000
knapsack,inverse,50,1,penalty,poa,50,500000,-13084,True,18,-12863,,500000
knapsack,inverse,50,1,penalty,poa,50,500000,-13084,True,19,-12872,,500000
knapsack,inverse,50,1,penalty,poa,50,500000,-13084,True,20,-12784,,500000
knapsack,inverse,50,1,penalty,poa,50,500000,-13084,True,21,-12855,,500000
knapsack,inverse,50,1,penalty,poa,50,500000,-13084,True,22,-12781,,500000
knapsack,inverse,50,1,penalty,poa,50,500000,-13084,True,23,-12944,,500000
knapsack,inverse,50,1,penalty,poa,50,500000,-13084,True,24,-12761,,500000
knapsack,inverse,50,1,penalty,poa,50,500000,-13084,True,25,-12877,,500000
knapsack,inverse,50,1,penalty,poa,50,500000,-13084,True,26,-12770,,500000
knapsack,inverse,50,1,penalty,poa,50,500000,-13084,True,27,-12783,,500000
knapsack,inverse,50,1,penalty,poa,50,500000,-13084,True,28,-12865,,500000
knapsack,inverse,50,1,penalty,poa,50,500000,-13084,True,29,-12839,,500000
knapsack,inverse,50,1,penalty,poa,50,500000,-13084,True,30,-12853,,500000
knapsack,inverse,50,2,penalty,poa,50,500000,-12101,True,0,-11878,,500000
knapsack,inverse,50,2,penalty,poa,50,500000,-12101,True,1,-11753,,500000
knapsack,inverse,50,2,penalty,poa,50,500000,-12101,True,2,-11693,,500000
knapsack,inverse,50,2,penalty,poa,50,500000,-12101,True,3,-11784,,500000
knapsack,inverse,50,2,penalty,poa,50,500000,-12101,True,4,-11803,,500000
knapsack,inverse,50,2,penalty,poa,50,500000,-12101,True,5,-11692,,500000
knapsack,inverse,50,2,penalty,poa,50,500000,-12101,True,6,-11780,,500000
knapsack,inverse,50,2,penalty,poa,50,500000,-12101,True,7,-11802,,500000
knapsack,inverse,50,2,penalty,poa,50,500000,-12101,True,8,-11723,,500000
knapsack,inverse,50,2,penalty,poa,50,500000,-12101,True,9,-11767,,500000
knapsack,inverse,50,2,penalty,poa,50,500000,-12101,True,10,-11791,,500000
knapsack,inverse,50,2,penalty,poa,50,500000,-12101,True,11,-11746,,500000
knapsack,inverse,50,2,penalty,poa,50,500000,-12101,True,12,-11801,,500000
knapsack,inverse,50,2,penalty,poa,50,500000,-12101,True,13,-11767,,500000
knapsack,inverse,50,2,penalty,poa,50,500000,-12101,True,14,-11797,,500000
knapsack,inverse,50,2,penalty,poa,50,500000,-12101,True,15,-11692,,500000
knapsack,inverse,50,2,penalty,poa,50,500000,-12101,True,16,-11758,,500000
knapsack,inverse,50,2,penalty,poa,50,500000,-12101,True,17,-11772,,500000
knapsack,inverse,50,2,penalty,poa,50,500000,-12101,True,18,-11802,,500000
knapsack,inverse,50,2,penalty,poa,50,500000,-12101,True,19,-11778,,500000
knapsack,inverse,50,2,penalty,poa,50,500000,-12101,True,20,-11791,,500000
knapsack,inverse,50,2,penalty,poa,50,500000,-12101,True,21,-11787,,500000
knapsack,inverse,50,2,penalty,poa,50,500000,-12101,True,22,-11694,,500000
knapsack,inverse,50,2,penalty,poa,50,500000,-12101,True,23,-11760,,500000
knapsack,inverse,50,2,penalty,poa,50,500000,-12101,True,24,-11692,,500000
knapsack,inverse,50,2,penalty,poa,50,500000,-12101,True,25,-11772,,500000
knapsack,inverse,50,2,penalty,poa,50,500000,-12101,True,26,-11755,,500000
knapsack,inverse,50,2,penalty,poa,50,500000,-12101,True,27,-11852,,500000
knapsack,inverse,50,2,penalty,poa,50,500000,-12101,True,28,-11758,,500000
knapsack,inverse,50,2,penalty,poa,50,500000,-12101,True,29,-11717,,500000
knapsack,inverse,50,2,penalty,poa,50,500000,-12101,True,30,-11776,,500000
knapsack,inverse,50,3,penalty,poa,50,500000,-14015,True,0,-13769,,500000
knapsack,inverse,50,3,penalty,poa,50,500000,-14015,True,1,-13790,,500000
knapsack,inverse,50,3,penalty,poa,50,500000,-14015,True,2,-13796,,500000
knapsack,inverse,50,3,penalty,poa,50,500000,-14015,True,3,-13719,,500000
knapsack,inverse,50,3,penalty,poa,50,500000,-14015,True,4,-13739,,500000
knapsack,inverse,50,3,penalty,poa,50,500000,-14015,True,5,-13781,,500000
knapsack,inverse,50,3,penalty,poa,50,500000,-14015,True,6,-13706,,500000
knapsack,inverse,50,3,penalty,poa,50,500000,-14015,True,7,-13806,,500000
knapsack,inverse,50,3,penalty,poa,50,500000,-14015,True,8,-13812,,500000
knapsack,inverse,50,3,penalty,poa,50,500000,-14015,True,9,-13702,,500000
knapsack,inverse,50,3,penalty,poa,50,500000,-14015,True,10,-13691,,500000
knapsack,inverse,50,3,penalty,poa,50,500000,-14015,True,11,-13807,,500000
knapsack,inverse,50,3,penalty,poa,50,500000,-14015,True,12,-13803,,500000
knapsack,inverse,50,3,penalty,poa,50,500000,-14015,True,13,-13711,,500000
knapsack,inverse,50,3,penalty,poa,50,500000,-14015,True,14,-13795,,500000
knapsack,inverse,50,3,penalty,poa,50,500000,-14015,True,15,-13695,,500000
knapsack,inverse,50,3,penalty,poa,50,500000,-14015,True,16,-13789,,500000
knapsack,inverse,50,3,penalty,poa,50,500000,-14015,True,17,-13771,,500000
knapsack,inverse,50,3,penalty,poa,50,500000,-14015,True,18,-13802,,500000
knapsack,inverse,50,3,penalty,poa,50,500000,-14015,True,19,-13700,,500000
knapsack,inverse,50,3,penalty,poa,50,500000,-14015,True,20,-13712,,500000
knapsack,inverse,50,3,penalty,poa,50,500000,-14015,True,21,-13709,,500000
knapsack,inverse,50,3,penalty,poa,50,500000,-14015,True,22,-13790,,500000
knapsack,inverse,50,3,penalty,poa,50,500000,-14015,True,23,-13790,,500000
knapsack,inverse,50,3,penalty,poa,50,500000,-14015,True,24,-13737,,500000
knapsack,inverse,50,3,penalty,poa,50,500000,-14015,True,25,-13690,,500000
knapsack,inverse,50,3,penalty,poa,50,500000,-14015,True,26,-13796,,500000
knapsack,inverse,50,3,penalty,poa,50,500000,-14015,True,27,-13704,,500000
knapsack,inverse,50,3,penalty,poa,50,500000,-14015,True,28,-13701,,500000
knapsack,inverse,50,3,penalty,poa,50,500000,-14015,True,29,-13769,,500000
knapsack,inverse,50,3,penalty,poa,50,500000,-14015,True,30,-13793,,500000
knapsack,strongly,80,4,penalty,poa,80,800000,-26036,True,0,-25261,,800000
knapsack,strongly,80,4,penalty,poa,80,800000,-26036,True,1,-25330,,800000
knapsack,strongly,80,4,penalty,poa,80,800000,-26036,True,2,-25369,,800000
knapsack,strongly,80,4,penalty,poa,80,800000,-26036,True,3,-25314,,800000
knapsack,strongly,80,4,penalty,poa,80,800000,-26036,True,4,-25322,,800000
knapsack,strongly,80,4,penalty,poa,80,800000,-26036,True,5,-25400,,800000
knapsack,strongly,80,4,penalty,poa,80,800000,-26036,True,6,-25333,,800000
knapsack,strongly,80,4,penalty,poa,80,800000,-26036,True,7,-25319,,800000
knapsack,strongly,80,4,penalty,poa,80,800000,-26036,True,8,-25436,,800000
knapsack,strongly,80,4,penalty,poa,80,800000,-26036,True,9,-25225,,800000
knapsack,strongly,80,4,penalty,poa,80,800000,-26036,True,10,-25422,,800000
knapsack,strongly,80,4,penalty,poa,80,800000,-26036,True,11,-25452,,800000
knapsack,strongly,80,4,penalty,poa,80,800000,-26036,True,12,-25409,,800000
knapsack,strongly,80,4,penalty,poa,80,800000,-26036,True,13,-25410,,800000
knapsack,strongly,80,4,penalty,poa,80,800000,-26036,True,14,-25475,,800000
knapsack,strongly,80,4,penalty,poa,80,800000,-26036,True,15,-25326,,800000
knapsack,strongly,80,4,penalty,poa,80,800000,-26036,True,16,-25276,,800000
knapsack,strongly,80,4,penalty,poa,80,800000,-26036,True,17,-25345,,800000
knapsack,strongly,80,4,penalty,poa,80,800000,-26036,True,18,-25236,,800000
knapsack,strongly,80,4,penalty,poa,80,800000,-26036,True,19,-25202,,800000
knapsack,strongly,80,4,penalty,poa,80,800000,-26036,True,20,-25429,,800000
knapsack,strongly,80,4,penalty,poa,80,800000,-26036,True,21,-25314,,800000
knapsack,strongly,80,4,penalty,poa,80,800000,-26036,True,22,-25351,,800000
knapsack,strongly,80,4,penalty,poa,80,800000,-26036,True,23,-25588,,800000
knapsack,strongly,80,4,penalty,poa,80,800000,-26036,True,24,-25409,,800000
knapsack,strongly,80,4,penalty,poa,80,800000,-26036,True,25,-25366,,800000
knapsack,strongly,80,4,penalty,poa,80,800000,-26036,True,26,-25286,,800000
knapsack,strongly,80,4,penalty,poa,80,800000,-26036,True,27,-25233,,800000
knapsack,strongly,80,4,penalty,poa,80,800000,-26036,True,28,-25327,,800000
knapsack,strongly,80,4,penalty,poa,80,800000,-26036,True,29,-25421,,800000
knapsack,strongly,80,4,penalty,poa,80,800000,-26036,True,30,-25323,,800000
knapsack,inverse,50,4,penalty,poa,50,500000,-14108,True,0,-13820,,500000
knapsack,inverse,50,4,penalty,poa,50,500000,-14108,True,1,-13857,,500000
knapsack,inverse,50,4,penalty,poa,50,500000,-14108,True,2,-13848,,500000
knapsack,inverse,50,4,penalty,poa,50,500000,-14108,True,3,-13708,,500000
knapsack,inverse,50,4,penalty,poa,50,500000,-14108,True,4,-13807,,500000
knapsack,inverse,50,4,penalty,poa,50,500000,-14108,True,5,-13857,,500000
knapsack,inverse,50,4,penalty,poa,50,500000,-14108,True,6,-13798,,500000
knapsack,inverse,50,4,penalty,poa,50,500000,-14108,True,7,-13806,,500000
knapsack,inverse,50,4,penalty,poa,50,500000,-14108,True,8,-13894,,500000
knapsack,inverse,50,4,penalty,poa,50,500000,-14108,True,9,-13791,,500000
knapsack,inverse,50,4,penalty,poa,50,500000,-14108,True,10,-13894,,500000
knapsack,inverse,50,4,penalty,poa,50,500000,-14108,True,11,-13808,,500000
knapsack,inverse,50,4,penalty,poa,50,500000,-14108,True,12,-13897,,500000
knapsack,inverse,50,4,penalty,poa,50,500000,-14108,True,13,-13898,,500000
knapsack,inverse,50,4,penalty,poa,50,500000,-14108,True,14,-13805,,500000
knapsack,inverse,50,4,penalty,poa,50,500000,-14108,True,15,-13703,,500000
knapsack,inverse,50,4,penalty,poa,50,500000,-14108,True,16,-13705,,500000
knapsack,inverse,50,4,penalty,poa,50,500000,-14108,True,17,-13916,,500000
knapsack,inverse,50,4,penalty,poa,50,500000,-14108,True,18,-13870,,500000
knapsack,inverse,50,4,penalty,poa,50,500000,-14108,True,19,-13860,,500000
knapsack,inverse,50,4,penalty,poa,50,500000,-14108,True,20,-13790,,500000
knapsack,inverse,50,4,penalty,poa,50,500000,-14108,True,21,-13862,,500000
knapsack,inverse,50,4,penalty,poa,50,500000,-14108,True,22,-13892,,500000
knapsack,inverse,50,4,penalty,poa,50,500000,-14108,True,23,-13901,,500000
knapsack,inverse,50,4,penalty,poa,50,500000,-14108,True,24,-13878,,500000
knapsack,inverse,50,4,penalty,poa,50,500000,-14108,True,25,-13792,,500000
knapsack,inverse,50,4,penalty,poa,50,500000,-14108,True,26,-13799,,500000
knapsack,inverse,50,4,penalty,poa,50,500000,-14108,True,27,-13801,,500000
knapsack,inverse,50,4,penalty,poa,50,500000,-14108,True,28,-13948,,500000
knapsack,inverse,50,4,penalty,poa,50,500000,-14108,True,29,-13872,,500000
knapsack,inverse,50,4,penalty,poa,50,500000,-14108,True,30,-13832,,500000
knapsack,strongly,120,0,penalty,mpoa,120,1200000,-36951,True,0,-35644,,1200000
knapsack,strongly,120,0,penalty,mpoa,120,1200000,-36951,True,1,-35836,,1200000
knapsack,strongly,120,0,penalty,mpoa,120,1200000,-36951,True,2,-35839,,1200000
knapsack,strongly,120,0,penalty,mpoa,120,1200000,-36951,True,3,-35622,,1200000
knapsack,strongly,120,0,penalty,mpoa,120,1200000,-36951,True,4,-35645,,1200000
knapsack,strongly,120,0,penalty,mpoa,120,1200000,-36951,True,5,-35737,,1200000
knapsack,strongly,120,0,penalty,mpoa,120,1200000,-36951,True,6,-35746,,1200000
knapsack,strongly,120,0,penalty,mpoa,120,1200000,-36951,True,7,-35948,,1200000
knapsack,strongly,120,0,penalty,mpoa,120,1200000,-36951,True,8,-35713,,1200000
knapsack,strongly,120,0,penalty,mpoa,120,1200000,-36951,True,9,-35841,,1200000
knapsack,strongly,120,0,penalty,mpoa,120,1200000,-36951,True,10,-35543,,1200000
knapsack,strongly,120,0,penalty,mpoa,120,1200000,-36951,True,11,-35550,,1200000
knapsack,strongly,120,0,penalty,mpoa,120,1200000,-36951,True,12,-35850,,1200000
knapsack,strongly,120,0,penalty,mpoa,120,1200000,-36951,True,13,-36048,,1200000
knapsack,strongly,120,0,penalty,mpoa,120,1200000,-36951,True,14,-35544,,1200000
knapsack,strongly,120,0,penalty,mpoa,120,1200000,-36951,True,15,-35849,,1200000
knapsack,strongly,120,0,penalty,mpoa,120,1200000,-36951,True,16,-35644,,1200000
knapsack,strongly,120,0,penalty,mpoa,120,1200000,-36951,True,17,-35737,,1200000
knapsack,strongly,120,0,penalty,mpoa,120,1200000,-36951,True,18,-35896,,1200000
knapsack,strongly,120,0,penalty,mpoa,120,1200000,-36951,True,19,-35852,,1200000
knapsack,strongly,120,0,penalty,mpoa,120,1200000,-36951,True,20,-35603,,1200000
knapsack,strongly,120,0,penalty,mpoa,120,1200000,-36951,True,21,-35836,,1200000
knapsack,strongly,120,0,penalty,mpoa,120,1200000,-36951,True,22,-35650,,1200000
knapsack,strongly,120,0,penalty,mpoa,120,1200000,-36951,True,23,-36028,,1200000
knapsack,strongly,120,0,penalty,mpoa,120,1200000,-36951,True,24,-35633,,1200000
knapsack,strongly,120,0,penalty,mpoa,120,1200000,-36951,True,25,-35732,,1200000
knapsack,strongly,120,0,penalty,mpoa,120,1200000,-36951,True,26,-35749,,1200000
knapsack,strongly,120,0,penalty,mpoa,120,1200000,-36951,True,27,-35718,,1200000
knapsack,strongly,120,0,penalty,mpoa,120,1200000,-36951,True,28,-35791,,1200000
knapsack,strongly,120,0,penalty,mpoa,120,1200000,-36951,True,29,-36032,,1200000
knapsack,strongly,120,0,penalty,mpoa,120,1200000,-36951,True,30,-35638,,1200000
knapsack,strongly,120,1,penalty,mpoa,120,1200000,-39579,True,0,-38358,,1200000
knapsack,strongly,120,1,penalty,mpoa,120,1200000,-39579,True,1,-38466,,1200000
knapsack,strongly,120,1,penalty,mpoa,120,1200000,-39579,True,2,-38347,,1200000
knapsack,strongly,120,1,penalty,mpoa,120,1200000,-39579,True,3,-38361,,1200000
knapsack,strongly,120,1,penalty,mpoa,120,1200000,-39579,True,4,-38376,,1200000
knapsack,strongly,120,1,penalty,mpoa,120,1200000,-39579,True,5,-38328,,1200000
knapsack,strongly,120,1,penalty,mpoa,120,1200000,-39579,True,6,-38421,,1200000
knapsack,strongly,120,1,penalty,mpoa,120,1200000,-39579,True,7,-38327,,1200000
knapsack,strongly,120,1,penalty,mpoa,120,1200000,-39579,True,8,-38349,,1200000
knapsack,strongly,120,1,penalty,mpoa,120,1200000,-39579,True,9,-38178,,1200000
knapsack,strongly,120,1,penalty,mpoa,120,1200000,-39579,True,10,-38477,,1200000
knapsack,strongly,120,1,penalty,mpoa,120,1200000,-39579,True,11,-38431,,1200000
knapsack,strongly,120,1,penalty,mpoa,120,1200000,-39579,True,12,-38247,,1200000
knapsack,strongly,120,1,penalty,mpoa,120,1200000,-39579,True,13,-38349,,1200000
knapsack,strongly,120,1,penalty,mpoa,120,1200000,-39579,True,14,-38238,,1200000
knapsack,strongly,120,1,penalty,mpoa,120,1200000,-39579,True,15,-38479,,1200000
knapsack,strongly,120,1,penalty,mpoa,120,1200000,-39579,True,16,-38337,,1200000
knapsack,strongly,120,1,penalty,mpoa,120,1200000,-39579,True,17,-38461,,1200000
knapsack,strongly,120,1,penalty,mpoa,120,1200000,-39579,True,18,-38353,,1200000
knapsack,strongly,120,1,penalty,mpoa,120,1200000,-39579,True,19,-38445,,1200000
knapsack,strongly,120,1,penalty,mpoa,120,1200000,-39579,True,20,-38299,,1200000
knapsack,strongly,120,1,penalty,mpoa,120,1200000,-39579,True,21,-38333,,1200000
knapsack,strongly,120,1,penalty,mpoa,120,1200000,-39579,True,22,-38173,,1200000
knapsack,strongly,120,1,penalty,mpoa,120,1200000,-39579,True,23,-38555,,1200000
knapsack,strongly,120,1,penalty,mpoa,120,1200000,-39579,True,24,-38379,,1200000
knapsack,strongly,120,1,penalty,mpoa,120,1200000,-39579,True,25,-38364,,1200000
knapsack,strongly,120,1,penalty,mpoa,120,1200000,-39579,True,26,-38325,,1200000
knapsack,strongly,120,1,penalty,mpoa,120,1200000,-39579,True,27,-38640,,1200000
knapsack,strongly,120,1,penalty,mpoa,120,1200000,-39579,True,28,-38274,,1200000
knapsack,strongly,120,1,penalty,mpoa,120,1200000,-39579,True,29,-38628,,1200000
knapsack,strongly,120,1,penalty,mpoa,120,1200000,-39579,True,30,-38524,,1200000
knapsack,strongly,120,2,penalty,mpoa,120,1200000,-39245,True,0,-38101,,1200000
knapsack,strongly,120,2,penalty,mpoa,120,1200000,-39245,True,1,-38038,,1200000
knapsack,strongly,120,2,penalty,mpoa,120,1200000,-39245,True,2,-38030,,1200000
knapsack,strongly,120,2,penalty,mpoa,120,1200000,-39245,True,3,-38142,,1200000
knapsack,strongly,120,2,penalty,mpoa,120,1200000,-39245,True,4,-38195,,1200000
knapsack,strongly,120,2,penalty,mpoa,120,1200000,-39245,True,5,-38143,,1200000
knapsack,strongly,120,2,penalty,mpoa,120,1200000,-39245,True,6,-38311,,1200000
knapsack,strongly,120,2,penalty,mpoa,120,1200000,-39245,True,7,-38021,,1200000
knapsack,strongly,120,2,penalty,mpoa,120,1200000,-39245,True,8,-38130,,1200000
knapsack,strongly,120,2,penalty,mpoa,120,1200000,-39245,True,9,-38017,,1200000
knapsack,strongly,120,2,penalty,mpoa,120,1200000,-39245,True,10,-37945,,1200000
knapsack,strongly,120,2,penalty,mpoa,120,1200000,-39245,True,11,-38112,,1200000
knapsack,strongly,120,2,penalty,mpoa,120,1200000,-39245,True,12,-38205,,1200000
knapsack,strongly,120,2,penalty,mpoa,120,1200000,-39245,True,13,-38040,,1200000
knapsack,strongly,120,2,penalty,mpoa,120,1200000,-39245,True,14,-38084,,1200000
knapsack,strongly,120,2,penalty,mpoa,120,1200000,-39245,True,15,-38387,,1200000
knapsack,strongly,120,2,penalty,mpoa,120,1200000,-39245,True,16,-38174,,1200000
knapsack,strongly,120,2,penalty,mpoa,120,1200000,-39245,True,17,-38034,,1200000
knapsack,strongly,120,2,penalty,mpoa,120,1200000,-39245,True,18,-38031,,1200000
knapsack,strongly,120,2,penalty,mpoa,120,1200000,-39245,True,19,-38145,,1200000
knapsack,strongly,120,2,penalty,mpoa,120,1200000,-39245,True,20,-38412,,1200000
knapsack,strongly,120,2,penalty,mpoa,120,1200000,-39245,True,21,-38024,,1200000
knapsack,strongly,120,2,penalty,mpoa,120,1200000,-39245,True,22,-38087,,1200000
knapsack,strongly,120,2,penalty,mpoa,120,1200000,-39245,True,23,-38125,,1200000
knapsack,strongly,120,2,penalty,mpoa,120,1200000,-39245,True,24,-37844,,1200000
knapsack,strongly,120,2,penalty,mpoa,120,1200000,-39245,True,25,-37942,,1200000
knapsack,strongly,120,2,penalty,mpoa,120,1200000,-39245,True,26,-37929,,1200000
knapsack,strongly,120,2,penalty,mpoa,120,1200000,-39245,True,27,-38110,,1200000
knapsack,strongly,120,2,penalty,mpoa,120,1200000,-39245,True,28,-38044,,1200000
knapsack,strongly,120,2,penalty,mpoa,120,1200000,-39245,True,29,-38129,,1200000
knapsack,strongly,120,2,penalty,mpoa,120,1200000,-39245,True,30,-38504,,1200000
knapsack,inverse,80,0,penalty,mpoa,80,800000,-21739,True,0,-21137,,800000
knapsack,inverse,80,0,penalty,mpoa,80,800000,-21739,True,1,-21157,,800000
knapsack,inverse,80,0,penalty,mpoa,80,800000,-21739,True,2,-21132,,800000
knapsack,inverse,80,0,penalty,mpoa,80,800000,-21739,True,3,-21122,,800000
knapsack,inverse,80,0,penalty,mpoa,80,800000,-21739,True,4,-21091,,800000
knapsack,inverse,80,0,penalty,mpoa,80,800000,-21739,True,5,-21134,,800000
knapsack,inverse,80,0,penalty,mpoa,80,800000,-21739,True,6,-21208,,800000
knapsack,inverse,80,0,penalty,mpoa,80,800000,-21739,True,7,-21088,,800000
knapsack,inverse,80,0,penalty,mpoa,80,800000,-21739,True,8,-21311,,800000
knapsack,inverse,80,0,penalty,mpoa,80,800000,-21739,True,9,-21323,,800000
knapsack,inverse,80,0,penalty,mpoa,80,800000,-21739,True,10,-21178,,800000
knapsack,inverse,80,0,penalty,mpoa,80,800000,-21739,True,11,-21215,,800000
knapsack,inverse,80,0,penalty,mpoa,80,800000,-21739,True,12,-21157,,800000
knapsack,inverse,80,0,penalty,mpoa,80,800000,-21739,True,13,-21139,,800000
knapsack,inverse,80,0,penalty,mpoa,80,800000,-21739,True,14,-21133,,800000
knapsack,inverse,80,0,penalty,mpoa,80,800000,-21739,True,15,-21093,,800000
knapsack,inverse,80,0,penalty,mpoa,80,800000,-21739,True,16,-21156,,800000
knapsack,inverse,80,0,penalty,mpoa,80,800000,-21739,True,17,-21064,,800000
knapsack,inverse,80,0,penalty,mpoa,80,800000,-21739,True,18,-21152,,800000
knapsack,inverse,80,0,penalty,mpoa,80,800000,-21739,True,19,-21133,,800000
knapsack,inverse,80,0,penalty,mpoa,80,800000,-21739,True,20,-21117,,800000
knapsack,inverse,80,0,penalty,mpoa,80,800000,-21739,True,21,-21086,,800000
knapsack,inverse,80,0,penalty,mpoa,80,800000,-21739,True,22,-21134,,800000
knapsack,inverse,80,0,penalty,mpoa,80,800000,-21739,True,23,-21123,,800000
knapsack,inverse,80,0,penalty,mpoa,80,800000,-21739,True,24,-21131,,800000
knapsack,inverse,80,0,penalty,mpoa,80,800000,-21739,True,25,-21138,,800000
knapsack,inverse,80,0,penalty,mpoa,80,800000,-21739,True,26,-21219,,800000
knapsack,inverse,80,0,penalty,mpoa,80,800000,-21739,True,27,-21223,,800000
knapsack,inverse,80,0,penalty,mpoa,80,800000,-21739,True,28,-21121,,800000
knapsack,inverse,80,0,penalty,mpoa,80,800000,-21739,True,29,-21102,,800000
knapsack,inverse,80,0,penalty,mpoa,80,800000,-21739,True,30,-21138,,800000
knapsack,inverse,80,1,penalty,mpoa,80,800000,-20707,True,0,-19987,,800000
knapsack,inverse,80,1,penalty,mpoa,80,800000,-20707,True,1,-20099,,800000
knapsack,inverse,80,1,penalty,mpoa,80,800000,-20707,True,2,-19970,,800000
knapsack,inverse,80,1,penalty,mpoa,80,800000,-20707,True,3,-20063,,800000
knapsack,inverse,80,1,penalty,mpoa,80,800000,-20707,True,4,-19998,,800000
knapsack,inverse,80,1,penalty,mpoa,80,800000,-20707,True,5,-20007,,800000
knapsack,inverse,80,1,penalty,mpoa,80,800000,-20707,True,6,-20033,,800000
knapsack,inverse,80,1,penalty,mpoa,80,800000,-20707,True,7,-20073,,800000
knapsack,inverse,80,1,penalty,mpoa,80,800000,-20707,True,8,-20072,,800000
knapsack,inverse,80,1,penalty,mpoa,80,800000,-20707,True,9,-19969,,800000
knapsack,inverse,80,1,penalty,mpoa,80,800000,-20707,True,10,-19944,,800000
knapsack,inverse,80,1,penalty,mpoa,80,800000,-20707,True,11,-20066,,800000
knapsack,inverse,80,1,penalty,mpoa,80,800000,-20707,True,12,-20126,,800000
knapsack,inverse,80,1,penalty,mpoa,80,800000,-20707,True,13,-20100,,800000
knapsack,inverse,80,1,penalty,mpoa,80,800000,-20707,True,14,-19986,,800000
knapsack,inverse,80,1,penalty,mpoa,80,800000,-20707,True,15,-20070,,800000
knapsack,inverse,80,1,penalty,mpoa,80,800000,-20707,True,16,-20123,,800000
knapsack,inverse,80,1,penalty,mpoa,80,800000,-20707,True,17,-19980,,800000
knapsack,inverse,80,1,penalty,mpoa,80,800000,-20707,True,18,-19985,,800000
knapsack,inverse,80,1,penalty,mpoa,80,800000,-20707,True,19,-20004,,800000
knapsack,inverse,80,1,penalty,mpoa,80,800000,-20707,True,20,-20075,,800000
knapsack,inverse,80,1,penalty,mpoa,80,800000,-20707,True,21,-19925,,800000
knapsack,inverse,80,1,penalty,mpoa,80,800000,-20707,True,22,-20102,,800000
knapsack,inverse,80,1,penalty,mpoa,80,800000,-20707,True,23,-19990,,800000
knapsack,inverse,80,1,penalty,mpoa,80,800000,-20707,True,24,-20105,,800000
knapsack,inverse,80,1,penalty,mpoa,80,800000,-20707,True,25,-20006,,800000
knapsack,inverse,80,1,penalty,mpoa,80,800000,-20707,True,26,-19987,,800000
knapsack,inverse,80,1,penalty,mpoa,80,800000,-20707,True,27,-20148,,800000
knapsack,inverse,80,1,penalty,mpoa,80,800000,-20707,True,28,-20032,,800000
knapsack,inverse,80,1,penalty,mpoa,80,800000,-20707,True,29,-20019,,800000
knapsack,inverse,80,1,penalty,mpoa,80,800000,-20707,True,30,-20194,,800000
knapsack,strongly,120,3,penalty,mpoa,120,1200000,-35652,True,0,-34138,,1200000
knapsack,strongly,120,3,penalty,mpoa,120,1200000,-35652,True,1,-34204,,1200000
knapsack,strongly,120,3,penalty,mpoa,120,1200000,-35652,True,2,-34443,,1200000
knapsack,strongly,120,3,penalty,mpoa,120,1200000,-35652,True,3,-34250,,1200000
knapsack,strongly,120,3,penalty,mpoa,120,1200000,-35652,True,4,-34131,,1200000
knapsack,strongly,120,3,penalty,mpoa,120,1200000,-35652,True,5,-34327,,1200000
knapsack,strongly,120,3,penalty,mpoa,120,1200000,-35652,True,6,-34037,,1200000
knapsack,strongly,120,3,penalty,mpoa,120,1200000,-35652,True,7,-34242,,1200000
knapsack,strongly,120,3,penalty,mpoa,120,1200000,-35652,True,8,-34148,,1200000
knapsack,strongly,120,3,penalty,mpoa,120,1200000,-35652,True,9,-34250,,1200000
knapsack,strongly,120,3,penalty,mpoa,120,1200000,-35652,True,10,-34419,,1200000
knapsack,strongly,120,3,penalty,mpoa,120,1200000,-35652,True,11,-34406,,1200000
knapsack,strongly,120,3,penalty,mpoa,120,1200000,-35652,True,12,-34231,,1200000
knapsack,strongly,120,3,penalty,mpoa,120,1200000,-35652,True,13,-34281,,1200000
knapsack,strongly,120,3,penalty,mpoa,120,1200000,-35652,True,14,-34226,,1200000
knapsack,strongly,120,3,penalty,mpoa,120,1200000,-35652,True,15,-34046,,1200000
knapsack,strongly,120,3,penalty,mpoa,120,1200000,-35652,True,16,-34339,,1200000
knapsack,strongly,120,3,penalty,mpoa,120,1200000,-35652,True,17,-34151,,1200000
knapsack,strongly,120,3,penalty,mpoa,120,1200000,-35652,True,18,-34145,,1200000
knapsack,strongly,120,3,penalty,mpoa,120,1200000,-35652,True,19,-34397,,1200000
knapsack,strongly,120,3,penalty,mpoa,120,1200000,-35652,True,20,-34439,,1200000
knapsack,strongly,120,3,penalty,mpoa,120,1200000,-35652,True,21,-34137,,1200000
knapsack,strongly,120,3,penalty,mpoa,120,1200000,-35652,True,22,-34050,,1200000
knapsack,strongly,120,3,penalty,mpoa,120,1200000,-35652,True,23,-34101,,1200000
knapsack,strongly,120,3,penalty,mpoa,120,1200000,-35652,True,24,-34046,,1200000
knapsack,strongly,120,3,penalty,mpoa,120,1200000,-35652,True,25,-34046,,1200000
knapsack,strongly,120,3,penalty,mpoa,120,1200000,-35652,True,26,-34344,,1200000
knapsack,strongly,120,3,penalty,mpoa,120,1200000,-35652,True,27,-34446,,1200000
knapsack,strongly,120,3,penalty,mpoa,120,1200000,-35652,True,28,-34411,,1200000
knapsack,strongly,120,3,penalty,mpoa,120,1200000,-35652,True,29,-34340,,1200000
knapsack,strongly,120,3,penalty,mpoa,120,1200000,-35652,True,30,-34541,,1200000
knapsack,strongly,120,4,penalty,mpoa,120,1200000,-38168,True,0,-36957,,1200000
knapsack,strongly,120,4,penalty,mpoa,120,1200000,-38168,True,1,-37066,,1200000
knapsack,strongly,120,4,penalty,mpoa,120,1200000,-38168,True,2,-36762,,1200000
knapsack,strongly,120,4,penalty,mpoa,120,1200000,-38168,True,3,-36967,,1200000
knapsack,strongly,120,4,penalty,mpoa,120,1200000,-38168,True,4,-36835,,1200000
knapsack,strongly,120,4,penalty,mpoa,120,1200000,-38168,True,5,-36654,,1200000
knapsack,strongly,120,4,penalty,mpoa,120,1200000,-38168,True,6,-37053,,1200000
knapsack,strongly,120,4,penalty,mpoa,120,1200000,-38168,True,7,-36865,,1200000
knapsack,strongly,120,4,penalty,mpoa,120,1200000,-38168,True,8,-36744,,1200000
knapsack,strongly,120,4,penalty,mpoa,120,1200000,-38168,True,9,-37116,,1200000
knapsack,strongly,120,4,penalty,mpoa,120,1200000,-38168,True,10,-36801,,1200000
knapsack,strongly,120,4,penalty,mpoa,120,1200000,-38168,True,11,-37163,,1200000
knapsack,strongly,120,4,penalty,mpoa,120,1200000,-38168,True,12,-37068,,1200000
knapsack,strongly,120,4,penalty,mpoa,120,1200000,-38168,True,13,-36661,,1200000
knapsack,strongly,120,4,penalty,mpoa,120,1200000,-38168,True,14,-36856,,1200000
knapsack,strongly,120,4,penalty,mpoa,120,1200000,-38168,True,15,-36768,,1200000
knapsack,strongly,120,4,penalty,mpoa,120,1200000,-38168,True,16,-36967,,1200000
knapsack,strongly,120,4,penalty,mpoa,120,1200000,-38168,True,17,-36914,,1200000
knapsack,strongly,120,4,penalty,mpoa,120,1200000,-38168,True,18,-36739,,1200000
knapsack,strongly,120,4,penalty,mpoa,120,1200000,-38168,True,19,-36641,,1200000
knapsack,strongly,120,4,penalty,mpoa,120,1200000,-38168,True,20,-37033,,1200000
knapsack,strongly,120,4,penalty,mpoa,120,1200000,-38168,True,21,-37029,,1200000
knapsack,strongly,120,4,penalty,mpoa,120,1200000,-38168,True,22,-37058,,1200000
knapsack,strongly,120,4,penalty,mpoa,120,1200000,-38168,True,23,-36966,,1200000
knapsack,strongly,120,4,penalty,mpoa,120,1200000,-38168,True,24,-36764,,1200000
knapsack,strongly,120,4,penalty,mpoa,120,1200000,-38168,True,25,-36667,,1200000
knapsack,strongly,120,4,penalty,mpoa,120,1200000,-38168,True,26,-36668,,1200000
knapsack,strongly,120,4,penalty,mpoa,120,1200000,-38168,True,27,-36749,,1200000
knapsack,strongly,120,4,penalty,mpoa,120,1200000,-38168,True,28,-36927,,1200000
knapsack,strongly,120,4,penalty,mpoa,120,1200000,-38168,True,29,-36867,,1200000
knapsack,strongly,120,4,penalty,mpoa,120,1200000,-38168,True,30,-36729,,1200000
knapsack,inverse,80,2,penalty,mpoa,80,800000,-21773,True,0,-21142,,800000
knapsack,inverse,80,2,penalty,mpoa,80,800000,-21773,True,1,-21158,,800000
knapsack,inverse,80,2,penalty,mpoa,80,800000,-21773,True,2,-21089,,800000
knapsack,inverse,80,2,penalty,mpoa,80,800000,-21773,True,3,-21229,,800000
knapsack,inverse,80,2,penalty,mpoa,80,800000,-21773,True,4,-21145,,800000
knapsack,inverse,80,2,penalty,mpoa,80,800000,-21773,True,5,-21048,,800000
knapsack,inverse,80,2,penalty,mpoa,80,800000,-21773,True,6,-21142,,800000
knapsack,inverse,80,2,penalty,mpoa,80,800000,-21773,True,7,-21059,,800000
knapsack,inverse,80,2,penalty,mpoa,80,800000,-21773,True,8,-21105,,800000
knapsack,inverse,80,2,penalty,mpoa,80,800000,-21773,True,9,-21052,,800000
knapsack,inverse,80,2,penalty,mpoa,80,800000,-21773,True,10,-21066,,800000
knapsack,inverse,80,2,penalty,mpoa,80,800000,-21773,True,11,-21220,,800000
knapsack,inverse,80,2,penalty,mpoa,80,800000,-21773,True,12,-21186,,800000
knapsack,inverse,80,2,penalty,mpoa,80,800000,-21773,True,13,-21049,,800000
knapsack,inverse,80,2,penalty,mpoa,80,800000,-21773,True,14,-21118,,800000
knapsack,inverse,80,2,penalty,mpoa,80,800000,-21773,True,15,-21106,,800000
knapsack,inverse,80,2,penalty,mpoa,80,800000,-21773,True,16,-21055,,800000
knapsack,inverse,80,2,penalty,mpoa,80,800000,-21773,True,17,-21051,,800000
knapsack,inverse,80,2,penalty,mpoa,80,800000,-21773,True,18,-21067,,800000
knapsack,inverse,80,2,penalty,mpoa,80,800000,-21773,True,19,-21129,,800000
knapsack,inverse,80,2,penalty,mpoa,80,800000,-21773,True,20,-21054,,800000
knapsack,inverse,80,2,penalty,mpoa,80,800000,-21773,True,21,-20960,,800000
knapsack,inverse,80,2,penalty,mpoa,80,800000,-21773,True,22,-21152,,800000
knapsack,inverse,80,2,penalty,mpoa,80,800000,-21773,True,23,-21014,,800000
knapsack,inverse,80,2,penalty,mpoa,80,800000,-21773,True,24,-21227,,800000
knapsack,inverse,80,2,penalty,mpoa,80,800000,-21773,True,25,-21042,,800000
knapsack,inverse,80,2,penalty,mpoa,80,800000,-21773,True,26,-21026,,800000
knapsack,inverse,80,2,penalty,mpoa,80,800000,-21773,True,27,-21159,,800000
knapsack,inverse,80,2,penalty,mpoa,80,800000,-21773,True,28,-21129,,800000
knapsack,inverse,80,2,penalty,mpoa,80,800000,-21773,True,29,-21095,,800000
knapsack,inverse,80,2,penalty,mpoa,80,800000,-21773,True,30,-21144,,800000
knapsack,mstr,30,0,penalty,poa,30,300000,-11835,True,0,-11658,,300000
knapsack,mstr,30,0,penalty,poa,30,300000,-11835,True,1,-11804,,300000
knapsack,mstr,30,0,penalty,poa,30,300000,-11835,True,2,-11804,,300000
knapsack,mstr,30,0,penalty,poa,30,300000,-11835,True,3,-11632,,300000
knapsack,mstr,30,0,penalty,poa,30,300000,-11835,True,4,-11601,,300000
knapsack,mstr,30,0,penalty,poa,30,300000,-11835,True,5,-11696,,300000
knapsack,mstr,30,0,penalty,poa,30,300000,-11835,True,6,-11599,,300000
knapsack,mstr,30,0,penalty,poa,30,300000,-11835,True,7,-11505,,300000
knapsack,mstr,30,0,penalty,poa,30,300000,-11835,True,8,-11503,,300000
knapsack,mstr,30,0,penalty,poa,30,300000,-11835,True,9,-11623,,300000
knapsack,mstr,30,0,penalty,poa,30,300000,-11835,True,10,-11617,,300000
knapsack,mstr,30,0,penalty,poa,30,300000,-11835,True,11,-11603,,300000
knapsack,mstr,30,0,penalty,poa,30,300000,-11835,True,12,-11829,,300000
knapsack,mstr,30,0,penalty,poa,30,300000,-11835,True,13,-11605,,300000
knapsack,mstr,30,0,penalty,poa,30,300000,-11835,True,14,-11616,,300000
knapsack,mstr,30,0,penalty,poa,30,300000,-11835,True,15,-11644,,300000
knapsack,mstr,30,0,penalty,poa,30,300000,-11835,True,16,-11627,,300000
knapsack,mstr,30,0,penalty,poa,30,300000,-11835,True,17,-11829,,300000
knapsack,mstr,30,0,penalty,poa,30,300000,-11835,True,18,-11597,,300000
knapsack,mstr,30,0,penalty,poa,30,300000,-11835,True,19,-11729,,300000
knapsack,mstr,30,0,penalty,poa,30,300000,-11835,True,20,-11739,,300000
knapsack,mstr,30,0,penalty,poa,30,300000,-11835,True,21,-11504,,300000
knapsack,mstr,30,0,penalty,poa,30,300000,-11835,True,22,-11640,,300000
knapsack,mstr,30,0,penalty,poa,30,300000,-11835,True,23,-11780,,300000
knapsack,mstr,30,0,penalty,poa,30,300000,-11835,True,24,-11508,,300000
knapsack,mstr,30,0,penalty,poa,30,300000,-11835,True,25,-11729,,300000
knapsack,mstr,30,0,penalty,poa,30,300000,-11835,True,26,-11709,,300000
knapsack,mstr,30,0,penalty,poa,30,300000,-11835,True,27,-11533,,300000
knapsack,mstr,30,0,penalty,poa,30,300000,-11835,True,28,-11678,,300000
knapsack,mstr,30,0,penalty,poa,30,300000,-11835,True,29,-11663,,300000
knapsack,mstr,30,0,penalty,poa,30,300000,-11835,True,30,-11740,,300000
knapsack,inverse,80,3,penalty,mpoa,80,800000,-23666,True,0,-23029,,800000
knapsack,inverse,80,3,penalty,mpoa,80,800000,-23666,True,1,-23061,,800000
knapsack,inverse,80,3,penalty,mpoa,80,800000,-23666,True,2,-23110,,800000
knapsack,inverse,80,3,penalty,mpoa,80,800000,-23666,True,3,-22998,,800000
knapsack,inverse,80,3,penalty,mpoa,80,800000,-23666,True,4,-23085,,800000
knapsack,inverse,80,3,penalty,mpoa,80,800000,-23666,True,5,-22959,,800000
knapsack,inverse,80,3,penalty,mpoa,80,800000,-23666,True,6,-23055,,800000
knapsack,inverse,80,3,penalty,mpoa,80,800000,-23666,True,7,-23050,,800000
knapsack,inverse,80,3,penalty,mpoa,80,800000,-23666,True,8,-22996,,800000
knapsack,inverse,80,3,penalty,mpoa,80,800000,-23666,True,9,-23050,,800000
knapsack,inverse,80,3,penalty,mpoa,80,800000,-23666,True,10,-23060,,800000
knapsack,inverse,80,3,penalty,mpoa,80,800000,-23666,True,11,-23073,,800000
knapsack,inverse,80,3,penalty,mpoa,80,800000,-23666,True,12,-23052,,800000
knapsack,inverse,80,3,penalty,mpoa,80,800000,-23666,True,13,-23052,,800000
knapsack,inverse,80,3,penalty,mpoa,80,800000,-23666,True,14,-22965,,800000
knapsack,inverse,80,3,penalty,mpoa,80,800000,-23666,True,15,-23063,,800000
knapsack,inverse,80,3,penalty,mpoa,80,800000,-23666,True,16,-23055,,800000
knapsack,inverse,80,3,penalty,mpoa,80,800000,-23666,True,17,-22998,,800000
knapsack,inverse,80,3,penalty,mpoa,80,800000,-23666,True,18,-23035,,800000
knapsack,inverse,80,3,penalty,mpoa,80,800000,-23666,True,19,-23029,,800000
knapsack,inverse,80,3,penalty,mpoa,80,800000,-23666,True,20,-23096,,800000
knapsack,inverse,80,3,penalty,mpoa,80,800000,-23666,True,21,-22965,,800000
knapsack,inverse,80,3,penalty,mpoa,80,800000,-23666,True,22,-22959,,800000
knapsack,inverse,80,3,penalty,mpoa,80,800000,-23666,True,23,-23027,,800000
knapsack,inverse,80,3,penalty,mpoa,80,800000,-23666,True,24,-23059,,800000
knapsack,inverse,80,3,penalty,mpoa,80,800000,-23666,True,25,-23157,,800000
knapsack,inverse,80,3,penalty,mpoa,80,800000,-23666,True,26,-23119,,800000
knapsack,inverse,80,3,penalty,mpoa,80,800000,-23666,True,27,-23157,,800000
knapsack,inverse,80,3,penalty,mpoa,80,800000,-23666,True,28,-23047,,800000
knapsack,inverse,80,3,penalty,mpoa,80,800000,-23666,True,29,-23020,,800000
knapsack,inverse,80,3,penalty,mpoa,80,800000,-23666,True,30,-23035,,800000
knapsack,inverse,80,4,penalty,mpoa,80,800000,-20642,True,0,-19866,,800000
knapsack,inverse,80,4,penalty,mpoa,80,800000,-20642,True,1,-20025,,800000
knapsack,inverse,80,4,penalty,mpoa,80,800000,-20642,True,2,-20009,,800000
knapsack,inverse,80,4,penalty,mpoa,80,800000,-20642,True,3,-20232,,800000
knapsack,inverse,80,4,penalty,mpoa,80,800000,-20642,True,4,-19985,,800000
knapsack,inverse,80,4,penalty,mpoa,80,800000,-20642,True,5,-19922,,800000
knapsack,inverse,80,4,penalty,mpoa,80,800000,-20642,True,6,-19897,,800000
knapsack,inverse,80,4,penalty,mpoa,80,800000,-20642,True,7,-19808,,800000
knapsack,inverse,80,4,penalty,mpoa,80,800000,-20642,True,8,-19829,,800000
knapsack,inverse,80,4,penalty,mpoa,80,800000,-20642,True,9,-20013,,800000
knapsack,inverse,80,4,penalty,mpoa,80,800000,-20642,True,10,-19896,,800000
knapsack,inverse,80,4,penalty,mpoa,80,800000,-20642,True,11,-19900,,800000
knapsack,inverse,80,4,penalty,mpoa,80,800000,-20642,True,12,-19918,,800000
knapsack,inverse,80,4,penalty,mpoa,80,800000,-20642,True,13,-20014,,800000
knapsack,inverse,80,4,penalty,mpoa,80,800000,-20642,True,14,-19941,,800000
knapsack,inverse,80,4,penalty,mpoa,80,800000,-20642,True,15,-19909,,800000
knapsack,inverse,80,4,penalty,mpoa,80,800000,-20642,True,16,-20043,,800000
knapsack,inverse,80,4,penalty,mpoa,80,800000,-20642,True,17,-19941,,800000
knapsack,inverse,80,4,penalty,mpoa,80,800000,-20642,True,18,-19836,,800000
knapsack,inverse,80,4,penalty,mpoa,80,800000,-20642,True,19,-19804,,800000
knapsack,inverse,80,4,penalty,mpoa,80,800000,-20642,True,20,-19995,,800000
knapsack,inverse,80,4,penalty,mpoa,80,800000,-20642,True,21,-19939,,800000
knapsack,inverse,80,4,penalty,mpoa,80,800000,-20642,True,22,-19913,,800000
knapsack,inverse,80,4,penalty,mpoa,80,800000,-20642,True,23,-19895,,800000
knapsack,inverse,80,4,penalty,mpoa,80,800000,-20642,True,24,-19855,,800000
knapsack,inverse,80,4,penalty,mpoa,80,800000,-20642,True,25,-19891,,800000
knapsack,inverse,80,4,penalty,mpoa,80,800000,-20642,True,26,-19795,,800000
knapsack,inverse,80,4,penalty,mpoa,80,800000,-20642,True,27,-19891,,800000
knapsack,inverse,80,4,penalty,mpoa,80,800000,-20642,True,28,-19919,,800000
knapsack,inverse,80,4,penalty,mpoa,80,800000,-20642,True,29,-20016,,800000
knapsack,inverse,80,4,penalty,mpoa,80,800000,-20642,True,30,-19876,,800000
knapsack,uncorrelated,120,0,penalty,poa,120,1200000,-46538,True,0,-37655,,1200000
knapsack,uncorrelated,120,0,penalty,poa,120,1200000,-46538,True,1,-38805,,1200000
knapsack,uncorrelated,120,0,penalty,poa,120,1200000,-46538,True,2,-38451,,1200000
knapsack,uncorrelated,120,0,penalty,poa,120,1200000,-46538,True,3,-38587,,1200000
knapsack,uncorrelated,120,0,penalty,poa,120,1200000,-46538,True,4,-39331,,1200000
knapsack,uncorrelated,120,0,penalty,poa,120,1200000,-46538,True,5,-38021,,1200000
knapsack,uncorrelated,120,0,penalty,poa,120,1200000,-46538,True,6,-38525,,1200000
knapsack,uncorrelated,120,0,penalty,poa,120,1200000,-46538,True,7,-39582,,1200000
knapsack,uncorrelated,120,0,penalty,poa,120,1200000,-46538,True,8,-38796,,1200000
knapsack,uncorrelated,120,0,penalty,poa,120,1200000,-46538,True,9,-38617,,1200000
knapsack,uncorrelated,120,0,penalty,poa,120,1200000,-46538,True,10,-38569,,1200000
knapsack,uncorrelated,120,0,penalty,poa,120,1200000,-46538,True,11,-38236,,1200000
knapsack,uncorrelated,120,0,penalty,poa,120,1200000,-46538,True,12,-37804,,1200000
knapsack,uncorrelated,120,0,penalty,poa,120,1200000,-46538,True,13,-38436,,1200000
knapsack,uncorrelated,120,0,penalty,poa,120,1200000,-46538,True,14,-38206,,1200000
knapsack,uncorrelated,120,0,penalty,poa,120,1200000,-46538,True,15,-38158,,1200000
knapsack,uncorrelated,120,0,penalty,poa,120,1200000,-46538,True,16,-38139,,1200000
knapsack,uncorrelated,120,0,penalty,poa,120,1200000,-46538,True,17,-37911,,1200000
knapsack,uncorrelated,120,0,penalty,poa,120,1200000,-46538,True,18,-38907,,1200000
knapsack,uncorrelated,120,0,penalty,poa,120,1200000,-46538,True,19,-39349,,1200000
knapsack,uncorrelated,120,0,penalty,poa,120,1200000,-46538,True,20,-39448,,1200000
knapsack,uncorrelated,120,0,penalty,poa,120,1200000,-46538,True,21,-38971,,1200000
knapsack,uncorrelated,120,0,penalty,poa,120,1200000,-46538,True,22,-38667,,1200000
knapsack,uncorrelated,120,0,penalty,poa,120,1200000,-46538,True,23,-37925,,1200000
knapsack,uncorrelated,120,0,penalty,poa,120,1200000,-46538,True,24,-39157,,1200000
knapsack,uncorrelated,120,0,penalty,poa,120,1200000,-46538,True,25,-38860,,1200000
knapsack,uncorrelated,120,0,penalty,poa,120,1200000,-46538,True,26,-38084,,1200000
knapsack,uncorrelated,120,0,penalty,poa,120,1200000,-46538,True,27,-38358,,1200000
knapsack,uncorrelated,120,0,penalty,poa,120,1200000,-46538,True,28,-39101,,1200000
knapsack,uncorrelated,120,0,penalty,poa,120,1200000,-46538,True,29,-39266,,1200000
knapsack,uncorrelated,120,0,penalty,poa,120,1200000,-46538,True,30,-38915,,1200000
knapsack,mstr,30,0,penalty,mpoa,30,300000,-11835,True,0,-11733,,300000
knapsack,mstr,30,0,penalty,mpoa,30,300000,-11835,True,1,-11635,,300000
knapsack,mstr,30,0,penalty,mpoa,30,300000,-11835,True,2,-11735,,300000
knapsack,mstr,30,0,penalty,mpoa,30,300000,-11835,True,3,-11598,,300000
knapsack,mstr,30,0,penalty,mpoa,30,300000,-11835,True,4,-11599,,300000
knapsack,mstr,30,0,penalty,mpoa,30,300000,-11835,True,5,-11764,,300000
knapsack,mstr,30,0,penalty,mpoa,30,300000,-11835,True,6,-11683,,300000
knapsack,mstr,30,0,penalty,mpoa,30,300000,-11835,True,7,-11622,,300000
knapsack,mstr,30,0,penalty,mpoa,30,300000,-11835,True,8,-11503,,300000
knapsack,mstr,30,0,penalty,mpoa,30,300000,-11835,True,9,-11594,,300000
knapsack,mstr,30,0,penalty,mpoa,30,300000,-11835,True,10,-11826,,300000
knapsack,mstr,30,0,penalty,mpoa,30,300000,-11835,True,11,-11717,,300000
knapsack,mstr,30,0,penalty,mpoa,30,300000,-11835,True,12,-11736,,300000
knapsack,mstr,30,0,penalty,mpoa,30,300000,-11835,True,13,-11605,,300000
knapsack,mstr,30,0,penalty,mpoa,30,300000,-11835,True,14,-11611,,300000
knapsack,mstr,30,0,penalty,mpoa,30,300000,-11835,True,15,-11616,,300000
knapsack,mstr,30,0,penalty,mpoa,30,300000,-11835,True,16,-11626,,300000
knapsack,mstr,30,0,penalty,mpoa,30,300000,-11835,True,17,-11780,,300000
knapsack,mstr,30,0,penalty,mpoa,30,300000,-11835,True,18,-11639,,300000
knapsack,mstr,30,0,penalty,mpoa,30,300000,-11835,True,19,-11728,,300000
knapsack,mstr,30,0,penalty,mpoa,30,300000,-11835,True,20,-11573,,300000
knapsack,mstr,30,0,penalty,mpoa,30,300000,-11835,True,21,-11514,,300000
knapsack,mstr,30,0,penalty,mpoa,30,300000,-11835,True,22,-11676,,300000
knapsack,mstr,30,0,penalty,mpoa,30,300000,-11835,True,23,-11826,,300000
knapsack,mstr,30,0,penalty,mpoa,30,300000,-11835,True,24,-11765,,300000
knapsack,mstr,30,0,penalty,mpoa,30,300000,-11835,True,25,-11780,,300000
knapsack,mstr,30,0,penalty,mpoa,30,300000,-11835,True,26,-11620,,300000
knapsack,mstr,30,0,penalty,mpoa,30,300000,-11835,True,27,-11567,,300000
knapsack,mstr,30,0,penalty,mpoa,30,300000,-11835,True,28,-11640,,300000
knapsack,mstr,30,0,penalty,mpoa,30,300000,-11835,True,29,-11826,,300000
knapsack,mstr,30,0,penalty,mpoa,30,300000,-11835,True,30,-11622,,300000
knapsack,mstr,30,1,penalty,mpoa,30,300000,-11931,True,0,-11716,,300000
knapsack,mstr,30,1,penalty,mpoa,30,300000,-11931,True,1,-11873,,300000
knapsack,mstr,30,1,penalty,mpoa,30,300000,-11931,True,2,-11755,,300000
knapsack,mstr,30,1,penalty,mpoa,30,300000,-11931,True,3,-11720,,300000
knapsack,mstr,30,1,penalty,mpoa,30,300000,-11931,True,4,-11916,,300000
knapsack,mstr,30,1,penalty,mpoa,30,300000,-11931,True,5,-11886,,300000
knapsack,mstr,30,1,penalty,mpoa,30,300000,-11931,True,6,-11862,,300000
knapsack,mstr,30,1,penalty,mpoa,30,300000,-11931,True,7,-11877,,300000
knapsack,mstr,30,1,penalty,mpoa,30,300000,-11931,True,8,-11769,,300000
knapsack,mstr,30,1,penalty,mpoa,30,300000,-11931,True,9,-11732,,300000
knapsack,mstr,30,1,penalty,mpoa,30,300000,-11931,True,10,-11699,,300000
knapsack,mstr,30,1,penalty,mpoa,30,300000,-11931,True,11,-11630,,300000
knapsack,mstr,30,1,penalty,mpoa,30,300000,-11931,True,12,-11810,,300000
knapsack,mstr,30,1,penalty,mpoa,30,300000,-11931,True,13,-11893,,300000
knapsack,mstr,30,1,penalty,mpoa,30,300000,-11931,True,14,-11704,,300000
knapsack,mstr,30,1,penalty,mpoa,30,300000,-11931,True,15,-11882,,300000
knapsack,mstr,30,1,penalty,mpoa,30,300000,-11931,True,16,-11930,,300000
knapsack,mstr,30,1,penalty,mpoa,30,300000,-11931,True,17,-11791,,300000
knapsack,mstr,30,1,penalty,mpoa,30,300000,-11931,True,18,-11805,,300000
knapsack,mstr,30,1,penalty,mpoa,30,300000,-11931,True,19,-11660,,300000
knapsack,mstr,30,1,penalty,mpoa,30,300000,-11931,True,20,-11690,,300000
knapsack,mstr,30,1,penalty,mpoa,30,300000,-11931,True,21,-11814,,300000
knapsack,mstr,30,1,penalty,mpoa,30,300000,-11931,True,22,-11731,,300000
knapsack,mstr,30,1,penalty,mpoa,30,300000,-11931,True,23,-11781,,300000
knapsack,mstr,30,1,penalty,mpoa,30,300000,-11931,True,24,-11929,,300000
knapsack,mstr,30,1,penalty,mpoa,30,300000,-11931,True,25,-11705,,300000
knapsack,mstr,30,1,penalty,mpoa,30,300000,-11931,True,26,-11930,,300000
knapsack,mstr,30,1,penalty,mpoa,30,300000,-11931,True,27,-11871,,300000
knapsack,mstr,30,1,penalty,mpoa,30,300000,-11931,True,28,-11533,,300000
knapsack,mstr,30,1,penalty,mpoa,30,300000,-11931,True,29,-11716,,300000
knapsack,mstr,30,1,penalty,mpoa,30,300000,-11931,True,30,-11722,,300000
knapsack,mstr,30,2,penalty,mpoa,30,300000,-11799,True,0,-11490,,300000
knapsack,mstr,30,2,penalty,mpoa,30,300000,-11799,True,1,-11584,,300000
knapsack,mstr,30,2,penalty,mpoa,30,300000,-11799,True,2,-11610,,300000
knapsack,mstr,30,2,penalty,mpoa,30,300000,-11799,True,3,-11623,,300000
knapsack,mstr,30,2,penalty,mpoa,30,300000,-11799,True,4,-11492,,300000
knapsack,mstr,30,2,penalty,mpoa,30,300000,-11799,True,5,-11567,,300000
knapsack,mstr,30,2,penalty,mpoa,30,300000,-11799,True,6,-11690,,300000
knapsack,mstr,30,2,penalty,mpoa,30,300000,-11799,True,7,-11490,,300000
knapsack,mstr,30,2,penalty,mpoa,30,300000,-11799,True,8,-11599,,300000
knapsack,mstr,30,2,penalty,mpoa,30,300000,-11799,True,9,-11479,,300000
knapsack,mstr,30,2,penalty,mpoa,30,300000,-11799,True,10,-11476,,300000
knapsack,mstr,30,2,penalty,mpoa,30,300000,-11799,True,11,-11607,,300000
knapsack,mstr,30,2,penalty,mpoa,30,300000,-11799,True,12,-11574,,300000
knapsack,mstr,30,2,penalty,mpoa,30,300000,-11799,True,13,-11587,,300000
knapsack,mstr,30,2,penalty,mpoa,30,300000,-11799,True,14,-11448,,300000
knapsack,mstr,30,2,penalty,mpoa,30,300000,-11799,True,15,-11672,,300000
knapsack,mstr,30,2,penalty,mpoa,30,300000,-11799,True,16,-11640,,300000
knapsack,mstr,30,2,penalty,mpoa,30,300000,-11799,True,17,-11489,,300000
knapsack,mstr,30,2,penalty,mpoa,30,300000,-11799,True,18,-11692,,300000
knapsack,mstr,30,2,penalty,mpoa,30,300000,-11799,True,19,-11485,,300000
knapsack,mstr,30,2,penalty,mpoa,30,300000,-11799,True,20,-11464,,300000
knapsack,mstr,30,2,penalty,mpoa,30,300000,-11799,True,21,-11583,,300000
knapsack,mstr,30,2,penalty,mpoa,30,300000,-11799,True,22,-11747,,300000
knapsack,mstr,30,2,penalty,mpoa,30,300000,-11799,True,23,-11692,,300000
knapsack,mstr,30,2,penalty,mpoa,30,300000,-11799,True,24,-11571,,300000
knapsack,mstr,30,2,penalty,mpoa,30,300000,-11799,True,25,-11485,,300000
knapsack,mstr,30,2,penalty,mpoa,30,300000,-11799,True,26,-11557,,300000
knapsack,mstr,30,2,penalty,mpoa,30,300000,-11799,True,27,-11496,,300000
knapsack,mstr,30,2,penalty,mpoa,30,300000,-11799,True,28,-11591,,300000
knapsack,mstr,30,2,penalty,mpoa,30,300000,-11799,True,29,-11690,,300000
knapsack,mstr,30,2,penalty,mpoa,30,300000,-11799,True,30,-11510,,300000
knapsack,mstr,30,1,penalty,poa,30,300000,-11931,True,0,-11730,,300000
knapsack,mstr,30,1,penalty,poa,30,300000,-11931,True,1,-11886,,300000
knapsack,mstr,30,1,penalty,poa,30,300000,-11931,True,2,-11768,,300000
knapsack,mstr,30,1,penalty,poa,30,300000,-11931,True,3,-11733,,300000
knapsack,mstr,30,1,penalty,poa,30,300000,-11931,True,4,-11805,,300000
knapsack,mstr,30,1,penalty,poa,30,300000,-11931,True,5,-11886,,300000
knapsack,mstr,30,1,penalty,poa,30,300000,-11931,True,6,-11697,,300000
knapsack,mstr,30,1,penalty,poa,30,300000,-11931,True,7,-11815,,300000
knapsack,mstr,30,1,penalty,poa,30,300000,-11931,True,8,-11732,,300000
knapsack,mstr,30,1,penalty,poa,30,300000,-11931,True,9,-11732,,300000
knapsack,mstr,30,1,penalty,poa,30,300000,-11931,True,10,-11708,,300000
knapsack,mstr,30,1,penalty,poa,30,300000,-11931,True,11,-11898,,300000
knapsack,mstr,30,1,penalty,poa,30,300000,-11931,True,12,-11815,,300000
knapsack,mstr,30,1,penalty,poa,30,300000,-11931,True,13,-11768,,300000
knapsack,mstr,30,1,penalty,poa,30,300000,-11931,True,14,-11918,,300000
knapsack,mstr,30,1,penalty,poa,30,300000,-11931,True,15,-11868,,300000
knapsack,mstr,30,1,penalty,poa,30,300000,-11931,True,16,-11925,,300000
knapsack,mstr,30,1,penalty,poa,30,300000,-11931,True,17,-11846,,300000
knapsack,mstr,30,1,penalty,poa,30,300000,-11931,True,18,-11723,,300000
knapsack,mstr,30,1,penalty,poa,30,300000,-11931,True,19,-11732,,300000
knapsack,mstr,30,1,penalty,poa,30,300000,-11931,True,20,-11690,,300000
knapsack,mstr,30,1,penalty,poa,30,300000,-11931,True,21,-11805,,300000
knapsack,mstr,30,1,penalty,poa,30,300000,-11931,True,22,-11832,,300000
knapsack,mstr,30,1,penalty,poa,30,300000,-11931,True,23,-11886,,300000
knapsack,mstr,30,1,penalty,poa,30,300000,-11931,True,24,-11824,,300000
knapsack,mstr,30,1,penalty,poa,30,300000,-11931,True,25,-11704,,300000
knapsack,mstr,30,1,penalty,poa,30,300000,-11931,True,26,-11921,,300000
knapsack,mstr,30,1,penalty,poa,30,300000,-11931,True,27,-11925,,300000
knapsack,mstr,30,1,penalty,poa,30,300000,-11931,True,28,-11701,,300000
knapsack,mstr,30,1,penalty,poa,30,300000,-11931,True,29,-11839,,300000
knapsack,mstr,30,1,penalty,poa,30,300000,-11931,True,30,-11732,,300000
knapsack,mstr,30,3,penalty,mpoa,30,300000,-12687,True,0,-12554,,300000
knapsack,mstr,30,3,penalty,mpoa,30,300000,-12687,True,1,-12681,,300000
knapsack,mstr,30,3,penalty,mpoa,30,300000,-12687,True,2,-12686,,300000
knapsack,mstr,30,3,penalty,mpoa,30,300000,-12687,True,3,-12687,77038,77038
knapsack,mstr,30,3,penalty,mpoa,30,300000,-12687,True,4,-12631,,300000
knapsack,mstr,30,3,penalty,mpoa,30,300000,-12687,True,5,-12665,,300000
knapsack,mstr,30,3,penalty,mpoa,30,300000,-12687,True,6,-12685,,300000
knapsack,mstr,30,3,penalty,mpoa,30,300000,-12687,True,7,-12682,,300000
knapsack,mstr,30,3,penalty,mpoa,30,300000,-12687,True,8,-12680,,300000
knapsack,mstr,30,3,penalty,mpoa,30,300000,-12687,True,9,-12667,,300000
knapsack,mstr,30,3,penalty,mpoa,30,300000,-12687,True,10,-12626,,300000
knapsack,mstr,30,3,penalty,mpoa,30,300000,-12687,True,11,-12648,,300000
knapsack,mstr,30,3,penalty,mpoa,30,300000,-12687,True,12,-12627,,300000
knapsack,mstr,30,3,penalty,mpoa,30,300000,-12687,True,13,-12520,,300000
knapsack,mstr,30,3,penalty,mpoa,30,300000,-12687,True,14,-12686,,300000
knapsack,mstr,30,3,penalty,mpoa,30,300000,-12687,True,15,-12652,,300000
knapsack,mstr,30,3,penalty,mpoa,30,300000,-12687,True,16,-12657,,300000
knapsack,mstr,30,3,penalty,mpoa,30,300000,-12687,True,17,-12655,,300000
knapsack,mstr,30,3,penalty,mpoa,30,300000,-12687,True,18,-12686,,300000
knapsack,mstr,30,3,penalty,mpoa,30,300000,-12687,True,19,-12667,,300000
knapsack,mstr,30,3,penalty,mpoa,30,300000,-12687,True,20,-12617,,300000
knapsack,mstr,30,3,penalty,mpoa,30,300000,-12687,True,21,-12679,,300000
knapsack,mstr,30,3,penalty,mpoa,30,300000,-12687,True,22,-12673,,300000
knapsack,mstr,30,3,penalty,mpoa,30,300000,-12687,True,23,-12680,,300000
knapsack,mstr,30,3,penalty,mpoa,30,300000,-12687,True,24,-12619,,300000
knapsack,mstr,30,3,penalty,mpoa,30,300000,-12687,True,25,-12674,,300000
knapsack,mstr,30,3,penalty,mpoa,30,300000,-12687,True,26,-12659,,300000
knapsack,mstr,30,3,penalty,mpoa,30,300000,-12687,True,27,-12681,,300000
knapsack,mstr,30,3,penalty,mpoa,30,300000,-12687,True,28,-12684,,300000
knapsack,mstr,30,3,penalty,mpoa,30,300000,-12687,True,29,-12649,,300000
knapsack,mstr,30,3,penalty,mpoa,30,300000,-12687,True,30,-12681,,300000
knapsack,mstr,30,2,penalty,poa,30,300000,-11799,True,0,-11490,,300000
knapsack,mstr,30,2,penalty,poa,30,300000,-11799,True,1,-11494,,300000
knapsack,mstr,30,2,penalty,poa,30,300000,-11799,True,2,-11698,,300000
knapsack,mstr,30,2,penalty,poa,30,300000,-11799,True,3,-11499,,300000
knapsack,mstr,30,2,penalty,poa,30,300000,-11799,True,4,-11647,,300000
knapsack,mstr,30,2,penalty,poa,30,300000,-11799,True,5,-11618,,300000
knapsack,mstr,30,2,penalty,poa,30,300000,-11799,True,6,-11565,,300000
knapsack,mstr,30,2,penalty,poa,30,300000,-11799,True,7,-11640,,300000
knapsack,mstr,30,2,penalty,poa,30,300000,-11799,True,8,-11592,,300000
knapsack,mstr,30,2,penalty,poa,30,300000,-11799,True,9,-11747,,300000
knapsack,mstr,30,2,penalty,poa,30,300000,-11799,True,10,-11593,,300000
knapsack,mstr,30,2,penalty,poa,30,300000,-11799,True,11,-11666,,300000
knapsack,mstr,30,2,penalty,poa,30,300000,-11799,True,12,-11634,,300000
knapsack,mstr,30,2,penalty,poa,30,300000,-11799,True,13,-11674,,300000
knapsack,mstr,30,2,penalty,poa,30,300000,-11799,True,14,-11486,,300000
knapsack,mstr,30,2,penalty,poa,30,300000,-11799,True,15,-11695,,300000
knapsack,mstr,30,2,penalty,poa,30,300000,-11799,True,16,-11596,,300000
knapsack,mstr,30,2,penalty,poa,30,300000,-11799,True,17,-11474,,300000
knapsack,mstr,30,2,penalty,poa,30,300000,-11799,True,18,-11600,,300000
knapsack,mstr,30,2,penalty,poa,30,300000,-11799,True,19,-11600,,300000
knapsack,mstr,30,2,penalty,poa,30,300000,-11799,True,20,-11583,,300000
knapsack,mstr,30,2,penalty,poa,30,300000,-11799,True,21,-11457,,300000
knapsack,mstr,30,2,penalty,poa,30,300000,-11799,True,22,-11594,,300000
knapsack,mstr,30,2,penalty,poa,30,300000,-11799,True,23,-11692,,300000
knapsack,mstr,30,2,penalty,poa,30,300000,-11799,True,24,-11622,,300000
knapsack,mstr,30,2,penalty,poa,30,300000,-11799,True,25,-11520,,300000
knapsack,mstr,30,2,penalty,poa,30,300000,-11799,True,26,-11494,,300000
knapsack,mstr,30,2,penalty,poa,30,300000,-11799,True,27,-11519,,300000
knapsack,mstr,30,2,penalty,poa,30,300000,-11799,True,28,-11772,,300000
knapsack,mstr,30,2,penalty,poa,30,300000,-11799,True,29,-11690,,300000
knapsack,mstr,30,2,penalty,poa,30,300000,-11799,True,30,-11692,,300000
knapsack,uncorrelated,120,1,penalty,poa,120,1200000,-47897,True,0,-39406,,1200000
knapsack,uncorrelated,120,1,penalty,poa,120,1200000,-47897,True,1,-39568,,1200000
knapsack,uncorrelated,120,1,penalty,poa,120,1200000,-47897,True,2,-38763,,1200000
knapsack,uncorrelated,120,1,penalty,poa,120,1200000,-47897,True,3,-39775,,1200000
knapsack,uncorrelated,120,1,penalty,poa,120,1200000,-47897,True,4,-39174,,1200000
knapsack,uncorrelated,120,1,penalty,poa,120,1200000,-47897,True,5,-38305,,1200000
knapsack,uncorrelated,120,1,penalty,poa,120,1200000,-47897,True,6,-40322,,1200000
knapsack,uncorrelated,120,1,penalty,poa,120,1200000,-47897,True,7,-39757,,1200000
knapsack,uncorrelated,120,1,penalty,poa,120,1200000,-47897,True,8,-39103,,1200000
knapsack,uncorrelated,120,1,penalty,poa,120,1200000,-47897,True,9,-38951,,1200000
knapsack,uncorrelated,120,1,penalty,poa,120,1200000,-47897,True,10,-39305,,1200000
knapsack,uncorrelated,120,1,penalty,poa,120,1200000,-47897,True,11,-39271,,1200000
knapsack,uncorrelated,120,1,penalty,poa,120,1200000,-47897,True,12,-39181,,1200000
knapsack,uncorrelated,120,1,penalty,poa,120,1200000,-47897,True,13,-39361,,1200000
knapsack,uncorrelated,120,1,penalty,poa,120,1200000,-47897,True,14,-39204,,1200000
knapsack,uncorrelated,120,1,penalty,poa,120,1200000,-47897,True,15,-38854,,1200000
knapsack,uncorrelated,120,1,penalty,poa,120,1200000,-47897,True,16,-39042,,1200000
knapsack,uncorrelated,120,1,penalty,poa,120,1200000,-47897,True,17,-40073,,1200000
knapsack,uncorrelated,120,1,penalty,poa,120,1200000,-47897,True,18,-39543,,1200000
knapsack,uncorrelated,120,1,penalty,poa,120,1200000,-47897,True,19,-40865,,1200000
knapsack,uncorrelated,120,1,penalty,poa,120,1200000,-47897,True,20,-39021,,1200000
knapsack,uncorrelated,120,1,penalty,poa,120,1200000,-47897,True,21,-39364,,1200000
knapsack,uncorrelated,120,1,penalty,poa,120,1200000,-47897,True,22,-40683,,1200000
knapsack,uncorrelated,120,1,penalty,poa,120,1200000,-47897,True,23,-40242,,1200000
knapsack,uncorrelated,120,1,penalty,poa,120,1200000,-47897,True,24,-39773,,1200000
knapsack,uncorrelated,120,1,penalty,poa,120,1200000,-47897,True,25,-40347,,1200000
knapsack,uncorrelated,120,1,penalty,poa,120,1200000,-47897,True,26,-38415,,1200000
knapsack,uncorrelated,120,1,penalty,poa,120,1200000,-47897,True,27,-39208,,1200000
knapsack,uncorrelated,120,1,penalty,poa,120,1200000,-47897,True,28,-39089,,1200000
knapsack,uncorrelated,120,1,penalty,poa,120,1200000,-47897,True,29,-39121,,1200000
knapsack,uncorrelated,120,1,penalty,poa,120,1200000,-47897,True,30,-38661,,1200000
knapsack,mstr,30,3,penalty,poa,30,300000,-12687,True,0,-12587,,300000
knapsack,mstr,30,3,penalty,poa,30,300000,-12687,True,1,-12681,,300000
knapsack,mstr,30,3,penalty,poa,30,300000,-12687,True,2,-12685,,300000
knapsack,mstr,30,3,penalty,poa,30,300000,-12687,True,3,-12680,,300000
knapsack,mstr,30,3,penalty,poa,30,300000,-12687,True,4,-12631,,300000
knapsack,mstr,30,3,penalty,poa,30,300000,-12687,True,5,-12677,,300000
knapsack,mstr,30,3,penalty,poa,30,300000,-12687,True,6,-12686,,300000
knapsack,mstr,30,3,penalty,poa,30,300000,-12687,True,7,-12682,,300000
knapsack,mstr,30,3,penalty,poa,30,300000,-12687,True,8,-12678,,300000
knapsack,mstr,30,3,penalty,poa,30,300000,-12687,True,9,-12583,,300000
knapsack,mstr,30,3,penalty,poa,30,300000,-12687,True,10,-12626,,300000
knapsack,mstr,30,3,penalty,poa,30,300000,-12687,True,11,-12606,,300000
knapsack,mstr,30,3,penalty,poa,30,300000,-12687,True,12,-12533,,300000
knapsack,mstr,30,3,penalty,poa,30,300000,-12687,True,13,-12581,,300000
knapsack,mstr,30,3,penalty,poa,30,300000,-12687,True,14,-12686,,300000
knapsack,mstr,30,3,penalty,poa,30,300000,-12687,True,15,-12651,,300000
knapsack,mstr,30,3,penalty,poa,30,300000,-12687,True,16,-12628,,300000
knapsack,mstr,30,3,penalty,poa,30,300000,-12687,True,17,-12580,,300000
knapsack,mstr,30,3,penalty,poa,30,300000,-12687,True,18,-12685,,300000
knapsack,mstr,30,3,penalty,poa,30,300000,-12687,True,19,-12667,,300000
knapsack,mstr,30,3,penalty,poa,30,300000,-12687,True,20,-12681,,300000
knapsack,mstr,30,3,penalty,poa,30,300000,-12687,True,21,-12529,,300000
knapsack,mstr,30,3,penalty,poa,30,300000,-12687,True,22,-12673,,300000
knapsack,mstr,30,3,penalty,poa,30,300000,-12687,True,23,-12680,,300000
knapsack,mstr,30,3,penalty,poa,30,300000,-12687,True,24,-12634,,300000
knapsack,mstr,30,3,penalty,poa,30,300000,-12687,True,25,-12685,,300000
knapsack,mstr,30,3,penalty,poa,30,300000,-12687,True,26,-12584,,300000
knapsack,mstr,30,3,penalty,poa,30,300000,-12687,True,27,-12683,,300000
knapsack,mstr,30,3,penalty,poa,30,300000,-12687,True,28,-12566,,300000
knapsack,mstr,30,3,penalty,poa,30,300000,-12687,True,29,-12687,168480,168480
knapsack,mstr,30,3,penalty,poa,30,300000,-12687,True,30,-12684,,300000
knapsack,uncorrelated,120,3,penalty,poa,120,1200000,-46068,True,0,-38475,,1200000
knapsack,uncorrelated,120,3,penalty,poa,120,1200000,-46068,True,1,-38353,,1200000
knapsack,uncorrelated,120,3,penalty,poa,120,1200000,-46068,True,2,-38061,,1200000
knapsack,uncorrelated,120,3,penalty,poa,120,1200000,-46068,True,3,-37981,,1200000
knapsack,uncorrelated,120,3,penalty,poa,120,1200000,-46068,True,4,-38363,,1200000
knapsack,uncorrelated,120,3,penalty,poa,120,1200000,-46068,True,5,-37476,,1200000
knapsack,uncorrelated,120,3,penalty,poa,120,1200000,-46068,True,6,-38294,,1200000
knapsack,uncorrelated,120,3,penalty,poa,120,1200000,-46068,True,7,-36776,,1200000
knapsack,uncorrelated,120,3,penalty,poa,120,1200000,-46068,True,8,-36409,,1200000
knapsack,uncorrelated,120,3,penalty,poa,120,1200000,-46068,True,9,-38908,,1200000
knapsack,uncorrelated,120,3,penalty,poa,120,1200000,-46068,True,10,-39397,,1200000
knapsack,uncorrelated,120,3,penalty,poa,120,1200000,-46068,True,11,-38927,,1200000
knapsack,uncorrelated,120,3,penalty,poa,120,1200000,-46068,True,12,-37557,,1200000
knapsack,uncorrelated,120,3,penalty,poa,120,1200000,-46068,True,13,-37520,,1200000
knapsack,uncorrelated,120,3,penalty,poa,120,1200000,-46068,True,14,-37922,,1200000
knapsack,uncorrelated,120,3,penalty,poa,120,1200000,-46068,True,15,-36951,,1200000
knapsack,uncorrelated,120,3,penalty,poa,120,1200000,-46068,True,16,-38374,,1200000
knapsack,uncorrelated,120,3,penalty,poa,120,1200000,-46068,True,17,-37962,,1200000
knapsack,uncorrelated,120,3,penalty,poa,120,1200000,-46068,True,18,-37943,,1200000
knapsack,uncorrelated,120,3,penalty,poa,120,1200000,-46068,True,19,-37045,,1200000
knapsack,uncorrelated,120,3,penalty,poa,120,1200000,-46068,True,20,-38385,,1200000
knapsack,uncorrelated,120,3,penalty,poa,120,1200000,-46068,True,21,-37858,,1200000
knapsack,uncorrelated,120,3,penalty,poa,120,1200000,-46068,True,22,-38417,,1200000
knapsack,uncorrelated,120,3,penalty,poa,120,1200000,-46068,True,23,-38418,,1200000
knapsack,uncorrelated,120,3,penalty,poa,120,1200000,-46068,True,24,-37738,,1200000
knapsack,uncorrelated,120,3,penalty,poa,120,1200000,-46068,True,25,-37345,,1200000
knapsack,uncorrelated,120,3,penalty,poa,120,1200000,-46068,True,26,-37696,,1200000
knapsack,uncorrelated,120,3,penalty,poa,120,1200000,-46068,True,27,-38640,,1200000
knapsack,uncorrelated,120,3,penalty,poa,120,1200000,-46068,True,28,-37754,,1200000
knapsack,uncorrelated,120,3,penalty,poa,120,1200000,-46068,True,29,-38852,,1200000
knapsack,uncorrelated,120,3,penalty,poa,120,1200000,-46068,True,30,-38074,,1200000
knapsack,uncorrelated,120,2,penalty,poa,120,1200000,-47685,True,0,-39600,,1200000
knapsack,uncorrelated,120,2,penalty,poa,120,1200000,-47685,True,1,-40686,,1200000
knapsack,uncorrelated,120,2,penalty,poa,120,1200000,-47685,True,2,-38677,,1200000
knapsack,uncorrelated,120,2,penalty,poa,120,1200000,-47685,True,3,-38495,,1200000
knapsack,uncorrelated,120,2,penalty,poa,120,1200000,-47685,True,4,-38021,,1200000
knapsack,uncorrelated,120,2,penalty,poa,120,1200000,-47685,True,5,-39328,,1200000
knapsack,uncorrelated,120,2,penalty,poa,120,1200000,-47685,True,6,-38648,,1200000
knapsack,uncorrelated,120,2,penalty,poa,120,1200000,-47685,True,7,-38949,,1200000
knapsack,uncorrelated,120,2,penalty,poa,120,1200000,-47685,True,8,-37826,,1200000
knapsack,uncorrelated,120,2,penalty,poa,120,1200000,-47685,True,9,-39308,,1200000
knapsack,uncorrelated,120,2,penalty,poa,120,1200000,-47685,True,10,-39373,,1200000
knapsack,uncorrelated,120,2,penalty,poa,120,1200000,-47685,True,11,-40011,,1200000
knapsack,uncorrelated,120,2,penalty,poa,120,1200000,-47685,True,12,-38918,,1200000
knapsack,uncorrelated,120,2,penalty,poa,120,1200000,-47685,True,13,-38861,,1200000
knapsack,uncorrelated,120,2,penalty,poa,120,1200000,-47685,True,14,-39614,,1200000
knapsack,uncorrelated,120,2,penalty,poa,120,1200000,-47685,True,15,-39478,,1200000
knapsack,uncorrelated,120,2,penalty,poa,120,1200000,-47685,True,16,-38432,,1200000
knapsack,uncorrelated,120,2,penalty,poa,120,1200000,-47685,True,17,-40319,,1200000
knapsack,uncorrelated,120,2,penalty,poa,120,1200000,-47685,True,18,-38172,,1200000
knapsack,uncorrelated,120,2,penalty,poa,120,1200000,-47685,True,19,-38320,,1200000
knapsack,uncorrelated,120,2,penalty,poa,120,1200000,-47685,True,20,-39135,,1200000
knapsack,uncorrelated,120,2,penalty,poa,120,1200000,-47685,True,21,-39881,,1200000
knapsack,uncorrelated,120,2,penalty,poa,120,1200000,-47685,True,22,-39104,,1200000
knapsack,uncorrelated,120,2,penalty,poa,120,1200000,-47685,True,23,-39495,,1200000
knapsack,uncorrelated,120,2,penalty,poa,120,1200000,-47685,True,24,-38997,,1200000
knapsack,uncorrelated,120,2,penalty,poa,120,1200000,-47685,True,25,-38762,,1200000
knapsack,uncorrelated,120,2,penalty,poa,120,1200000,-47685,True,26,-40047,,1200000
knapsack,uncorrelated,120,2,penalty,poa,120,1200000,-47685,True,27,-39294,,1200000
knapsack,uncorrelated,120,2,penalty,poa,120,1200000,-47685,True,28,-39496,,1200000
knapsack,uncorrelated,120,2,penalty,poa,120,1200000,-47685,True,29,-38661,,1200000
knapsack,uncorrelated,120,2,penalty,poa,120,1200000,-47685,True,30,-39371,,1200000
knapsack,inverse,80,0,penalty,poa,80,800000,-21739,True,0,-21107,,800000
knapsack,inverse,80,0,penalty,poa,80,800000,-21739,True,1,-21157,,800000
knapsack,inverse,80,0,penalty,poa,80,800000,-21739,True,2,-21232,,800000
knapsack,inverse,80,0,penalty,poa,80,800000,-21739,True,3,-21132,,800000
knapsack,inverse,80,0,penalty,poa,80,800000,-21739,True,4,-21094,,800000
knapsack,inverse,80,0,penalty,poa,80,800000,-21739,True,5,-21191,,800000
knapsack,inverse,80,0,penalty,poa,80,800000,-21739,True,6,-21306,,800000
knapsack,inverse,80,0,penalty,poa,80,800000,-21739,True,7,-21224,,800000
knapsack,inverse,80,0,penalty,poa,80,800000,-21739,True,8,-21235,,800000
knapsack,inverse,80,0,penalty,poa,80,800000,-21739,True,9,-21323,,800000
knapsack,inverse,80,0,penalty,poa,80,800000,-21739,True,10,-21147,,800000
knapsack,inverse,80,0,penalty,poa,80,800000,-21739,True,11,-21215,,800000
knapsack,inverse,80,0,penalty,poa,80,800000,-21739,True,12,-21157,,800000
knapsack,inverse,80,0,penalty,poa,80,800000,-21739,True,13,-21203,,800000
knapsack,inverse,80,0,penalty,poa,80,800000,-21739,True,14,-21314,,800000
knapsack,inverse,80,0,penalty,poa,80,800000,-21739,True,15,-21119,,800000
knapsack,inverse,80,0,penalty,poa,80,800000,-21739,True,16,-21236,,800000
knapsack,inverse,80,0,penalty,poa,80,800000,-21739,True,17,-21039,,800000
knapsack,inverse,80,0,penalty,poa,80,800000,-21739,True,18,-21173,,800000
knapsack,inverse,80,0,penalty,poa,80,800000,-21739,True,19,-21101,,800000
knapsack,inverse,80,0,penalty,poa,80,800000,-21739,True,20,-21238,,800000
knapsack,inverse,80,0,penalty,poa,80,800000,-21739,True,21,-21220,,800000
knapsack,inverse,80,0,penalty,poa,80,800000,-21739,True,22,-21136,,800000
knapsack,inverse,80,0,penalty,poa,80,800000,-21739,True,23,-21132,,800000
knapsack,inverse,80,0,penalty,poa,80,800000,-21739,True,24,-21127,,800000
knapsack,inverse,80,0,penalty,poa,80,800000,-21739,True,25,-21138,,800000
knapsack,inverse,80,0,penalty,poa,80,800000,-21739,True,26,-21239,,800000
knapsack,inverse,80,0,penalty,poa,80,800000,-21739,True,27,-21233,,800000
knapsack,inverse,80,0,penalty,poa,80,800000,-21739,True,28,-21151,,800000
knapsack,inverse,80,0,penalty,poa,80,800000,-21739,True,29,-21130,,800000
knapsack,inverse,80,0,penalty,poa,80,800000,-21739,True,30,-21220,,800000
knapsack,mstr,30,4,penalty,mpoa,30,300000,-11839,True,0,-11651,,300000
knapsack,mstr,30,4,penalty,mpoa,30,300000,-11839,True,1,-11626,,300000
knapsack,mstr,30,4,penalty,mpoa,30,300000,-11839,True,2,-11700,,300000
knapsack,mstr,30,4,penalty,mpoa,30,300000,-11839,True,3,-11837,,300000
knapsack,mstr,30,4,penalty,mpoa,30,300000,-11839,True,4,-11536,,300000
knapsack,mstr,30,4,penalty,mpoa,30,300000,-11839,True,5,-11829,,300000
knapsack,mstr,30,4,penalty,mpoa,30,300000,-11839,True,6,-11720,,300000
knapsack,mstr,30,4,penalty,mpoa,30,300000,-11839,True,7,-11639,,300000
knapsack,mstr,30,4,penalty,mpoa,30,300000,-11839,True,8,-11826,,300000
knapsack,mstr,30,4,penalty,mpoa,30,300000,-11839,True,9,-11643,,300000
knapsack,mstr,30,4,penalty,mpoa,30,300000,-11839,True,10,-11570,,300000
knapsack,mstr,30,4,penalty,mpoa,30,300000,-11839,True,11,-11681,,300000
knapsack,mstr,30,4,penalty,mpoa,30,300000,-11839,True,12,-11726,,300000
knapsack,mstr,30,4,penalty,mpoa,30,300000,-11839,True,13,-11617,,300000
knapsack,mstr,30,4,penalty,mpoa,30,300000,-11839,True,14,-11736,,300000
knapsack,mstr,30,4,penalty,mpoa,30,300000,-11839,True,15,-11737,,300000
knapsack,mstr,30,4,penalty,mpoa,30,300000,-11839,True,16,-11733,,300000
knapsack,mstr,30,4,penalty,mpoa,30,300000,-11839,True,17,-11832,,300000
knapsack,mstr,30,4,penalty,mpoa,30,300000,-11839,True,18,-11629,,300000
knapsack,mstr,30,4,penalty,mpoa,30,300000,-11839,True,19,-11736,,300000
knapsack,mstr,30,4,penalty,mpoa,30,300000,-11839,True,20,-11737,,300000
knapsack,mstr,30,4,penalty,mpoa,30,300000,-11839,True,21,-11633,,300000
knapsack,mstr,30,4,penalty,mpoa,30,300000,-11839,True,22,-11726,,300000
knapsack,mstr,30,4,penalty,mpoa,30,300000,-11839,True,23,-11628,,300000
knapsack,mstr,30,4,penalty,mpoa,30,300000,-11839,True,24,-11711,,300000
knapsack,mstr,30,4,penalty,mpoa,30,300000,-11839,True,25,-11617,,300000
knapsack,mstr,30,4,penalty,mpoa,30,300000,-11839,True,26,-11788,,300000
knapsack,mstr,30,4,penalty,mpoa,30,300000,-11839,True,27,-11771,,300000
knapsack,mstr,30,4,penalty,mpoa,30,300000,-11839,True,28,-11635,,300000
knapsack,mstr,30,4,penalty,mpoa,30,300000,-11839,True,29,-11606,,300000
knapsack,mstr,30,4,penalty,mpoa,30,300000,-11839,True,30,-11605,,300000
knapsack,mstr,30,4,penalty,poa,30,300000,-11839,True,0,-11643,,300000
knapsack,mstr,30,4,penalty,poa,30,300000,-11839,True,1,-11629,,300000
knapsack,mstr,30,4,penalty,poa,30,300000,-11839,True,2,-11700,,300000
knapsack,mstr,30,4,penalty,poa,30,300000,-11839,True,3,-11834,,300000
knapsack,mstr,30,4,penalty,poa,30,300000,-11839,True,4,-11758,,300000
knapsack,mstr,30,4,penalty,poa,30,300000,-11839,True,5,-11823,,300000
knapsack,mstr,30,4,penalty,poa,30,300000,-11839,True,6,-11711,,300000
knapsack,mstr,30,4,penalty,poa,30,300000,-11839,True,7,-11782,,300000
knapsack,mstr,30,4,penalty,poa,30,300000,-11839,True,8,-11826,,300000
knapsack,mstr,30,4,penalty,poa,30,300000,-11839,True,9,-11643,,300000
knapsack,mstr,30,4,penalty,poa,30,300000,-11839,True,10,-11637,,300000
knapsack,mstr,30,4,penalty,poa,30,300000,-11839,True,11,-11832,,300000
knapsack,mstr,30,4,penalty,poa,30,300000,-11839,True,12,-11634,,300000
knapsack,mstr,30,4,penalty,poa,30,300000,-11839,True,13,-11699,,300000
knapsack,mstr,30,4,penalty,poa,30,300000,-11839,True,14,-11736,,300000
knapsack,mstr,30,4,penalty,poa,30,300000,-11839,True,15,-11682,,300000
knapsack,mstr,30,4,penalty,poa,30,300000,-11839,True,16,-11733,,300000
knapsack,mstr,30,4,penalty,poa,30,300000,-11839,True,17,-11826,,300000
knapsack,mstr,30,4,penalty,poa,30,300000,-11839,True,18,-11835,,300000
knapsack,mstr,30,4,penalty,poa,30,300000,-11839,True,19,-11809,,300000
knapsack,mstr,30,4,penalty,poa,30,300000,-11839,True,20,-11838,,300000
knapsack,mstr,30,4,penalty,poa,30,300000,-11839,True,21,-11632,,300000
knapsack,mstr,30,4,penalty,poa,30,300000,-11839,True,22,-11831,,300000
knapsack,mstr,30,4,penalty,poa,30,300000,-11839,True,23,-11618,,300000
knapsack,mstr,30,4,penalty,poa,30,300000,-11839,True,24,-11738,,300000
knapsack,mstr,30,4,penalty,poa,30,300000,-11839,True,25,-11834,,300000
knapsack,mstr,30,4,penalty,poa,30,300000,-11839,True,26,-11635,,300000
knapsack,mstr,30,4,penalty,poa,30,300000,-11839,True,27,-11663,,300000
knapsack,mstr,30,4,penalty,poa,30,300000,-11839,True,28,-11682,,300000
knapsack,mstr,30,4,penalty,poa,30,300000,-11839,True,29,-11779,,300000
knapsack,mstr,30,4,penalty,poa,30,300000,-11839,True,30,-11608,,300000
knapsack,uncorrelated,120,4,penalty,poa,120,1200000,-46845,True,0,-38555,,1200000
knapsack,uncorrelated,120,4,penalty,poa,120,1200000,-46845,True,1,-38944,,1200000
knapsack,uncorrelated,120,4,penalty,poa,120,1200000,-46845,True,2,-39069,,1200000
knapsack,uncorrelated,120,4,penalty,poa,120,1200000,-46845,True,3,-40120,,1200000
knapsack,uncorrelated,120,4,penalty,poa,120,1200000,-46845,True,4,-38517,,1200000
knapsack,uncorrelated,120,4,penalty,poa,120,1200000,-46845,True,5,-38929,,1200000
knapsack,uncorrelated,120,4,penalty,poa,120,1200000,-46845,True,6,-38663,,1200000
knapsack,uncorrelated,120,4,penalty,poa,120,1200000,-46845,True,7,-38863,,1200000
knapsack,uncorrelated,120,4,penalty,poa,120,1200000,-46845,True,8,-38757,,1200000
knapsack,uncorrelated,120,4,penalty,poa,120,1200000,-46845,True,9,-37549,,1200000
knapsack,uncorrelated,120,4,penalty,poa,120,1200000,-46845,True,10,-38578,,1200000
knapsack,uncorrelated,120,4,penalty,poa,120,1200000,-46845,True,11,-38605,,1200000
knapsack,uncorrelated,120,4,penalty,poa,120,1200000,-46845,True,12,-39803,,1200000
knapsack,uncorrelated,120,4,penalty,poa,120,1200000,-46845,True,13,-38768,,1200000
knapsack,uncorrelated,120,4,penalty,poa,120,1200000,-46845,True,14,-38301,,1200000
knapsack,uncorrelated,120,4,penalty,poa,120,1200000,-46845,True,15,-38793,,1200000
knapsack,uncorrelated,120,4,penalty,poa,120,1200000,-46845,True,16,-39090,,1200000
knapsack,uncorrelated,120,4,penalty,poa,120,1200000,-46845,True,17,-38442,,1200000
knapsack,uncorrelated,120,4,penalty,poa,120,1200000,-46845,True,18,-39204,,1200000
knapsack,uncorrelated,120,4,penalty,poa,120,1200000,-46845,True,19,-38343,,1200000
knapsack,uncorrelated,120,4,penalty,poa,120,1200000,-46845,True,20,-37239,,1200000
knapsack,uncorrelated,120,4,penalty,poa,120,1200000,-46845,True,21,-38824,,1200000
knapsack,uncorrelated,120,4,penalty,poa,120,1200000,-46845,True,22,-38635,,1200000
knapsack,uncorrelated,120,4,penalty,poa,120,1200000,-46845,True,23,-38266,,1200000
knapsack,uncorrelated,120,4,penalty,poa,120,1200000,-46845,True,24,-38920,,1200000
knapsack,uncorrelated,120,4,penalty,poa,120,1200000,-46845,True,25,-38270,,1200000
knapsack,uncorrelated,120,4,penalty,poa,120,1200000,-46845,True,26,-38205,,1200000
knapsack,uncorrelated,120,4,penalty,poa,120,1200000,-46845,True,27,-39800,,1200000
knapsack,uncorrelated,120,4,penalty,poa,120,1200000,-46845,True,28,-38866,,1200000
knapsack,uncorrelated,120,4,penalty,poa,120,1200000,-46845,True,29,-38506,,1200000
knapsack,uncorrelated,120,4,penalty,poa,120,1200000,-46845,True,30,-38165,,1200000
knapsack,inverse,80,1,penalty,poa,80,800000,-20707,True,0,-20003,,800000
knapsack,inverse,80,1,penalty,poa,80,800000,-20707,True,1,-20161,,800000
knapsack,inverse,80,1,penalty,poa,80,800000,-20707,True,2,-19986,,800000
knapsack,inverse,80,1,penalty,poa,80,800000,-20707,True,3,-20036,,800000
knapsack,inverse,80,1,penalty,poa,80,800000,-20707,True,4,-20059,,800000
knapsack,inverse,80,1,penalty,poa,80,800000,-20707,True,5,-20000,,800000
knapsack,inverse,80,1,penalty,poa,80,800000,-20707,True,6,-19998,,800000
knapsack,inverse,80,1,penalty,poa,80,800000,-20707,True,7,-20114,,800000
knapsack,inverse,80,1,penalty,poa,80,800000,-20707,True,8,-20215,,800000
knapsack,inverse,80,1,penalty,poa,80,800000,-20707,True,9,-20090,,800000
knapsack,inverse,80,1,penalty,poa,80,800000,-20707,True,10,-20006,,800000
knapsack,inverse,80,1,penalty,poa,80,800000,-20707,True,11,-20180,,800000
knapsack,inverse,80,1,penalty,poa,80,800000,-20707,True,12,-20203,,800000
knapsack,inverse,80,1,penalty,poa,80,800000,-20707,True,13,-20145,,800000
knapsack,inverse,80,1,penalty,poa,80,800000,-20707,True,14,-20146,,800000
knapsack,inverse,80,1,penalty,poa,80,800000,-20707,True,15,-20001,,800000
knapsack,inverse,80,1,penalty,poa,80,800000,-20707,True,16,-20092,,800000
knapsack,inverse,80,1,penalty,poa,80,800000,-20707,True,17,-19998,,800000
knapsack,inverse,80,1,penalty,poa,80,800000,-20707,True,18,-20001,,800000
knapsack,inverse,80,1,penalty,poa,80,800000,-20707,True,19,-20089,,800000
knapsack,inverse,80,1,penalty,poa,80,800000,-20707,True,20,-20112,,800000
knapsack,inverse,80,1,penalty,poa,80,800000,-20707,True,21,-19990,,800000
knapsack,inverse,80,1,penalty,poa,80,800000,-20707,True,22,-20102,,800000
knapsack,inverse,80,1,penalty,poa,80,800000,-20707,True,23,-20075,,800000
knapsack,inverse,80,1,penalty,poa,80,800000,-20707,True,24,-20153,,800000
knapsack,inverse,80,1,penalty,poa,80,800000,-20707,True,25,-20066,,800000
knapsack,inverse,80,1,penalty,poa,80,800000,-20707,True,26,-20065,,800000
knapsack,inverse,80,1,penalty,poa,80,800000,-20707,True,27,-20185,,800000
knapsack,inverse,80,1,penalty,poa,80,800000,-20707,True,28,-20028,,800000
knapsack,inverse,80,1,penalty,poa,80,800000,-20707,True,29,-20094,,800000
knapsack,inverse,80,1,penalty,poa,80,800000,-20707,True,30,-20045,,800000
knapsack,mstr,50,0,penalty,mpoa,50,500000,-21641,True,0,-21106,,500000
knapsack,mstr,50,0,penalty,mpoa,50,500000,-21641,True,1,-21108,,500000
knapsack,mstr,50,0,penalty,mpoa,50,500000,-21641,True,2,-21094,,500000
knapsack,mstr,50,0,penalty,mpoa,50,500000,-21641,True,3,-20990,,500000
knapsack,mstr,50,0,penalty,mpoa,50,500000,-21641,True,4,-21039,,500000
knapsack,mstr,50,0,penalty,mpoa,50,500000,-21641,True,5,-20846,,500000
knapsack,mstr,50,0,penalty,mpoa,50,500000,-21641,True,6,-21319,,500000
knapsack,mstr,50,0,penalty,mpoa,50,500000,-21641,True,7,-21035,,500000
knapsack,mstr,50,0,penalty,mpoa,50,500000,-21641,True,8,-21005,,500000
knapsack,mstr,50,0,penalty,mpoa,50,500000,-21641,True,9,-20937,,500000
knapsack,mstr,50,0,penalty,mpoa,50,500000,-21641,True,10,-21039,,500000
knapsack,mstr,50,0,penalty,mpoa,50,500000,-21641,True,11,-20990,,500000
knapsack,mstr,50,0,penalty,mpoa,50,500000,-21641,True,12,-21153,,500000
knapsack,mstr,50,0,penalty,mpoa,50,500000,-21641,True,13,-21025,,500000
knapsack,mstr,50,0,penalty,mpoa,50,500000,-21641,True,14,-20876,,500000
knapsack,mstr,50,0,penalty,mpoa,50,500000,-21641,True,15,-21083,,500000
knapsack,mstr,50,0,penalty,mpoa,50,500000,-21641,True,16,-21224,,500000
knapsack,mstr,50,0,penalty,mpoa,50,500000,-21641,True,17,-21141,,500000
knapsack,mstr,50,0,penalty,mpoa,50,500000,-21641,True,18,-20960,,500000
knapsack,mstr,50,0,penalty,mpoa,50,500000,-21641,True,19,-21134,,500000
knapsack,mstr,50,0,penalty,mpoa,50,500000,-21641,True,20,-21019,,500000
knapsack,mstr,50,0,penalty,mpoa,50,500000,-21641,True,21,-21039,,500000
knapsack,mstr,50,0,penalty,mpoa,50,500000,-21641,True,22,-20926,,500000
knapsack,mstr,50,0,penalty,mpoa,50,500000,-21641,True,23,-21034,,500000
knapsack,mstr,50,0,penalty,mpoa,50,500000,-21641,True,24,-21025,,500000
knapsack,mstr,50,0,penalty,mpoa,50,500000,-21641,True,25,-20935,,500000
knapsack,mstr,50,0,penalty,mpoa,50,500000,-21641,True,26,-21215,,500000
knapsack,mstr,50,0,penalty,mpoa,50,500000,-21641,True,27,-21236,,500000
knapsack,mstr,50,0,penalty,mpoa,50,500000,-21641,True,28,-21134,,500000
knapsack,mstr,50,0,penalty,mpoa,50,500000,-21641,True,29,-21082,,500000
knapsack,mstr,50,0,penalty,mpoa,50,500000,-21641,True,30,-21143,,500000
knapsack,inverse,80,2,penalty,poa,80,800000,-21773,True,0,-21068,,800000
knapsack,inverse,80,2,penalty,poa,80,800000,-21773,True,1,-21220,,800000
knapsack,inverse,80,2,penalty,poa,80,800000,-21773,True,2,-21211,,800000
knapsack,inverse,80,2,penalty,poa,80,800000,-21773,True,3,-21164,,800000
knapsack,inverse,80,2,penalty,poa,80,800000,-21773,True,4,-21135,,800000
knapsack,inverse,80,2,penalty,poa,80,800000,-21773,True,5,-21038,,800000
knapsack,inverse,80,2,penalty,poa,80,800000,-21773,True,6,-21204,,800000
knapsack,inverse,80,2,penalty,poa,80,800000,-21773,True,7,-21164,,800000
knapsack,inverse,80,2,penalty,poa,80,800000,-21773,True,8,-21143,,800000
knapsack,inverse,80,2,penalty,poa,80,800000,-21773,True,9,-21115,,800000
knapsack,inverse,80,2,penalty,poa,80,800000,-21773,True,10,-21190,,800000
knapsack,inverse,80,2,penalty,poa,80,800000,-21773,True,11,-21158,,800000
knapsack,inverse,80,2,penalty,poa,80,800000,-21773,True,12,-21258,,800000
knapsack,inverse,80,2,penalty,poa,80,800000,-21773,True,13,-21146,,800000
knapsack,inverse,80,2,penalty,poa,80,800000,-21773,True,14,-21231,,800000
knapsack,inverse,80,2,penalty,poa,80,800000,-21773,True,15,-21137,,800000
knapsack,inverse,80,2,penalty,poa,80,800000,-21773,True,16,-21137,,800000
knapsack,inverse,80,2,penalty,poa,80,800000,-21773,True,17,-21357,,800000
knapsack,inverse,80,2,penalty,poa,80,800000,-21773,True,18,-21112,,800000
knapsack,inverse,80,2,penalty,poa,80,800000,-21773,True,19,-21149,,800000
knapsack,inverse,80,2,penalty,poa,80,800000,-21773,True,20,-21234,,800000
knapsack,inverse,80,2,penalty,poa,80,800000,-21773,True,21,-21056,,800000
knapsack,inverse,80,2,penalty,poa,80,800000,-21773,True,22,-21260,,800000
knapsack,inverse,80,2,penalty,poa,80,800000,-21773,True,23,-21148,,800000
knapsack,inverse,80,2,penalty,poa,80,800000,-21773,True,24,-21114,,800000
knapsack,inverse,80,2,penalty,poa,80,800000,-21773,True,25,-21034,,800000
knapsack,inverse,80,2,penalty,poa,80,800000,-21773,True,26,-21038,,800000
knapsack,inverse,80,2,penalty,poa,80,800000,-21773,True,27,-21259,,800000
knapsack,inverse,80,2,penalty,poa,80,800000,-21773,True,28,-21122,,800000
knapsack,inverse,80,2,penalty,poa,80,800000,-21773,True,29,-21055,,800000
knapsack,inverse,80,2,penalty,poa,80,800000,-21773,True,30,-21144,,800000
knapsack,mstr,50,1,penalty,mpoa,50,500000,-20476,True,0,-19790,,500000
knapsack,mstr,50,1,penalty,mpoa,50,500000,-20476,True,1,-19659,,500000
knapsack,mstr,50,1,penalty,mpoa,50,500000,-20476,True,2,-19674,,500000
knapsack,mstr,50,1,penalty,mpoa,50,500000,-20476,True,3,-19527,,500000
knapsack,mstr,50,1,penalty,mpoa,50,500000,-20476,True,4,-19760,,500000
knapsack,mstr,50,1,penalty,mpoa,50,500000,-20476,True,5,-19791,,500000
knapsack,mstr,50,1,penalty,mpoa,50,500000,-20476,True,6,-20063,,500000
knapsack,mstr,50,1,penalty,mpoa,50,500000,-20476,True,7,-19771,,500000
knapsack,mstr,50,1,penalty,mpoa,50,500000,-20476,True,8,-19989,,500000
knapsack,mstr,50,1,penalty,mpoa,50,500000,-20476,True,9,-19766,,500000
knapsack,mstr,50,1,penalty,mpoa,50,500000,-20476,True,10,-19662,,500000
knapsack,mstr,50,1,penalty,mpoa,50,500000,-20476,True,11,-19898,,500000
knapsack,mstr,50,1,penalty,mpoa,50,500000,-20476,True,12,-19834,,500000
knapsack,mstr,50,1,penalty,mpoa,50,500000,-20476,True,13,-20074,,500000
knapsack,mstr,50,1,penalty,mpoa,50,500000,-20476,True,14,-19811,,500000
knapsack,mstr,50,1,penalty,mpoa,50,500000,-20476,True,15,-20166,,500000
knapsack,mstr,50,1,penalty,mpoa,50,500000,-20476,True,16,-19651,,500000
knapsack,mstr,50,1,penalty,mpoa,50,500000,-20476,True,17,-19972,,500000
knapsack,mstr,50,1,penalty,mpoa,50,500000,-20476,True,18,-19613,,500000
knapsack,mstr,50,1,penalty,mpoa,50,500000,-20476,True,19,-19776,,500000
knapsack,mstr,50,1,penalty,mpoa,50,500000,-20476,True,20,-19855,,500000
knapsack,mstr,50,1,penalty,mpoa,50,500000,-20476,True,21,-19933,,500000
knapsack,mstr,50,1,penalty,mpoa,50,500000,-20476,True,22,-20046,,500000
knapsack,mstr,50,1,penalty,mpoa,50,500000,-20476,True,23,-19774,,500000
knapsack,mstr,50,1,penalty,mpoa,50,500000,-20476,True,24,-19840,,500000
knapsack,mstr,50,1,penalty,mpoa,50,500000,-20476,True,25,-20062,,500000
knapsack,mstr,50,1,penalty,mpoa,50,500000,-20476,True,26,-19941,,500000
knapsack,mstr,50,1,penalty,mpoa,50,500000,-20476,True,27,-19764,,500000
knapsack,mstr,50,1,penalty,mpoa,50,500000,-20476,True,28,-19742,,500000
knapsack,mstr,50,1,penalty,mpoa,50,500000,-20476,True,29,-19859,,500000
knapsack,mstr,50,1,penalty,mpoa,50,500000,-20476,True,30,-19654,,500000
knapsack,inverse,80,3,penalty,poa,80,800000,-23666,True,0,-23144,,800000
knapsack,inverse,80,3,penalty,poa,80,800000,-23666,True,1,-23063,,800000
knapsack,inverse,80,3,penalty,poa,80,800000,-23666,True,2,-23154,,800000
knapsack,inverse,80,3,penalty,poa,80,800000,-23666,True,3,-23058,,800000
knapsack,inverse,80,3,penalty,poa,80,800000,-23666,True,4,-22978,,800000
knapsack,inverse,80,3,penalty,poa,80,800000,-23666,True,5,-23045,,800000
knapsack,inverse,80,3,penalty,poa,80,800000,-23666,True,6,-23040,,800000
knapsack,inverse,80,3,penalty,poa,80,800000,-23666,True,7,-23050,,800000
knapsack,inverse,80,3,penalty,poa,80,800000,-23666,True,8,-23004,,800000
knapsack,inverse,80,3,penalty,poa,80,800000,-23666,True,9,-23064,,800000
knapsack,inverse,80,3,penalty,poa,80,800000,-23666,True,10,-23048,,800000
knapsack,inverse,80,3,penalty,poa,80,800000,-23666,True,11,-22995,,800000
knapsack,inverse,80,3,penalty,poa,80,800000,-23666,True,12,-23058,,800000
knapsack,inverse,80,3,penalty,poa,80,800000,-23666,True,13,-23114,,800000
knapsack,inverse,80,3,penalty,poa,80,800000,-23666,True,14,-23058,,800000
knapsack,inverse,80,3,penalty,poa,80,800000,-23666,True,15,-23064,,800000
knapsack,inverse,80,3,penalty,poa,80,800000,-23666,True,16,-23120,,800000
knapsack,inverse,80,3,penalty,poa,80,800000,-23666,True,17,-23018,,800000
knapsack,inverse,80,3,penalty,poa,80,800000,-23666,True,18,-23044,,800000
knapsack,inverse,80,3,penalty,poa,80,800000,-23666,True,19,-23055,,800000
knapsack,inverse,80,3,penalty,poa,80,800000,-23666,True,20,-23158,,800000
knapsack,inverse,80,3,penalty,poa,80,800000,-23666,True,21,-23011,,800000
knapsack,inverse,80,3,penalty,poa,80,800000,-23666,True,22,-22962,,800000
knapsack,inverse,80,3,penalty,poa,80,800000,-23666,True,23,-23027,,800000
knapsack,inverse,80,3,penalty,poa,80,800000,-23666,True,24,-23050,,800000
knapsack,inverse,80,3,penalty,poa,80,800000,-23666,True,25,-23055,,800000
knapsack,inverse,80,3,penalty,poa,80,800000,-23666,True,26,-23003,,800000
knapsack,inverse,80,3,penalty,poa,80,800000,-23666,True,27,-23060,,800000
knapsack,inverse,80,3,penalty,poa,80,800000,-23666,True,28,-23026,,800000
knapsack,inverse,80,3,penalty,poa,80,800000,-23666,True,29,-23038,,800000
knapsack,inverse,80,3,penalty,poa,80,800000,-23666,True,30,-23048,,800000
knapsack,inverse,80,4,penalty,poa,80,800000,-20642,True,0,-19939,,800000
knapsack,inverse,80,4,penalty,poa,80,800000,-20642,True,1,-19979,,800000
knapsack,inverse,80,4,penalty,poa,80,800000,-20642,True,2,-20059,,800000
knapsack,inverse,80,4,penalty,poa,80,800000,-20642,True,3,-20097,,800000
knapsack,inverse,80,4,penalty,poa,80,800000,-20642,True,4,-20042,,800000
knapsack,inverse,80,4,penalty,poa,80,800000,-20642,True,5,-20012,,800000
knapsack,inverse,80,4,penalty,poa,80,800000,-20642,True,6,-19906,,800000
knapsack,inverse,80,4,penalty,poa,80,800000,-20642,True,7,-19993,,800000
knapsack,inverse,80,4,penalty,poa,80,800000,-20642,True,8,-19866,,800000
knapsack,inverse,80,4,penalty,poa,80,800000,-20642,True,9,-19929,,800000
knapsack,inverse,80,4,penalty,poa,80,800000,-20642,True,10,-19972,,800000
knapsack,inverse,80,4,penalty,poa,80,800000,-20642,True,11,-19966,,800000
knapsack,inverse,80,4,penalty,poa,80,800000,-20642,True,12,-19999,,800000
knapsack,inverse,80,4,penalty,poa,80,800000,-20642,True,13,-20040,,800000
knapsack,inverse,80,4,penalty,poa,80,800000,-20642,True,14,-20039,,800000
knapsack,inverse,80,4,penalty,poa,80,800000,-20642,True,15,-19893,,800000
knapsack,inverse,80,4,penalty,poa,80,800000,-20642,True,16,-20007,,800000
knapsack,inverse,80,4,penalty,poa,80,800000,-20642,True,17,-19991,,800000
knapsack,inverse,80,4,penalty,poa,80,800000,-20642,True,18,-20035,,800000
knapsack,inverse,80,4,penalty,poa,80,800000,-20642,True,19,-19930,,800000
knapsack,inverse,80,4,penalty,poa,80,800000,-20642,True,20,-19935,,800000
knapsack,inverse,80,4,penalty,poa,80,800000,-20642,True,21,-20140,,800000
knapsack,inverse,80,4,penalty,poa,80,800000,-20642,True,22,-19941,,800000
knapsack,inverse,80,4,penalty,poa,80,800000,-20642,True,23,-19937,,800000
knapsack,inverse,80,4,penalty,poa,80,800000,-20642,True,24,-19898,,800000
knapsack,inverse,80,4,penalty,poa,80,800000,-20642,True,25,-19941,,800000
knapsack,inverse,80,4,penalty,poa,80,800000,-20642,True,26,-19979,,800000
knapsack,inverse,80,4,penalty,poa,80,800000,-20642,True,27,-19883,,800000
knapsack,inverse,80,4,penalty,poa,80,800000,-20642,True,28,-20018,,800000
knapsack,inverse,80,4,penalty,poa,80,800000,-20642,True,29,-20144,,800000
knapsack,inverse,80,4,penalty,poa,80,800000,-20642,True,30,-20039,,800000
knapsack,mstr,50,2,penalty,mpoa,50,500000,-19746,True,0,-18942,,500000
knapsack,mstr,50,2,penalty,mpoa,50,500000,-19746,True,1,-19173,,500000
knapsack,mstr,50,2,penalty,mpoa,50,500000,-19746,True,2,-19163,,500000
knapsack,mstr,50,2,penalty,mpoa,50,500000,-19746,True,3,-19379,,500000
knapsack,mstr,50,2,penalty,mpoa,50,500000,-19746,True,4,-19235,,500000
knapsack,mstr,50,2,penalty,mpoa,50,500000,-19746,True,5,-18943,,500000
knapsack,mstr,50,2,penalty,mpoa,50,500000,-19746,True,6,-18946,,500000
knapsack,mstr,50,2,penalty,mpoa,50,500000,-19746,True,7,-19207,,500000
knapsack,mstr,50,2,penalty,mpoa,50,500000,-19746,True,8,-18935,,500000
knapsack,mstr,50,2,penalty,mpoa,50,500000,-19746,True,9,-19236,,500000
knapsack,mstr,50,2,penalty,mpoa,50,500000,-19746,True,10,-19136,,500000
knapsack,mstr,50,2,penalty,mpoa,50,500000,-19746,True,11,-18875,,500000
knapsack,mstr,50,2,penalty,mpoa,50,500000,-19746,True,12,-19205,,500000
knapsack,mstr,50,2,penalty,mpoa,50,500000,-19746,True,13,-19014,,500000
knapsack,mstr,50,2,penalty,mpoa,50,500000,-19746,True,14,-19143,,500000
knapsack,mstr,50,2,penalty,mpoa,50,500000,-19746,True,15,-19157,,500000
knapsack,mstr,50,2,penalty,mpoa,50,500000,-19746,True,16,-18813,,500000
knapsack,mstr,50,2,penalty,mpoa,50,500000,-19746,True,17,-19162,,500000
knapsack,mstr,50,2,penalty,mpoa,50,500000,-19746,True,18,-19204,,500000
knapsack,mstr,50,2,penalty,mpoa,50,500000,-19746,True,19,-19310,,500000
knapsack,mstr,50,2,penalty,mpoa,50,500000,-19746,True,20,-19029,,500000
knapsack,mstr,50,2,penalty,mpoa,50,500000,-19746,True,21,-18926,,500000
knapsack,mstr,50,2,penalty,mpoa,50,500000,-19746,True,22,-19207,,500000
knapsack,mstr,50,2,penalty,mpoa,50,500000,-19746,True,23,-19328,,500000
knapsack,mstr,50,2,penalty,mpoa,50,500000,-19746,True,24,-19329,,500000
knapsack,mstr,50,2,penalty,mpoa,50,500000,-19746,True,25,-19207,,500000
knapsack,mstr,50,2,penalty,mpoa,50,500000,-19746,True,26,-19008,,500000
knapsack,mstr,50,2,penalty,mpoa,50,500000,-19746,True,27,-19317,,500000
knapsack,mstr,50,2,penalty,mpoa,50,500000,-19746,True,28,-18976,,500000
knapsack,mstr,50,2,penalty,mpoa,50,500000,-19746,True,29,-19132,,500000
knapsack,mstr,50,2,penalty,mpoa,50,500000,-19746,True,30,-19209,,500000
knapsack,mstr,50,3,penalty,mpoa,50,500000,-20068,True,0,-19479,,500000
knapsack,mstr,50,3,penalty,mpoa,50,500000,-20068,True,1,-19551,,500000
knapsack,mstr,50,3,penalty,mpoa,50,500000,-20068,True,2,-19368,,500000
knapsack,mstr,50,3,penalty,mpoa,50,500000,-20068,True,3,-19251,,500000
knapsack,mstr,50,3,penalty,mpoa,50,500000,-20068,True,4,-19328,,500000
knapsack,mstr,50,3,penalty,mpoa,50,500000,-20068,True,5,-19422,,500000
knapsack,mstr,50,3,penalty,mpoa,50,500000,-20068,True,6,-19237,,500000
knapsack,mstr,50,3,penalty,mpoa,50,500000,-20068,True,7,-19374,,500000
knapsack,mstr,50,3,penalty,mpoa,50,500000,-20068,True,8,-19288,,500000
knapsack,mstr,50,3,penalty,mpoa,50,500000,-20068,True,9,-19489,,500000
knapsack,mstr,50,3,penalty,mpoa,50,500000,-20068,True,10,-19411,,500000
knapsack,mstr,50,3,penalty,mpoa,50,500000,-20068,True,11,-19462,,500000
knapsack,mstr,50,3,penalty,mpoa,50,500000,-20068,True,12,-19424,,500000
knapsack,mstr,50,3,penalty,mpoa,50,500000,-20068,True,13,-19345,,500000
knapsack,mstr,50,3,penalty,mpoa,50,500000,-20068,True,14,-19240,,500000
knapsack,mstr,50,3,penalty,mpoa,50,500000,-20068,True,15,-19525,,500000
knapsack,mstr,50,3,penalty,mpoa,50,500000,-20068,True,16,-19638,,500000
knapsack,mstr,50,3,penalty,mpoa,50,500000,-20068,True,17,-19547,,500000
knapsack,mstr,50,3,penalty,mpoa,50,500000,-20068,True,18,-19562,,500000
knapsack,mstr,50,3,penalty,mpoa,50,500000,-20068,True,19,-19328,,500000
knapsack,mstr,50,3,penalty,mpoa,50,500000,-20068,True,20,-19341,,500000
knapsack,mstr,50,3,penalty,mpoa,50,500000,-20068,True,21,-19426,,500000
knapsack,mstr,50,3,penalty,mpoa,50,500000,-20068,True,22,-19267,,500000
knapsack,mstr,50,3,penalty,mpoa,50,500000,-20068,True,23,-19242,,500000
knapsack,mstr,50,3,penalty,mpoa,50,500000,-20068,True,24,-19431,,500000
knapsack,mstr,50,3,penalty,mpoa,50,500000,-20068,True,25,-19512,,500000
knapsack,mstr,50,3,penalty,mpoa,50,500000,-20068,True,26,-19336,,500000
knapsack,mstr,50,3,penalty,mpoa,50,500000,-20068,True,27,-19470,,500000
knapsack,mstr,50,3,penalty,mpoa,50,500000,-20068,True,28,-19217,,500000
knapsack,mstr,50,3,penalty,mpoa,50,500000,-20068,True,29,-19217,,500000
knapsack,mstr,50,3,penalty,mpoa,50,500000,-20068,True,30,-19539,,500000
knapsack,mstr,50,4,penalty,mpoa,50,500000,-19882,True,0,-19079,,500000
knapsack,mstr,50,4,penalty,mpoa,50,500000,-19882,True,1,-19125,,500000
knapsack,mstr,50,4,penalty,mpoa,50,500000,-19882,True,2,-19414,,500000
knapsack,mstr,50,4,penalty,mpoa,50,500000,-19882,True,3,-19259,,500000
knapsack,mstr,50,4,penalty,mpoa,50,500000,-19882,True,4,-19156,,500000
knapsack,mstr,50,4,penalty,mpoa,50,500000,-19882,True,5,-19469,,500000
knapsack,mstr,50,4,penalty,mpoa,50,500000,-19882,True,6,-19411,,500000
knapsack,mstr,50,4,penalty,mpoa,50,500000,-19882,True,7,-19367,,500000
knapsack,mstr,50,4,penalty,mpoa,50,500000,-19882,True,8,-19442,,500000
knapsack,mstr,50,4,penalty,mpoa,50,500000,-19882,True,9,-19113,,500000
knapsack,mstr,50,4,penalty,mpoa,50,500000,-19882,True,10,-19366,,500000
knapsack,mstr,50,4,penalty,mpoa,50,500000,-19882,True,11,-19341,,500000
knapsack,mstr,50,4,penalty,mpoa,50,500000,-19882,True,12,-19222,,500000
knapsack,mstr,50,4,penalty,mpoa,50,500000,-19882,True,13,-19336,,500000
knapsack,mstr,50,4,penalty,mpoa,50,500000,-19882,True,14,-19278,,500000
knapsack,mstr,50,4,penalty,mpoa,50,500000,-19882,True,15,-18991,,500000
knapsack,mstr,50,4,penalty,mpoa,50,500000,-19882,True,16,-19477,,500000
knapsack,mstr,50,4,penalty,mpoa,50,500000,-19882,True,17,-19212,,500000
knapsack,mstr,50,4,penalty,mpoa,50,500000,-19882,True,18,-19362,,500000
knapsack,mstr,50,4,penalty,mpoa,50,500000,-19882,True,19,-19379,,500000
knapsack,mstr,50,4,penalty,mpoa,50,500000,-19882,True,20,-19304,,500000
knapsack,mstr,50,4,penalty,mpoa,50,500000,-19882,True,21,-19268,,500000
knapsack,mstr,50,4,penalty,mpoa,50,500000,-19882,True,22,-19375,,500000
knapsack,mstr,50,4,penalty,mpoa,50,500000,-19882,True,23,-19052,,500000
knapsack,mstr,50,4,penalty,mpoa,50,500000,-19882,True,24,-19415,,500000
knapsack,mstr,50,4,penalty,mpoa,50,500000,-19882,True,25,-19152,,500000
knapsack,mstr,50,4,penalty,mpoa,50,500000,-19882,True,26,-19381,,500000
knapsack,mstr,50,4,penalty,mpoa,50,500000,-19882,True,27,-19340,,500000
knapsack,mstr,50,4,penalty,mpoa,50,500000,-19882,True,28,-19460,,500000
knapsack,mstr,50,4,penalty,mpoa,50,500000,-19882,True,29,-19255,,500000
knapsack,mstr,50,4,penalty,mpoa,50,500000,-19882,True,30,-19402,,500000
knapsack,mstr,50,0,penalty,poa,50,500000,-21641,True,0,-20873,,500000
knapsack,mstr,50,0,penalty,poa,50,500000,-21641,True,1,-21220,,500000
knapsack,mstr,50,0,penalty,poa,50,500000,-21641,True,2,-21072,,500000
knapsack,mstr,50,0,penalty,poa,50,500000,-21641,True,3,-21138,,500000
knapsack,mstr,50,0,penalty,poa,50,500000,-21641,True,4,-21140,,500000
knapsack,mstr,50,0,penalty,poa,50,500000,-21641,True,5,-20897,,500000
knapsack,mstr,50,0,penalty,poa,50,500000,-21641,True,6,-21036,,500000
knapsack,mstr,50,0,penalty,poa,50,500000,-21641,True,7,-21101,,500000
knapsack,mstr,50,0,penalty,poa,50,500000,-21641,True,8,-21135,,500000
knapsack,mstr,50,0,penalty,poa,50,500000,-21641,True,9,-21041,,500000
knapsack,mstr,50,0,penalty,poa,50,500000,-21641,True,10,-21239,,500000
knapsack,mstr,50,0,penalty,poa,50,500000,-21641,True,11,-21124,,500000
knapsack,mstr,50,0,penalty,poa,50,500000,-21641,True,12,-21137,,500000
knapsack,mstr,50,0,penalty,poa,50,500000,-21641,True,13,-21116,,500000
knapsack,mstr,50,0,penalty,poa,50,500000,-21641,True,14,-20936,,500000
knapsack,mstr,50,0,penalty,poa,50,500000,-21641,True,15,-20968,,500000
knapsack,mstr,50,0,penalty,poa,50,500000,-21641,True,16,-21281,,500000
knapsack,mstr,50,0,penalty,poa,50,500000,-21641,True,17,-21329,,500000
knapsack,mstr,50,0,penalty,poa,50,500000,-21641,True,18,-21086,,500000
knapsack,mstr,50,0,penalty,poa,50,500000,-21641,True,19,-21284,,500000
knapsack,mstr,50,0,penalty,poa,50,500000,-21641,True,20,-20940,,500000
knapsack,mstr,50,0,penalty,poa,50,500000,-21641,True,21,-21040,,500000
knapsack,mstr,50,0,penalty,poa,50,500000,-21641,True,22,-21329,,500000
knapsack,mstr,50,0,penalty,poa,50,500000,-21641,True,23,-21037,,500000
knapsack,mstr,50,0,penalty,poa,50,500000,-21641,True,24,-21128,,500000
knapsack,mstr,50,0,penalty,poa,50,500000,-21641,True,25,-21091,,500000
knapsack,mstr,50,0,penalty,poa,50,500000,-21641,True,26,-21193,,500000
knapsack,mstr,50,0,penalty,poa,50,500000,-21641,True,27,-21191,,500000
knapsack,mstr,50,0,penalty,poa,50,500000,-21641,True,28,-21009,,500000
knapsack,mstr,50,0,penalty,poa,50,500000,-21641,True,29,-21080,,500000
knapsack,mstr,50,0,penalty,poa,50,500000,-21641,True,30,-21057,,500000
knapsack,mstr,50,1,penalty,poa,50,500000,-20476,True,0,-19768,,500000
knapsack,mstr,50,1,penalty,poa,50,500000,-20476,True,1,-19805,,500000
knapsack,mstr,50,1,penalty,poa,50,500000,-20476,True,2,-19618,,500000
knapsack,mstr,50,1,penalty,poa,50,500000,-20476,True,3,-19641,,500000
knapsack,mstr,50,1,penalty,poa,50,500000,-20476,True,4,-19758,,500000
knapsack,mstr,50,1,penalty,poa,50,500000,-20476,True,5,-19931,,500000
knapsack,mstr,50,1,penalty,poa,50,500000,-20476,True,6,-19960,,500000
knapsack,mstr,50,1,penalty,poa,50,500000,-20476,True,7,-19750,,500000
knapsack,mstr,50,1,penalty,poa,50,500000,-20476,True,8,-20031,,500000
knapsack,mstr,50,1,penalty,poa,50,500000,-20476,True,9,-19766,,500000
knapsack,mstr,50,1,penalty,poa,50,500000,-20476,True,10,-20053,,500000
knapsack,mstr,50,1,penalty,poa,50,500000,-20476,True,11,-19769,,500000
knapsack,mstr,50,1,penalty,poa,50,500000,-20476,True,12,-19988,,500000
knapsack,mstr,50,1,penalty,poa,50,500000,-20476,True,13,-19838,,500000
knapsack,mstr,50,1,penalty,poa,50,500000,-20476,True,14,-19967,,500000
knapsack,mstr,50,1,penalty,poa,50,500000,-20476,True,15,-19874,,500000
knapsack,mstr,50,1,penalty,poa,50,500000,-20476,True,16,-19778,,500000
knapsack,mstr,50,1,penalty,poa,50,500000,-20476,True,17,-19870,,500000
knapsack,mstr,50,1,penalty,poa,50,500000,-20476,True,18,-19669,,500000
knapsack,mstr,50,1,penalty,poa,50,500000,-20476,True,19,-19763,,500000
knapsack,mstr,50,1,penalty,poa,50,500000,-20476,True,20,-19758,,500000
knapsack,mstr,50,1,penalty,poa,50,500000,-20476,True,21,-19936,,500000
knapsack,mstr,50,1,penalty,poa,50,500000,-20476,True,22,-19975,,500000
knapsack,mstr,50,1,penalty,poa,50,500000,-20476,True,23,-19747,,500000
knapsack,mstr,50,1,penalty,poa,50,500000,-20476,True,24,-19925,,500000
knapsack,mstr,50,1,penalty,poa,50,500000,-20476,True,25,-19822,,500000
knapsack,mstr,50,1,penalty,poa,50,500000,-20476,True,26,-19987,,500000
knapsack,mstr,50,1,penalty,poa,50,500000,-20476,True,27,-19947,,500000
knapsack,mstr,50,1,penalty,poa,50,500000,-20476,True,28,-19773,,500000
knapsack,mstr,50,1,penalty,poa,50,500000,-20476,True,29,-19806,,500000
knapsack,mstr,50,1,penalty,poa,50,500000,-20476,True,30,-19922,,500000
knapsack,mstr,50,2,penalty,poa,50,500000,-19746,True,0,-19038,,500000
knapsack,mstr,50,2,penalty,poa,50,500000,-19746,True,1,-18945,,500000
knapsack,mstr,50,2,penalty,poa,50,500000,-19746,True,2,-18841,,500000
knapsack,mstr,50,2,penalty,poa,50,500000,-19746,True,3,-19012,,500000
knapsack,mstr,50,2,penalty,poa,50,500000,-19746,True,4,-19017,,500000
knapsack,mstr,50,2,penalty,poa,50,500000,-19746,True,5,-19028,,500000
knapsack,mstr,50,2,penalty,poa,50,500000,-19746,True,6,-19163,,500000
knapsack,mstr,50,2,penalty,poa,50,500000,-19746,True,7,-19029,,500000
knapsack,mstr,50,2,penalty,poa,50,500000,-19746,True,8,-18964,,500000
knapsack,mstr,50,2,penalty,poa,50,500000,-19746,True,9,-19181,,500000
knapsack,mstr,50,2,penalty,poa,50,500000,-19746,True,10,-19297,,500000
knapsack,mstr,50,2,penalty,poa,50,500000,-19746,True,11,-19043,,500000
knapsack,mstr,50,2,penalty,poa,50,500000,-19746,True,12,-19303,,500000
knapsack,mstr,50,2,penalty,poa,50,500000,-19746,True,13,-19028,,500000
knapsack,mstr,50,2,penalty,poa,50,500000,-19746,True,14,-18987,,500000
knapsack,mstr,50,2,penalty,poa,50,500000,-19746,True,15,-19009,,500000
knapsack,mstr,50,2,penalty,poa,50,500000,-19746,True,16,-18945,,500000
knapsack,mstr,50,2,penalty,poa,50,500000,-19746,True,17,-19167,,500000
knapsack,mstr,50,2,penalty,poa,50,500000,-19746,True,18,-18937,,500000
knapsack,mstr,50,2,penalty,poa,50,500000,-19746,True,19,-19110,,500000
knapsack,mstr,50,2,penalty,poa,50,500000,-19746,True,20,-19045,,500000
knapsack,mstr,50,2,penalty,poa,50,500000,-19746,True,21,-19017,,500000
knapsack,mstr,50,2,penalty,poa,50,500000,-19746,True,22,-19046,,500000
knapsack,mstr,50,2,penalty,poa,50,500000,-19746,True,23,-19042,,500000
knapsack,mstr,50,2,penalty,poa,50,500000,-19746,True,24,-19391,,500000
knapsack,mstr,50,2,penalty,poa,50,500000,-19746,True,25,-18873,,500000
knapsack,mstr,50,2,penalty,poa,50,500000,-19746,True,26,-19191,,500000
knapsack,mstr,50,2,penalty,poa,50,500000,-19746,True,27,-19219,,500000
knapsack,mstr,50,2,penalty,poa,50,500000,-19746,True,28,-18965,,500000
knapsack,mstr,50,2,penalty,poa,50,500000,-19746,True,29,-19027,,500000
knapsack,mstr,50,2,penalty,poa,50,500000,-19746,True,30,-19027,,500000
knapsack,inverse,120,0,penalty,mpoa,120,1200000,-33049,True,0,-31962,,1200000
knapsack,inverse,120,0,penalty,mpoa,120,1200000,-33049,True,1,-31870,,1200000
knapsack,inverse,120,0,penalty,mpoa,120,1200000,-33049,True,2,-31748,,1200000
knapsack,inverse,120,0,penalty,mpoa,120,1200000,-33049,True,3,-31785,,1200000
knapsack,inverse,120,0,penalty,mpoa,120,1200000,-33049,True,4,-32094,,1200000
knapsack,inverse,120,0,penalty,mpoa,120,1200000,-33049,True,5,-31841,,1200000
knapsack,inverse,120,0,penalty,mpoa,120,1200000,-33049,True,6,-31922,,1200000
knapsack,inverse,120,0,penalty,mpoa,120,1200000,-33049,True,7,-31861,,1200000
knapsack,inverse,120,0,penalty,mpoa,120,1200000,-33049,True,8,-31934,,1200000
knapsack,inverse,120,0,penalty,mpoa,120,1200000,-33049,True,9,-31819,,1200000
knapsack,inverse,120,0,penalty,mpoa,120,1200000,-33049,True,10,-31890,,1200000
knapsack,inverse,120,0,penalty,mpoa,120,1200000,-33049,True,11,-31807,,1200000
knapsack,inverse,120,0,penalty,mpoa,120,1200000,-33049,True,12,-31944,,1200000
knapsack,inverse,120,0,penalty,mpoa,120,1200000,-33049,True,13,-32001,,1200000
knapsack,inverse,120,0,penalty,mpoa,120,1200000,-33049,True,14,-31838,,1200000
knapsack,inverse,120,0,penalty,mpoa,120,1200000,-33049,True,15,-31894,,1200000
knapsack,inverse,120,0,penalty,mpoa,120,1200000,-33049,True,16,-31788,,1200000
knapsack,inverse,120,0,penalty,mpoa,120,1200000,-33049,True,17,-31832,,1200000
knapsack,inverse,120,0,penalty,mpoa,120,1200000,-33049,True,18,-31876,,1200000
knapsack,inverse,120,0,penalty,mpoa,120,1200000,-33049,True,19,-31816,,1200000
knapsack,inverse,120,0,penalty,mpoa,120,1200000,-33049,True,20,-31913,,1200000
knapsack,inverse,120,0,penalty,mpoa,120,1200000,-33049,True,21,-31780,,1200000
knapsack,inverse,120,0,penalty,mpoa,120,1200000,-33049,True,22,-31818,,1200000
knapsack,inverse,120,0,penalty,mpoa,120,1200000,-33049,True,23,-31983,,1200000
knapsack,inverse,120,0,penalty,mpoa,120,1200000,-33049,True,24,-32026,,1200000
knapsack,inverse,120,0,penalty,mpoa,120,1200000,-33049,True,25,-32040,,1200000
knapsack,inverse,120,0,penalty,mpoa,120,1200000,-33049,True,26,-31928,,1200000
knapsack,inverse,120,0,penalty,mpoa,120,1200000,-33049,True,27,-32046,,1200000
knapsack,inverse,120,0,penalty,mpoa,120,1200000,-33049,True,28,-31777,,1200000
knapsack,inverse,120,0,penalty,mpoa,120,1200000,-33049,True,29,-31821,,1200000
knapsack,inverse,120,0,penalty,mpoa,120,1200000,-33049,True,30,-31928,,1200000
knapsack,mstr,50,3,penalty,poa,50,500000,-20068,True,0,-19295,,500000
knapsack,mstr,50,3,penalty,poa,50,500000,-20068,True,1,-19359,,500000
knapsack,mstr,50,3,penalty,poa,50,500000,-20068,True,2,-19516,,500000
knapsack,mstr,50,3,penalty,poa,50,500000,-20068,True,3,-19507,,500000
knapsack,mstr,50,3,penalty,poa,50,500000,-20068,True,4,-19347,,500000
knapsack,mstr,50,3,penalty,poa,50,500000,-20068,True,5,-19457,,500000
knapsack,mstr,50,3,penalty,poa,50,500000,-20068,True,6,-19364,,500000
knapsack,mstr,50,3,penalty,poa,50,500000,-20068,True,7,-19206,,500000
knapsack,mstr,50,3,penalty,poa,50,500000,-20068,True,8,-19467,,500000
knapsack,mstr,50,3,penalty,poa,50,500000,-20068,True,9,-19377,,500000
knapsack,mstr,50,3,penalty,poa,50,500000,-20068,True,10,-19346,,500000
knapsack,mstr,50,3,penalty,poa,50,500000,-20068,True,11,-19520,,500000
knapsack,mstr,50,3,penalty,poa,50,500000,-20068,True,12,-19354,,500000
knapsack,mstr,50,3,penalty,poa,50,500000,-20068,True,13,-19213,,500000
knapsack,mstr,50,3,penalty,poa,50,500000,-20068,True,14,-19134,,500000
knapsack,mstr,50,3,penalty,poa,50,500000,-20068,True,15,-19191,,500000
knapsack,mstr,50,3,penalty,poa,50,500000,-20068,True,16,-19251,,500000
knapsack,mstr,50,3,penalty,poa,50,500000,-20068,True,17,-19467,,500000
knapsack,mstr,50,3,penalty,poa,50,500000,-20068,True,18,-19449,,500000
knapsack,mstr,50,3,penalty,poa,50,500000,-20068,True,19,-19357,,500000
knapsack,mstr,50,3,penalty,poa,50,500000,-20068,True,20,-19219,,500000
knapsack,mstr,50,3,penalty,poa,50,500000,-20068,True,21,-19258,,500000
knapsack,mstr,50,3,penalty,poa,50,500000,-20068,True,22,-19338,,500000
knapsack,mstr,50,3,penalty,poa,50,500000,-20068,True,23,-19204,,500000
knapsack,mstr,50,3,penalty,poa,50,500000,-20068,True,24,-19368,,500000
knapsack,mstr,50,3,penalty,poa,50,500000,-20068,True,25,-19358,,500000
knapsack,mstr,50,3,penalty,poa,50,500000,-20068,True,26,-19214,,500000
knapsack,mstr,50,3,penalty,poa,50,500000,-20068,True,27,-19563,,500000
knapsack,mstr,50,3,penalty,poa,50,500000,-20068,True,28,-19165,,500000
knapsack,mstr,50,3,penalty,poa,50,500000,-20068,True,29,-19545,,500000
knapsack,mstr,50,3,penalty,poa,50,500000,-20068,True,30,-19289,,500000
knapsack,mstr,50,4,penalty,poa,50,500000,-19882,True,0,-19363,,500000
knapsack,mstr,50,4,penalty,poa,50,500000,-19882,True,1,-19152,,500000
knapsack,mstr,50,4,penalty,poa,50,500000,-19882,True,2,-19239,,500000
knapsack,mstr,50,4,penalty,poa,50,500000,-19882,True,3,-19156,,500000
knapsack,mstr,50,4,penalty,poa,50,500000,-19882,True,4,-19276,,500000
knapsack,mstr,50,4,penalty,poa,50,500000,-19882,True,5,-19280,,500000
knapsack,mstr,50,4,penalty,poa,50,500000,-19882,True,6,-19545,,500000
knapsack,mstr,50,4,penalty,poa,50,500000,-19882,True,7,-19254,,500000
knapsack,mstr,50,4,penalty,poa,50,500000,-19882,True,8,-19442,,500000
knapsack,mstr,50,4,penalty,poa,50,500000,-19882,True,9,-19032,,500000
knapsack,mstr,50,4,penalty,poa,50,500000,-19882,True,10,-19369,,500000
knapsack,mstr,50,4,penalty,poa,50,500000,-19882,True,11,-19178,,500000
knapsack,mstr,50,4,penalty,poa,50,500000,-19882,True,12,-19334,,500000
knapsack,mstr,50,4,penalty,poa,50,500000,-19882,True,13,-19386,,500000
knapsack,mstr,50,4,penalty,poa,50,500000,-19882,True,14,-19178,,500000
knapsack,mstr,50,4,penalty,poa,50,500000,-19882,True,15,-19214,,500000
knapsack,mstr,50,4,penalty,poa,50,500000,-19882,True,16,-19376,,500000
knapsack,mstr,50,4,penalty,poa,50,500000,-19882,True,17,-19330,,500000
knapsack,mstr,50,4,penalty,poa,50,500000,-19882,True,18,-19490,,500000
knapsack,mstr,50,4,penalty,poa,50,500000,-19882,True,19,-19465,,500000
knapsack,mstr,50,4,penalty,poa,50,500000,-19882,True,20,-19281,,500000
knapsack,mstr,50,4,penalty,poa,50,500000,-19882,True,21,-19191,,500000
knapsack,mstr,50,4,penalty,poa,50,500000,-19882,True,22,-19382,,500000
knapsack,mstr,50,4,penalty,poa,50,500000,-19882,True,23,-19003,,500000
knapsack,mstr,50,4,penalty,poa,50,500000,-19882,True,24,-19183,,500000
knapsack,mstr,50,4,penalty,poa,50,500000,-19882,True,25,-19179,,500000
knapsack,mstr,50,4,penalty,poa,50,500000,-19882,True,26,-19463,,500000
knapsack,mstr,50,4,penalty,poa,50,500000,-19882,True,27,-19142,,500000
knapsack,mstr,50,4,penalty,poa,50,500000,-19882,True,28,-19320,,500000
knapsack,mstr,50,4,penalty,poa,50,500000,-19882,True,29,-19249,,500000
knapsack,mstr,50,4,penalty,poa,50,500000,-19882,True,30,-19234,,500000
knapsack,inverse,120,1,penalty,mpoa,120,1200000,-31326,True,0,-30034,,1200000
knapsack,inverse,120,1,penalty,mpoa,120,1200000,-31326,True,1,-30341,,1200000
knapsack,inverse,120,1,penalty,mpoa,120,1200000,-31326,True,2,-30081,,1200000
knapsack,inverse,120,1,penalty,mpoa,120,1200000,-31326,True,3,-30180,,1200000
knapsack,inverse,120,1,penalty,mpoa,120,1200000,-31326,True,4,-29963,,1200000
knapsack,inverse,120,1,penalty,mpoa,120,1200000,-31326,True,5,-29998,,1200000
knapsack,inverse,120,1,penalty,mpoa,120,1200000,-31326,True,6,-30080,,1200000
knapsack,inverse,120,1,penalty,mpoa,120,1200000,-31326,True,7,-30046,,1200000
knapsack,inverse,120,1,penalty,mpoa,120,1200000,-31326,True,8,-30009,,1200000
knapsack,inverse,120,1,penalty,mpoa,120,1200000,-31326,True,9,-30158,,1200000
knapsack,inverse,120,1,penalty,mpoa,120,1200000,-31326,True,10,-30267,,1200000
knapsack,inverse,120,1,penalty,mpoa,120,1200000,-31326,True,11,-30093,,1200000
knapsack,inverse,120,1,penalty,mpoa,120,1200000,-31326,True,12,-30077,,1200000
knapsack,inverse,120,1,penalty,mpoa,120,1200000,-31326,True,13,-30027,,1200000
knapsack,inverse,120,1,penalty,mpoa,120,1200000,-31326,True,14,-30047,,1200000
knapsack,inverse,120,1,penalty,mpoa,120,1200000,-31326,True,15,-30158,,1200000
knapsack,inverse,120,1,penalty,mpoa,120,1200000,-31326,True,16,-30151,,1200000
knapsack,inverse,120,1,penalty,mpoa,120,1200000,-31326,True,17,-30063,,1200000
knapsack,inverse,120,1,penalty,mpoa,120,1200000,-31326,True,18,-30080,,1200000
knapsack,inverse,120,1,penalty,mpoa,120,1200000,-31326,True,19,-30171,,1200000
knapsack,inverse,120,1,penalty,mpoa,120,1200000,-31326,True,20,-30073,,1200000
knapsack,inverse,120,1,penalty,mpoa,120,1200000,-31326,True,21,-30022,,1200000
knapsack,inverse,120,1,penalty,mpoa,120,1200000,-31326,True,22,-30040,,1200000
knapsack,inverse,120,1,penalty,mpoa,120,1200000,-31326,True,23,-29953,,1200000
knapsack,inverse,120,1,penalty,mpoa,120,1200000,-31326,True,24,-30198,,1200000
knapsack,inverse,120,1,penalty,mpoa,120,1200000,-31326,True,25,-30169,,1200000
knapsack,inverse,120,1,penalty,mpoa,120,1200000,-31326,True,26,-30079,,1200000
knapsack,inverse,120,1,penalty,mpoa,120,1200000,-31326,True,27,-29983,,1200000
knapsack,inverse,120,1,penalty,mpoa,120,1200000,-31326,True,28,-30128,,1200000
knapsack,inverse,120,1,penalty,mpoa,120,1200000,-31326,True,29,-30263,,1200000
knapsack,inverse,120,1,penalty,mpoa,120,1200000,-31326,True,30,-30208,,1200000
knapsack,inverse,120,2,penalty,mpoa,120,1200000,-30701,True,0,-29334,,1200000
knapsack,inverse,120,2,penalty,mpoa,120,1200000,-30701,True,1,-29301,,1200000
knapsack,inverse,120,2,penalty,mpoa,120,1200000,-30701,True,2,-29276,,1200000
knapsack,inverse,120,2,penalty,mpoa,120,1200000,-30701,True,3,-29441,,1200000
knapsack,inverse,120,2,penalty,mpoa,120,1200000,-30701,True,4,-29291,,1200000
knapsack,inverse,120,2,penalty,mpoa,120,1200000,-30701,True,5,-29340,,1200000
knapsack,inverse,120,2,penalty,mpoa,120,1200000,-30701,True,6,-29383,,1200000
knapsack,inverse,120,2,penalty,mpoa,120,1200000,-30701,True,7,-29500,,1200000
knapsack,inverse,120,2,penalty,mpoa,120,1200000,-30701,True,8,-29335,,1200000
knapsack,inverse,120,2,penalty,mpoa,120,1200000,-30701,True,9,-29387,,1200000
knapsack,inverse,120,2,penalty,mpoa,120,1200000,-30701,True,10,-29478,,1200000
knapsack,inverse,120,2,penalty,mpoa,120,1200000,-30701,True,11,-29362,,1200000
knapsack,inverse,120,2,penalty,mpoa,120,1200000,-30701,True,12,-29242,,1200000
knapsack,inverse,120,2,penalty,mpoa,120,1200000,-30701,True,13,-29400,,1200000
knapsack,inverse,120,2,penalty,mpoa,120,1200000,-30701,True,14,-29367,,1200000
knapsack,inverse,120,2,penalty,mpoa,120,1200000,-30701,True,15,-29475,,1200000
knapsack,inverse,120,2,penalty,mpoa,120,1200000,-30701,True,16,-29282,,1200000
knapsack,inverse,120,2,penalty,mpoa,120,1200000,-30701,True,17,-29476,,1200000
knapsack,inverse,120,2,penalty,mpoa,120,1200000,-30701,True,18,-29400,,1200000
knapsack,inverse,120,2,penalty,mpoa,120,1200000,-30701,True,19,-29260,,1200000
knapsack,inverse,120,2,penalty,mpoa,120,1200000,-30701,True,20,-29295,,1200000
knapsack,inverse,120,2,penalty,mpoa,120,1200000,-30701,True,21,-29343,,1200000
knapsack,inverse,120,2,penalty,mpoa,120,1200000,-30701,True,22,-29265,,1200000
knapsack,inverse,120,2,penalty,mpoa,120,1200000,-30701,True,23,-29559,,1200000
knapsack,inverse,120,2,penalty,mpoa,120,1200000,-30701,True,24,-29572,,1200000
knapsack,inverse,120,2,penalty,mpoa,120,1200000,-30701,True,25,-29509,,1200000
knapsack,inverse,120,2,penalty,mpoa,120,1200000,-30701,True,26,-29240,,1200000
knapsack,inverse,120,2,penalty,mpoa,120,1200000,-30701,True,27,-29384,,1200000
knapsack,inverse,120,2,penalty,mpoa,120,1200000,-30701,True,28,-29448,,1200000
knapsack,inverse,120,2,penalty,mpoa,120,1200000,-30701,True,29,-29401,,1200000
knapsack,inverse,120,2,penalty,mpoa,120,1200000,-30701,True,30,-29545,,1200000
knapsack,inverse,120,3,penalty,mpoa,120,1200000,-31890,True,0,-30789,,1200000
knapsack,inverse,120,3,penalty,mpoa,120,1200000,-31890,True,1,-30742,,1200000
knapsack,inverse,120,3,penalty,mpoa,120,1200000,-31890,True,2,-30639,,1200000
knapsack,inverse,120,3,penalty,mpoa,120,1200000,-31890,True,3,-30789,,1200000
knapsack,inverse,120,3,penalty,mpoa,120,1200000,-31890,True,4,-30691,,1200000
knapsack,inverse,120,3,penalty,mpoa,120,1200000,-31890,True,5,-30761,,1200000
knapsack,inverse,120,3,penalty,mpoa,120,1200000,-31890,True,6,-30599,,1200000
knapsack,inverse,120,3,penalty,mpoa,120,1200000,-31890,True,7,-30770,,1200000
knapsack,inverse,120,3,penalty,mpoa,120,1200000,-31890,True,8,-30737,,1200000
knapsack,inverse,120,3,penalty,mpoa,120,1200000,-31890,True,9,-30669,,1200000
knapsack,inverse,120,3,penalty,mpoa,120,1200000,-31890,True,10,-30684,,1200000
knapsack,inverse,120,3,penalty,mpoa,120,1200000,-31890,True,11,-30727,,1200000
knapsack,inverse,120,3,penalty,mpoa,120,1200000,-31890,True,12,-30827,,1200000
knapsack,inverse,120,3,penalty,mpoa,120,1200000,-31890,True,13,-30655,,1200000
knapsack,inverse,120,3,penalty,mpoa,120,1200000,-31890,True,14,-30675,,1200000
knapsack,inverse,120,3,penalty,mpoa,120,1200000,-31890,True,15,-30789,,1200000
knapsack,inverse,120,3,penalty,mpoa,120,1200000,-31890,True,16,-30790,,1200000
knapsack,inverse,120,3,penalty,mpoa,120,1200000,-31890,True,17,-30619,,1200000
knapsack,inverse,120,3,penalty,mpoa,120,1200000,-31890,True,18,-30836,,1200000
knapsack,inverse,120,3,penalty,mpoa,120,1200000,-31890,True,19,-30772,,1200000
knapsack,inverse,120,3,penalty,mpoa,120,1200000,-31890,True,20,-30583,,1200000
knapsack,inverse,120,3,penalty,mpoa,120,1200000,-31890,True,21,-30883,,1200000
knapsack,inverse,120,3,penalty,mpoa,120,1200000,-31890,True,22,-30749,,1200000
knapsack,inverse,120,3,penalty,mpoa,120,1200000,-31890,True,23,-30763,,1200000
knapsack,inverse,120,3,penalty,mpoa,120,1200000,-31890,True,24,-30773,,1200000
knapsack,inverse,120,3,penalty,mpoa,120,1200000,-31890,True,25,-30681,,1200000
knapsack,inverse,120,3,penalty,mpoa,120,1200000,-31890,True,26,-30825,,1200000
knapsack,inverse,120,3,penalty,mpoa,120,1200000,-31890,True,27,-30821,,1200000
knapsack,inverse,120,3,penalty,mpoa,120,1200000,-31890,True,28,-30810,,1200000
knapsack,inverse,120,3,penalty,mpoa,120,1200000,-31890,True,29,-30882,,1200000
knapsack,inverse,120,3,penalty,mpoa,120,1200000,-31890,True,30,-30649,,1200000
knapsack,strongly,120,0,penalty,poa,120,1200000,-36951,True,0,-35826,,1200000
knapsack,strongly,120,0,penalty,poa,120,1200000,-36951,True,1,-35736,,1200000
knapsack,strongly,120,0,penalty,poa,120,1200000,-36951,True,2,-35747,,1200000
knapsack,strongly,120,0,penalty,poa,120,1200000,-36951,True,3,-35702,,1200000
knapsack,strongly,120,0,penalty,poa,120,1200000,-36951,True,4,-35628,,1200000
knapsack,strongly,120,0,penalty,poa,120,1200000,-36951,True,5,-35663,,1200000
knapsack,strongly,120,0,penalty,poa,120,1200000,-36951,True,6,-35494,,1200000
knapsack,strongly,120,0,penalty,poa,120,1200000,-36951,True,7,-35739,,1200000
knapsack,strongly,120,0,penalty,poa,120,1200000,-36951,True,8,-35623,,1200000
knapsack,strongly,120,0,penalty,poa,120,1200000,-36951,True,9,-35658,,1200000
knapsack,strongly,120,0,penalty,poa,120,1200000,-36951,True,10,-35811,,1200000
knapsack,strongly,120,0,penalty,poa,120,1200000,-36951,True,11,-35653,,1200000
knapsack,strongly,120,0,penalty,poa,120,1200000,-36951,True,12,-35839,,1200000
knapsack,strongly,120,0,penalty,poa,120,1200000,-36951,True,13,-35748,,1200000
knapsack,strongly,120,0,penalty,poa,120,1200000,-36951,True,14,-35748,,1200000
knapsack,strongly,120,0,penalty,poa,120,1200000,-36951,True,15,-35725,,1200000
knapsack,strongly,120,0,penalty,poa,120,1200000,-36951,True,16,-35709,,1200000
knapsack,strongly,120,0,penalty,poa,120,1200000,-36951,True,17,-35640,,1200000
knapsack,strongly,120,0,penalty,poa,120,1200000,-36951,True,18,-35590,,1200000
knapsack,strongly,120,0,penalty,poa,120,1200000,-36951,True,19,-35813,,1200000
knapsack,strongly,120,0,penalty,poa,120,1200000,-36951,True,20,-35574,,1200000
knapsack,strongly,120,0,penalty,poa,120,1200000,-36951,True,21,-35909,,1200000
knapsack,strongly,120,0,penalty,poa,120,1200000,-36951,True,22,-35751,,1200000
knapsack,strongly,120,0,penalty,poa,120,1200000,-36951,True,23,-35813,,1200000
knapsack,strongly,120,0,penalty,poa,120,1200000,-36951,True,24,-35602,,1200000
knapsack,strongly,120,0,penalty,poa,120,1200000,-36951,True,25,-35747,,1200000
knapsack,strongly,120,0,penalty,poa,120,1200000,-36951,True,26,-35628,,1200000
knapsack,strongly,120,0,penalty,poa,120,1200000,-36951,True,27,-35741,,1200000
knapsack,strongly,120,0,penalty,poa,120,1200000,-36951,True,28,-35724,,1200000
knapsack,strongly,120,0,penalty,poa,120,1200000,-36951,True,29,-35638,,1200000
knapsack,strongly,120,0,penalty,poa,120,1200000,-36951,True,30,-35741,,1200000
knapsack,mstr,80,0,penalty,mpoa,80,800000,-33272,True,0,-31655,,800000
knapsack,mstr,80,0,penalty,mpoa,80,800000,-33272,True,1,-32333,,800000
knapsack,mstr,80,0,penalty,mpoa,80,800000,-33272,True,2,-31631,,800000
knapsack,mstr,80,0,penalty,mpoa,80,800000,-33272,True,3,-31589,,800000
knapsack,mstr,80,0,penalty,mpoa,80,800000,-33272,True,4,-31470,,800000
knapsack,mstr,80,0,penalty,mpoa,80,800000,-33272,True,5,-32009,,800000
knapsack,mstr,80,0,penalty,mpoa,80,800000,-33272,True,6,-31967,,800000
knapsack,mstr,80,0,penalty,mpoa,80,800000,-33272,True,7,-31537,,800000
knapsack,mstr,80,0,penalty,mpoa,80,800000,-33272,True,8,-31667,,800000
knapsack,mstr,80,0,penalty,mpoa,80,800000,-33272,True,9,-32134,,800000
knapsack,mstr,80,0,penalty,mpoa,80,800000,-33272,True,10,-31754,,800000
knapsack,mstr,80,0,penalty,mpoa,80,800000,-33272,True,11,-31827,,800000
knapsack,mstr,80,0,penalty,mpoa,80,800000,-33272,True,12,-31758,,800000
knapsack,mstr,80,0,penalty,mpoa,80,800000,-33272,True,13,-31944,,800000
knapsack,mstr,80,0,penalty,mpoa,80,800000,-33272,True,14,-32030,,800000
knapsack,mstr,80,0,penalty,mpoa,80,800000,-33272,True,15,-31644,,800000
knapsack,mstr,80,0,penalty,mpoa,80,800000,-33272,True,16,-31962,,800000
knapsack,mstr,80,0,penalty,mpoa,80,800000,-33272,True,17,-31668,,800000
knapsack,mstr,80,0,penalty,mpoa,80,800000,-33272,True,18,-31848,,800000
knapsack,mstr,80,0,penalty,mpoa,80,800000,-33272,True,19,-32027,,800000
knapsack,mstr,80,0,penalty,mpoa,80,800000,-33272,True,20,-31842,,800000
knapsack,mstr,80,0,penalty,mpoa,80,800000,-33272,True,21,-31648,,800000
knapsack,mstr,80,0,penalty,mpoa,80,800000,-33272,True,22,-31742,,800000
knapsack,mstr,80,0,penalty,mpoa,80,800000,-33272,True,23,-32063,,800000
knapsack,mstr,80,0,penalty,mpoa,80,800000,-33272,True,24,-31898,,800000
knapsack,mstr,80,0,penalty,mpoa,80,800000,-33272,True,25,-31652,,800000
knapsack,mstr,80,0,penalty,mpoa,80,800000,-33272,True,26,-31667,,800000
knapsack,mstr,80,0,penalty,mpoa,80,800000,-33272,True,27,-31739,,800000
knapsack,mstr,80,0,penalty,mpoa,80,800000,-33272,True,28,-32021,,800000
knapsack,mstr,80,0,penalty,mpoa,80,800000,-33272,True,29,-31754,,800000
knapsack,mstr,80,0,penalty,mpoa,80,800000,-33272,True,30,-31468,,800000
knapsack,spanner,30,1,penalty,poa,30,300000,-2870,True,0,-2870,8353,8353
knapsack,spanner,30,1,penalty,poa,30,300000,-2870,True,1,-2870,36078,36078
knapsack,spanner,30,1,penalty,poa,30,300000,-2870,True,2,-2870,4341,4341
knapsack,spanner,30,1,penalty,poa,30,300000,-2870,True,3,-2870,170354,170354
knapsack,spanner,30,1,penalty,poa,30,300000,-2870,True,4,-2870,20020,20020
knapsack,spanner,30,1,penalty,poa,30,300000,-2870,True,5,-2870,36722,36722
knapsack,spanner,30,1,penalty,poa,30,300000,-2870,True,6,-2870,6876,6876
knapsack,spanner,30,1,penalty,poa,30,300000,-2870,True,7,-2870,95482,95482
knapsack,spanner,30,1,penalty,poa,30,300000,-2870,True,8,-2870,53403,53403
knapsack,spanner,30,1,penalty,poa,30,300000,-2870,True,9,-2856,,300000
knapsack,spanner,30,1,penalty,poa,30,300000,-2870,True,10,-2870,109140,109140
knapsack,spanner,30,1,penalty,poa,30,300000,-2870,True,11,-2870,14606,14606
knapsack,spanner,30,1,penalty,poa,30,300000,-2870,True,12,-2870,80974,80974
knapsack,spanner,30,1,penalty,poa,30,300000,-2870,True,13,-2870,40967,40967
knapsack,spanner,30,1,penalty,poa,30,300000,-2870,True,14,-2870,3567,3567
knapsack,spanner,30,1,penalty,poa,30,300000,-2870,True,15,-2870,9944,9944
knapsack,spanner,30,1,penalty,poa,30,300000,-2870,True,16,-2870,42314,42314
knapsack,spanner,30,1,penalty,poa,30,300000,-2870,True,17,-2870,40838,40838
knapsack,spanner,30,1,penalty,poa,30,300000,-2870,True,18,-2870,45041,45041
knapsack,spanner,30,1,penalty,poa,30,300000,-2870,True,19,-2870,193162,193162
knapsack,spanner,30,1,penalty,poa,30,300000,-2870,True,20,-2870,8454,8454
knapsack,spanner,30,1,penalty,poa,30,300000,-2870,True,21,-2870,17133,17133
knapsack,spanner,30,1,penalty,poa,30,300000,-2870,True,22,-2856,,300000
knapsack,spanner,30,1,penalty,poa,30,300000,-2870,True,23,-2870,1862,1862
knapsack,spanner,30,1,penalty,poa,30,300000,-2870,True,24,-2870,11400,11400
knapsack,spanner,30,1,penalty,poa,30,300000,-2870,True,25,-2870,71293,71293
knapsack,spanner,30,1,penalty,poa,30,300000,-2870,True,26,-2870,10953,10953
knapsack,spanner,30,1,penalty,poa,30,300000,-2870,True,27,-2870,7230,7230
knapsack,spanner,30,1,penalty,poa,30,300000,-2870,True,28,-2870,8195,8195
knapsack,spanner,30,1,penalty,poa,30,300000,-2870,True,29,-2870,17300,17300
knapsack,spanner,30,1,penalty,poa,30,300000,-2870,True,30,-2870,31721,31721
knapsack,inverse,120,4,penalty,mpoa,120,1200000,-32150,True,0,-30942,,1200000
knapsack,inverse,120,4,penalty,mpoa,120,1200000,-32150,True,1,-30880,,1200000
knapsack,inverse,120,4,penalty,mpoa,120,1200000,-32150,True,2,-30837,,1200000
knapsack,inverse,120,4,penalty,mpoa,120,1200000,-32150,True,3,-30835,,1200000
knapsack,inverse,120,4,penalty,mpoa,120,1200000,-32150,True,4,-31105,,1200000
knapsack,inverse,120,4,penalty,mpoa,120,1200000,-32150,True,5,-30963,,1200000
knapsack,inverse,120,4,penalty,mpoa,120,1200000,-32150,True,6,-31023,,1200000
knapsack,inverse,120,4,penalty,mpoa,120,1200000,-32150,True,7,-31015,,1200000
knapsack,inverse,120,4,penalty,mpoa,120,1200000,-32150,True,8,-30907,,1200000
knapsack,inverse,120,4,penalty,mpoa,120,1200000,-32150,True,9,-30942,,1200000
knapsack,inverse,120,4,penalty,mpoa,120,1200000,-32150,True,10,-30924,,1200000
knapsack,inverse,120,4,penalty,mpoa,120,1200000,-32150,True,11,-30917,,1200000
knapsack,inverse,120,4,penalty,mpoa,120,1200000,-32150,True,12,-31149,,1200000
knapsack,inverse,120,4,penalty,mpoa,120,1200000,-32150,True,13,-30902,,1200000
knapsack,inverse,120,4,penalty,mpoa,120,1200000,-32150,True,14,-30941,,1200000
knapsack,inverse,120,4,penalty,mpoa,120,1200000,-32150,True,15,-30825,,1200000
knapsack,inverse,120,4,penalty,mpoa,120,1200000,-32150,True,16,-30838,,1200000
knapsack,inverse,120,4,penalty,mpoa,120,1200000,-32150,True,17,-30983,,1200000
knapsack,inverse,120,4,penalty,mpoa,120,1200000,-32150,True,18,-30903,,1200000
knapsack,inverse,120,4,penalty,mpoa,120,1200000,-32150,True,19,-31153,,1200000
knapsack,inverse,120,4,penalty,mpoa,120,1200000,-32150,True,20,-30945,,1200000
knapsack,inverse,120,4,penalty,mpoa,120,1200000,-32150,True,21,-30938,,1200000
knapsack,inverse,120,4,penalty,mpoa,120,1200000,-32150,True,22,-31145,,1200000
knapsack,inverse,120,4,penalty,mpoa,120,1200000,-32150,True,23,-30938,,1200000
knapsack,inverse,120,4,penalty,mpoa,120,1200000,-32150,True,24,-30921,,1200000
knapsack,inverse,120,4,penalty,mpoa,120,1200000,-32150,True,25,-31004,,1200000
knapsack,inverse,120,4,penalty,mpoa,120,1200000,-32150,True,26,-31040,,1200000
knapsack,inverse,120,4,penalty,mpoa,120,1200000,-32150,True,27,-31040,,1200000
knapsack,inverse,120,4,penalty,mpoa,120,1200000,-32150,True,28,-30900,,1200000
knapsack,inverse,120,4,penalty,mpoa,120,1200000,-32150,True,29,-30960,,1200000
knapsack,inverse,120,4,penalty,mpoa,120,1200000,-32150,True,30,-30846,,1200000
knapsack,spanner,30,1,penalty,mpoa,30,300000,-2870,True,0,-2849,,300000
knapsack,spanner,30,1,penalty,mpoa,30,300000,-2870,True,1,-2870,92704,92704
knapsack,spanner,30,1,penalty,mpoa,30,300000,-2870,True,2,-2870,16120,16120
knapsack,spanner,30,1,penalty,mpoa,30,300000,-2870,True,3,-2870,461,461
knapsack,spanner,30,1,penalty,mpoa,30,300000,-2870,True,4,-2870,207457,207457
knapsack,spanner,30,1,penalty,mpoa,30,300000,-2870,True,5,-2870,54953,54953
knapsack,spanner,30,1,penalty,mpoa,30,300000,-2870,True,6,-2870,133,133
knapsack,spanner,30,1,penalty,mpoa,30,300000,-2870,True,7,-2870,17304,17304
knapsack,spanner,30,1,penalty,mpoa,30,300000,-2870,True,8,-2870,12520,12520
knapsack,spanner,30,1,penalty,mpoa,30,300000,-2870,True,9,-2870,10443,10443
knapsack,spanner,30,1,penalty,mpoa,30,300000,-2870,True,10,-2870,47334,47334
knapsack,spanner,30,1,penalty,mpoa,30,300000,-2870,True,11,-2870,237924,237924
knapsack,spanner,30,1,penalty,mpoa,30,300000,-2870,True,12,-2870,44921,44921
knapsack,spanner,30,1,penalty,mpoa,30,300000,-2870,True,13,-2870,4419,4419
knapsack,spanner,30,1,penalty,mpoa,30,300000,-2870,True,14,-2870,14760,14760
knapsack,spanner,30,1,penalty,mpoa,30,300000,-2870,True,15,-2870,4926,4926
knapsack,spanner,30,1,penalty,mpoa,30,300000,-2870,True,16,-2870,64784,64784
knapsack,spanner,30,1,penalty,mpoa,30,300000,-2870,True,17,-2870,147061,147061
knapsack,spanner,30,1,penalty,mpoa,30,300000,-2870,True,18,-2870,6909,6909
knapsack,spanner,30,1,penalty,mpoa,30,300000,-2870,True,19,-2870,2493,2493
knapsack,spanner,30,1,penalty,mpoa,30,300000,-2870,True,20,-2870,204,204
knapsack,spanner,30,1,penalty,mpoa,30,300000,-2870,True,21,-2870,16495,16495
knapsack,spanner,30,1,penalty,mpoa,30,300000,-2870,True,22,-2870,86425,86425
knapsack,spanner,30,1,penalty,mpoa,30,300000,-2870,True,23,-2870,52751,52751
knapsack,spanner,30,1,penalty,mpoa,30,300000,-2870,True,24,-2870,192,192
knapsack,spanner,30,1,penalty,mpoa,30,300000,-2870,True,25,-2870,223,223
knapsack,spanner,30,1,penalty,mpoa,30,300000,-2870,True,26,-2870,62979,62979
knapsack,spanner,30,1,penalty,mpoa,30,300000,-2870,True,27,-2870,128849,128849
knapsack,spanner,30,1,penalty,mpoa,30,300000,-2870,True,28,-2870,23871,23871
knapsack,spanner,30,1,penalty,mpoa,30,300000,-2870,True,29,-2870,4346,4346
knapsack,spanner,30,1,penalty,mpoa,30,300000,-2870,True,30,-2870,3610,3610
knapsack,spanner,30,0,penalty,mpoa,30,300000,-8000,True,0,-7991,,300000
knapsack,spanner,30,0,penalty,mpoa,30,300000,-8000,True,1,-7991,,300000
knapsack,spanner,30,0,penalty,mpoa,30,300000,-8000,True,2,-7991,,300000
knapsack,spanner,30,0,penalty,mpoa,30,300000,-8000,True,3,-7991,,300000
knapsack,spanner,30,0,penalty,mpoa,30,300000,-8000,True,4,-7991,,300000
knapsack,spanner,30,0,penalty,mpoa,30,300000,-8000,True,5,-7991,,300000
knapsack,spanner,30,0,penalty,mpoa,30,300000,-8000,True,6,-7991,,300000
knapsack,spanner,30,0,penalty,mpoa,30,300000,-8000,True,7,-7991,,300000
knapsack,spanner,30,0,penalty,mpoa,30,300000,-8000,True,8,-7991,,300000
knapsack,spanner,30,0,penalty,mpoa,30,300000,-8000,True,9,-7991,,300000
knapsack,spanner,30,0,penalty,mpoa,30,300000,-8000,True,10,-7991,,300000
knapsack,spanner,30,0,penalty,mpoa,30,300000,-8000,True,11,-7991,,300000
knapsack,spanner,30,0,penalty,mpoa,30,300000,-8000,True,12,-7991,,300000
knapsack,spanner,30,0,penalty,mpoa,30,300000,-8000,True,13,-7991,,300000
knapsack,spanner,30,0,penalty,mpoa,30,300000,-8000,True,14,-7991,,300000
knapsack,spanner,30,0,penalty,mpoa,30,300000,-8000,True,15,-7991,,300000
knapsack,spanner,30,0,penalty,mpoa,30,300000,-8000,True,16,-7991,,300000
knapsack,spanner,30,0,penalty,mpoa,30,300000,-8000,True,17,-7991,,300000
knapsack,spanner,30,0,penalty,mpoa,30,300000,-8000,True,18,-7991,,300000
knapsack,spanner,30,0,penalty,mpoa,30,300000,-8000,True,19,-7991,,300000
knapsack,spanner,30,0,penalty,mpoa,30,300000,-8000,True,20,-7991,,300000
knapsack,spanner,30,0,penalty,mpoa,30,300000,-8000,True,21,-7991,,300000
knapsack,spanner,30,0,penalty,mpoa,30,300000,-8000,True,22,-7991,,300000
knapsack,spanner,30,0,penalty,mpoa,30,300000,-8000,True,23,-7991,,300000
knapsack,spanner,30,0,penalty,mpoa,30,300000,-8000,True,24,-7991,,300000
knapsack,spanner,30,0,penalty,mpoa,30,300000,-8000,True,25,-7998,,300000
knapsack,spanner,30,0,penalty,mpoa,30,300000,-8000,True,26,-7991,,300000
knapsack,spanner,30,0,penalty,mpoa,30,300000,-8000,True,27,-7991,,300000
knapsack,spanner,30,0,penalty,mpoa,30,300000,-8000,True,28,-7991,,300000
knapsack,spanner,30,0,penalty,mpoa,30,300000,-8000,True,29,-7991,,300000
knapsack,spanner,30,0,penalty,mpoa,30,300000,-8000,True,30,-7991,,300000
knapsack,strongly,120,1,penalty,poa,120,1200000,-39579,True,0,-38344,,1200000
knapsack,strongly,120,1,penalty,poa,120,1200000,-39579,True,1,-38370,,1200000
knapsack,strongly,120,1,penalty,poa,120,1200000,-39579,True,2,-38403,,1200000
knapsack,strongly,120,1,penalty,poa,120,1200000,-39579,True,3,-38369,,1200000
knapsack,strongly,120,1,penalty,poa,120,1200000,-39579,True,4,-38377,,1200000
knapsack,strongly,120,1,penalty,poa,120,1200000,-39579,True,5,-38350,,1200000
knapsack,strongly,120,1,penalty,poa,120,1200000,-39579,True,6,-38349,,1200000
knapsack,strongly,120,1,penalty,poa,120,1200000,-39579,True,7,-38369,,1200000
knapsack,strongly,120,1,penalty,poa,120,1200000,-39579,True,8,-38311,,1200000
knapsack,strongly,120,1,penalty,poa,120,1200000,-39579,True,9,-38422,,1200000
knapsack,strongly,120,1,penalty,poa,120,1200000,-39579,True,10,-38270,,1200000
knapsack,strongly,120,1,penalty,poa,120,1200000,-39579,True,11,-38311,,1200000
knapsack,strongly,120,1,penalty,poa,120,1200000,-39579,True,12,-38284,,1200000
knapsack,strongly,120,1,penalty,poa,120,1200000,-39579,True,13,-38355,,1200000
knapsack,strongly,120,1,penalty,poa,120,1200000,-39579,True,14,-38302,,1200000
knapsack,strongly,120,1,penalty,poa,120,1200000,-39579,True,15,-38342,,1200000
knapsack,strongly,120,1,penalty,poa,120,1200000,-39579,True,16,-38249,,1200000
knapsack,strongly,120,1,penalty,poa,120,1200000,-39579,True,17,-38371,,1200000
knapsack,strongly,120,1,penalty,poa,120,1200000,-39579,True,18,-38380,,1200000
knapsack,strongly,120,1,penalty,poa,120,1200000,-39579,True,19,-38355,,1200000
knapsack,strongly,120,1,penalty,poa,120,1200000,-39579,True,20,-38232,,1200000
knapsack,strongly,120,1,penalty,poa,120,1200000,-39579,True,21,-38439,,1200000
knapsack,strongly,120,1,penalty,poa,120,1200000,-39579,True,22,-38257,,1200000
knapsack,strongly,120,1,penalty,poa,120,1200000,-39579,True,23,-38354,,1200000
knapsack,strongly,120,1,penalty,poa,120,1200000,-39579,True,24,-38294,,1200000
knapsack,strongly,120,1,penalty,poa,120,1200000,-39579,True,25,-38286,,1200000
knapsack,strongly,120,1,penalty,poa,120,1200000,-39579,True,26,-38476,,1200000
knapsack,strongly,120,1,penalty,poa,120,1200000,-39579,True,27,-38494,,1200000
knapsack,strongly,120,1,penalty,poa,120,1200000,-39579,True,28,-38259,,1200000
knapsack,strongly,120,1,penalty,poa,120,1200000,-39579,True,29,-38452,,1200000
knapsack,strongly,120,1,penalty,poa,120,1200000,-39579,True,30,-38439,,1200000
knapsack,strongly,120,2,penalty,poa,120,1200000,-39245,True,0,-38143,,1200000
knapsack,strongly,120,2,penalty,poa,120,1200000,-39245,True,1,-38027,,1200000
knapsack,strongly,120,2,penalty,poa,120,1200000,-39245,True,2,-38030,,1200000
knapsack,strongly,120,2,penalty,poa,120,1200000,-39245,True,3,-38038,,1200000
knapsack,strongly,120,2,penalty,poa,120,1200000,-39245,True,4,-38000,,1200000
knapsack,strongly,120,2,penalty,poa,120,1200000,-39245,True,5,-38019,,1200000
knapsack,strongly,120,2,penalty,poa,120,1200000,-39245,True,6,-38007,,1200000
knapsack,strongly,120,2,penalty,poa,120,1200000,-39245,True,7,-37986,,1200000
knapsack,strongly,120,2,penalty,poa,120,1200000,-39245,True,8,-38116,,1200000
knapsack,strongly,120,2,penalty,poa,120,1200000,-39245,True,9,-38121,,1200000
knapsack,strongly,120,2,penalty,poa,120,1200000,-39245,True,10,-38112,,1200000
knapsack,strongly,120,2,penalty,poa,120,1200000,-39245,True,11,-38104,,1200000
knapsack,strongly,120,2,penalty,poa,120,1200000,-39245,True,12,-38179,,1200000
knapsack,strongly,120,2,penalty,poa,120,1200000,-39245,True,13,-38095,,1200000
knapsack,strongly,120,2,penalty,poa,120,1200000,-39245,True,14,-38043,,1200000
knapsack,strongly,120,2,penalty,poa,120,1200000,-39245,True,15,-38246,,1200000
knapsack,strongly,120,2,penalty,poa,120,1200000,-39245,True,16,-38148,,1200000
knapsack,strongly,120,2,penalty,poa,120,1200000,-39245,True,17,-38216,,1200000
knapsack,strongly,120,2,penalty,poa,120,1200000,-39245,True,18,-38125,,1200000
knapsack,strongly,120,2,penalty,poa,120,1200000,-39245,True,19,-38025,,1200000
knapsack,strongly,120,2,penalty,poa,120,1200000,-39245,True,20,-38244,,1200000
knapsack,strongly,120,2,penalty,poa,120,1200000,-39245,True,21,-38021,,1200000
knapsack,strongly,120,2,penalty,poa,120,1200000,-39245,True,22,-37921,,1200000
knapsack,strongly,120,2,penalty,poa,120,1200000,-39245,True,23,-38110,,1200000
knapsack,strongly,120,2,penalty,poa,120,1200000,-39245,True,24,-38085,,1200000
knapsack,strongly,120,2,penalty,poa,120,1200000,-39245,True,25,-38023,,1200000
knapsack,strongly,120,2,penalty,poa,120,1200000,-39245,True,26,-38014,,1200000
knapsack,strongly,120,2,penalty,poa,120,1200000,-39245,True,27,-38086,,1200000
knapsack,strongly,120,2,penalty,poa,120,1200000,-39245,True,28,-37962,,1200000
knapsack,strongly,120,2,penalty,poa,120,1200000,-39245,True,29,-38019,,1200000
knapsack,strongly,120,2,penalty,poa,120,1200000,-39245,True,30,-38299,,1200000
knapsack,spanner,30,4,penalty,poa,30,300000,-2330,True,0,-2330,36867,36867
knapsack,spanner,30,4,penalty,poa,30,300000,-2330,True,1,-2330,16654,16654
knapsack,spanner,30,4,penalty,poa,30,300000,-2330,True,2,-2330,15608,15608
knapsack,spanner,30,4,penalty,poa,30,300000,-2330,True,3,-2330,22675,22675
knapsack,spanner,30,4,penalty,poa,30,300000,-2330,True,4,-2330,3733,3733
knapsack,spanner,30,4,penalty,poa,30,300000,-2330,True,5,-2330,27984,27984
knapsack,spanner,30,4,penalty,poa,30,300000,-2330,True,6,-2330,101436,101436
knapsack,spanner,30,4,penalty,poa,30,300000,-2330,True,7,-2330,7739,7739
knapsack,spanner,30,4,penalty,poa,30,300000,-2330,True,8,-2330,124839,124839
knapsack,spanner,30,4,penalty,poa,30,300000,-2330,True,9,-2330,23456,23456
knapsack,spanner,30,4,penalty,poa,30,300000,-2330,True,10,-2330,74315,74315
knapsack,spanner,30,4,penalty,poa,30,300000,-2330,True,11,-2330,27278,27278
knapsack,spanner,30,4,penalty,poa,30,300000,-2330,True,12,-2330,17176,17176
knapsack,spanner,30,4,penalty,poa,30,300000,-2330,True,13,-2330,52064,52064
knapsack,spanner,30,4,penalty,poa,30,300000,-2330,True,14,-2330,16104,16104
knapsack,spanner,30,4,penalty,poa,30,300000,-2330,True,15,-2330,73127,73127
knapsack,spanner,30,4,penalty,poa,30,300000,-2330,True,16,-2330,20565,20565
knapsack,spanner,30,4,penalty,poa,30,300000,-2330,True,17,-2330,80267,80267
knapsack,spanner,30,4,penalty,poa,30,300000,-2330,True,18,-2330,122388,122388
knapsack,spanner,30,4,penalty,poa,30,300000,-2330,True,19,-2330,4340,4340
knapsack,spanner,30,4,penalty,poa,30,300000,-2330,True,20,-2330,2883,2883
knapsack,spanner,30,4,penalty,poa,30,300000,-2330,True,21,-2330,126559,126559
knapsack,spanner,30,4,penalty,poa,30,300000,-2330,True,22,-2330,14031,14031
knapsack,spanner,30,4,penalty,poa,30,300000,-2330,True,23,-2330,94146,94146
knapsack,spanner,30,4,penalty,poa,30,300000,-2330,True,24,-2330,13799,13799
knapsack,spanner,30,4,penalty,poa,30,300000,-2330,True,25,-2330,204493,204493
knapsack,spanner,30,4,penalty,poa,30,300000,-2330,True,26,-2330,4812,4812
knapsack,spanner,30,4,penalty,poa,30,300000,-2330,True,27,-2330,65340,65340
knapsack,spanner,30,4,penalty,poa,30,300000,-2330,True,28,-2330,2158,2158
knapsack,spanner,30,4,penalty,poa,30,300000,-2330,True,29,-2330,50225,50225
knapsack,spanner,30,4,penalty,poa,30,300000,-2330,True,30,-2330,95595,95595
knapsack,spanner,30,0,penalty,poa,30,300000,-8000,True,0,-7998,,300000
knapsack,spanner,30,0,penalty,poa,30,300000,-8000,True,1,-7991,,300000
knapsack,spanner,30,0,penalty,poa,30,300000,-8000,True,2,-7991,,300000
knapsack,spanner,30,0,penalty,poa,30,300000,-8000,True,3,-8000,295367,295367
knapsack,spanner,30,0,penalty,poa,30,300000,-8000,True,4,-7991,,300000
knapsack,spanner,30,0,penalty,poa,30,300000,-8000,True,5,-7991,,300000
knapsack,spanner,30,0,penalty,poa,30,300000,-8000,True,6,-7991,,300000
knapsack,spanner,30,0,penalty,poa,30,300000,-8000,True,7,-7991,,300000
knapsack,spanner,30,0,penalty,poa,30,300000,-8000,True,8,-7991,,300000
knapsack,spanner,30,0,penalty,poa,30,300000,-8000,True,9,-7991,,300000
knapsack,spanner,30,0,penalty,poa,30,300000,-8000,True,10,-7991,,300000
knapsack,spanner,30,0,penalty,poa,30,300000,-8000,True,11,-7991,,300000
knapsack,spanner,30,0,penalty,poa,30,300000,-8000,True,12,-7991,,300000
knapsack,spanner,30,0,penalty,poa,30,300000,-8000,True,13,-7991,,300000
knapsack,spanner,30,0,penalty,poa,30,300000,-8000,True,14,-7991,,300000
knapsack,spanner,30,0,penalty,poa,30,300000,-8000,True,15,-7991,,300000
knapsack,spanner,30,0,penalty,poa,30,300000,-8000,True,16,-7991,,300000
knapsack,spanner,30,0,penalty,poa,30,300000,-8000,True,17,-7991,,300000
knapsack,spanner,30,0,penalty,poa,30,300000,-8000,True,18,-7991,,300000
knapsack,spanner,30,0,penalty,poa,30,300000,-8000,True,19,-7991,,300000
knapsack,spanner,30,0,penalty,poa,30,300000,-8000,True,20,-7991,,300000
knapsack,spanner,30,0,penalty,poa,30,300000,-8000,True,21,-7991,,300000
knapsack,spanner,30,0,penalty,poa,30,300000,-8000,True,22,-7991,,300000
knapsack,spanner,30,0,penalty,poa,30,300000,-8000,True,23,-7991,,300000
knapsack,spanner,30,0,penalty,poa,30,300000,-8000,True,24,-7991,,300000
knapsack,spanner,30,0,penalty,poa,30,300000,-8000,True,25,-7991,,300000
knapsack,spanner,30,0,penalty,poa,30,300000,-8000,True,26,-7991,,300000
knapsack,spanner,30,0,penalty,poa,30,300000,-8000,True,27,-7991,,300000
knapsack,spanner,30,0,penalty,poa,30,300000,-8000,True,28,-7991,,300000
knapsack,spanner,30,0,penalty,poa,30,300000,-8000,True,29,-7991,,300000
knapsack,spanner,30,0,penalty,poa,30,300000,-8000,True,30,-7991,,300000
knapsack,strongly,120,3,penalty,poa,120,1200000,-35652,True,0,-34050,,1200000
knapsack,strongly,120,3,penalty,poa,120,1200000,-35652,True,1,-34244,,1200000
knapsack,strongly,120,3,penalty,poa,120,1200000,-35652,True,2,-34275,,1200000
knapsack,strongly,120,3,penalty,poa,120,1200000,-35652,True,3,-34126,,1200000
knapsack,strongly,120,3,penalty,poa,120,1200000,-35652,True,4,-34250,,1200000
knapsack,strongly,120,3,penalty,poa,120,1200000,-35652,True,5,-34142,,1200000
knapsack,strongly,120,3,penalty,poa,120,1200000,-35652,True,6,-34040,,1200000
knapsack,strongly,120,3,penalty,poa,120,1200000,-35652,True,7,-34241,,1200000
knapsack,strongly,120,3,penalty,poa,120,1200000,-35652,True,8,-34160,,1200000
knapsack,strongly,120,3,penalty,poa,120,1200000,-35652,True,9,-34099,,1200000
knapsack,strongly,120,3,penalty,poa,120,1200000,-35652,True,10,-34104,,1200000
knapsack,strongly,120,3,penalty,poa,120,1200000,-35652,True,11,-34233,,1200000
knapsack,strongly,120,3,penalty,poa,120,1200000,-35652,True,12,-34406,,1200000
knapsack,strongly,120,3,penalty,poa,120,1200000,-35652,True,13,-34132,,1200000
knapsack,strongly,120,3,penalty,poa,120,1200000,-35652,True,14,-34435,,1200000
knapsack,strongly,120,3,penalty,poa,120,1200000,-35652,True,15,-34250,,1200000
knapsack,strongly,120,3,penalty,poa,120,1200000,-35652,True,16,-34303,,1200000
knapsack,strongly,120,3,penalty,poa,120,1200000,-35652,True,17,-34121,,1200000
knapsack,strongly,120,3,penalty,poa,120,1200000,-35652,True,18,-34135,,1200000
knapsack,strongly,120,3,penalty,poa,120,1200000,-35652,True,19,-34330,,1200000
knapsack,strongly,120,3,penalty,poa,120,1200000,-35652,True,20,-34109,,1200000
knapsack,strongly,120,3,penalty,poa,120,1200000,-35652,True,21,-34456,,1200000
knapsack,strongly,120,3,penalty,poa,120,1200000,-35652,True,22,-34401,,1200000
knapsack,strongly,120,3,penalty,poa,120,1200000,-35652,True,23,-34050,,1200000
knapsack,strongly,120,3,penalty,poa,120,1200000,-35652,True,24,-34133,,1200000
knapsack,strongly,120,3,penalty,poa,120,1200000,-35652,True,25,-34142,,1200000
knapsack,strongly,120,3,penalty,poa,120,1200000,-35652,True,26,-34167,,1200000
knapsack,strongly,120,3,penalty,poa,120,1200000,-35652,True,27,-34348,,1200000
knapsack,strongly,120,3,penalty,poa,120,1200000,-35652,True,28,-34061,,1200000
knapsack,strongly,120,3,penalty,poa,120,1200000,-35652,True,29,-34335,,1200000
knapsack,strongly,120,3,penalty,poa,120,1200000,-35652,True,30,-34326,,1200000
knapsack,mstr,80,1,penalty,mpoa,80,800000,-32076,True,0,-30311,,800000
knapsack,mstr,80,1,penalty,mpoa,80,800000,-32076,True,1,-30502,,800000
knapsack,mstr,80,1,penalty,mpoa,80,800000,-32076,True,2,-30622,,800000
knapsack,mstr,80,1,penalty,mpoa,80,800000,-32076,True,3,-30717,,800000
knapsack,mstr,80,1,penalty,mpoa,80,800000,-32076,True,4,-31242,,800000
knapsack,mstr,80,1,penalty,mpoa,80,800000,-32076,True,5,-30478,,800000
knapsack,mstr,80,1,penalty,mpoa,80,800000,-32076,True,6,-30720,,800000
knapsack,mstr,80,1,penalty,mpoa,80,800000,-32076,True,7,-30475,,800000
knapsack,mstr,80,1,penalty,mpoa,80,800000,-32076,True,8,-30376,,800000
knapsack,mstr,80,1,penalty,mpoa,80,800000,-32076,True,9,-30567,,800000
knapsack,mstr,80,1,penalty,mpoa,80,800000,-32076,True,10,-30997,,800000
knapsack,mstr,80,1,penalty,mpoa,80,800000,-32076,True,11,-30859,,800000
knapsack,mstr,80,1,penalty,mpoa,80,800000,-32076,True,12,-30674,,800000
knapsack,mstr,80,1,penalty,mpoa,80,800000,-32076,True,13,-30766,,800000
knapsack,mstr,80,1,penalty,mpoa,80,800000,-32076,True,14,-30627,,800000
knapsack,mstr,80,1,penalty,mpoa,80,800000,-32076,True,15,-30401,,800000
knapsack,mstr,80,1,penalty,mpoa,80,800000,-32076,True,16,-30852,,800000
knapsack,mstr,80,1,penalty,mpoa,80,800000,-32076,True,17,-30639,,800000
knapsack,mstr,80,1,penalty,mpoa,80,800000,-32076,True,18,-30711,,800000
knapsack,mstr,80,1,penalty,mpoa,80,800000,-32076,True,19,-30945,,800000
knapsack,mstr,80,1,penalty,mpoa,80,800000,-32076,True,20,-30429,,800000
knapsack,mstr,80,1,penalty,mpoa,80,800000,-32076,True,21,-30384,,800000
knapsack,mstr,80,1,penalty,mpoa,80,800000,-32076,True,22,-30640,,800000
knapsack,mstr,80,1,penalty,mpoa,80,800000,-32076,True,23,-30746,,800000
knapsack,mstr,80,1,penalty,mpoa,80,800000,-32076,True,24,-30570,,800000
knapsack,mstr,80,1,penalty,mpoa,80,800000,-32076,True,25,-30499,,800000
knapsack,mstr,80,1,penalty,mpoa,80,800000,-32076,True,26,-30671,,800000
knapsack,mstr,80,1,penalty,mpoa,80,800000,-32076,True,27,-30416,,800000
knapsack,mstr,80,1,penalty,mpoa,80,800000,-32076,True,28,-30550,,800000
knapsack,mstr,80,1,penalty,mpoa,80,800000,-32076,True,29,-30471,,800000
knapsack,mstr,80,1,penalty,mpoa,80,800000,-32076,True,30,-30367,,800000
knapsack,spanner,30,4,penalty,mpoa,30,300000,-2330,True,0,-2330,13621,13621
knapsack,spanner,30,4,penalty,mpoa,30,300000,-2330,True,1,-2330,25018,25018
knapsack,spanner,30,4,penalty,mpoa,30,300000,-2330,True,2,-2330,5211,5211
knapsack,spanner,30,4,penalty,mpoa,30,300000,-2330,True,3,-2327,,300000
knapsack,spanner,30,4,penalty,mpoa,30,300000,-2330,True,4,-2330,57744,57744
knapsack,spanner,30,4,penalty,mpoa,30,300000,-2330,True,5,-2327,,300000
knapsack,spanner,30,4,penalty,mpoa,30,300000,-2330,True,6,-2330,25929,25929
knapsack,spanner,30,4,penalty,mpoa,30,300000,-2330,True,7,-2327,,300000
knapsack,spanner,30,4,penalty,mpoa,30,300000,-2330,True,8,-2330,86987,86987
knapsack,spanner,30,4,penalty,mpoa,30,300000,-2330,True,9,-2330,22060,22060
knapsack,spanner,30,4,penalty,mpoa,30,300000,-2330,True,10,-2330,1315,1315
knapsack,spanner,30,4,penalty,mpoa,30,300000,-2330,True,11,-2330,23440,23440
knapsack,spanner,30,4,penalty,mpoa,30,300000,-2330,True,12,-2330,6218,6218
knapsack,spanner,30,4,penalty,mpoa,30,300000,-2330,True,13,-2330,11203,11203
knapsack,spanner,30,4,penalty,mpoa,30,300000,-2330,True,14,-2330,3130,3130
knapsack,spanner,30,4,penalty,mpoa,30,300000,-2330,True,15,-2330,111377,111377
knapsack,spanner,30,4,penalty,mpoa,30,300000,-2330,True,16,-2330,89666,89666
knapsack,spanner,30,4,penalty,mpoa,30,300000,-2330,True,17,-2330,81167,81167
knapsack,spanner,30,4,penalty,mpoa,30,300000,-2330,True,18,-2327,,300000
knapsack,spanner,30,4,penalty,mpoa,30,300000,-2330,True,19,-2330,8496,8496
knapsack,spanner,30,4,penalty,mpoa,30,300000,-2330,True,20,-2330,29410,29410
knapsack,spanner,30,4,penalty,mpoa,30,300000,-2330,True,21,-2330,56376,56376
knapsack,spanner,30,4,penalty,mpoa,30,300000,-2330,True,22,-2330,12607,12607
knapsack,spanner,30,4,penalty,mpoa,30,300000,-2330,True,23,-2330,44044,44044
knapsack,spanner,30,4,penalty,mpoa,30,300000,-2330,True,24,-2330,110468,110468
knapsack,spanner,30,4,penalty,mpoa,30,300000,-2330,True,25,-2330,13839,13839
knapsack,spanner,30,4,penalty,mpoa,30,300000,-2330,True,26,-2330,62521,62521
knapsack,spanner,30,4,penalty,mpoa,30,300000,-2330,True,27,-2330,10578,10578
knapsack,spanner,30,4,penalty,mpoa,30,300000,-2330,True,28,-2330,2368,2368
knapsack,spanner,30,4,penalty,mpoa,30,300000,-2330,True,29,-2330,10845,10845
knapsack,spanner,30,4,penalty,mpoa,30,300000,-2330,True,30,-2330,5548,5548
knapsack,mstr,80,2,penalty,mpoa,80,800000,-32085,True,0,-30538,,800000
knapsack,mstr,80,2,penalty,mpoa,80,800000,-32085,True,1,-30485,,800000
knapsack,mstr,80,2,penalty,mpoa,80,800000,-32085,True,2,-30784,,800000
knapsack,mstr,80,2,penalty,mpoa,80,800000,-32085,True,3,-30672,,800000
knapsack,mstr,80,2,penalty,mpoa,80,800000,-32085,True,4,-30562,,800000
knapsack,mstr,80,2,penalty,mpoa,80,800000,-32085,True,5,-30681,,800000
knapsack,mstr,80,2,penalty,mpoa,80,800000,-32085,True,6,-30667,,800000
knapsack,mstr,80,2,penalty,mpoa,80,800000,-32085,True,7,-30686,,800000
knapsack,mstr,80,2,penalty,mpoa,80,800000,-32085,True,8,-30868,,800000
knapsack,mstr,80,2,penalty,mpoa,80,800000,-32085,True,9,-30472,,800000
knapsack,mstr,80,2,penalty,mpoa,80,800000,-32085,True,10,-30376,,800000
knapsack,mstr,80,2,penalty,mpoa,80,800000,-32085,True,11,-30685,,800000
knapsack,mstr,80,2,penalty,mpoa,80,800000,-32085,True,12,-30925,,800000
knapsack,mstr,80,2,penalty,mpoa,80,800000,-32085,True,13,-30569,,800000
knapsack,mstr,80,2,penalty,mpoa,80,800000,-32085,True,14,-30502,,800000
knapsack,mstr,80,2,penalty,mpoa,80,800000,-32085,True,15,-30656,,800000
knapsack,mstr,80,2,penalty,mpoa,80,800000,-32085,True,16,-30961,,800000
knapsack,mstr,80,2,penalty,mpoa,80,800000,-32085,True,17,-30682,,800000
knapsack,mstr,80,2,penalty,mpoa,80,800000,-32085,True,18,-30861,,800000
knapsack,mstr,80,2,penalty,mpoa,80,800000,-32085,True,19,-30831,,800000
knapsack,mstr,80,2,penalty,mpoa,80,800000,-32085,True,20,-30554,,800000
knapsack,mstr,80,2,penalty,mpoa,80,800000,-32085,True,21,-30516,,800000
knapsack,mstr,80,2,penalty,mpoa,80,800000,-32085,True,22,-31072,,800000
knapsack,mstr,80,2,penalty,mpoa,80,800000,-32085,True,23,-30477,,800000
knapsack,mstr,80,2,penalty,mpoa,80,800000,-32085,True,24,-30463,,800000
knapsack,mstr,80,2,penalty,mpoa,80,800000,-32085,True,25,-30467,,800000
knapsack,mstr,80,2,penalty,mpoa,80,800000,-32085,True,26,-31132,,800000
knapsack,mstr,80,2,penalty,mpoa,80,800000,-32085,True,27,-30449,,800000
knapsack,mstr,80,2,penalty,mpoa,80,800000,-32085,True,28,-30601,,800000
knapsack,mstr,80,2,penalty,mpoa,80,800000,-32085,True,29,-30636,,800000
knapsack,mstr,80,2,penalty,mpoa,80,800000,-32085,True,30,-30985,,800000
knapsack,spanner,30,2,penalty,mpoa,30,300000,-5150,True,0,-5145,,300000
knapsack,spanner,30,2,penalty,mpoa,30,300000,-5150,True,1,-5145,,300000
knapsack,spanner,30,2,penalty,mpoa,30,300000,-5150,True,2,-5145,,300000
knapsack,spanner,30,2,penalty,mpoa,30,300000,-5150,True,3,-5145,,300000
knapsack,spanner,30,2,penalty,mpoa,30,300000,-5150,True,4,-5145,,300000
knapsack,spanner,30,2,penalty,mpoa,30,300000,-5150,True,5,-5145,,300000
knapsack,spanner,30,2,penalty,mpoa,30,300000,-5150,True,6,-5123,,300000
knapsack,spanner,30,2,penalty,mpoa,30,300000,-5150,True,7,-5145,,300000
knapsack,spanner,30,2,penalty,mpoa,30,300000,-5150,True,8,-5145,,300000
knapsack,spanner,30,2,penalty,mpoa,30,300000,-5150,True,9,-5145,,300000
knapsack,spanner,30,2,penalty,mpoa,30,300000,-5150,True,10,-5139,,300000
knapsack,spanner,30,2,penalty,mpoa,30,300000,-5150,True,11,-5145,,300000
knapsack,spanner,30,2,penalty,mpoa,30,300000,-5150,True,12,-5145,,300000
knapsack,spanner,30,2,penalty,mpoa,30,300000,-5150,True,13,-5145,,300000
knapsack,spanner,30,2,penalty,mpoa,30,300000,-5150,True,14,-5145,,300000
knapsack,spanner,30,2,penalty,mpoa,30,300000,-5150,True,15,-5134,,300000
knapsack,spanner,30,2,penalty,mpoa,30,300000,-5150,True,16,-5134,,300000
knapsack,spanner,30,2,penalty,mpoa,30,300000,-5150,True,17,-5145,,300000
knapsack,spanner,30,2,penalty,mpoa,30,300000,-5150,True,18,-5145,,300000
knapsack,spanner,30,2,penalty,mpoa,30,300000,-5150,True,19,-5145,,300000
knapsack,spanner,30,2,penalty,mpoa,30,300000,-5150,True,20,-5145,,300000
knapsack,spanner,30,2,penalty,mpoa,30,300000,-5150,True,21,-5145,,300000
knapsack,spanner,30,2,penalty,mpoa,30,300000,-5150,True,22,-5145,,300000
knapsack,spanner,30,2,penalty,mpoa,30,300000,-5150,True,23,-5145,,300000
knapsack,spanner,30,2,penalty,mpoa,30,300000,-5150,True,24,-5145,,300000
knapsack,spanner,30,2,penalty,mpoa,30,300000,-5150,True,25,-5145,,300000
knapsack,spanner,30,2,penalty,mpoa,30,300000,-5150,True,26,-5150,192808,192808
knapsack,spanner,30,2,penalty,mpoa,30,300000,-5150,True,27,-5145,,300000
knapsack,spanner,30,2,penalty,mpoa,30,300000,-5150,True,28,-5145,,300000
knapsack,spanner,30,2,penalty,mpoa,30,300000,-5150,True,29,-5145,,300000
knapsack,spanner,30,2,penalty,mpoa,30,300000,-5150,True,30,-5145,,300000
knapsack,spanner,30,3,penalty,mpoa,30,300000,-5376,True,0,-5368,,300000
knapsack,spanner,30,3,penalty,mpoa,30,300000,-5376,True,1,-5368,,300000
knapsack,spanner,30,3,penalty,mpoa,30,300000,-5376,True,2,-5368,,300000
knapsack,spanner,30,3,penalty,mpoa,30,300000,-5376,True,3,-5368,,300000
knapsack,spanner,30,3,penalty,mpoa,30,300000,-5376,True,4,-5368,,300000
knapsack,spanner,30,3,penalty,mpoa,30,300000,-5376,True,5,-5368,,300000
knapsack,spanner,30,3,penalty,mpoa,30,300000,-5376,True,6,-5368,,300000
knapsack,spanner,30,3,penalty,mpoa,30,300000,-5376,True,7,-5368,,300000
knapsack,spanner,30,3,penalty,mpoa,30,300000,-5376,True,8,-5368,,300000
knapsack,spanner,30,3,penalty,mpoa,30,300000,-5376,True,9,-5368,,300000
knapsack,spanner,30,3,penalty,mpoa,30,300000,-5376,True,10,-5368,,300000
knapsack,spanner,30,3,penalty,mpoa,30,300000,-5376,True,11,-5368,,300000
knapsack,spanner,30,3,penalty,mpoa,30,300000,-5376,True,12,-5368,,300000
knapsack,spanner,30,3,penalty,mpoa,30,300000,-5376,True,13,-5368,,300000
knapsack,spanner,30,3,penalty,mpoa,30,300000,-5376,True,14,-5368,,300000
knapsack,spanner,30,3,penalty,mpoa,30,300000,-5376,True,15,-5368,,300000
knapsack,spanner,30,3,penalty,mpoa,30,300000,-5376,True,16,-5368,,300000
knapsack,spanner,30,3,penalty,mpoa,30,300000,-5376,True,17,-5368,,300000
knapsack,spanner,30,3,penalty,mpoa,30,300000,-5376,True,18,-5368,,300000
knapsack,spanner,30,3,penalty,mpoa,30,300000,-5376,True,19,-5368,,300000
knapsack,spanner,30,3,penalty,mpoa,30,300000,-5376,True,20,-5368,,300000
knapsack,spanner,30,3,penalty,mpoa,30,300000,-5376,True,21,-5368,,300000
knapsack,spanner,30,3,penalty,mpoa,30,300000,-5376,True,22,-5368,,300000
knapsack,spanner,30,3,penalty,mpoa,30,300000,-5376,True,23,-5368,,300000
knapsack,spanner,30,3,penalty,mpoa,30,300000,-5376,True,24,-5368,,300000
knapsack,spanner,30,3,penalty,mpoa,30,300000,-5376,True,25,-5368,,300000
knapsack,spanner,30,3,penalty,mpoa,30,300000,-5376,True,26,-5368,,300000
knapsack,spanner,30,3,penalty,mpoa,30,300000,-5376,True,27,-5368,,300000
knapsack,spanner,30,3,penalty,mpoa,30,300000,-5376,True,28,-5368,,300000
knapsack,spanner,30,3,penalty,mpoa,30,300000,-5376,True,29,-5368,,300000
knapsack,spanner,30,3,penalty,mpoa,30,300000,-5376,True,30,-5368,,300000
knapsack,mstr,80,3,penalty,mpoa,80,800000,-33465,True,0,-32352,,800000
knapsack,mstr,80,3,penalty,mpoa,80,800000,-33465,True,1,-32079,,800000
knapsack,mstr,80,3,penalty,mpoa,80,800000,-33465,True,2,-32162,,800000
knapsack,mstr,80,3,penalty,mpoa,80,800000,-33465,True,3,-31790,,800000
knapsack,mstr,80,3,penalty,mpoa,80,800000,-33465,True,4,-31764,,800000
knapsack,mstr,80,3,penalty,mpoa,80,800000,-33465,True,5,-32243,,800000
knapsack,mstr,80,3,penalty,mpoa,80,800000,-33465,True,6,-32206,,800000
knapsack,mstr,80,3,penalty,mpoa,80,800000,-33465,True,7,-32065,,800000
knapsack,mstr,80,3,penalty,mpoa,80,800000,-33465,True,8,-31864,,800000
knapsack,mstr,80,3,penalty,mpoa,80,800000,-33465,True,9,-32242,,800000
knapsack,mstr,80,3,penalty,mpoa,80,800000,-33465,True,10,-31926,,800000
knapsack,mstr,80,3,penalty,mpoa,80,800000,-33465,True,11,-32199,,800000
knapsack,mstr,80,3,penalty,mpoa,80,800000,-33465,True,12,-32077,,800000
knapsack,mstr,80,3,penalty,mpoa,80,800000,-33465,True,13,-32055,,800000
knapsack,mstr,80,3,penalty,mpoa,80,800000,-33465,True,14,-32134,,800000
knapsack,mstr,80,3,penalty,mpoa,80,800000,-33465,True,15,-32238,,800000
knapsack,mstr,80,3,penalty,mpoa,80,800000,-33465,True,16,-32250,,800000
knapsack,mstr,80,3,penalty,mpoa,80,800000,-33465,True,17,-32220,,800000
knapsack,mstr,80,3,penalty,mpoa,80,800000,-33465,True,18,-32209,,800000
knapsack,mstr,80,3,penalty,mpoa,80,800000,-33465,True,19,-31810,,800000
knapsack,mstr,80,3,penalty,mpoa,80,800000,-33465,True,20,-32154,,800000
knapsack,mstr,80,3,penalty,mpoa,80,800000,-33465,True,21,-32257,,800000
knapsack,mstr,80,3,penalty,mpoa,80,800000,-33465,True,22,-32030,,800000
knapsack,mstr,80,3,penalty,mpoa,80,800000,-33465,True,23,-32156,,800000
knapsack,mstr,80,3,penalty,mpoa,80,800000,-33465,True,24,-31843,,800000
knapsack,mstr,80,3,penalty,mpoa,80,800000,-33465,True,25,-32363,,800000
knapsack,mstr,80,3,penalty,mpoa,80,800000,-33465,True,26,-32122,,800000
knapsack,mstr,80,3,penalty,mpoa,80,800000,-33465,True,27,-31841,,800000
knapsack,mstr,80,3,penalty,mpoa,80,800000,-33465,True,28,-32050,,800000
knapsack,mstr,80,3,penalty,mpoa,80,800000,-33465,True,29,-32151,,800000
knapsack,mstr,80,3,penalty,mpoa,80,800000,-33465,True,30,-32142,,800000
knapsack,spanner,30,2,penalty,poa,30,300000,-5150,True,0,-5145,,300000
knapsack,spanner,30,2,penalty,poa,30,300000,-5150,True,1,-5145,,300000
knapsack,spanner,30,2,penalty,poa,30,300000,-5150,True,2,-5145,,300000
knapsack,spanner,30,2,penalty,poa,30,300000,-5150,True,3,-5150,257732,257732
knapsack,spanner,30,2,penalty,poa,30,300000,-5150,True,4,-5145,,300000
knapsack,spanner,30,2,penalty,poa,30,300000,-5150,True,5,-5145,,300000
knapsack,spanner,30,2,penalty,poa,30,300000,-5150,True,6,-5134,,300000
knapsack,spanner,30,2,penalty,poa,30,300000,-5150,True,7,-5134,,300000
knapsack,spanner,30,2,penalty,poa,30,300000,-5150,True,8,-5145,,300000
knapsack,spanner,30,2,penalty,poa,30,300000,-5150,True,9,-5145,,300000
knapsack,spanner,30,2,penalty,poa,30,300000,-5150,True,10,-5145,,300000
knapsack,spanner,30,2,penalty,poa,30,300000,-5150,True,11,-5145,,300000
knapsack,spanner,30,2,penalty,poa,30,300000,-5150,True,12,-5145,,300000
knapsack,spanner,30,2,penalty,poa,30,300000,-5150,True,13,-5145,,300000
knapsack,spanner,30,2,penalty,poa,30,300000,-5150,True,14,-5145,,300000
knapsack,spanner,30,2,penalty,poa,30,300000,-5150,True,15,-5145,,300000
knapsack,spanner,30,2,penalty,poa,30,300000,-5150,True,16,-5145,,300000
knapsack,spanner,30,2,penalty,poa,30,300000,-5150,True,17,-5145,,300000
knapsack,spanner,30,2,penalty,poa,30,300000,-5150,True,18,-5145,,300000
knapsack,spanner,30,2,penalty,poa,30,300000,-5150,True,19,-5145,,300000
knapsack,spanner,30,2,penalty,poa,30,300000,-5150,True,20,-5145,,300000
knapsack,spanner,30,2,penalty,poa,30,300000,-5150,True,21,-5145,,300000
knapsack,spanner,30,2,penalty,poa,30,300000,-5150,True,22,-5145,,300000
knapsack,spanner,30,2,penalty,poa,30,300000,-5150,True,23,-5145,,300000
knapsack,spanner,30,2,penalty,poa,30,300000,-5150,True,24,-5150,82151,82151
knapsack,spanner,30,2,penalty,poa,30,300000,-5150,True,25,-5150,272366,272366
knapsack,spanner,30,2,penalty,poa,30,300000,-5150,True,26,-5145,,300000
knapsack,spanner,30,2,penalty,poa,30,300000,-5150,True,27,-5134,,300000
knapsack,spanner,30,2,penalty,poa,30,300000,-5150,True,28,-5145,,300000
knapsack,spanner,30,2,penalty,poa,30,300000,-5150,True,29,-5145,,300000
knapsack,spanner,30,2,penalty,poa,30,300000,-5150,True,30,-5145,,300000
knapsack,mstr,80,4,penalty,mpoa,80,800000,-32110,True,0,-30275,,800000
knapsack,mstr,80,4,penalty,mpoa,80,800000,-32110,True,1,-30921,,800000
knapsack,mstr,80,4,penalty,mpoa,80,800000,-32110,True,2,-30695,,800000
knapsack,mstr,80,4,penalty,mpoa,80,800000,-32110,True,3,-30732,,800000
knapsack,mstr,80,4,penalty,mpoa,80,800000,-32110,True,4,-30903,,800000
knapsack,mstr,80,4,penalty,mpoa,80,800000,-32110,True,5,-30297,,800000
knapsack,mstr,80,4,penalty,mpoa,80,800000,-32110,True,6,-30550,,800000
knapsack,mstr,80,4,penalty,mpoa,80,800000,-32110,True,7,-30533,,800000
knapsack,mstr,80,4,penalty,mpoa,80,800000,-32110,True,8,-30603,,800000
knapsack,mstr,80,4,penalty,mpoa,80,800000,-32110,True,9,-30765,,800000
knapsack,mstr,80,4,penalty,mpoa,80,800000,-32110,True,10,-30583,,800000
knapsack,mstr,80,4,penalty,mpoa,80,800000,-32110,True,11,-30400,,800000
knapsack,mstr,80,4,penalty,mpoa,80,800000,-32110,True,12,-30569,,800000
knapsack,mstr,80,4,penalty,mpoa,80,800000,-32110,True,13,-30804,,800000
knapsack,mstr,80,4,penalty,mpoa,80,800000,-32110,True,14,-30883,,800000
knapsack,mstr,80,4,penalty,mpoa,80,800000,-32110,True,15,-30785,,800000
knapsack,mstr,80,4,penalty,mpoa,80,800000,-32110,True,16,-30812,,800000
knapsack,mstr,80,4,penalty,mpoa,80,800000,-32110,True,17,-30672,,800000
knapsack,mstr,80,4,penalty,mpoa,80,800000,-32110,True,18,-30812,,800000
knapsack,mstr,80,4,penalty,mpoa,80,800000,-32110,True,19,-30909,,800000
knapsack,mstr,80,4,penalty,mpoa,80,800000,-32110,True,20,-30609,,800000
knapsack,mstr,80,4,penalty,mpoa,80,800000,-32110,True,21,-30759,,800000
knapsack,mstr,80,4,penalty,mpoa,80,800000,-32110,True,22,-30571,,800000
knapsack,mstr,80,4,penalty,mpoa,80,800000,-32110,True,23,-30590,,800000
knapsack,mstr,80,4,penalty,mpoa,80,800000,-32110,True,24,-30806,,800000
knapsack,mstr,80,4,penalty,mpoa,80,800000,-32110,True,25,-30488,,800000
knapsack,mstr,80,4,penalty,mpoa,80,800000,-32110,True,26,-30586,,800000
knapsack,mstr,80,4,penalty,mpoa,80,800000,-32110,True,27,-30406,,800000
knapsack,mstr,80,4,penalty,mpoa,80,800000,-32110,True,28,-30395,,800000
knapsack,mstr,80,4,penalty,mpoa,80,800000,-32110,True,29,-31110,,800000
knapsack,mstr,80,4,penalty,mpoa,80,800000,-32110,True,30,-30759,,800000
knapsack,spanner,30,3,penalty,poa,30,300000,-5376,True,0,-5368,,300000
knapsack,spanner,30,3,penalty,poa,30,300000,-5376,True,1,-5368,,300000
knapsack,spanner,30,3,penalty,poa,30,300000,-5376,True,2,-5368,,300000
knapsack,spanner,30,3,penalty,poa,30,300000,-5376,True,3,-5368,,300000
knapsack,spanner,30,3,penalty,poa,30,300000,-5376,True,4,-5368,,300000
knapsack,spanner,30,3,penalty,poa,30,300000,-5376,True,5,-5368,,300000
knapsack,spanner,30,3,penalty,poa,30,300000,-5376,True,6,-5368,,300000
knapsack,spanner,30,3,penalty,poa,30,300000,-5376,True,7,-5368,,300000
knapsack,spanner,30,3,penalty,poa,30,300000,-5376,True,8,-5368,,300000
knapsack,spanner,30,3,penalty,poa,30,300000,-5376,True,9,-5368,,300000
knapsack,spanner,30,3,penalty,poa,30,300000,-5376,True,10,-5368,,300000
knapsack,spanner,30,3,penalty,poa,30,300000,-5376,True,11,-5368,,300000
knapsack,spanner,30,3,penalty,poa,30,300000,-5376,True,12,-5368,,300000
knapsack,spanner,30,3,penalty,poa,30,300000,-5376,True,13,-5368,,300000
knapsack,spanner,30,3,penalty,poa,30,300000,-5376,True,14,-5368,,300000
knapsack,spanner,30,3,penalty,poa,30,300000,-5376,True,15,-5368,,300000
knapsack,spanner,30,3,penalty,poa,30,300000,-5376,True,16,-5368,,300000
knapsack,spanner,30,3,penalty,poa,30,300000,-5376,True,17,-5376,222127,222127
knapsack,spanner,30,3,penalty,poa,30,300000,-5376,True,18,-5368,,300000
knapsack,spanner,30,3,penalty,poa,30,300000,-5376,True,19,-5368,,300000
knapsack,spanner,30,3,penalty,poa,30,300000,-5376,True,20,-5368,,300000
knapsack,spanner,30,3,penalty,poa,30,300000,-5376,True,21,-5368,,300000
knapsack,spanner,30,3,penalty,poa,30,300000,-5376,True,22,-5368,,300000
knapsack,spanner,30,3,penalty,poa,30,300000,-5376,True,23,-5368,,300000
knapsack,spanner,30,3,penalty,poa,30,300000,-5376,True,24,-5368,,300000
knapsack,spanner,30,3,penalty,poa,30,300000,-5376,True,25,-5368,,300000
knapsack,spanner,30,3,penalty,poa,30,300000,-5376,True,26,-5368,,300000
knapsack,spanner,30,3,penalty,poa,30,300000,-5376,True,27,-5368,,300000
knapsack,spanner,30,3,penalty,poa,30,300000,-5376,True,28,-5368,,300000
knapsack,spanner,30,3,penalty,poa,30,300000,-5376,True,29,-5376,249296,249296
knapsack,spanner,30,3,penalty,poa,30,300000,-5376,True,30,-5368,,300000
knapsack,strongly,120,4,penalty,poa,120,1200000,-38168,True,0,-36932,,1200000
knapsack,strongly,120,4,penalty,poa,120,1200000,-38168,True,1,-36912,,1200000
knapsack,strongly,120,4,penalty,poa,120,1200000,-38168,True,2,-36899,,1200000
knapsack,strongly,120,4,penalty,poa,120,1200000,-38168,True,3,-36753,,1200000
knapsack,strongly,120,4,penalty,poa,120,1200000,-38168,True,4,-36734,,1200000
knapsack,strongly,120,4,penalty,poa,120,1200000,-38168,True,5,-36730,,1200000
knapsack,strongly,120,4,penalty,poa,120,1200000,-38168,True,6,-37058,,1200000
knapsack,strongly,120,4,penalty,poa,120,1200000,-38168,True,7,-36914,,1200000
knapsack,strongly,120,4,penalty,poa,120,1200000,-38168,True,8,-36766,,1200000
knapsack,strongly,120,4,penalty,poa,120,1200000,-38168,True,9,-37023,,1200000
knapsack,strongly,120,4,penalty,poa,120,1200000,-38168,True,10,-36760,,1200000
knapsack,strongly,120,4,penalty,poa,120,1200000,-38168,True,11,-36927,,1200000
knapsack,strongly,120,4,penalty,poa,120,1200000,-38168,True,12,-36770,,1200000
knapsack,strongly,120,4,penalty,poa,120,1200000,-38168,True,13,-36818,,1200000
knapsack,strongly,120,4,penalty,poa,120,1200000,-38168,True,14,-36755,,1200000
knapsack,strongly,120,4,penalty,poa,120,1200000,-38168,True,15,-36838,,1200000
knapsack,strongly,120,4,penalty,poa,120,1200000,-38168,True,16,-36898,,1200000
knapsack,strongly,120,4,penalty,poa,120,1200000,-38168,True,17,-36758,,1200000
knapsack,strongly,120,4,penalty,poa,120,1200000,-38168,True,18,-36859,,1200000
knapsack,strongly,120,4,penalty,poa,120,1200000,-38168,True,19,-36665,,1200000
knapsack,strongly,120,4,penalty,poa,120,1200000,-38168,True,20,-36760,,1200000
knapsack,strongly,120,4,penalty,poa,120,1200000,-38168,True,21,-36714,,1200000
knapsack,strongly,120,4,penalty,poa,120,1200000,-38168,True,22,-36965,,1200000
knapsack,strongly,120,4,penalty,poa,120,1200000,-38168,True,23,-36957,,1200000
knapsack,strongly,120,4,penalty,poa,120,1200000,-38168,True,24,-36967,,1200000
knapsack,strongly,120,4,penalty,poa,120,1200000,-38168,True,25,-36862,,1200000
knapsack,strongly,120,4,penalty,poa,120,1200000,-38168,True,26,-36766,,1200000
knapsack,strongly,120,4,penalty,poa,120,1200000,-38168,True,27,-36862,,1200000
knapsack,strongly,120,4,penalty,poa,120,1200000,-38168,True,28,-37041,,1200000
knapsack,strongly,120,4,penalty,poa,120,1200000,-38168,True,29,-36813,,1200000
knapsack,strongly,120,4,penalty,poa,120,1200000,-38168,True,30,-36865,,1200000
knapsack,spanner,50,0,penalty,mpoa,50,500000,-8083,True,0,-8075,,500000
knapsack,spanner,50,0,penalty,mpoa,50,500000,-8083,True,1,-8048,,500000
knapsack,spanner,50,0,penalty,mpoa,50,500000,-8083,True,2,-8075,,500000
knapsack,spanner,50,0,penalty,mpoa,50,500000,-8083,True,3,-8075,,500000
knapsack,spanner,50,0,penalty,mpoa,50,500000,-8083,True,4,-8044,,500000
knapsack,spanner,50,0,penalty,mpoa,50,500000,-8083,True,5,-8075,,500000
knapsack,spanner,50,0,penalty,mpoa,50,500000,-8083,True,6,-8048,,500000
knapsack,spanner,50,0,penalty,mpoa,50,500000,-8083,True,7,-8079,,500000
knapsack,spanner,50,0,penalty,mpoa,50,500000,-8083,True,8,-8044,,500000
knapsack,spanner,50,0,penalty,mpoa,50,500000,-8083,True,9,-8052,,500000
knapsack,spanner,50,0,penalty,mpoa,50,500000,-8083,True,10,-8075,,500000
knapsack,spanner,50,0,penalty,mpoa,50,500000,-8083,True,11,-8079,,500000
knapsack,spanner,50,0,penalty,mpoa,50,500000,-8083,True,12,-8044,,500000
knapsack,spanner,50,0,penalty,mpoa,50,500000,-8083,True,13,-8044,,500000
knapsack,spanner,50,0,penalty,mpoa,50,500000,-8083,True,14,-8075,,500000
knapsack,spanner,50,0,penalty,mpoa,50,500000,-8083,True,15,-8083,231267,231267
knapsack,spanner,50,0,penalty,mpoa,50,500000,-8083,True,16,-8079,,500000
knapsack,spanner,50,0,penalty,mpoa,50,500000,-8083,True,17,-8079,,500000
knapsack,spanner,50,0,penalty,mpoa,50,500000,-8083,True,18,-8079,,500000
knapsack,spanner,50,0,penalty,mpoa,50,500000,-8083,True,19,-8017,,500000
knapsack,spanner,50,0,penalty,mpoa,50,500000,-8083,True,20,-8044,,500000
knapsack,spanner,50,0,penalty,mpoa,50,500000,-8083,True,21,-8079,,500000
knapsack,spanner,50,0,penalty,mpoa,50,500000,-8083,True,22,-8052,,500000
knapsack,spanner,50,0,penalty,mpoa,50,500000,-8083,True,23,-8075,,500000
knapsack,spanner,50,0,penalty,mpoa,50,500000,-8083,True,24,-8079,,500000
knapsack,spanner,50,0,penalty,mpoa,50,500000,-8083,True,25,-8075,,500000
knapsack,spanner,50,0,penalty,mpoa,50,500000,-8083,True,26,-8075,,500000
knapsack,spanner,50,0,penalty,mpoa,50,500000,-8083,True,27,-8013,,500000
knapsack,spanner,50,0,penalty,mpoa,50,500000,-8083,True,28,-8048,,500000
knapsack,spanner,50,0,penalty,mpoa,50,500000,-8083,True,29,-8079,,500000
knapsack,spanner,50,0,penalty,mpoa,50,500000,-8083,True,30,-8075,,500000
knapsack,mstr,80,0,penalty,poa,80,800000,-33272,True,0,-31692,,800000
knapsack,mstr,80,0,penalty,poa,80,800000,-33272,True,1,-31819,,800000
knapsack,mstr,80,0,penalty,poa,80,800000,-33272,True,2,-31657,,800000
knapsack,mstr,80,0,penalty,poa,80,800000,-33272,True,3,-31771,,800000
knapsack,mstr,80,0,penalty,poa,80,800000,-33272,True,4,-31783,,800000
knapsack,mstr,80,0,penalty,poa,80,800000,-33272,True,5,-32039,,800000
knapsack,mstr,80,0,penalty,poa,80,800000,-33272,True,6,-31714,,800000
knapsack,mstr,80,0,penalty,poa,80,800000,-33272,True,7,-31840,,800000
knapsack,mstr,80,0,penalty,poa,80,800000,-33272,True,8,-31652,,800000
knapsack,mstr,80,0,penalty,poa,80,800000,-33272,True,9,-31750,,800000
knapsack,mstr,80,0,penalty,poa,80,800000,-33272,True,10,-31702,,800000
knapsack,mstr,80,0,penalty,poa,80,800000,-33272,True,11,-32233,,800000
knapsack,mstr,80,0,penalty,poa,80,800000,-33272,True,12,-31872,,800000
knapsack,mstr,80,0,penalty,poa,80,800000,-33272,True,13,-31969,,800000
knapsack,mstr,80,0,penalty,poa,80,800000,-33272,True,14,-31762,,800000
knapsack,mstr,80,0,penalty,poa,80,800000,-33272,True,15,-31654,,800000
knapsack,mstr,80,0,penalty,poa,80,800000,-33272,True,16,-31744,,800000
knapsack,mstr,80,0,penalty,poa,80,800000,-33272,True,17,-31597,,800000
knapsack,mstr,80,0,penalty,poa,80,800000,-33272,True,18,-31763,,800000
knapsack,mstr,80,0,penalty,poa,80,800000,-33272,True,19,-31591,,800000
knapsack,mstr,80,0,penalty,poa,80,800000,-33272,True,20,-31837,,800000
knapsack,mstr,80,0,penalty,poa,80,800000,-33272,True,21,-31768,,800000
knapsack,mstr,80,0,penalty,poa,80,800000,-33272,True,22,-31664,,800000
knapsack,mstr,80,0,penalty,poa,80,800000,-33272,True,23,-31823,,800000
knapsack,mstr,80,0,penalty,poa,80,800000,-33272,True,24,-31769,,800000
knapsack,mstr,80,0,penalty,poa,80,800000,-33272,True,25,-31879,,800000
knapsack,mstr,80,0,penalty,poa,80,800000,-33272,True,26,-31672,,800000
knapsack,mstr,80,0,penalty,poa,80,800000,-33272,True,27,-31842,,800000
knapsack,mstr,80,0,penalty,poa,80,800000,-33272,True,28,-31757,,800000
knapsack,mstr,80,0,penalty,poa,80,800000,-33272,True,29,-32070,,800000
knapsack,mstr,80,0,penalty,poa,80,800000,-33272,True,30,-31767,,800000
knapsack,spanner,50,1,penalty,mpoa,50,500000,-7926,True,0,-7817,,500000
knapsack,spanner,50,1,penalty,mpoa,50,500000,-7926,True,1,-7817,,500000
knapsack,spanner,50,1,penalty,mpoa,50,500000,-7926,True,2,-7864,,500000
knapsack,spanner,50,1,penalty,mpoa,50,500000,-7926,True,3,-7832,,500000
knapsack,spanner,50,1,penalty,mpoa,50,500000,-7926,True,4,-7863,,500000
knapsack,spanner,50,1,penalty,mpoa,50,500000,-7926,True,5,-7817,,500000
knapsack,spanner,50,1,penalty,mpoa,50,500000,-7926,True,6,-7832,,500000
knapsack,spanner,50,1,penalty,mpoa,50,500000,-7926,True,7,-7864,,500000
knapsack,spanner,50,1,penalty,mpoa,50,500000,-7926,True,8,-7863,,500000
knapsack,spanner,50,1,penalty,mpoa,50,500000,-7926,True,9,-7864,,500000
knapsack,spanner,50,1,penalty,mpoa,50,500000,-7926,True,10,-7801,,500000
knapsack,spanner,50,1,penalty,mpoa,50,500000,-7926,True,11,-7832,,500000
knapsack,spanner,50,1,penalty,mpoa,50,500000,-7926,True,12,-7848,,500000
knapsack,spanner,50,1,penalty,mpoa,50,500000,-7926,True,13,-7864,,500000
knapsack,spanner,50,1,penalty,mpoa,50,500000,-7926,True,14,-7864,,500000
knapsack,spanner,50,1,penalty,mpoa,50,500000,-7926,True,15,-7848,,500000
knapsack,spanner,50,1,penalty,mpoa,50,500000,-7926,True,16,-7831,,500000
knapsack,spanner,50,1,penalty,mpoa,50,500000,-7926,True,17,-7879,,500000
knapsack,spanner,50,1,penalty,mpoa,50,500000,-7926,True,18,-7817,,500000
knapsack,spanner,50,1,penalty,mpoa,50,500000,-7926,True,19,-7816,,500000
knapsack,spanner,50,1,penalty,mpoa,50,500000,-7926,True,20,-7817,,500000
knapsack,spanner,50,1,penalty,mpoa,50,500000,-7926,True,21,-7817,,500000
knapsack,spanner,50,1,penalty,mpoa,50,500000,-7926,True,22,-7817,,500000
knapsack,spanner,50,1,penalty,mpoa,50,500000,-7926,True,23,-7832,,500000
knapsack,spanner,50,1,penalty,mpoa,50,500000,-7926,True,24,-7848,,500000
knapsack,spanner,50,1,penalty,mpoa,50,500000,-7926,True,25,-7817,,500000
knapsack,spanner,50,1,penalty,mpoa,50,500000,-7926,True,26,-7848,,500000
knapsack,spanner,50,1,penalty,mpoa,50,500000,-7926,True,27,-7864,,500000
knapsack,spanner,50,1,penalty,mpoa,50,500000,-7926,True,28,-7831,,500000
knapsack,spanner,50,1,penalty,mpoa,50,500000,-7926,True,29,-7832,,500000
knapsack,spanner,50,1,penalty,mpoa,50,500000,-7926,True,30,-7832,,500000
knapsack,mstr,80,1,penalty,poa,80,800000,-32076,True,0,-30639,,800000
knapsack,mstr,80,1,penalty,poa,80,800000,-32076,True,1,-30492,,800000
knapsack,mstr,80,1,penalty,poa,80,800000,-32076,True,2,-30448,,800000
knapsack,mstr,80,1,penalty,poa,80,800000,-32076,True,3,-30617,,800000
knapsack,mstr,80,1,penalty,poa,80,800000,-32076,True,4,-30457,,800000
knapsack,mstr,80,1,penalty,poa,80,800000,-32076,True,5,-30569,,800000
knapsack,mstr,80,1,penalty,poa,80,800000,-32076,True,6,-30556,,800000
knapsack,mstr,80,1,penalty,poa,80,800000,-32076,True,7,-30546,,800000
knapsack,mstr,80,1,penalty,poa,80,800000,-32076,True,8,-30669,,800000
knapsack,mstr,80,1,penalty,poa,80,800000,-32076,True,9,-30456,,800000
knapsack,mstr,80,1,penalty,poa,80,800000,-32076,True,10,-30535,,800000
knapsack,mstr,80,1,penalty,poa,80,800000,-32076,True,11,-31075,,800000
knapsack,mstr,80,1,penalty,poa,80,800000,-32076,True,12,-30558,,800000
knapsack,mstr,80,1,penalty,poa,80,800000,-32076,True,13,-30583,,800000
knapsack,mstr,80,1,penalty,poa,80,800000,-32076,True,14,-30552,,800000
knapsack,mstr,80,1,penalty,poa,80,800000,-32076,True,15,-30519,,800000
knapsack,mstr,80,1,penalty,poa,80,800000,-32076,True,16,-30717,,800000
knapsack,mstr,80,1,penalty,poa,80,800000,-32076,True,17,-30645,,800000
knapsack,mstr,80,1,penalty,poa,80,800000,-32076,True,18,-30650,,800000
knapsack,mstr,80,1,penalty,poa,80,800000,-32076,True,19,-30755,,800000
knapsack,mstr,80,1,penalty,poa,80,800000,-32076,True,20,-30475,,800000
knapsack,mstr,80,1,penalty,poa,80,800000,-32076,True,21,-30529,,800000
knapsack,mstr,80,1,penalty,poa,80,800000,-32076,True,22,-30439,,800000
knapsack,mstr,80,1,penalty,poa,80,800000,-32076,True,23,-30728,,800000
knapsack,mstr,80,1,penalty,poa,80,800000,-32076,True,24,-30501,,800000
knapsack,mstr,80,1,penalty,poa,80,800000,-32076,True,25,-30345,,800000
knapsack,mstr,80,1,penalty,poa,80,800000,-32076,True,26,-30354,,800000
knapsack,mstr,80,1,penalty,poa,80,800000,-32076,True,27,-30571,,800000
knapsack,mstr,80,1,penalty,poa,80,800000,-32076,True,28,-30325,,800000
knapsack,mstr,80,1,penalty,poa,80,800000,-32076,True,29,-30428,,800000
knapsack,mstr,80,1,penalty,poa,80,800000,-32076,True,30,-30528,,800000
knapsack,spanner,50,2,penalty,mpoa,50,500000,-12208,True,0,-12176,,500000
knapsack,spanner,50,2,penalty,mpoa,50,500000,-12208,True,1,-12153,,500000
knapsack,spanner,50,2,penalty,mpoa,50,500000,-12208,True,2,-12153,,500000
knapsack,spanner,50,2,penalty,mpoa,50,500000,-12208,True,3,-12176,,500000
knapsack,spanner,50,2,penalty,mpoa,50,500000,-12208,True,4,-12176,,500000
knapsack,spanner,50,2,penalty,mpoa,50,500000,-12208,True,5,-12153,,500000
knapsack,spanner,50,2,penalty,mpoa,50,500000,-12208,True,6,-12153,,500000
knapsack,spanner,50,2,penalty,mpoa,50,500000,-12208,True,7,-12176,,500000
knapsack,spanner,50,2,penalty,mpoa,50,500000,-12208,True,8,-12176,,500000
knapsack,spanner,50,2,penalty,mpoa,50,500000,-12208,True,9,-12153,,500000
knapsack,spanner,50,2,penalty,mpoa,50,500000,-12208,True,10,-12176,,500000
knapsack,spanner,50,2,penalty,mpoa,50,500000,-12208,True,11,-12176,,500000
knapsack,spanner,50,2,penalty,mpoa,50,500000,-12208,True,12,-12176,,500000
knapsack,spanner,50,2,penalty,mpoa,50,500000,-12208,True,13,-12176,,500000
knapsack,spanner,50,2,penalty,mpoa,50,500000,-12208,True,14,-12176,,500000
knapsack,spanner,50,2,penalty,mpoa,50,500000,-12208,True,15,-12176,,500000
knapsack,spanner,50,2,penalty,mpoa,50,500000,-12208,True,16,-12145,,500000
knapsack,spanner,50,2,penalty,mpoa,50,500000,-12208,True,17,-12176,,500000
knapsack,spanner,50,2,penalty,mpoa,50,500000,-12208,True,18,-12184,,500000
knapsack,spanner,50,2,penalty,mpoa,50,500000,-12208,True,19,-12145,,500000
knapsack,spanner,50,2,penalty,mpoa,50,500000,-12208,True,20,-12161,,500000
knapsack,spanner,50,2,penalty,mpoa,50,500000,-12208,True,21,-12145,,500000
knapsack,spanner,50,2,penalty,mpoa,50,500000,-12208,True,22,-12153,,500000
knapsack,spanner,50,2,penalty,mpoa,50,500000,-12208,True,23,-12145,,500000
knapsack,spanner,50,2,penalty,mpoa,50,500000,-12208,True,24,-12176,,500000
knapsack,spanner,50,2,penalty,mpoa,50,500000,-12208,True,25,-12145,,500000
knapsack,spanner,50,2,penalty,mpoa,50,500000,-12208,True,26,-12153,,500000
knapsack,spanner,50,2,penalty,mpoa,50,500000,-12208,True,27,-12184,,500000
knapsack,spanner,50,2,penalty,mpoa,50,500000,-12208,True,28,-12153,,500000
knapsack,spanner,50,2,penalty,mpoa,50,500000,-12208,True,29,-12176,,500000
knapsack,spanner,50,2,penalty,mpoa,50,500000,-12208,True,30,-12161,,500000
knapsack,spanner,50,3,penalty,mpoa,50,500000,-11475,True,0,-11376,,500000
knapsack,spanner,50,3,penalty,mpoa,50,500000,-11475,True,1,-11394,,500000
knapsack,spanner,50,3,penalty,mpoa,50,500000,-11475,True,2,-11412,,500000
knapsack,spanner,50,3,penalty,mpoa,50,500000,-11475,True,3,-11376,,500000
knapsack,spanner,50,3,penalty,mpoa,50,500000,-11475,True,4,-11394,,500000
knapsack,spanner,50,3,penalty,mpoa,50,500000,-11475,True,5,-11376,,500000
knapsack,spanner,50,3,penalty,mpoa,50,500000,-11475,True,6,-11376,,500000
knapsack,spanner,50,3,penalty,mpoa,50,500000,-11475,True,7,-11412,,500000
knapsack,spanner,50,3,penalty,mpoa,50,500000,-11475,True,8,-11394,,500000
knapsack,spanner,50,3,penalty,mpoa,50,500000,-11475,True,9,-11376,,500000
knapsack,spanner,50,3,penalty,mpoa,50,500000,-11475,True,10,-11394,,500000
knapsack,spanner,50,3,penalty,mpoa,50,500000,-11475,True,11,-11376,,500000
knapsack,spanner,50,3,penalty,mpoa,50,500000,-11475,True,12,-11394,,500000
knapsack,spanner,50,3,penalty,mpoa,50,500000,-11475,True,13,-11394,,500000
knapsack,spanner,50,3,penalty,mpoa,50,500000,-11475,True,14,-11394,,500000
knapsack,spanner,50,3,penalty,mpoa,50,500000,-11475,True,15,-11376,,500000
knapsack,spanner,50,3,penalty,mpoa,50,500000,-11475,True,16,-11394,,500000
knapsack,spanner,50,3,penalty,mpoa,50,500000,-11475,True,17,-11394,,500000
knapsack,spanner,50,3,penalty,mpoa,50,500000,-11475,True,18,-11376,,500000
knapsack,spanner,50,3,penalty,mpoa,50,500000,-11475,True,19,-11376,,500000
knapsack,spanner,50,3,penalty,mpoa,50,500000,-11475,True,20,-11376,,500000
knapsack,spanner,50,3,penalty,mpoa,50,500000,-11475,True,21,-11376,,500000
knapsack,spanner,50,3,penalty,mpoa,50,500000,-11475,True,22,-11394,,500000
knapsack,spanner,50,3,penalty,mpoa,50,500000,-11475,True,23,-11403,,500000
knapsack,spanner,50,3,penalty,mpoa,50,500000,-11475,True,24,-11376,,500000
knapsack,spanner,50,3,penalty,mpoa,50,500000,-11475,True,25,-11394,,500000
knapsack,spanner,50,3,penalty,mpoa,50,500000,-11475,True,26,-11376,,500000
knapsack,spanner,50,3,penalty,mpoa,50,500000,-11475,True,27,-11394,,500000
knapsack,spanner,50,3,penalty,mpoa,50,500000,-11475,True,28,-11394,,500000
knapsack,spanner,50,3,penalty,mpoa,50,500000,-11475,True,29,-11376,,500000
knapsack,spanner,50,3,penalty,mpoa,50,500000,-11475,True,30,-11367,,500000
knapsack,spanner,50,4,penalty,mpoa,50,500000,-7010,True,0,-6828,,500000
knapsack,spanner,50,4,penalty,mpoa,50,500000,-7010,True,1,-6938,,500000
knapsack,spanner,50,4,penalty,mpoa,50,500000,-7010,True,2,-6902,,500000
knapsack,spanner,50,4,penalty,mpoa,50,500000,-7010,True,3,-6900,,500000
knapsack,spanner,50,4,penalty,mpoa,50,500000,-7010,True,4,-6866,,500000
knapsack,spanner,50,4,penalty,mpoa,50,500000,-7010,True,5,-6902,,500000
knapsack,spanner,50,4,penalty,mpoa,50,500000,-7010,True,6,-6866,,500000
knapsack,spanner,50,4,penalty,mpoa,50,500000,-7010,True,7,-6900,,500000
knapsack,spanner,50,4,penalty,mpoa,50,500000,-7010,True,8,-6940,,500000
knapsack,spanner,50,4,penalty,mpoa,50,500000,-7010,True,9,-6940,,500000
knapsack,spanner,50,4,penalty,mpoa,50,500000,-7010,True,10,-6902,,500000
knapsack,spanner,50,4,penalty,mpoa,50,500000,-7010,True,11,-6902,,500000
knapsack,spanner,50,4,penalty,mpoa,50,500000,-7010,True,12,-6902,,500000
knapsack,spanner,50,4,penalty,mpoa,50,500000,-7010,True,13,-6864,,500000
knapsack,spanner,50,4,penalty,mpoa,50,500000,-7010,True,14,-6906,,500000
knapsack,spanner,50,4,penalty,mpoa,50,500000,-7010,True,15,-6906,,500000
knapsack,spanner,50,4,penalty,mpoa,50,500000,-7010,True,16,-6900,,500000
knapsack,spanner,50,4,penalty,mpoa,50,500000,-7010,True,17,-6904,,500000
knapsack,spanner,50,4,penalty,mpoa,50,500000,-7010,True,18,-6864,,500000
knapsack,spanner,50,4,penalty,mpoa,50,500000,-7010,True,19,-6864,,500000
knapsack,spanner,50,4,penalty,mpoa,50,500000,-7010,True,20,-6940,,500000
knapsack,spanner,50,4,penalty,mpoa,50,500000,-7010,True,21,-6900,,500000
knapsack,spanner,50,4,penalty,mpoa,50,500000,-7010,True,22,-6910,,500000
knapsack,spanner,50,4,penalty,mpoa,50,500000,-7010,True,23,-6904,,500000
knapsack,spanner,50,4,penalty,mpoa,50,500000,-7010,True,24,-6902,,500000
knapsack,spanner,50,4,penalty,mpoa,50,500000,-7010,True,25,-6864,,500000
knapsack,spanner,50,4,penalty,mpoa,50,500000,-7010,True,26,-6866,,500000
knapsack,spanner,50,4,penalty,mpoa,50,500000,-7010,True,27,-6864,,500000
knapsack,spanner,50,4,penalty,mpoa,50,500000,-7010,True,28,-6866,,500000
knapsack,spanner,50,4,penalty,mpoa,50,500000,-7010,True,29,-6902,,500000
knapsack,spanner,50,4,penalty,mpoa,50,500000,-7010,True,30,-6904,,500000
knapsack,spanner,50,0,penalty,poa,50,500000,-8083,True,0,-8048,,500000
knapsack,spanner,50,0,penalty,poa,50,500000,-8083,True,1,-8075,,500000
knapsack,spanner,50,0,penalty,poa,50,500000,-8083,True,2,-8044,,500000
knapsack,spanner,50,0,penalty,poa,50,500000,-8083,True,3,-8075,,500000
knapsack,spanner,50,0,penalty,poa,50,500000,-8083,True,4,-8052,,500000
knapsack,spanner,50,0,penalty,poa,50,500000,-8083,True,5,-8075,,500000
knapsack,spanner,50,0,penalty,poa,50,500000,-8083,True,6,-8075,,500000
knapsack,spanner,50,0,penalty,poa,50,500000,-8083,True,7,-8052,,500000
knapsack,spanner,50,0,penalty,poa,50,500000,-8083,True,8,-8075,,500000
knapsack,spanner,50,0,penalty,poa,50,500000,-8083,True,9,-8044,,500000
knapsack,spanner,50,0,penalty,poa,50,500000,-8083,True,10,-8079,,500000
knapsack,spanner,50,0,penalty,poa,50,500000,-8083,True,11,-8083,218479,218479
knapsack,spanner,50,0,penalty,poa,50,500000,-8083,True,12,-8048,,500000
knapsack,spanner,50,0,penalty,poa,50,500000,-8083,True,13,-8075,,500000
knapsack,spanner,50,0,penalty,poa,50,500000,-8083,True,14,-8079,,500000
knapsack,spanner,50,0,penalty,poa,50,500000,-8083,True,15,-8075,,500000
knapsack,spanner,50,0,penalty,poa,50,500000,-8083,True,16,-8044,,500000
knapsack,spanner,50,0,penalty,poa,50,500000,-8083,True,17,-8044,,500000
knapsack,spanner,50,0,penalty,poa,50,500000,-8083,True,18,-8079,,500000
knapsack,spanner,50,0,penalty,poa,50,500000,-8083,True,19,-8044,,500000
knapsack,spanner,50,0,penalty,poa,50,500000,-8083,True,20,-8052,,500000
knapsack,spanner,50,0,penalty,poa,50,500000,-8083,True,21,-8048,,500000
knapsack,spanner,50,0,penalty,poa,50,500000,-8083,True,22,-8075,,500000
knapsack,spanner,50,0,penalty,poa,50,500000,-8083,True,23,-8075,,500000
knapsack,spanner,50,0,penalty,poa,50,500000,-8083,True,24,-8075,,500000
knapsack,spanner,50,0,penalty,poa,50,500000,-8083,True,25,-8075,,500000
knapsack,spanner,50,0,penalty,poa,50,500000,-8083,True,26,-8048,,500000
knapsack,spanner,50,0,penalty,poa,50,500000,-8083,True,27,-8075,,500000
knapsack,spanner,50,0,penalty,poa,50,500000,-8083,True,28,-8048,,500000
knapsack,spanner,50,0,penalty,poa,50,500000,-8083,True,29,-8079,,500000
knapsack,spanner,50,0,penalty,poa,50,500000,-8083,True,30,-8048,,500000
knapsack,spanner,50,1,penalty,poa,50,500000,-7926,True,0,-7864,,500000
knapsack,spanner,50,1,penalty,poa,50,500000,-7926,True,1,-7848,,500000
knapsack,spanner,50,1,penalty,poa,50,500000,-7926,True,2,-7864,,500000
knapsack,spanner,50,1,penalty,poa,50,500000,-7926,True,3,-7832,,500000
knapsack,spanner,50,1,penalty,poa,50,500000,-7926,True,4,-7864,,500000
knapsack,spanner,50,1,penalty,poa,50,500000,-7926,True,5,-7816,,500000
knapsack,spanner,50,1,penalty,poa,50,500000,-7926,True,6,-7817,,500000
knapsack,spanner,50,1,penalty,poa,50,500000,-7926,True,7,-7848,,500000
knapsack,spanner,50,1,penalty,poa,50,500000,-7926,True,8,-7832,,500000
knapsack,spanner,50,1,penalty,poa,50,500000,-7926,True,9,-7864,,500000
knapsack,spanner,50,1,penalty,poa,50,500000,-7926,True,10,-7848,,500000
knapsack,spanner,50,1,penalty,poa,50,500000,-7926,True,11,-7848,,500000
knapsack,spanner,50,1,penalty,poa,50,500000,-7926,True,12,-7848,,500000
knapsack,spanner,50,1,penalty,poa,50,500000,-7926,True,13,-7864,,500000
knapsack,spanner,50,1,penalty,poa,50,500000,-7926,True,14,-7864,,500000
knapsack,spanner,50,1,penalty,poa,50,500000,-7926,True,15,-7848,,500000
knapsack,spanner,50,1,penalty,poa,50,500000,-7926,True,16,-7831,,500000
knapsack,spanner,50,1,penalty,poa,50,500000,-7926,True,17,-7864,,500000
knapsack,spanner,50,1,penalty,poa,50,500000,-7926,True,18,-7817,,500000
knapsack,spanner,50,1,penalty,poa,50,500000,-7926,True,19,-7817,,500000
knapsack,spanner,50,1,penalty,poa,50,500000,-7926,True,20,-7848,,500000
knapsack,spanner,50,1,penalty,poa,50,500000,-7926,True,21,-7848,,500000
knapsack,spanner,50,1,penalty,poa,50,500000,-7926,True,22,-7817,,500000
knapsack,spanner,50,1,penalty,poa,50,500000,-7926,True,23,-7848,,500000
knapsack,spanner,50,1,penalty,poa,50,500000,-7926,True,24,-7848,,500000
knapsack,spanner,50,1,penalty,poa,50,500000,-7926,True,25,-7832,,500000
knapsack,spanner,50,1,penalty,poa,50,500000,-7926,True,26,-7832,,500000
knapsack,spanner,50,1,penalty,poa,50,500000,-7926,True,27,-7864,,500000
knapsack,spanner,50,1,penalty,poa,50,500000,-7926,True,28,-7864,,500000
knapsack,spanner,50,1,penalty,poa,50,500000,-7926,True,29,-7848,,500000
knapsack,spanner,50,1,penalty,poa,50,500000,-7926,True,30,-7864,,500000
knapsack,mstr,80,2,penalty,poa,80,800000,-32085,True,0,-30553,,800000
knapsack,mstr,80,2,penalty,poa,80,800000,-32085,True,1,-30572,,800000
knapsack,mstr,80,2,penalty,poa,80,800000,-32085,True,2,-30564,,800000
knapsack,mstr,80,2,penalty,poa,80,800000,-32085,True,3,-30771,,800000
knapsack,mstr,80,2,penalty,poa,80,800000,-32085,True,4,-30998,,800000
knapsack,mstr,80,2,penalty,poa,80,800000,-32085,True,5,-30677,,800000
knapsack,mstr,80,2,penalty,poa,80,800000,-32085,True,6,-30637,,800000
knapsack,mstr,80,2,penalty,poa,80,800000,-32085,True,7,-30525,,800000
knapsack,mstr,80,2,penalty,poa,80,800000,-32085,True,8,-30276,,800000
knapsack,mstr,80,2,penalty,poa,80,800000,-32085,True,9,-30169,,800000
knapsack,mstr,80,2,penalty,poa,80,800000,-32085,True,10,-30476,,800000
knapsack,mstr,80,2,penalty,poa,80,800000,-32085,True,11,-31142,,800000
knapsack,mstr,80,2,penalty,poa,80,800000,-32085,True,12,-30755,,800000
knapsack,mstr,80,2,penalty,poa,80,800000,-32085,True,13,-30550,,800000
knapsack,mstr,80,2,penalty,poa,80,800000,-32085,True,14,-30567,,800000
knapsack,mstr,80,2,penalty,poa,80,800000,-32085,True,15,-30620,,800000
knapsack,mstr,80,2,penalty,poa,80,800000,-32085,True,16,-30646,,800000
knapsack,mstr,80,2,penalty,poa,80,800000,-32085,True,17,-30334,,800000
knapsack,mstr,80,2,penalty,poa,80,800000,-32085,True,18,-30482,,800000
knapsack,mstr,80,2,penalty,poa,80,800000,-32085,True,19,-31132,,800000
knapsack,mstr,80,2,penalty,poa,80,800000,-32085,True,20,-30661,,800000
knapsack,mstr,80,2,penalty,poa,80,800000,-32085,True,21,-30475,,800000
knapsack,mstr,80,2,penalty,poa,80,800000,-32085,True,22,-30833,,800000
knapsack,mstr,80,2,penalty,poa,80,800000,-32085,True,23,-30598,,800000
knapsack,mstr,80,2,penalty,poa,80,800000,-32085,True,24,-30608,,800000
knapsack,mstr,80,2,penalty,poa,80,800000,-32085,True,25,-30538,,800000
knapsack,mstr,80,2,penalty,poa,80,800000,-32085,True,26,-30356,,800000
knapsack,mstr,80,2,penalty,poa,80,800000,-32085,True,27,-30479,,800000
knapsack,mstr,80,2,penalty,poa,80,800000,-32085,True,28,-30481,,800000
knapsack,mstr,80,2,penalty,poa,80,800000,-32085,True,29,-30742,,800000
knapsack,mstr,80,2,penalty,poa,80,800000,-32085,True,30,-30618,,800000
knapsack,spanner,50,2,penalty,poa,50,500000,-12208,True,0,-12176,,500000
knapsack,spanner,50,2,penalty,poa,50,500000,-12208,True,1,-12176,,500000
knapsack,spanner,50,2,penalty,poa,50,500000,-12208,True,2,-12161,,500000
knapsack,spanner,50,2,penalty,poa,50,500000,-12208,True,3,-12184,,500000
knapsack,spanner,50,2,penalty,poa,50,500000,-12208,True,4,-12176,,500000
knapsack,spanner,50,2,penalty,poa,50,500000,-12208,True,5,-12161,,500000
knapsack,spanner,50,2,penalty,poa,50,500000,-12208,True,6,-12153,,500000
knapsack,spanner,50,2,penalty,poa,50,500000,-12208,True,7,-12161,,500000
knapsack,spanner,50,2,penalty,poa,50,500000,-12208,True,8,-12176,,500000
knapsack,spanner,50,2,penalty,poa,50,500000,-12208,True,9,-12176,,500000
knapsack,spanner,50,2,penalty,poa,50,500000,-12208,True,10,-12176,,500000
knapsack,spanner,50,2,penalty,poa,50,500000,-12208,True,11,-12176,,500000
knapsack,spanner,50,2,penalty,poa,50,500000,-12208,True,12,-12176,,500000
knapsack,spanner,50,2,penalty,poa,50,500000,-12208,True,13,-12176,,500000
knapsack,spanner,50,2,penalty,poa,50,500000,-12208,True,14,-12176,,500000
knapsack,spanner,50,2,penalty,poa,50,500000,-12208,True,15,-12184,,500000
knapsack,spanner,50,2,penalty,poa,50,500000,-12208,True,16,-12153,,500000
knapsack,spanner,50,2,penalty,poa,50,500000,-12208,True,17,-12176,,500000
knapsack,spanner,50,2,penalty,poa,50,500000,-12208,True,18,-12176,,500000
knapsack,spanner,50,2,penalty,poa,50,500000,-12208,True,19,-12145,,500000
knapsack,spanner,50,2,penalty,poa,50,500000,-12208,True,20,-12176,,500000
knapsack,spanner,50,2,penalty,poa,50,500000,-12208,True,21,-12153,,500000
knapsack,spanner,50,2,penalty,poa,50,500000,-12208,True,22,-12153,,500000
knapsack,spanner,50,2,penalty,poa,50,500000,-12208,True,23,-12153,,500000
knapsack,spanner,50,2,penalty,poa,50,500000,-12208,True,24,-12176,,500000
knapsack,spanner,50,2,penalty,poa,50,500000,-12208,True,25,-12145,,500000
knapsack,spanner,50,2,penalty,poa,50,500000,-12208,True,26,-12153,,500000
knapsack,spanner,50,2,penalty,poa,50,500000,-12208,True,27,-12176,,500000
knapsack,spanner,50,2,penalty,poa,50,500000,-12208,True,28,-12153,,500000
knapsack,spanner,50,2,penalty,poa,50,500000,-12208,True,29,-12184,,500000
knapsack,spanner,50,2,penalty,poa,50,500000,-12208,True,30,-12161,,500000
knapsack,spanner,50,3,penalty,poa,50,500000,-11475,True,0,-11376,,500000
knapsack,spanner,50,3,penalty,poa,50,500000,-11475,True,1,-11394,,500000
knapsack,spanner,50,3,penalty,poa,50,500000,-11475,True,2,-11394,,500000
knapsack,spanner,50,3,penalty,poa,50,500000,-11475,True,3,-11385,,500000
knapsack,spanner,50,3,penalty,poa,50,500000,-11475,True,4,-11412,,500000
knapsack,spanner,50,3,penalty,poa,50,500000,-11475,True,5,-11394,,500000
knapsack,spanner,50,3,penalty,poa,50,500000,-11475,True,6,-11376,,500000
knapsack,spanner,50,3,penalty,poa,50,500000,-11475,True,7,-11412,,500000
knapsack,spanner,50,3,penalty,poa,50,500000,-11475,True,8,-11385,,500000
knapsack,spanner,50,3,penalty,poa,50,500000,-11475,True,9,-11412,,500000
knapsack,spanner,50,3,penalty,poa,50,500000,-11475,True,10,-11376,,500000
knapsack,spanner,50,3,penalty,poa,50,500000,-11475,True,11,-11349,,500000
knapsack,spanner,50,3,penalty,poa,50,500000,-11475,True,12,-11394,,500000
knapsack,spanner,50,3,penalty,poa,50,500000,-11475,True,13,-11376,,500000
knapsack,spanner,50,3,penalty,poa,50,500000,-11475,True,14,-11394,,500000
knapsack,spanner,50,3,penalty,poa,50,500000,-11475,True,15,-11394,,500000
knapsack,spanner,50,3,penalty,poa,50,500000,-11475,True,16,-11376,,500000
knapsack,spanner,50,3,penalty,poa,50,500000,-11475,True,17,-11412,,500000
knapsack,spanner,50,3,penalty,poa,50,500000,-11475,True,18,-11349,,500000
knapsack,spanner,50,3,penalty,poa,50,500000,-11475,True,19,-11349,,500000
knapsack,spanner,50,3,penalty,poa,50,500000,-11475,True,20,-11376,,500000
knapsack,spanner,50,3,penalty,poa,50,500000,-11475,True,21,-11376,,500000
knapsack,spanner,50,3,penalty,poa,50,500000,-11475,True,22,-11349,,500000
knapsack,spanner,50,3,penalty,poa,50,500000,-11475,True,23,-11394,,500000
knapsack,spanner,50,3,penalty,poa,50,500000,-11475,True,24,-11394,,500000
knapsack,spanner,50,3,penalty,poa,50,500000,-11475,True,25,-11412,,500000
knapsack,spanner,50,3,penalty,poa,50,500000,-11475,True,26,-11376,,500000
knapsack,spanner,50,3,penalty,poa,50,500000,-11475,True,27,-11412,,500000
knapsack,spanner,50,3,penalty,poa,50,500000,-11475,True,28,-11394,,500000
knapsack,spanner,50,3,penalty,poa,50,500000,-11475,True,29,-11430,,500000
knapsack,spanner,50,3,penalty,poa,50,500000,-11475,True,30,-11376,,500000
knapsack,mstr,80,3,penalty,poa,80,800000,-33465,True,0,-32146,,800000
knapsack,mstr,80,3,penalty,poa,80,800000,-33465,True,1,-32088,,800000
knapsack,mstr,80,3,penalty,poa,80,800000,-33465,True,2,-32071,,800000
knapsack,mstr,80,3,penalty,poa,80,800000,-33465,True,3,-31876,,800000
knapsack,mstr,80,3,penalty,poa,80,800000,-33465,True,4,-32029,,800000
knapsack,mstr,80,3,penalty,poa,80,800000,-33465,True,5,-31922,,800000
knapsack,mstr,80,3,penalty,poa,80,800000,-33465,True,6,-32199,,800000
knapsack,mstr,80,3,penalty,poa,80,800000,-33465,True,7,-31870,,800000
knapsack,mstr,80,3,penalty,poa,80,800000,-33465,True,8,-31861,,800000
knapsack,mstr,80,3,penalty,poa,80,800000,-33465,True,9,-32048,,800000
knapsack,mstr,80,3,penalty,poa,80,800000,-33465,True,10,-31938,,800000
knapsack,mstr,80,3,penalty,poa,80,800000,-33465,True,11,-32254,,800000
knapsack,mstr,80,3,penalty,poa,80,800000,-33465,True,12,-31927,,800000
knapsack,mstr,80,3,penalty,poa,80,800000,-33465,True,13,-32011,,800000
knapsack,mstr,80,3,penalty,poa,80,800000,-33465,True,14,-32265,,800000
knapsack,mstr,80,3,penalty,poa,80,800000,-33465,True,15,-31864,,800000
knapsack,mstr,80,3,penalty,poa,80,800000,-33465,True,16,-31963,,800000
knapsack,mstr,80,3,penalty,poa,80,800000,-33465,True,17,-31927,,800000
knapsack,mstr,80,3,penalty,poa,80,800000,-33465,True,18,-31858,,800000
knapsack,mstr,80,3,penalty,poa,80,800000,-33465,True,19,-32082,,800000
knapsack,mstr,80,3,penalty,poa,80,800000,-33465,True,20,-31921,,800000
knapsack,mstr,80,3,penalty,poa,80,800000,-33465,True,21,-32152,,800000
knapsack,mstr,80,3,penalty,poa,80,800000,-33465,True,22,-32049,,800000
knapsack,mstr,80,3,penalty,poa,80,800000,-33465,True,23,-32499,,800000
knapsack,mstr,80,3,penalty,poa,80,800000,-33465,True,24,-32249,,800000
knapsack,mstr,80,3,penalty,poa,80,800000,-33465,True,25,-32493,,800000
knapsack,mstr,80,3,penalty,poa,80,800000,-33465,True,26,-32132,,800000
knapsack,mstr,80,3,penalty,poa,80,800000,-33465,True,27,-32031,,800000
knapsack,mstr,80,3,penalty,poa,80,800000,-33465,True,28,-31752,,800000
knapsack,mstr,80,3,penalty,poa,80,800000,-33465,True,29,-32052,,800000
knapsack,mstr,80,3,penalty,poa,80,800000,-33465,True,30,-32142,,800000
knapsack,spanner,50,4,penalty,poa,50,500000,-7010,True,0,-6866,,500000
knapsack,spanner,50,4,penalty,poa,50,500000,-7010,True,1,-6866,,500000
knapsack,spanner,50,4,penalty,poa,50,500000,-7010,True,2,-6938,,500000
knapsack,spanner,50,4,penalty,poa,50,500000,-7010,True,3,-6866,,500000
knapsack,spanner,50,4,penalty,poa,50,500000,-7010,True,4,-6864,,500000
knapsack,spanner,50,4,penalty,poa,50,500000,-7010,True,5,-6834,,500000
knapsack,spanner,50,4,penalty,poa,50,500000,-7010,True,6,-6866,,500000
knapsack,spanner,50,4,penalty,poa,50,500000,-7010,True,7,-6906,,500000
knapsack,spanner,50,4,penalty,poa,50,500000,-7010,True,8,-6940,,500000
knapsack,spanner,50,4,penalty,poa,50,500000,-7010,True,9,-6876,,500000
knapsack,spanner,50,4,penalty,poa,50,500000,-7010,True,10,-6940,,500000
knapsack,spanner,50,4,penalty,poa,50,500000,-7010,True,11,-6900,,500000
knapsack,spanner,50,4,penalty,poa,50,500000,-7010,True,12,-6908,,500000
knapsack,spanner,50,4,penalty,poa,50,500000,-7010,True,13,-6902,,500000
knapsack,spanner,50,4,penalty,poa,50,500000,-7010,True,14,-6942,,500000
knapsack,spanner,50,4,penalty,poa,50,500000,-7010,True,15,-6902,,500000
knapsack,spanner,50,4,penalty,poa,50,500000,-7010,True,16,-6904,,500000
knapsack,spanner,50,4,penalty,poa,50,500000,-7010,True,17,-6864,,500000
knapsack,spanner,50,4,penalty,poa,50,500000,-7010,True,18,-6864,,500000
knapsack,spanner,50,4,penalty,poa,50,500000,-7010,True,19,-6904,,500000
knapsack,spanner,50,4,penalty,poa,50,500000,-7010,True,20,-6868,,500000
knapsack,spanner,50,4,penalty,poa,50,500000,-7010,True,21,-6866,,500000
knapsack,spanner,50,4,penalty,poa,50,500000,-7010,True,22,-6902,,500000
knapsack,spanner,50,4,penalty,poa,50,500000,-7010,True,23,-6900,,500000
knapsack,spanner,50,4,penalty,poa,50,500000,-7010,True,24,-7010,241701,241701
knapsack,spanner,50,4,penalty,poa,50,500000,-7010,True,25,-6868,,500000
knapsack,spanner,50,4,penalty,poa,50,500000,-7010,True,26,-6904,,500000
knapsack,spanner,50,4,penalty,poa,50,500000,-7010,True,27,-6900,,500000
knapsack,spanner,50,4,penalty,poa,50,500000,-7010,True,28,-6902,,500000
knapsack,spanner,50,4,penalty,poa,50,500000,-7010,True,29,-6904,,500000
knapsack,spanner,50,4,penalty,poa,50,500000,-7010,True,30,-6976,,500000
knapsack,mstr,80,4,penalty,poa,80,800000,-32110,True,0,-30484,,800000
knapsack,mstr,80,4,penalty,poa,80,800000,-32110,True,1,-30494,,800000
knapsack,mstr,80,4,penalty,poa,80,800000,-32110,True,2,-30677,,800000
knapsack,mstr,80,4,penalty,poa,80,800000,-32110,True,3,-30490,,800000
knapsack,mstr,80,4,penalty,poa,80,800000,-32110,True,4,-30514,,800000
knapsack,mstr,80,4,penalty,poa,80,800000,-32110,True,5,-30671,,800000
knapsack,mstr,80,4,penalty,poa,80,800000,-32110,True,6,-30479,,800000
knapsack,mstr,80,4,penalty,poa,80,800000,-32110,True,7,-30507,,800000
knapsack,mstr,80,4,penalty,poa,80,800000,-32110,True,8,-30684,,800000
knapsack,mstr,80,4,penalty,poa,80,800000,-32110,True,9,-30608,,800000
knapsack,mstr,80,4,penalty,poa,80,800000,-32110,True,10,-30576,,800000
knapsack,mstr,80,4,penalty,poa,80,800000,-32110,True,11,-30608,,800000
knapsack,mstr,80,4,penalty,poa,80,800000,-32110,True,12,-30505,,800000
knapsack,mstr,80,4,penalty,poa,80,800000,-32110,True,13,-31016,,800000
knapsack,mstr,80,4,penalty,poa,80,800000,-32110,True,14,-30696,,800000
knapsack,mstr,80,4,penalty,poa,80,800000,-32110,True,15,-30507,,800000
knapsack,mstr,80,4,penalty,poa,80,800000,-32110,True,16,-30682,,800000
knapsack,mstr,80,4,penalty,poa,80,800000,-32110,True,17,-30586,,800000
knapsack,mstr,80,4,penalty,poa,80,800000,-32110,True,18,-30584,,800000
knapsack,mstr,80,4,penalty,poa,80,800000,-32110,True,19,-30896,,800000
knapsack,mstr,80,4,penalty,poa,80,800000,-32110,True,20,-30677,,800000
knapsack,mstr,80,4,penalty,poa,80,800000,-32110,True,21,-30888,,800000
knapsack,mstr,80,4,penalty,poa,80,800000,-32110,True,22,-30743,,800000
knapsack,mstr,80,4,penalty,poa,80,800000,-32110,True,23,-30373,,800000
knapsack,mstr,80,4,penalty,poa,80,800000,-32110,True,24,-30649,,800000
knapsack,mstr,80,4,penalty,poa,80,800000,-32110,True,25,-30643,,800000
knapsack,mstr,80,4,penalty,poa,80,800000,-32110,True,26,-30399,,800000
knapsack,mstr,80,4,penalty,poa,80,800000,-32110,True,27,-30509,,800000
knapsack,mstr,80,4,penalty,poa,80,800000,-32110,True,28,-30468,,800000
knapsack,mstr,80,4,penalty,poa,80,800000,-32110,True,29,-30586,,800000
knapsack,mstr,80,4,penalty,poa,80,800000,-32110,True,30,-30834,,800000
knapsack,mstr,120,0,penalty,mpoa,120,1200000,-47488,True,0,-44981,,1200000
knapsack,mstr,120,0,penalty,mpoa,120,1200000,-47488,True,1,-45166,,1200000
knapsack,mstr,120,0,penalty,mpoa,120,1200000,-47488,True,2,-44581,,1200000
knapsack,mstr,120,0,penalty,mpoa,120,1200000,-47488,True,3,-44482,,1200000
knapsack,mstr,120,0,penalty,mpoa,120,1200000,-47488,True,4,-44466,,1200000
knapsack,mstr,120,0,penalty,mpoa,120,1200000,-47488,True,5,-44787,,1200000
knapsack,mstr,120,0,penalty,mpoa,120,1200000,-47488,True,6,-44685,,1200000
knapsack,mstr,120,0,penalty,mpoa,120,1200000,-47488,True,7,-44939,,1200000
knapsack,mstr,120,0,penalty,mpoa,120,1200000,-47488,True,8,-44732,,1200000
knapsack,mstr,120,0,penalty,mpoa,120,1200000,-47488,True,9,-44862,,1200000
knapsack,mstr,120,0,penalty,mpoa,120,1200000,-47488,True,10,-45065,,1200000
knapsack,mstr,120,0,penalty,mpoa,120,1200000,-47488,True,11,-44685,,1200000
knapsack,mstr,120,0,penalty,mpoa,120,1200000,-47488,True,12,-44826,,1200000
knapsack,mstr,120,0,penalty,mpoa,120,1200000,-47488,True,13,-44577,,1200000
knapsack,mstr,120,0,penalty,mpoa,120,1200000,-47488,True,14,-44460,,1200000
knapsack,mstr,120,0,penalty,mpoa,120,1200000,-47488,True,15,-44648,,1200000
knapsack,mstr,120,0,penalty,mpoa,120,1200000,-47488,True,16,-44573,,1200000
knapsack,mstr,120,0,penalty,mpoa,120,1200000,-47488,True,17,-44885,,1200000
knapsack,mstr,120,0,penalty,mpoa,120,1200000,-47488,True,18,-44280,,1200000
knapsack,mstr,120,0,penalty,mpoa,120,1200000,-47488,True,19,-44451,,1200000
knapsack,mstr,120,0,penalty,mpoa,120,1200000,-47488,True,20,-44683,,1200000
knapsack,mstr,120,0,penalty,mpoa,120,1200000,-47488,True,21,-44552,,1200000
knapsack,mstr,120,0,penalty,mpoa,120,1200000,-47488,True,22,-44728,,1200000
knapsack,mstr,120,0,penalty,mpoa,120,1200000,-47488,True,23,-44880,,1200000
knapsack,mstr,120,0,penalty,mpoa,120,1200000,-47488,True,24,-45379,,1200000
knapsack,mstr,120,0,penalty,mpoa,120,1200000,-47488,True,25,-44760,,1200000
knapsack,mstr,120,0,penalty,mpoa,120,1200000,-47488,True,26,-45167,,1200000
knapsack,mstr,120,0,penalty,mpoa,120,1200000,-47488,True,27,-45259,,1200000
knapsack,mstr,120,0,penalty,mpoa,120,1200000,-47488,True,28,-45222,,1200000
knapsack,mstr,120,0,penalty,mpoa,120,1200000,-47488,True,29,-44365,,1200000
knapsack,mstr,120,0,penalty,mpoa,120,1200000,-47488,True,30,-44897,,1200000
knapsack,inverse,120,0,penalty,poa,120,1200000,-33049,True,0,-32018,,1200000
knapsack,inverse,120,0,penalty,poa,120,1200000,-33049,True,1,-31935,,1200000
knapsack,inverse,120,0,penalty,poa,120,1200000,-33049,True,2,-31895,,1200000
knapsack,inverse,120,0,penalty,poa,120,1200000,-33049,True,3,-31896,,1200000
knapsack,inverse,120,0,penalty,poa,120,1200000,-33049,True,4,-31835,,1200000
knapsack,inverse,120,0,penalty,poa,120,1200000,-33049,True,5,-31943,,1200000
knapsack,inverse,120,0,penalty,poa,120,1200000,-33049,True,6,-31836,,1200000
knapsack,inverse,120,0,penalty,poa,120,1200000,-33049,True,7,-31842,,1200000
knapsack,inverse,120,0,penalty,poa,120,1200000,-33049,True,8,-32007,,1200000
knapsack,inverse,120,0,penalty,poa,120,1200000,-33049,True,9,-31950,,1200000
knapsack,inverse,120,0,penalty,poa,120,1200000,-33049,True,10,-32115,,1200000
knapsack,inverse,120,0,penalty,poa,120,1200000,-33049,True,11,-31837,,1200000
knapsack,inverse,120,0,penalty,poa,120,1200000,-33049,True,12,-31954,,1200000
knapsack,inverse,120,0,penalty,poa,120,1200000,-33049,True,13,-31869,,1200000
knapsack,inverse,120,0,penalty,poa,120,1200000,-33049,True,14,-31989,,1200000
knapsack,inverse,120,0,penalty,poa,120,1200000,-33049,True,15,-32108,,1200000
knapsack,inverse,120,0,penalty,poa,120,1200000,-33049,True,16,-31930,,1200000
knapsack,inverse,120,0,penalty,poa,120,1200000,-33049,True,17,-31901,,1200000
knapsack,inverse,120,0,penalty,poa,120,1200000,-33049,True,18,-31946,,1200000
knapsack,inverse,120,0,penalty,poa,120,1200000,-33049,True,19,-31949,,1200000
knapsack,inverse,120,0,penalty,poa,120,1200000,-33049,True,20,-31949,,1200000
knapsack,inverse,120,0,penalty,poa,120,1200000,-33049,True,21,-31948,,1200000
knapsack,inverse,120,0,penalty,poa,120,1200000,-33049,True,22,-31830,,1200000
knapsack,inverse,120,0,penalty,poa,120,1200000,-33049,True,23,-31992,,1200000
knapsack,inverse,120,0,penalty,poa,120,1200000,-33049,True,24,-31937,,1200000
knapsack,inverse,120,0,penalty,poa,120,1200000,-33049,True,25,-32130,,1200000
knapsack,inverse,120,0,penalty,poa,120,1200000,-33049,True,26,-31928,,1200000
knapsack,inverse,120,0,penalty,poa,120,1200000,-33049,True,27,-31938,,1200000
knapsack,inverse,120,0,penalty,poa,120,1200000,-33049,True,28,-31929,,1200000
knapsack,inverse,120,0,penalty,poa,120,1200000,-33049,True,29,-31947,,1200000
knapsack,inverse,120,0,penalty,poa,120,1200000,-33049,True,30,-31942,,1200000
knapsack,spanner,80,0,penalty,mpoa,80,800000,-10965,True,0,-10647,,800000
knapsack,spanner,80,0,penalty,mpoa,80,800000,-10965,True,1,-10758,,800000
knapsack,spanner,80,0,penalty,mpoa,80,800000,-10965,True,2,-10662,,800000
knapsack,spanner,80,0,penalty,mpoa,80,800000,-10965,True,3,-10662,,800000
knapsack,spanner,80,0,penalty,mpoa,80,800000,-10965,True,4,-10869,,800000
knapsack,spanner,80,0,penalty,mpoa,80,800000,-10965,True,5,-10920,,800000
knapsack,spanner,80,0,penalty,mpoa,80,800000,-10965,True,6,-10965,248549,248549
knapsack,spanner,80,0,penalty,mpoa,80,800000,-10965,True,7,-10758,,800000
knapsack,spanner,80,0,penalty,mpoa,80,800000,-10965,True,8,-10758,,800000
knapsack,spanner,80,0,penalty,mpoa,80,800000,-10965,True,9,-10758,,800000
knapsack,spanner,80,0,penalty,mpoa,80,800000,-10965,True,10,-10758,,800000
knapsack,spanner,80,0,penalty,mpoa,80,800000,-10965,True,11,-10662,,800000
knapsack,spanner,80,0,penalty,mpoa,80,800000,-10965,True,12,-10854,,800000
knapsack,spanner,80,0,penalty,mpoa,80,800000,-10965,True,13,-10758,,800000
knapsack,spanner,80,0,penalty,mpoa,80,800000,-10965,True,14,-10758,,800000
knapsack,spanner,80,0,penalty,mpoa,80,800000,-10965,True,15,-10869,,800000
knapsack,spanner,80,0,penalty,mpoa,80,800000,-10965,True,16,-10758,,800000
knapsack,spanner,80,0,penalty,mpoa,80,800000,-10965,True,17,-10758,,800000
knapsack,spanner,80,0,penalty,mpoa,80,800000,-10965,True,18,-10662,,800000
knapsack,spanner,80,0,penalty,mpoa,80,800000,-10965,True,19,-10758,,800000
knapsack,spanner,80,0,penalty,mpoa,80,800000,-10965,True,20,-10758,,800000
knapsack,spanner,80,0,penalty,mpoa,80,800000,-10965,True,21,-10743,,800000
knapsack,spanner,80,0,penalty,mpoa,80,800000,-10965,True,22,-10869,,800000
knapsack,spanner,80,0,penalty,mpoa,80,800000,-10965,True,23,-10758,,800000
knapsack,spanner,80,0,penalty,mpoa,80,800000,-10965,True,24,-10869,,800000
knapsack,spanner,80,0,penalty,mpoa,80,800000,-10965,True,25,-10854,,800000
knapsack,spanner,80,0,penalty,mpoa,80,800000,-10965,True,26,-10869,,800000
knapsack,spanner,80,0,penalty,mpoa,80,800000,-10965,True,27,-10758,,800000
knapsack,spanner,80,0,penalty,mpoa,80,800000,-10965,True,28,-10743,,800000
knapsack,spanner,80,0,penalty,mpoa,80,800000,-10965,True,29,-10758,,800000
knapsack,spanner,80,0,penalty,mpoa,80,800000,-10965,True,30,-10758,,800000
knapsack,mstr,120,1,penalty,mpoa,120,1200000,-47947,True,0,-45036,,1200000
knapsack,mstr,120,1,penalty,mpoa,120,1200000,-47947,True,1,-45438,,1200000
knapsack,mstr,120,1,penalty,mpoa,120,1200000,-47947,True,2,-44938,,1200000
knapsack,mstr,120,1,penalty,mpoa,120,1200000,-47947,True,3,-45043,,1200000
knapsack,mstr,120,1,penalty,mpoa,120,1200000,-47947,True,4,-45541,,1200000
knapsack,mstr,120,1,penalty,mpoa,120,1200000,-47947,True,5,-45939,,1200000
knapsack,mstr,120,1,penalty,mpoa,120,1200000,-47947,True,6,-46440,,1200000
knapsack,mstr,120,1,penalty,mpoa,120,1200000,-47947,True,7,-45778,,1200000
knapsack,mstr,120,1,penalty,mpoa,120,1200000,-47947,True,8,-45288,,1200000
knapsack,mstr,120,1,penalty,mpoa,120,1200000,-47947,True,9,-45386,,1200000
knapsack,mstr,120,1,penalty,mpoa,120,1200000,-47947,True,10,-45242,,1200000
knapsack,mstr,120,1,penalty,mpoa,120,1200000,-47947,True,11,-45254,,1200000
knapsack,mstr,120,1,penalty,mpoa,120,1200000,-47947,True,12,-45426,,1200000
knapsack,mstr,120,1,penalty,mpoa,120,1200000,-47947,True,13,-44982,,1200000
knapsack,mstr,120,1,penalty,mpoa,120,1200000,-47947,True,14,-45376,,1200000
knapsack,mstr,120,1,penalty,mpoa,120,1200000,-47947,True,15,-45211,,1200000
knapsack,mstr,120,1,penalty,mpoa,120,1200000,-47947,True,16,-45110,,1200000
knapsack,mstr,120,1,penalty,mpoa,120,1200000,-47947,True,17,-45123,,1200000
knapsack,mstr,120,1,penalty,mpoa,120,1200000,-47947,True,18,-45207,,1200000
knapsack,mstr,120,1,penalty,mpoa,120,1200000,-47947,True,19,-45693,,1200000
knapsack,mstr,120,1,penalty,mpoa,120,1200000,-47947,True,20,-44980,,1200000
knapsack,mstr,120,1,penalty,mpoa,120,1200000,-47947,True,21,-45419,,1200000
knapsack,mstr,120,1,penalty,mpoa,120,1200000,-47947,True,22,-45745,,1200000
knapsack,mstr,120,1,penalty,mpoa,120,1200000,-47947,True,23,-45130,,1200000
knapsack,mstr,120,1,penalty,mpoa,120,1200000,-47947,True,24,-45621,,1200000
knapsack,mstr,120,1,penalty,mpoa,120,1200000,-47947,True,25,-45622,,1200000
knapsack,mstr,120,1,penalty,mpoa,120,1200000,-47947,True,26,-45433,,1200000
knapsack,mstr,120,1,penalty,mpoa,120,1200000,-47947,True,27,-44928,,1200000
knapsack,mstr,120,1,penalty,mpoa,120,1200000,-47947,True,28,-45283,,1200000
knapsack,mstr,120,1,penalty,mpoa,120,1200000,-47947,True,29,-45132,,1200000
knapsack,mstr,120,1,penalty,mpoa,120,1200000,-47947,True,30,-45440,,1200000
knapsack,mstr,120,2,penalty,mpoa,120,1200000,-48473,True,0,-46456,,1200000
knapsack,mstr,120,2,penalty,mpoa,120,1200000,-48473,True,1,-45338,,1200000
knapsack,mstr,120,2,penalty,mpoa,120,1200000,-48473,True,2,-45561,,1200000
knapsack,mstr,120,2,penalty,mpoa,120,1200000,-48473,True,3,-45633,,1200000
knapsack,mstr,120,2,penalty,mpoa,120,1200000,-48473,True,4,-45550,,1200000
knapsack,mstr,120,2,penalty,mpoa,120,1200000,-48473,True,5,-45615,,1200000
knapsack,mstr,120,2,penalty,mpoa,120,1200000,-48473,True,6,-46039,,1200000
knapsack,mstr,120,2,penalty,mpoa,120,1200000,-48473,True,7,-45561,,1200000
knapsack,mstr,120,2,penalty,mpoa,120,1200000,-48473,True,8,-45265,,1200000
knapsack,mstr,120,2,penalty,mpoa,120,1200000,-48473,True,9,-45730,,1200000
knapsack,mstr,120,2,penalty,mpoa,120,1200000,-48473,True,10,-45673,,1200000
knapsack,mstr,120,2,penalty,mpoa,120,1200000,-48473,True,11,-45552,,1200000
knapsack,mstr,120,2,penalty,mpoa,120,1200000,-48473,True,12,-46066,,1200000
knapsack,mstr,120,2,penalty,mpoa,120,1200000,-48473,True,13,-46056,,1200000
knapsack,mstr,120,2,penalty,mpoa,120,1200000,-48473,True,14,-45844,,1200000
knapsack,mstr,120,2,penalty,mpoa,120,1200000,-48473,True,15,-45563,,1200000
knapsack,mstr,120,2,penalty,mpoa,120,1200000,-48473,True,16,-45757,,1200000
knapsack,mstr,120,2,penalty,mpoa,120,1200000,-48473,True,17,-45373,,1200000
knapsack,mstr,120,2,penalty,mpoa,120,1200000,-48473,True,18,-45636,,1200000
knapsack,mstr,120,2,penalty,mpoa,120,1200000,-48473,True,19,-45368,,1200000
knapsack,mstr,120,2,penalty,mpoa,120,1200000,-48473,True,20,-46619,,1200000
knapsack,mstr,120,2,penalty,mpoa,120,1200000,-48473,True,21,-45806,,1200000
knapsack,mstr,120,2,penalty,mpoa,120,1200000,-48473,True,22,-45572,,1200000
knapsack,mstr,120,2,penalty,mpoa,120,1200000,-48473,True,23,-45441,,1200000
knapsack,mstr,120,2,penalty,mpoa,120,1200000,-48473,True,24,-45437,,1200000
knapsack,mstr,120,2,penalty,mpoa,120,1200000,-48473,True,25,-45656,,1200000
knapsack,mstr,120,2,penalty,mpoa,120,1200000,-48473,True,26,-45370,,1200000
knapsack,mstr,120,2,penalty,mpoa,120,1200000,-48473,True,27,-45855,,1200000
knapsack,mstr,120,2,penalty,mpoa,120,1200000,-48473,True,28,-45973,,1200000
knapsack,mstr,120,2,penalty,mpoa,120,1200000,-48473,True,29,-46163,,1200000
knapsack,mstr,120,2,penalty,mpoa,120,1200000,-48473,True,30,-45561,,1200000
knapsack,mstr,120,3,penalty,mpoa,120,1200000,-51732,True,0,-49314,,1200000
knapsack,mstr,120,3,penalty,mpoa,120,1200000,-51732,True,1,-48962,,1200000
knapsack,mstr,120,3,penalty,mpoa,120,1200000,-51732,True,2,-48968,,1200000
knapsack,mstr,120,3,penalty,mpoa,120,1200000,-51732,True,3,-49028,,1200000
knapsack,mstr,120,3,penalty,mpoa,120,1200000,-51732,True,4,-49737,,1200000
knapsack,mstr,120,3,penalty,mpoa,120,1200000,-51732,True,5,-49077,,1200000
knapsack,mstr,120,3,penalty,mpoa,120,1200000,-51732,True,6,-49217,,1200000
knapsack,mstr,120,3,penalty,mpoa,120,1200000,-51732,True,7,-49011,,1200000
knapsack,mstr,120,3,penalty,mpoa,120,1200000,-51732,True,8,-49419,,1200000
knapsack,mstr,120,3,penalty,mpoa,120,1200000,-51732,True,9,-49523,,1200000
knapsack,mstr,120,3,penalty,mpoa,120,1200000,-51732,True,10,-49871,,1200000
knapsack,mstr,120,3,penalty,mpoa,120,1200000,-51732,True,11,-48928,,1200000
knapsack,mstr,120,3,penalty,mpoa,120,1200000,-51732,True,12,-49428,,1200000
knapsack,mstr,120,3,penalty,mpoa,120,1200000,-51732,True,13,-49448,,1200000
knapsack,mstr,120,3,penalty,mpoa,120,1200000,-51732,True,14,-49223,,1200000
knapsack,mstr,120,3,penalty,mpoa,120,1200000,-51732,True,15,-49457,,1200000
knapsack,mstr,120,3,penalty,mpoa,120,1200000,-51732,True,16,-49175,,1200000
knapsack,mstr,120,3,penalty,mpoa,120,1200000,-51732,True,17,-49106,,1200000
knapsack,mstr,120,3,penalty,mpoa,120,1200000,-51732,True,18,-49067,,1200000
knapsack,mstr,120,3,penalty,mpoa,120,1200000,-51732,True,19,-49326,,1200000
knapsack,mstr,120,3,penalty,mpoa,120,1200000,-51732,True,20,-50003,,1200000
knapsack,mstr,120,3,penalty,mpoa,120,1200000,-51732,True,21,-49381,,1200000
knapsack,mstr,120,3,penalty,mpoa,120,1200000,-51732,True,22,-49670,,1200000
knapsack,mstr,120,3,penalty,mpoa,120,1200000,-51732,True,23,-49089,,1200000
knapsack,mstr,120,3,penalty,mpoa,120,1200000,-51732,True,24,-49344,,1200000
knapsack,mstr,120,3,penalty,mpoa,120,1200000,-51732,True,25,-48925,,1200000
knapsack,mstr,120,3,penalty,mpoa,120,1200000,-51732,True,26,-49176,,1200000
knapsack,mstr,120,3,penalty,mpoa,120,1200000,-51732,True,27,-48759,,1200000
knapsack,mstr,120,3,penalty,mpoa,120,1200000,-51732,True,28,-49360,,1200000
knapsack,mstr,120,3,penalty,mpoa,120,1200000,-51732,True,29,-49089,,1200000
knapsack,mstr,120,3,penalty,mpoa,120,1200000,-51732,True,30,-48921,,1200000
knapsack,inverse,120,1,penalty,poa,120,1200000,-31326,True,0,-30146,,1200000
knapsack,inverse,120,1,penalty,poa,120,1200000,-31326,True,1,-30311,,1200000
knapsack,inverse,120,1,penalty,poa,120,1200000,-31326,True,2,-30081,,1200000
knapsack,inverse,120,1,penalty,poa,120,1200000,-31326,True,3,-30212,,1200000
knapsack,inverse,120,1,penalty,poa,120,1200000,-31326,True,4,-30161,,1200000
knapsack,inverse,120,1,penalty,poa,120,1200000,-31326,True,5,-30119,,1200000
knapsack,inverse,120,1,penalty,poa,120,1200000,-31326,True,6,-30185,,1200000
knapsack,inverse,120,1,penalty,poa,120,1200000,-31326,True,7,-30174,,1200000
knapsack,inverse,120,1,penalty,poa,120,1200000,-31326,True,8,-30101,,1200000
knapsack,inverse,120,1,penalty,poa,120,1200000,-31326,True,9,-30160,,1200000
knapsack,inverse,120,1,penalty,poa,120,1200000,-31326,True,10,-30337,,1200000
knapsack,inverse,120,1,penalty,poa,120,1200000,-31326,True,11,-30107,,1200000
knapsack,inverse,120,1,penalty,poa,120,1200000,-31326,True,12,-30117,,1200000
knapsack,inverse,120,1,penalty,poa,120,1200000,-31326,True,13,-30109,,1200000
knapsack,inverse,120,1,penalty,poa,120,1200000,-31326,True,14,-30113,,1200000
knapsack,inverse,120,1,penalty,poa,120,1200000,-31326,True,15,-30157,,1200000
knapsack,inverse,120,1,penalty,poa,120,1200000,-31326,True,16,-30064,,1200000
knapsack,inverse,120,1,penalty,poa,120,1200000,-31326,True,17,-30049,,1200000
knapsack,inverse,120,1,penalty,poa,120,1200000,-31326,True,18,-30239,,1200000
knapsack,inverse,120,1,penalty,poa,120,1200000,-31326,True,19,-30187,,1200000
knapsack,inverse,120,1,penalty,poa,120,1200000,-31326,True,20,-30152,,1200000
knapsack,inverse,120,1,penalty,poa,120,1200000,-31326,True,21,-30067,,1200000
knapsack,inverse,120,1,penalty,poa,120,1200000,-31326,True,22,-30140,,1200000
knapsack,inverse,120,1,penalty,poa,120,1200000,-31326,True,23,-30175,,1200000
knapsack,inverse,120,1,penalty,poa,120,1200000,-31326,True,24,-30180,,1200000
knapsack,inverse,120,1,penalty,poa,120,1200000,-31326,True,25,-30321,,1200000
knapsack,inverse,120,1,penalty,poa,120,1200000,-31326,True,26,-30150,,1200000
knapsack,inverse,120,1,penalty,poa,120,1200000,-31326,True,27,-30106,,1200000
knapsack,inverse,120,1,penalty,poa,120,1200000,-31326,True,28,-30135,,1200000
knapsack,inverse,120,1,penalty,poa,120,1200000,-31326,True,29,-30263,,1200000
knapsack,inverse,120,1,penalty,poa,120,1200000,-31326,True,30,-30100,,1200000
knapsack,inverse,120,2,penalty,poa,120,1200000,-30701,True,0,-29496,,1200000
knapsack,inverse,120,2,penalty,poa,120,1200000,-30701,True,1,-29456,,1200000
knapsack,inverse,120,2,penalty,poa,120,1200000,-30701,True,2,-29546,,1200000
knapsack,inverse,120,2,penalty,poa,120,1200000,-30701,True,3,-29545,,1200000
knapsack,inverse,120,2,penalty,poa,120,1200000,-30701,True,4,-29496,,1200000
knapsack,inverse,120,2,penalty,poa,120,1200000,-30701,True,5,-29388,,1200000
knapsack,inverse,120,2,penalty,poa,120,1200000,-30701,True,6,-29417,,1200000
knapsack,inverse,120,2,penalty,poa,120,1200000,-30701,True,7,-29767,,1200000
knapsack,inverse,120,2,penalty,poa,120,1200000,-30701,True,8,-29574,,1200000
knapsack,inverse,120,2,penalty,poa,120,1200000,-30701,True,9,-29357,,1200000
knapsack,inverse,120,2,penalty,poa,120,1200000,-30701,True,10,-29585,,1200000
knapsack,inverse,120,2,penalty,poa,120,1200000,-30701,True,11,-29406,,1200000
knapsack,inverse,120,2,penalty,poa,120,1200000,-30701,True,12,-29296,,1200000
knapsack,inverse,120,2,penalty,poa,120,1200000,-30701,True,13,-29443,,1200000
knapsack,inverse,120,2,penalty,poa,120,1200000,-30701,True,14,-29696,,1200000
knapsack,inverse,120,2,penalty,poa,120,1200000,-30701,True,15,-29390,,1200000
knapsack,inverse,120,2,penalty,poa,120,1200000,-30701,True,16,-29460,,1200000
knapsack,inverse,120,2,penalty,poa,120,1200000,-30701,True,17,-29565,,1200000
knapsack,inverse,120,2,penalty,poa,120,1200000,-30701,True,18,-29497,,1200000
knapsack,inverse,120,2,penalty,poa,120,1200000,-30701,True,19,-29389,,1200000
knapsack,inverse,120,2,penalty,poa,120,1200000,-30701,True,20,-29396,,1200000
knapsack,inverse,120,2,penalty,poa,120,1200000,-30701,True,21,-29560,,1200000
knapsack,inverse,120,2,penalty,poa,120,1200000,-30701,True,22,-29370,,1200000
knapsack,inverse,120,2,penalty,poa,120,1200000,-30701,True,23,-29461,,1200000
knapsack,inverse,120,2,penalty,poa,120,1200000,-30701,True,24,-29419,,1200000
knapsack,inverse,120,2,penalty,poa,120,1200000,-30701,True,25,-29582,,1200000
knapsack,inverse,120,2,penalty,poa,120,1200000,-30701,True,26,-29394,,1200000
knapsack,inverse,120,2,penalty,poa,120,1200000,-30701,True,27,-29455,,1200000
knapsack,inverse,120,2,penalty,poa,120,1200000,-30701,True,28,-29400,,1200000
knapsack,inverse,120,2,penalty,poa,120,1200000,-30701,True,29,-29568,,1200000
knapsack,inverse,120,2,penalty,poa,120,1200000,-30701,True,30,-29617,,1200000
knapsack,mstr,120,4,penalty,mpoa,120,1200000,-48484,True,0,-45979,,1200000
knapsack,mstr,120,4,penalty,mpoa,120,1200000,-48484,True,1,-45909,,1200000
knapsack,mstr,120,4,penalty,mpoa,120,1200000,-48484,True,2,-45819,,1200000
knapsack,mstr,120,4,penalty,mpoa,120,1200000,-48484,True,3,-45722,,1200000
knapsack,mstr,120,4,penalty,mpoa,120,1200000,-48484,True,4,-45767,,1200000
knapsack,mstr,120,4,penalty,mpoa,120,1200000,-48484,True,5,-45598,,1200000
knapsack,mstr,120,4,penalty,mpoa,120,1200000,-48484,True,6,-45886,,1200000
knapsack,mstr,120,4,penalty,mpoa,120,1200000,-48484,True,7,-45839,,1200000
knapsack,mstr,120,4,penalty,mpoa,120,1200000,-48484,True,8,-45813,,1200000
knapsack,mstr,120,4,penalty,mpoa,120,1200000,-48484,True,9,-45864,,1200000
knapsack,mstr,120,4,penalty,mpoa,120,1200000,-48484,True,10,-45749,,1200000
knapsack,mstr,120,4,penalty,mpoa,120,1200000,-48484,True,11,-46149,,1200000
knapsack,mstr,120,4,penalty,mpoa,120,1200000,-48484,True,12,-46027,,1200000
knapsack,mstr,120,4,penalty,mpoa,120,1200000,-48484,True,13,-45977,,1200000
knapsack,mstr,120,4,penalty,mpoa,120,1200000,-48484,True,14,-45966,,1200000
knapsack,mstr,120,4,penalty,mpoa,120,1200000,-48484,True,15,-46422,,1200000
knapsack,mstr,120,4,penalty,mpoa,120,1200000,-48484,True,16,-46474,,1200000
knapsack,mstr,120,4,penalty,mpoa,120,1200000,-48484,True,17,-46372,,1200000
knapsack,mstr,120,4,penalty,mpoa,120,1200000,-48484,True,18,-45674,,1200000
knapsack,mstr,120,4,penalty,mpoa,120,1200000,-48484,True,19,-46151,,1200000
knapsack,mstr,120,4,penalty,mpoa,120,1200000,-48484,True,20,-46180,,1200000
knapsack,mstr,120,4,penalty,mpoa,120,1200000,-48484,True,21,-45977,,1200000
knapsack,mstr,120,4,penalty,mpoa,120,1200000,-48484,True,22,-46075,,1200000
knapsack,mstr,120,4,penalty,mpoa,120,1200000,-48484,True,23,-46047,,1200000
knapsack,mstr,120,4,penalty,mpoa,120,1200000,-48484,True,24,-45882,,1200000
knapsack,mstr,120,4,penalty,mpoa,120,1200000,-48484,True,25,-46394,,1200000
knapsack,mstr,120,4,penalty,mpoa,120,1200000,-48484,True,26,-45991,,1200000
knapsack,mstr,120,4,penalty,mpoa,120,1200000,-48484,True,27,-46283,,1200000
knapsack,mstr,120,4,penalty,mpoa,120,1200000,-48484,True,28,-46254,,1200000
knapsack,mstr,120,4,penalty,mpoa,120,1200000,-48484,True,29,-46770,,1200000
knapsack,mstr,120,4,penalty,mpoa,120,1200000,-48484,True,30,-46166,,1200000
knapsack,inverse,120,3,penalty,poa,120,1200000,-31890,True,0,-30931,,1200000
knapsack,inverse,120,3,penalty,poa,120,1200000,-31890,True,1,-30725,,1200000
knapsack,inverse,120,3,penalty,poa,120,1200000,-31890,True,2,-30788,,1200000
knapsack,inverse,120,3,penalty,poa,120,1200000,-31890,True,3,-30827,,1200000
knapsack,inverse,120,3,penalty,poa,120,1200000,-31890,True,4,-30797,,1200000
knapsack,inverse,120,3,penalty,poa,120,1200000,-31890,True,5,-30787,,1200000
knapsack,inverse,120,3,penalty,poa,120,1200000,-31890,True,6,-30622,,1200000
knapsack,inverse,120,3,penalty,poa,120,1200000,-31890,True,7,-30676,,1200000
knapsack,inverse,120,3,penalty,poa,120,1200000,-31890,True,8,-30871,,1200000
knapsack,inverse,120,3,penalty,poa,120,1200000,-31890,True,9,-30758,,1200000
knapsack,inverse,120,3,penalty,poa,120,1200000,-31890,True,10,-30731,,1200000
knapsack,inverse,120,3,penalty,poa,120,1200000,-31890,True,11,-30777,,1200000
knapsack,inverse,120,3,penalty,poa,120,1200000,-31890,True,12,-30759,,1200000
knapsack,inverse,120,3,penalty,poa,120,1200000,-31890,True,13,-30834,,1200000
knapsack,inverse,120,3,penalty,poa,120,1200000,-31890,True,14,-30739,,1200000
knapsack,inverse,120,3,penalty,poa,120,1200000,-31890,True,15,-30784,,1200000
knapsack,inverse,120,3,penalty,poa,120,1200000,-31890,True,16,-30790,,1200000
knapsack,inverse,120,3,penalty,poa,120,1200000,-31890,True,17,-30878,,1200000
knapsack,inverse,120,3,penalty,poa,120,1200000,-31890,True,18,-30827,,1200000
knapsack,inverse,120,3,penalty,poa,120,1200000,-31890,True,19,-30730,,1200000
knapsack,inverse,120,3,penalty,poa,120,1200000,-31890,True,20,-30719,,1200000
knapsack,inverse,120,3,penalty,poa,120,1200000,-31890,True,21,-30782,,1200000
knapsack,inverse,120,3,penalty,poa,120,1200000,-31890,True,22,-30860,,1200000
knapsack,inverse,120,3,penalty,poa,120,1200000,-31890,True,23,-30728,,1200000
knapsack,inverse,120,3,penalty,poa,120,1200000,-31890,True,24,-30715,,1200000
knapsack,inverse,120,3,penalty,poa,120,1200000,-31890,True,25,-30770,,1200000
knapsack,inverse,120,3,penalty,poa,120,1200000,-31890,True,26,-30897,,1200000
knapsack,inverse,120,3,penalty,poa,120,1200000,-31890,True,27,-30683,,1200000
knapsack,inverse,120,3,penalty,poa,120,1200000,-31890,True,28,-30883,,1200000
knapsack,inverse,120,3,penalty,poa,120,1200000,-31890,True,29,-30765,,1200000
knapsack,inverse,120,3,penalty,poa,120,1200000,-31890,True,30,-30688,,1200000
knapsack,spanner,80,1,penalty,mpoa,80,800000,-15192,True,0,-15048,,800000
knapsack,spanner,80,1,penalty,mpoa,80,800000,-15192,True,1,-15104,,800000
knapsack,spanner,80,1,penalty,mpoa,80,800000,-15192,True,2,-15052,,800000
knapsack,spanner,80,1,penalty,mpoa,80,800000,-15192,True,3,-15040,,800000
knapsack,spanner,80,1,penalty,mpoa,80,800000,-15192,True,4,-15048,,800000
knapsack,spanner,80,1,penalty,mpoa,80,800000,-15192,True,5,-15040,,800000
knapsack,spanner,80,1,penalty,mpoa,80,800000,-15192,True,6,-15056,,800000
knapsack,spanner,80,1,penalty,mpoa,80,800000,-15192,True,7,-15044,,800000
knapsack,spanner,80,1,penalty,mpoa,80,800000,-15192,True,8,-15104,,800000
knapsack,spanner,80,1,penalty,mpoa,80,800000,-15192,True,9,-15108,,800000
knapsack,spanner,80,1,penalty,mpoa,80,800000,-15192,True,10,-15108,,800000
knapsack,spanner,80,1,penalty,mpoa,80,800000,-15192,True,11,-15036,,800000
knapsack,spanner,80,1,penalty,mpoa,80,800000,-15192,True,12,-15108,,800000
knapsack,spanner,80,1,penalty,mpoa,80,800000,-15192,True,13,-15048,,800000
knapsack,spanner,80,1,penalty,mpoa,80,800000,-15192,True,14,-15124,,800000
knapsack,spanner,80,1,penalty,mpoa,80,800000,-15192,True,15,-15048,,800000
knapsack,spanner,80,1,penalty,mpoa,80,800000,-15192,True,16,-15048,,800000
knapsack,spanner,80,1,penalty,mpoa,80,800000,-15192,True,17,-15040,,800000
knapsack,spanner,80,1,penalty,mpoa,80,800000,-15192,True,18,-15104,,800000
knapsack,spanner,80,1,penalty,mpoa,80,800000,-15192,True,19,-15044,,800000
knapsack,spanner,80,1,penalty,mpoa,80,800000,-15192,True,20,-15056,,800000
knapsack,spanner,80,1,penalty,mpoa,80,800000,-15192,True,21,-15040,,800000
knapsack,spanner,80,1,penalty,mpoa,80,800000,-15192,True,22,-15120,,800000
knapsack,spanner,80,1,penalty,mpoa,80,800000,-15192,True,23,-15056,,800000
knapsack,spanner,80,1,penalty,mpoa,80,800000,-15192,True,24,-15052,,800000
knapsack,spanner,80,1,penalty,mpoa,80,800000,-15192,True,25,-15048,,800000
knapsack,spanner,80,1,penalty,mpoa,80,800000,-15192,True,26,-15044,,800000
knapsack,spanner,80,1,penalty,mpoa,80,800000,-15192,True,27,-15044,,800000
knapsack,spanner,80,1,penalty,mpoa,80,800000,-15192,True,28,-15052,,800000
knapsack,spanner,80,1,penalty,mpoa,80,800000,-15192,True,29,-15032,,800000
knapsack,spanner,80,1,penalty,mpoa,80,800000,-15192,True,30,-15108,,800000
scp,,40,0,penalty,mpoa,36,360000,6,True,0,9,,360000
scp,,40,0,penalty,mpoa,36,360000,6,True,1,8,,360000
scp,,40,0,penalty,mpoa,36,360000,6,True,2,6,292057,292057
scp,,40,0,penalty,mpoa,36,360000,6,True,3,9,,360000
scp,,40,0,penalty,mpoa,36,360000,6,True,4,7,,360000
scp,,40,0,penalty,mpoa,36,360000,6,True,5,8,,360000
scp,,40,0,penalty,mpoa,36,360000,6,True,6,8,,360000
scp,,40,0,penalty,mpoa,36,360000,6,True,7,8,,360000
scp,,40,0,penalty,mpoa,36,360000,6,True,8,6,251,251
scp,,40,0,penalty,mpoa,36,360000,6,True,9,8,,360000
scp,,40,0,penalty,mpoa,36,360000,6,True,10,7,,360000
scp,,40,0,penalty,mpoa,36,360000,6,True,11,7,,360000
scp,,40,0,penalty,mpoa,36,360000,6,True,12,7,,360000
scp,,40,0,penalty,mpoa,36,360000,6,True,13,8,,360000
scp,,40,0,penalty,mpoa,36,360000,6,True,14,7,,360000
scp,,40,0,penalty,mpoa,36,360000,6,True,15,6,106117,106117
scp,,40,0,penalty,mpoa,36,360000,6,True,16,6,127371,127371
scp,,40,0,penalty,mpoa,36,360000,6,True,17,8,,360000
scp,,40,0,penalty,mpoa,36,360000,6,True,18,10,,360000
scp,,40,0,penalty,mpoa,36,360000,6,True,19,7,,360000
scp,,40,0,penalty,mpoa,36,360000,6,True,20,6,249,249
scp,,40,0,penalty,mpoa,36,360000,6,True,21,7,,360000
scp,,40,0,penalty,mpoa,36,360000,6,True,22,10,,360000
scp,,40,0,penalty,mpoa,36,360000,6,True,23,8,,360000
scp,,40,0,penalty,mpoa,36,360000,6,True,24,9,,360000
scp,,40,0,penalty,mpoa,36,360000,6,True,25,8,,360000
scp,,40,0,penalty,mpoa,36,360000,6,True,26,7,,360000
scp,,40,0,penalty,mpoa,36,360000,6,True,27,8,,360000
scp,,40,0,penalty,mpoa,36,360000,6,True,28,7,,360000
scp,,40,0,penalty,mpoa,36,360000,6,True,29,7,,360000
scp,,40,0,penalty,mpoa,36,360000,6,True,30,6,239,239
knapsack,spanner,80,2,penalty,mpoa,80,800000,-20171,True,0,-20101,,800000
knapsack,spanner,80,2,penalty,mpoa,80,800000,-20171,True,1,-20110,,800000
knapsack,spanner,80,2,penalty,mpoa,80,800000,-20171,True,2,-20100,,800000
knapsack,spanner,80,2,penalty,mpoa,80,800000,-20171,True,3,-20110,,800000
knapsack,spanner,80,2,penalty,mpoa,80,800000,-20171,True,4,-20110,,800000
knapsack,spanner,80,2,penalty,mpoa,80,800000,-20171,True,5,-20110,,800000
knapsack,spanner,80,2,penalty,mpoa,80,800000,-20171,True,6,-20100,,800000
knapsack,spanner,80,2,penalty,mpoa,80,800000,-20171,True,7,-20100,,800000
knapsack,spanner,80,2,penalty,mpoa,80,800000,-20171,True,8,-20110,,800000
knapsack,spanner,80,2,penalty,mpoa,80,800000,-20171,True,9,-20100,,800000
knapsack,spanner,80,2,penalty,mpoa,80,800000,-20171,True,10,-20120,,800000
knapsack,spanner,80,2,penalty,mpoa,80,800000,-20171,True,11,-20101,,800000
knapsack,spanner,80,2,penalty,mpoa,80,800000,-20171,True,12,-20120,,800000
knapsack,spanner,80,2,penalty,mpoa,80,800000,-20171,True,13,-20100,,800000
knapsack,spanner,80,2,penalty,mpoa,80,800000,-20171,True,14,-20101,,800000
knapsack,spanner,80,2,penalty,mpoa,80,800000,-20171,True,15,-20101,,800000
knapsack,spanner,80,2,penalty,mpoa,80,800000,-20171,True,16,-20110,,800000
knapsack,spanner,80,2,penalty,mpoa,80,800000,-20171,True,17,-20100,,800000
knapsack,spanner,80,2,penalty,mpoa,80,800000,-20171,True,18,-20110,,800000
knapsack,spanner,80,2,penalty,mpoa,80,800000,-20171,True,19,-20130,,800000
knapsack,spanner,80,2,penalty,mpoa,80,800000,-20171,True,20,-20110,,800000
knapsack,spanner,80,2,penalty,mpoa,80,800000,-20171,True,21,-20100,,800000
knapsack,spanner,80,2,penalty,mpoa,80,800000,-20171,True,22,-20110,,800000
knapsack,spanner,80,2,penalty,mpoa,80,800000,-20171,True,23,-20120,,800000
knapsack,spanner,80,2,penalty,mpoa,80,800000,-20171,True,24,-20110,,800000
knapsack,spanner,80,2,penalty,mpoa,80,800000,-20171,True,25,-20101,,800000
knapsack,spanner,80,2,penalty,mpoa,80,800000,-20171,True,26,-20120,,800000
knapsack,spanner,80,2,penalty,mpoa,80,800000,-20171,True,27,-20100,,800000
knapsack,spanner,80,2,penalty,mpoa,80,800000,-20171,True,28,-20120,,800000
knapsack,spanner,80,2,penalty,mpoa,80,800000,-20171,True,29,-20110,,800000
knapsack,spanner,80,2,penalty,mpoa,80,800000,-20171,True,30,-20110,,800000
knapsack,spanner,80,3,penalty,mpoa,80,800000,-12133,True,0,-11812,,800000
knapsack,spanner,80,3,penalty,mpoa,80,800000,-12133,True,1,-11919,,800000
knapsack,spanner,80,3,penalty,mpoa,80,800000,-12133,True,2,-11838,,800000
knapsack,spanner,80,3,penalty,mpoa,80,800000,-12133,True,3,-11864,,800000
knapsack,spanner,80,3,penalty,mpoa,80,800000,-12133,True,4,-11812,,800000
knapsack,spanner,80,3,penalty,mpoa,80,800000,-12133,True,5,-11890,,800000
knapsack,spanner,80,3,penalty,mpoa,80,800000,-12133,True,6,-11853,,800000
knapsack,spanner,80,3,penalty,mpoa,80,800000,-12133,True,7,-11890,,800000
knapsack,spanner,80,3,penalty,mpoa,80,800000,-12133,True,8,-11890,,800000
knapsack,spanner,80,3,penalty,mpoa,80,800000,-12133,True,9,-11864,,800000
knapsack,spanner,80,3,penalty,mpoa,80,800000,-12133,True,10,-11815,,800000
knapsack,spanner,80,3,penalty,mpoa,80,800000,-12133,True,11,-11867,,800000
knapsack,spanner,80,3,penalty,mpoa,80,800000,-12133,True,12,-11919,,800000
knapsack,spanner,80,3,penalty,mpoa,80,800000,-12133,True,13,-11870,,800000
knapsack,spanner,80,3,penalty,mpoa,80,800000,-12133,True,14,-11948,,800000
knapsack,spanner,80,3,penalty,mpoa,80,800000,-12133,True,15,-11809,,800000
knapsack,spanner,80,3,penalty,mpoa,80,800000,-12133,True,16,-11896,,800000
knapsack,spanner,80,3,penalty,mpoa,80,800000,-12133,True,17,-11896,,800000
knapsack,spanner,80,3,penalty,mpoa,80,800000,-12133,True,18,-11838,,800000
knapsack,spanner,80,3,penalty,mpoa,80,800000,-12133,True,19,-11867,,800000
knapsack,spanner,80,3,penalty,mpoa,80,800000,-12133,True,20,-11945,,800000
knapsack,spanner,80,3,penalty,mpoa,80,800000,-12133,True,21,-11890,,800000
knapsack,spanner,80,3,penalty,mpoa,80,800000,-12133,True,22,-11890,,800000
knapsack,spanner,80,3,penalty,mpoa,80,800000,-12133,True,23,-11864,,800000
knapsack,spanner,80,3,penalty,mpoa,80,800000,-12133,True,24,-11870,,800000
knapsack,spanner,80,3,penalty,mpoa,80,800000,-12133,True,25,-11919,,800000
knapsack,spanner,80,3,penalty,mpoa,80,800000,-12133,True,26,-11896,,800000
knapsack,spanner,80,3,penalty,mpoa,80,800000,-12133,True,27,-11893,,800000
knapsack,spanner,80,3,penalty,mpoa,80,800000,-12133,True,28,-11945,,800000
knapsack,spanner,80,3,penalty,mpoa,80,800000,-12133,True,29,-11893,,800000
knapsack,spanner,80,3,penalty,mpoa,80,800000,-12133,True,30,-11919,,800000
scp,,40,1,penalty,mpoa,36,360000,6,True,0,7,,360000
scp,,40,1,penalty,mpoa,36,360000,6,True,1,7,,360000
scp,,40,1,penalty,mpoa,36,360000,6,True,2,7,,360000
scp,,40,1,penalty,mpoa,36,360000,6,True,3,7,,360000
scp,,40,1,penalty,mpoa,36,360000,6,True,4,8,,360000
scp,,40,1,penalty,mpoa,36,360000,6,True,5,7,,360000
scp,,40,1,penalty,mpoa,36,360000,6,True,6,8,,360000
scp,,40,1,penalty,mpoa,36,360000,6,True,7,6,189529,189529
scp,,40,1,penalty,mpoa,36,360000,6,True,8,7,,360000
scp,,40,1,penalty,mpoa,36,360000,6,True,9,7,,360000
scp,,40,1,penalty,mpoa,36,360000,6,True,10,7,,360000
scp,,40,1,penalty,mpoa,36,360000,6,True,11,8,,360000
scp,,40,1,penalty,mpoa,36,360000,6,True,12,8,,360000
scp,,40,1,penalty,mpoa,36,360000,6,True,13,8,,360000
scp,,40,1,penalty,mpoa,36,360000,6,True,14,7,,360000
scp,,40,1,penalty,mpoa,36,360000,6,True,15,10,,360000
scp,,40,1,penalty,mpoa,36,360000,6,True,16,8,,360000
scp,,40,1,penalty,mpoa,36,360000,6,True,17,6,13387,13387
scp,,40,1,penalty,mpoa,36,360000,6,True,18,8,,360000
scp,,40,1,penalty,mpoa,36,360000,6,True,19,6,90734,90734
scp,,40,1,penalty,mpoa,36,360000,6,True,20,8,,360000
scp,,40,1,penalty,mpoa,36,360000,6,True,21,6,64778,64778
scp,,40,1,penalty,mpoa,36,360000,6,True,22,8,,360000
scp,,40,1,penalty,mpoa,36,360000,6,True,23,7,,360000
scp,,40,1,penalty,mpoa,36,360000,6,True,24,8,,360000
scp,,40,1,penalty,mpoa,36,360000,6,True,25,9,,360000
scp,,40,1,penalty,mpoa,36,360000,6,True,26,8,,360000
scp,,40,1,penalty,mpoa,36,360000,6,True,27,7,,360000
scp,,40,1,penalty,mpoa,36,360000,6,True,28,8,,360000
scp,,40,1,penalty,mpoa,36,360000,6,True,29,8,,360000
scp,,40,1,penalty,mpoa,36,360000,6,True,30,7,,360000
scp,,40,0,penalty,poa,36,360000,6,True,0,9,,360000
scp,,40,0,penalty,poa,36,360000,6,True,1,8,,360000
scp,,40,0,penalty,poa,36,360000,6,True,2,8,,360000
scp,,40,0,penalty,poa,36,360000,6,True,3,9,,360000
scp,,40,0,penalty,poa,36,360000,6,True,4,8,,360000
scp,,40,0,penalty,poa,36,360000,6,True,5,11,,360000
scp,,40,0,penalty,poa,36,360000,6,True,6,8,,360000
scp,,40,0,penalty,poa,36,360000,6,True,7,8,,360000
scp,,40,0,penalty,poa,36,360000,6,True,8,7,,360000
scp,,40,0,penalty,poa,36,360000,6,True,9,9,,360000
scp,,40,0,penalty,poa,36,360000,6,True,10,9,,360000
scp,,40,0,penalty,poa,36,360000,6,True,11,10,,360000
scp,,40,0,penalty,poa,36,360000,6,True,12,8,,360000
scp,,40,0,penalty,poa,36,360000,6,True,13,9,,360000
scp,,40,0,penalty,poa,36,360000,6,True,14,10,,360000
scp,,40,0,penalty,poa,36,360000,6,True,15,9,,360000
scp,,40,0,penalty,poa,36,360000,6,True,16,9,,360000
scp,,40,0,penalty,poa,36,360000,6,True,17,10,,360000
scp,,40,0,penalty,poa,36,360000,6,True,18,10,,360000
scp,,40,0,penalty,poa,36,360000,6,True,19,9,,360000
scp,,40,0,penalty,poa,36,360000,6,True,20,8,,360000
scp,,40,0,penalty,poa,36,360000,6,True,21,9,,360000
scp,,40,0,penalty,poa,36,360000,6,True,22,11,,360000
scp,,40,0,penalty,poa,36,360000,6,True,23,9,,360000
scp,,40,0,penalty,poa,36,360000,6,True,24,10,,360000
scp,,40,0,penalty,poa,36,360000,6,True,25,9,,360000
scp,,40,0,penalty,poa,36,360000,6,True,26,8,,360000
scp,,40,0,penalty,poa,36,360000,6,True,27,9,,360000
scp,,40,0,penalty,poa,36,360000,6,True,28,10,,360000
scp,,40,0,penalty,poa,36,360000,6,True,29,8,,360000
scp,,40,0,penalty,poa,36,360000,6,True,30,8,,360000
scp,,40,2,penalty,mpoa,36,360000,6,True,0,6,242,242
scp,,40,2,penalty,mpoa,36,360000,6,True,1,7,,360000
scp,,40,2,penalty,mpoa,36,360000,6,True,2,7,,360000
scp,,40,2,penalty,mpoa,36,360000,6,True,3,8,,360000
scp,,40,2,penalty,mpoa,36,360000,6,True,4,7,,360000
scp,,40,2,penalty,mpoa,36,360000,6,True,5,8,,360000
scp,,40,2,penalty,mpoa,36,360000,6,True,6,7,,360000
scp,,40,2,penalty,mpoa,36,360000,6,True,7,6,92388,92388
scp,,40,2,penalty,mpoa,36,360000,6,True,8,6,218369,218369
scp,,40,2,penalty,mpoa,36,360000,6,True,9,7,,360000
scp,,40,2,penalty,mpoa,36,360000,6,True,10,8,,360000
scp,,40,2,penalty,mpoa,36,360000,6,True,11,6,307,307
scp,,40,2,penalty,mpoa,36,360000,6,True,12,8,,360000
scp,,40,2,penalty,mpoa,36,360000,6,True,13,8,,360000
scp,,40,2,penalty,mpoa,36,360000,6,True,14,6,283,283
scp,,40,2,penalty,mpoa,36,360000,6,True,15,7,,360000
scp,,40,2,penalty,mpoa,36,360000,6,True,16,7,,360000
scp,,40,2,penalty,mpoa,36,360000,6,True,17,6,75109,75109
scp,,40,2,penalty,mpoa,36,360000,6,True,18,7,,360000
scp,,40,2,penalty,mpoa,36,360000,6,True,19,7,,360000
scp,,40,2,penalty,mpoa,36,360000,6,True,20,7,,360000
scp,,40,2,penalty,mpoa,36,360000,6,True,21,7,,360000
scp,,40,2,penalty,mpoa,36,360000,6,True,22,8,,360000
scp,,40,2,penalty,mpoa,36,360000,6,True,23,8,,360000
scp,,40,2,penalty,mpoa,36,360000,6,True,24,7,,360000
scp,,40,2,penalty,mpoa,36,360000,6,True,25,9,,360000
scp,,40,2,penalty,mpoa,36,360000,6,True,26,7,,360000
scp,,40,2,penalty,mpoa,36,360000,6,True,27,8,,360000
scp,,40,2,penalty,mpoa,36,360000,6,True,28,7,,360000
scp,,40,2,penalty,mpoa,36,360000,6,True,29,7,,360000
scp,,40,2,penalty,mpoa,36,360000,6,True,30,8,,360000
knapsack,spanner,80,4,penalty,mpoa,80,800000,-22540,True,0,-22485,,800000
knapsack,spanner,80,4,penalty,mpoa,80,800000,-22540,True,1,-22470,,800000
knapsack,spanner,80,4,penalty,mpoa,80,800000,-22540,True,2,-22475,,800000
knapsack,spanner,80,4,penalty,mpoa,80,800000,-22540,True,3,-22470,,800000
knapsack,spanner,80,4,penalty,mpoa,80,800000,-22540,True,4,-22470,,800000
knapsack,spanner,80,4,penalty,mpoa,80,800000,-22540,True,5,-22485,,800000
knapsack,spanner,80,4,penalty,mpoa,80,800000,-22540,True,6,-22485,,800000
knapsack,spanner,80,4,penalty,mpoa,80,800000,-22540,True,7,-22465,,800000
knapsack,spanner,80,4,penalty,mpoa,80,800000,-22540,True,8,-22470,,800000
knapsack,spanner,80,4,penalty,mpoa,80,800000,-22540,True,9,-22485,,800000
knapsack,spanner,80,4,penalty,mpoa,80,800000,-22540,True,10,-22470,,800000
knapsack,spanner,80,4,penalty,mpoa,80,800000,-22540,True,11,-22470,,800000
knapsack,spanner,80,4,penalty,mpoa,80,800000,-22540,True,12,-22480,,800000
knapsack,spanner,80,4,penalty,mpoa,80,800000,-22540,True,13,-22470,,800000
knapsack,spanner,80,4,penalty,mpoa,80,800000,-22540,True,14,-22485,,800000
knapsack,spanner,80,4,penalty,mpoa,80,800000,-22540,True,15,-22490,,800000
knapsack,spanner,80,4,penalty,mpoa,80,800000,-22540,True,16,-22485,,800000
knapsack,spanner,80,4,penalty,mpoa,80,800000,-22540,True,17,-22485,,800000
knapsack,spanner,80,4,penalty,mpoa,80,800000,-22540,True,18,-22475,,800000
knapsack,spanner,80,4,penalty,mpoa,80,800000,-22540,True,19,-22485,,800000
knapsack,spanner,80,4,penalty,mpoa,80,800000,-22540,True,20,-22470,,800000
knapsack,spanner,80,4,penalty,mpoa,80,800000,-22540,True,21,-22490,,800000
knapsack,spanner,80,4,penalty,mpoa,80,800000,-22540,True,22,-22475,,800000
knapsack,spanner,80,4,penalty,mpoa,80,800000,-22540,True,23,-22485,,800000
knapsack,spanner,80,4,penalty,mpoa,80,800000,-22540,True,24,-22485,,800000
knapsack,spanner,80,4,penalty,mpoa,80,800000,-22540,True,25,-22470,,800000
knapsack,spanner,80,4,penalty,mpoa,80,800000,-22540,True,26,-22490,,800000
knapsack,spanner,80,4,penalty,mpoa,80,800000,-22540,True,27,-22470,,800000
knapsack,spanner,80,4,penalty,mpoa,80,800000,-22540,True,28,-22485,,800000
knapsack,spanner,80,4,penalty,mpoa,80,800000,-22540,True,29,-22465,,800000
knapsack,spanner,80,4,penalty,mpoa,80,800000,-22540,True,30,-22485,,800000
scp,,40,4,penalty,mpoa,36,360000,6,True,0,8,,360000
scp,,40,4,penalty,mpoa,36,360000,6,True,1,6,288,288
scp,,40,4,penalty,mpoa,36,360000,6,True,2,6,370,370
scp,,40,4,penalty,mpoa,36,360000,6,True,3,7,,360000
scp,,40,4,penalty,mpoa,36,360000,6,True,4,6,16854,16854
scp,,40,4,penalty,mpoa,36,360000,6,True,5,6,284,284
scp,,40,4,penalty,mpoa,36,360000,6,True,6,8,,360000
scp,,40,4,penalty,mpoa,36,360000,6,True,7,7,,360000
scp,,40,4,penalty,mpoa,36,360000,6,True,8,6,276,276
scp,,40,4,penalty,mpoa,36,360000,6,True,9,7,,360000
scp,,40,4,penalty,mpoa,36,360000,6,True,10,9,,360000
scp,,40,4,penalty,mpoa,36,360000,6,True,11,6,352,352
scp,,40,4,penalty,mpoa,36,360000,6,True,12,6,255,255
scp,,40,4,penalty,mpoa,36,360000,6,True,13,7,,360000
scp,,40,4,penalty,mpoa,36,360000,6,True,14,6,239219,239219
scp,,40,4,penalty,mpoa,36,360000,6,True,15,6,228428,228428
scp,,40,4,penalty,mpoa,36,360000,6,True,16,8,,360000
scp,,40,4,penalty,mpoa,36,360000,6,True,17,8,,360000
scp,,40,4,penalty,mpoa,36,360000,6,True,18,7,,360000
scp,,40,4,penalty,mpoa,36,360000,6,True,19,6,361,361
scp,,40,4,penalty,mpoa,36,360000,6,True,20,8,,360000
scp,,40,4,penalty,mpoa,36,360000,6,True,21,6,342,342
scp,,40,4,penalty,mpoa,36,360000,6,True,22,7,,360000
scp,,40,4,penalty,mpoa,36,360000,6,True,23,7,,360000
scp,,40,4,penalty,mpoa,36,360000,6,True,24,7,,360000
scp,,40,4,penalty,mpoa,36,360000,6,True,25,6,2534,2534
scp,,40,4,penalty,mpoa,36,360000,6,True,26,9,,360000
scp,,40,4,penalty,mpoa,36,360000,6,True,27,7,,360000
scp,,40,4,penalty,mpoa,36,360000,6,True,28,6,301148,301148
scp,,40,4,penalty,mpoa,36,360000,6,True,29,6,229,229
scp,,40,4,penalty,mpoa,36,360000,6,True,30,8,,360000
scp,,40,1,penalty,poa,36,360000,6,True,0,8,,360000
scp,,40,1,penalty,poa,36,360000,6,True,1,9,,360000
scp,,40,1,penalty,poa,36,360000,6,True,2,8,,360000
scp,,40,1,penalty,poa,36,360000,6,True,3,8,,360000
scp,,40,1,penalty,poa,36,360000,6,True,4,9,,360000
scp,,40,1,penalty,poa,36,360000,6,True,5,7,,360000
scp,,40,1,penalty,poa,36,360000,6,True,6,8,,360000
scp,,40,1,penalty,poa,36,360000,6,True,7,8,,360000
scp,,40,1,penalty,poa,36,360000,6,True,8,8,,360000
scp,,40,1,penalty,poa,36,360000,6,True,9,9,,360000
scp,,40,1,penalty,poa,36,360000,6,True,10,8,,360000
scp,,40,1,penalty,poa,36,360000,6,True,11,9,,360000
scp,,40,1,penalty,poa,36,360000,6,True,12,9,,360000
scp,,40,1,penalty,poa,36,360000,6,True,13,10,,360000
scp,,40,1,penalty,poa,36,360000,6,True,14,9,,360000
scp,,40,1,penalty,poa,36,360000,6,True,15,9,,360000
scp,,40,1,penalty,poa,36,360000,6,True,16,8,,360000
scp,,40,1,penalty,poa,36,360000,6,True,17,9,,360000
scp,,40,1,penalty,poa,36,360000,6,True,18,10,,360000
scp,,40,1,penalty,poa,36,360000,6,True,19,9,,360000
scp,,40,1,penalty,poa,36,360000,6,True,20,10,,360000
scp,,40,1,penalty,poa,36,360000,6,True,21,9,,360000
scp,,40,1,penalty,poa,36,360000,6,True,22,8,,360000
scp,,40,1,penalty,poa,36,360000,6,True,23,8,,360000
scp,,40,1,penalty,poa,36,360000,6,True,24,8,,360000
scp,,40,1,penalty,poa,36,360000,6,True,25,9,,360000
scp,,40,1,penalty,poa,36,360000,6,True,26,9,,360000
scp,,40,1,penalty,poa,36,360000,6,True,27,9,,360000
scp,,40,1,penalty,poa,36,360000,6,True,28,9,,360000
scp,,40,1,penalty,poa,36,360000,6,True,29,10,,360000
scp,,40,1,penalty,poa,36,360000,6,True,30,9,,360000
scp,,40,3,penalty,mpoa,36,360000,6,True,0,7,,360000
scp,,40,3,penalty,mpoa,36,360000,6,True,1,9,,360000
scp,,40,3,penalty,mpoa,36,360000,6,True,2,7,,360000
scp,,40,3,penalty,mpoa,36,360000,6,True,3,6,335,335
scp,,40,3,penalty,mpoa,36,360000,6,True,4,6,275,275
scp,,40,3,penalty,mpoa,36,360000,6,True,5,9,,360000
scp,,40,3,penalty,mpoa,36,360000,6,True,6,9,,360000
scp,,40,3,penalty,mpoa,36,360000,6,True,7,6,213753,213753
scp,,40,3,penalty,mpoa,36,360000,6,True,8,7,,360000
scp,,40,3,penalty,mpoa,36,360000,6,True,9,9,,360000
scp,,40,3,penalty,mpoa,36,360000,6,True,10,10,,360000
scp,,40,3,penalty,mpoa,36,360000,6,True,11,8,,360000
scp,,40,3,penalty,mpoa,36,360000,6,True,12,8,,360000
scp,,40,3,penalty,mpoa,36,360000,6,True,13,8,,360000
scp,,40,3,penalty,mpoa,36,360000,6,True,14,8,,360000
scp,,40,3,penalty,mpoa,36,360000,6,True,15,8,,360000
scp,,40,3,penalty,mpoa,36,360000,6,True,16,8,,360000
scp,,40,3,penalty,mpoa,36,360000,6,True,17,7,,360000
scp,,40,3,penalty,mpoa,36,360000,6,True,18,8,,360000
scp,,40,3,penalty,mpoa,36,360000,6,True,19,7,,360000
scp,,40,3,penalty,mpoa,36,360000,6,True,20,6,347,347
scp,,40,3,penalty,mpoa,36,360000,6,True,21,6,7081,7081
scp,,40,3,penalty,mpoa,36,360000,6,True,22,7,,360000
scp,,40,3,penalty,mpoa,36,360000,6,True,23,7,,360000
scp,,40,3,penalty,mpoa,36,360000,6,True,24,7,,360000
scp,,40,3,penalty,mpoa,36,360000,6,True,25,11,,360000
scp,,40,3,penalty,mpoa,36,360000,6,True,26,10,,360000
scp,,40,3,penalty,mpoa,36,360000,6,True,27,6,95408,95408
scp,,40,3,penalty,mpoa,36,360000,6,True,28,8,,360000
scp,,40,3,penalty,mpoa,36,360000,6,True,29,7,,360000
scp,,40,3,penalty,mpoa,36,360000,6,True,30,8,,360000
scp,,40,2,penalty,poa,36,360000,6,True,0,7,,360000
scp,,40,2,penalty,poa,36,360000,6,True,1,9,,360000
scp,,40,2,penalty,poa,36,360000,6,True,2,7,,360000
scp,,40,2,penalty,poa,36,360000,6,True,3,8,,360000
scp,,40,2,penalty,poa,36,360000,6,True,4,10,,360000
scp,,40,2,penalty,poa,36,360000,6,True,5,9,,360000
scp,,40,2,penalty,poa,36,360000,6,True,6,9,,360000
scp,,40,2,penalty,poa,36,360000,6,True,7,9,,360000
scp,,40,2,penalty,poa,36,360000,6,True,8,7,,360000
scp,,40,2,penalty,poa,36,360000,6,True,9,9,,360000
scp,,40,2,penalty,poa,36,360000,6,True,10,9,,360000
scp,,40,2,penalty,poa,36,360000,6,True,11,7,,360000
scp,,40,2,penalty,poa,36,360000,6,True,12,9,,360000
scp,,40,2,penalty,poa,36,360000,6,True,13,9,,360000
scp,,40,2,penalty,poa,36,360000,6,True,14,9,,360000
scp,,40,2,penalty,poa,36,360000,6,True,15,9,,360000
scp,,40,2,penalty,poa,36,360000,6,True,16,10,,360000
scp,,40,2,penalty,poa,36,360000,6,True,17,9,,360000
scp,,40,2,penalty,poa,36,360000,6,True,18,9,,360000
scp,,40,2,penalty,poa,36,360000,6,True,19,8,,360000
scp,,40,2,penalty,poa,36,360000,6,True,20,8,,360000
scp,,40,2,penalty,poa,36,360000,6,True,21,8,,360000
scp,,40,2,penalty,poa,36,360000,6,True,22,10,,360000
scp,,40,2,penalty,poa,36,360000,6,True,23,9,,360000
scp,,40,2,penalty,poa,36,360000,6,True,24,8,,360000
scp,,40,2,penalty,poa,36,360000,6,True,25,10,,360000
scp,,40,2,penalty,poa,36,360000,6,True,26,8,,360000
scp,,40,2,penalty,poa,36,360000,6,True,27,10,,360000
scp,,40,2,penalty,poa,36,360000,6,True,28,9,,360000
scp,,40,2,penalty,poa,36,360000,6,True,29,11,,360000
scp,,40,2,penalty,poa,36,360000,6,True,30,10,,360000
scp,,40,3,penalty,poa,36,360000,6,True,0,10,,360000
scp,,40,3,penalty,poa,36,360000,6,True,1,11,,360000
scp,,40,3,penalty,poa,36,360000,6,True,2,7,,360000
scp,,40,3,penalty,poa,36,360000,6,True,3,9,,360000
scp,,40,3,penalty,poa,36,360000,6,True,4,9,,360000
scp,,40,3,penalty,poa,36,360000,6,True,5,9,,360000
scp,,40,3,penalty,poa,36,360000,6,True,6,11,,360000
scp,,40,3,penalty,poa,36,360000,6,True,7,8,,360000
scp,,40,3,penalty,poa,36,360000,6,True,8,8,,360000
scp,,40,3,penalty,poa,36,360000,6,True,9,10,,360000
scp,,40,3,penalty,poa,36,360000,6,True,10,10,,360000
scp,,40,3,penalty,poa,36,360000,6,True,11,8,,360000
scp,,40,3,penalty,poa,36,360000,6,True,12,9,,360000
scp,,40,3,penalty,poa,36,360000,6,True,13,7,,360000
scp,,40,3,penalty,poa,36,360000,6,True,14,8,,360000
scp,,40,3,penalty,poa,36,360000,6,True,15,8,,360000
scp,,40,3,penalty,poa,36,360000,6,True,16,9,,360000
scp,,40,3,penalty,poa,36,360000,6,True,17,9,,360000
scp,,40,3,penalty,poa,36,360000,6,True,18,9,,360000
scp,,40,3,penalty,poa,36,360000,6,True,19,10,,360000
scp,,40,3,penalty,poa,36,360000,6,True,20,10,,360000
scp,,40,3,penalty,poa,36,360000,6,True,21,9,,360000
scp,,40,3,penalty,poa,36,360000,6,True,22,10,,360000
scp,,40,3,penalty,poa,36,360000,6,True,23,9,,360000
scp,,40,3,penalty,poa,36,360000,6,True,24,8,,360000
scp,,40,3,penalty,poa,36,360000,6,True,25,11,,360000
scp,,40,3,penalty,poa,36,360000,6,True,26,9,,360000
scp,,40,3,penalty,poa,36,360000,6,True,27,9,,360000
scp,,40,3,penalty,poa,36,360000,6,True,28,8,,360000
scp,,40,3,penalty,poa,36,360000,6,True,29,7,,360000
scp,,40,3,penalty,poa,36,360000,6,True,30,11,,360000
knapsack,inverse,120,4,penalty,poa,120,1200000,-32150,True,0,-31007,,1200000
knapsack,inverse,120,4,penalty,poa,120,1200000,-32150,True,1,-30977,,1200000
knapsack,inverse,120,4,penalty,poa,120,1200000,-32150,True,2,-30841,,1200000
knapsack,inverse,120,4,penalty,poa,120,1200000,-32150,True,3,-31069,,1200000
knapsack,inverse,120,4,penalty,poa,120,1200000,-32150,True,4,-31001,,1200000
knapsack,inverse,120,4,penalty,poa,120,1200000,-32150,True,5,-31041,,1200000
knapsack,inverse,120,4,penalty,poa,120,1200000,-32150,True,6,-31146,,1200000
knapsack,inverse,120,4,penalty,poa,120,1200000,-32150,True,7,-31008,,1200000
knapsack,inverse,120,4,penalty,poa,120,1200000,-32150,True,8,-31039,,1200000
knapsack,inverse,120,4,penalty,poa,120,1200000,-32150,True,9,-31006,,1200000
knapsack,inverse,120,4,penalty,poa,120,1200000,-32150,True,10,-30988,,1200000
knapsack,inverse,120,4,penalty,poa,120,1200000,-32150,True,11,-30950,,1200000
knapsack,inverse,120,4,penalty,poa,120,1200000,-32150,True,12,-31125,,1200000
knapsack,inverse,120,4,penalty,poa,120,1200000,-32150,True,13,-31074,,1200000
knapsack,inverse,120,4,penalty,poa,120,1200000,-32150,True,14,-31070,,1200000
knapsack,inverse,120,4,penalty,poa,120,1200000,-32150,True,15,-30897,,1200000
knapsack,inverse,120,4,penalty,poa,120,1200000,-32150,True,16,-30949,,1200000
knapsack,inverse,120,4,penalty,poa,120,1200000,-32150,True,17,-30966,,1200000
knapsack,inverse,120,4,penalty,poa,120,1200000,-32150,True,18,-30993,,1200000
knapsack,inverse,120,4,penalty,poa,120,1200000,-32150,True,19,-30975,,1200000
knapsack,inverse,120,4,penalty,poa,120,1200000,-32150,True,20,-31047,,1200000
knapsack,inverse,120,4,penalty,poa,120,1200000,-32150,True,21,-31144,,1200000
knapsack,inverse,120,4,penalty,poa,120,1200000,-32150,True,22,-31142,,1200000
knapsack,inverse,120,4,penalty,poa,120,1200000,-32150,True,23,-30909,,1200000
knapsack,inverse,120,4,penalty,poa,120,1200000,-32150,True,24,-31083,,1200000
knapsack,inverse,120,4,penalty,poa,120,1200000,-32150,True,25,-31132,,1200000
knapsack,inverse,120,4,penalty,poa,120,1200000,-32150,True,26,-31136,,1200000
knapsack,inverse,120,4,penalty,poa,120,1200000,-32150,True,27,-31075,,1200000
knapsack,inverse,120,4,penalty,poa,120,1200000,-32150,True,28,-30968,,1200000
knapsack,inverse,120,4,penalty,poa,120,1200000,-32150,True,29,-31047,,1200000
knapsack,inverse,120,4,penalty,poa,120,1200000,-32150,True,30,-30978,,1200000
scp,,40,4,penalty,poa,36,360000,6,True,0,11,,360000
scp,,40,4,penalty,poa,36,360000,6,True,1,7,,360000
scp,,40,4,penalty,poa,36,360000,6,True,2,10,,360000
scp,,40,4,penalty,poa,36,360000,6,True,3,8,,360000
scp,,40,4,penalty,poa,36,360000,6,True,4,10,,360000
scp,,40,4,penalty,poa,36,360000,6,True,5,9,,360000
scp,,40,4,penalty,poa,36,360000,6,True,6,10,,360000
scp,,40,4,penalty,poa,36,360000,6,True,7,7,,360000
scp,,40,4,penalty,poa,36,360000,6,True,8,7,,360000
scp,,40,4,penalty,poa,36,360000,6,True,9,10,,360000
scp,,40,4,penalty,poa,36,360000,6,True,10,10,,360000
scp,,40,4,penalty,poa,36,360000,6,True,11,10,,360000
scp,,40,4,penalty,poa,36,360000,6,True,12,9,,360000
scp,,40,4,penalty,poa,36,360000,6,True,13,11,,360000
scp,,40,4,penalty,poa,36,360000,6,True,14,11,,360000
scp,,40,4,penalty,poa,36,360000,6,True,15,10,,360000
scp,,40,4,penalty,poa,36,360000,6,True,16,10,,360000
scp,,40,4,penalty,poa,36,360000,6,True,17,10,,360000
scp,,40,4,penalty,poa,36,360000,6,True,18,10,,360000
scp,,40,4,penalty,poa,36,360000,6,True,19,7,,360000
scp,,40,4,penalty,poa,36,360000,6,True,20,8,,360000
scp,,40,4,penalty,poa,36,360000,6,True,21,8,,360000
scp,,40,4,penalty,poa,36,360000,6,True,22,9,,360000
scp,,40,4,penalty,poa,36,360000,6,True,23,9,,360000
scp,,40,4,penalty,poa,36,360000,6,True,24,11,,360000
scp,,40,4,penalty,poa,36,360000,6,True,25,9,,360000
scp,,40,4,penalty,poa,36,360000,6,True,26,9,,360000
scp,,40,4,penalty,poa,36,360000,6,True,27,7,,360000
scp,,40,4,penalty,poa,36,360000,6,True,28,8,,360000
scp,,40,4,penalty,poa,36,360000,6,True,29,11,,360000
scp,,40,4,penalty,poa,36,360000,6,True,30,10,,360000
knapsack,spanner,80,0,penalty,poa,80,800000,-10965,True,0,-10728,,800000
knapsack,spanner,80,0,penalty,poa,80,800000,-10965,True,1,-10743,,800000
knapsack,spanner,80,0,penalty,poa,80,800000,-10965,True,2,-10824,,800000
knapsack,spanner,80,0,penalty,poa,80,800000,-10965,True,3,-10743,,800000
knapsack,spanner,80,0,penalty,poa,80,800000,-10965,True,4,-10758,,800000
knapsack,spanner,80,0,penalty,poa,80,800000,-10965,True,5,-10839,,800000
knapsack,spanner,80,0,penalty,poa,80,800000,-10965,True,6,-10839,,800000
knapsack,spanner,80,0,penalty,poa,80,800000,-10965,True,7,-10743,,800000
knapsack,spanner,80,0,penalty,poa,80,800000,-10965,True,8,-10785,,800000
knapsack,spanner,80,0,penalty,poa,80,800000,-10965,True,9,-10839,,800000
knapsack,spanner,80,0,penalty,poa,80,800000,-10965,True,10,-10860,,800000
knapsack,spanner,80,0,penalty,poa,80,800000,-10965,True,11,-10743,,800000
knapsack,spanner,80,0,penalty,poa,80,800000,-10965,True,12,-10764,,800000
knapsack,spanner,80,0,penalty,poa,80,800000,-10965,True,13,-10764,,800000
knapsack,spanner,80,0,penalty,poa,80,800000,-10965,True,14,-10758,,800000
knapsack,spanner,80,0,penalty,poa,80,800000,-10965,True,15,-10809,,800000
knapsack,spanner,80,0,penalty,poa,80,800000,-10965,True,16,-10713,,800000
knapsack,spanner,80,0,penalty,poa,80,800000,-10965,True,17,-10683,,800000
knapsack,spanner,80,0,penalty,poa,80,800000,-10965,True,18,-10734,,800000
knapsack,spanner,80,0,penalty,poa,80,800000,-10965,True,19,-10743,,800000
knapsack,spanner,80,0,penalty,poa,80,800000,-10965,True,20,-10839,,800000
knapsack,spanner,80,0,penalty,poa,80,800000,-10965,True,21,-10743,,800000
knapsack,spanner,80,0,penalty,poa,80,800000,-10965,True,22,-10779,,800000
knapsack,spanner,80,0,penalty,poa,80,800000,-10965,True,23,-10743,,800000
knapsack,spanner,80,0,penalty,poa,80,800000,-10965,True,24,-10734,,800000
knapsack,spanner,80,0,penalty,poa,80,800000,-10965,True,25,-10890,,800000
knapsack,spanner,80,0,penalty,poa,80,800000,-10965,True,26,-10860,,800000
knapsack,spanner,80,0,penalty,poa,80,800000,-10965,True,27,-10743,,800000
knapsack,spanner,80,0,penalty,poa,80,800000,-10965,True,28,-10758,,800000
knapsack,spanner,80,0,penalty,poa,80,800000,-10965,True,29,-10779,,800000
knapsack,spanner,80,0,penalty,poa,80,800000,-10965,True,30,-10689,,800000
scp,,60,1,penalty,mpoa,60,600000,10,True,0,13,,600000
scp,,60,1,penalty,mpoa,60,600000,10,True,1,15,,600000
scp,,60,1,penalty,mpoa,60,600000,10,True,2,14,,600000
scp,,60,1,penalty,mpoa,60,600000,10,True,3,11,,600000
scp,,60,1,penalty,mpoa,60,600000,10,True,4,11,,600000
scp,,60,1,penalty,mpoa,60,600000,10,True,5,12,,600000
scp,,60,1,penalty,mpoa,60,600000,10,True,6,14,,600000
scp,,60,1,penalty,mpoa,60,600000,10,True,7,12,,600000
scp,,60,1,penalty,mpoa,60,600000,10,True,8,12,,600000
scp,,60,1,penalty,mpoa,60,600000,10,True,9,12,,600000
scp,,60,1,penalty,mpoa,60,600000,10,True,10,12,,600000
scp,,60,1,penalty,mpoa,60,600000,10,True,11,16,,600000
scp,,60,1,penalty,mpoa,60,600000,10,True,12,10,713,713
scp,,60,1,penalty,mpoa,60,600000,10,True,13,12,,600000
scp,,60,1,penalty,mpoa,60,600000,10,True,14,12,,600000
scp,,60,1,penalty,mpoa,60,600000,10,True,15,12,,600000
scp,,60,1,penalty,mpoa,60,600000,10,True,16,12,,600000
scp,,60,1,penalty,mpoa,60,600000,10,True,17,13,,600000
scp,,60,1,penalty,mpoa,60,600000,10,True,18,13,,600000
scp,,60,1,penalty,mpoa,60,600000,10,True,19,14,,600000
scp,,60,1,penalty,mpoa,60,600000,10,True,20,12,,600000
scp,,60,1,penalty,mpoa,60,600000,10,True,21,15,,600000
scp,,60,1,penalty,mpoa,60,600000,10,True,22,14,,600000
scp,,60,1,penalty,mpoa,60,600000,10,True,23,16,,600000
scp,,60,1,penalty,mpoa,60,600000,10,True,24,13,,600000
scp,,60,1,penalty,mpoa,60,600000,10,True,25,12,,600000
scp,,60,1,penalty,mpoa,60,600000,10,True,26,14,,600000
scp,,60,1,penalty,mpoa,60,600000,10,True,27,13,,600000
scp,,60,1,penalty,mpoa,60,600000,10,True,28,12,,600000
scp,,60,1,penalty,mpoa,60,600000,10,True,29,15,,600000
scp,,60,1,penalty,mpoa,60,600000,10,True,30,12,,600000
scp,,60,0,penalty,mpoa,60,600000,10,True,0,15,,600000
scp,,60,0,penalty,mpoa,60,600000,10,True,1,13,,600000
scp,,60,0,penalty,mpoa,60,600000,10,True,2,13,,600000
scp,,60,0,penalty,mpoa,60,600000,10,True,3,13,,600000
scp,,60,0,penalty,mpoa,60,600000,10,True,4,12,,600000
scp,,60,0,penalty,mpoa,60,600000,10,True,5,14,,600000
scp,,60,0,penalty,mpoa,60,600000,10,True,6,14,,600000
scp,,60,0,penalty,mpoa,60,600000,10,True,7,14,,600000
scp,,60,0,penalty,mpoa,60,600000,10,True,8,13,,600000
scp,,60,0,penalty,mpoa,60,600000,10,True,9,11,,600000
scp,,60,0,penalty,mpoa,60,600000,10,True,10,14,,600000
scp,,60,0,penalty,mpoa,60,600000,10,True,11,15,,600000
scp,,60,0,penalty,mpoa,60,600000,10,True,12,13,,600000
scp,,60,0,penalty,mpoa,60,600000,10,True,13,16,,600000
scp,,60,0,penalty,mpoa,60,600000,10,True,14,12,,600000
scp,,60,0,penalty,mpoa,60,600000,10,True,15,13,,600000
scp,,60,0,penalty,mpoa,60,600000,10,True,16,14,,600000
scp,,60,0,penalty,mpoa,60,600000,10,True,17,13,,600000
scp,,60,0,penalty,mpoa,60,600000,10,True,18,12,,600000
scp,,60,0,penalty,mpoa,60,600000,10,True,19,13,,600000
scp,,60,0,penalty,mpoa,60,600000,10,True,20,14,,600000
scp,,60,0,penalty,mpoa,60,600000,10,True,21,13,,600000
scp,,60,0,penalty,mpoa,60,600000,10,True,22,15,,600000
scp,,60,0,penalty,mpoa,60,600000,10,True,23,13,,600000
scp,,60,0,penalty,mpoa,60,600000,10,True,24,13,,600000
scp,,60,0,penalty,mpoa,60,600000,10,True,25,14,,600000
scp,,60,0,penalty,mpoa,60,600000,10,True,26,12,,600000
scp,,60,0,penalty,mpoa,60,600000,10,True,27,14,,600000
scp,,60,0,penalty,mpoa,60,600000,10,True,28,13,,600000
scp,,60,0,penalty,mpoa,60,600000,10,True,29,16,,600000
scp,,60,0,penalty,mpoa,60,600000,10,True,30,12,,600000
knapsack,spanner,80,1,penalty,poa,80,800000,-15192,True,0,-15052,,800000
knapsack,spanner,80,1,penalty,poa,80,800000,-15192,True,1,-15068,,800000
knapsack,spanner,80,1,penalty,poa,80,800000,-15192,True,2,-15044,,800000
knapsack,spanner,80,1,penalty,poa,80,800000,-15192,True,3,-15052,,800000
knapsack,spanner,80,1,penalty,poa,80,800000,-15192,True,4,-15048,,800000
knapsack,spanner,80,1,penalty,poa,80,800000,-15192,True,5,-15048,,800000
knapsack,spanner,80,1,penalty,poa,80,800000,-15192,True,6,-15060,,800000
knapsack,spanner,80,1,penalty,poa,80,800000,-15192,True,7,-15060,,800000
knapsack,spanner,80,1,penalty,poa,80,800000,-15192,True,8,-15084,,800000
knapsack,spanner,80,1,penalty,poa,80,800000,-15192,True,9,-15052,,800000
knapsack,spanner,80,1,penalty,poa,80,800000,-15192,True,10,-15112,,800000
knapsack,spanner,80,1,penalty,poa,80,800000,-15192,True,11,-15076,,800000
knapsack,spanner,80,1,penalty,poa,80,800000,-15192,True,12,-15056,,800000
knapsack,spanner,80,1,penalty,poa,80,800000,-15192,True,13,-15056,,800000
knapsack,spanner,80,1,penalty,poa,80,800000,-15192,True,14,-15120,,800000
knapsack,spanner,80,1,penalty,poa,80,800000,-15192,True,15,-15104,,800000
knapsack,spanner,80,1,penalty,poa,80,800000,-15192,True,16,-15040,,800000
knapsack,spanner,80,1,penalty,poa,80,800000,-15192,True,17,-15036,,800000
knapsack,spanner,80,1,penalty,poa,80,800000,-15192,True,18,-15044,,800000
knapsack,spanner,80,1,penalty,poa,80,800000,-15192,True,19,-15044,,800000
knapsack,spanner,80,1,penalty,poa,80,800000,-15192,True,20,-15052,,800000
knapsack,spanner,80,1,penalty,poa,80,800000,-15192,True,21,-15104,,800000
knapsack,spanner,80,1,penalty,poa,80,800000,-15192,True,22,-15104,,800000
knapsack,spanner,80,1,penalty,poa,80,800000,-15192,True,23,-15112,,800000
knapsack,spanner,80,1,penalty,poa,80,800000,-15192,True,24,-15048,,800000
knapsack,spanner,80,1,penalty,poa,80,800000,-15192,True,25,-15060,,800000
knapsack,spanner,80,1,penalty,poa,80,800000,-15192,True,26,-15044,,800000
knapsack,spanner,80,1,penalty,poa,80,800000,-15192,True,27,-15064,,800000
knapsack,spanner,80,1,penalty,poa,80,800000,-15192,True,28,-15056,,800000
knapsack,spanner,80,1,penalty,poa,80,800000,-15192,True,29,-15052,,800000
knapsack,spanner,80,1,penalty,poa,80,800000,-15192,True,30,-15112,,800000
knapsack,spanner,80,2,penalty,poa,80,800000,-20171,True,0,-20110,,800000
knapsack,spanner,80,2,penalty,poa,80,800000,-20171,True,1,-20110,,800000
knapsack,spanner,80,2,penalty,poa,80,800000,-20171,True,2,-20101,,800000
knapsack,spanner,80,2,penalty,poa,80,800000,-20171,True,3,-20101,,800000
knapsack,spanner,80,2,penalty,poa,80,800000,-20171,True,4,-20110,,800000
knapsack,spanner,80,2,penalty,poa,80,800000,-20171,True,5,-20120,,800000
knapsack,spanner,80,2,penalty,poa,80,800000,-20171,True,6,-20110,,800000
knapsack,spanner,80,2,penalty,poa,80,800000,-20171,True,7,-20110,,800000
knapsack,spanner,80,2,penalty,poa,80,800000,-20171,True,8,-20110,,800000
knapsack,spanner,80,2,penalty,poa,80,800000,-20171,True,9,-20110,,800000
knapsack,spanner,80,2,penalty,poa,80,800000,-20171,True,10,-20122,,800000
knapsack,spanner,80,2,penalty,poa,80,800000,-20171,True,11,-20110,,800000
knapsack,spanner,80,2,penalty,poa,80,800000,-20171,True,12,-20120,,800000
knapsack,spanner,80,2,penalty,poa,80,800000,-20171,True,13,-20101,,800000
knapsack,spanner,80,2,penalty,poa,80,800000,-20171,True,14,-20110,,800000
knapsack,spanner,80,2,penalty,poa,80,800000,-20171,True,15,-20101,,800000
knapsack,spanner,80,2,penalty,poa,80,800000,-20171,True,16,-20110,,800000
knapsack,spanner,80,2,penalty,poa,80,800000,-20171,True,17,-20110,,800000
knapsack,spanner,80,2,penalty,poa,80,800000,-20171,True,18,-20110,,800000
knapsack,spanner,80,2,penalty,poa,80,800000,-20171,True,19,-20130,,800000
knapsack,spanner,80,2,penalty,poa,80,800000,-20171,True,20,-20111,,800000
knapsack,spanner,80,2,penalty,poa,80,800000,-20171,True,21,-20102,,800000
knapsack,spanner,80,2,penalty,poa,80,800000,-20171,True,22,-20111,,800000
knapsack,spanner,80,2,penalty,poa,80,800000,-20171,True,23,-20121,,800000
knapsack,spanner,80,2,penalty,poa,80,800000,-20171,True,24,-20110,,800000
knapsack,spanner,80,2,penalty,poa,80,800000,-20171,True,25,-20110,,800000
knapsack,spanner,80,2,penalty,poa,80,800000,-20171,True,26,-20120,,800000
knapsack,spanner,80,2,penalty,poa,80,800000,-20171,True,27,-20100,,800000
knapsack,spanner,80,2,penalty,poa,80,800000,-20171,True,28,-20110,,800000
knapsack,spanner,80,2,penalty,poa,80,800000,-20171,True,29,-20101,,800000
knapsack,spanner,80,2,penalty,poa,80,800000,-20171,True,30,-20110,,800000
scp,,60,2,penalty,mpoa,60,600000,10,True,0,13,,600000
scp,,60,2,penalty,mpoa,60,600000,10,True,1,14,,600000
scp,,60,2,penalty,mpoa,60,600000,10,True,2,14,,600000
scp,,60,2,penalty,mpoa,60,600000,10,True,3,13,,600000
scp,,60,2,penalty,mpoa,60,600000,10,True,4,12,,600000
scp,,60,2,penalty,mpoa,60,600000,10,True,5,15,,600000
scp,,60,2,penalty,mpoa,60,600000,10,True,6,14,,600000
scp,,60,2,penalty,mpoa,60,600000,10,True,7,14,,600000
scp,,60,2,penalty,mpoa,60,600000,10,True,8,15,,600000
scp,,60,2,penalty,mpoa,60,600000,10,True,9,13,,600000
scp,,60,2,penalty,mpoa,60,600000,10,True,10,14,,600000
scp,,60,2,penalty,mpoa,60,600000,10,True,11,15,,600000
scp,,60,2,penalty,mpoa,60,600000,10,True,12,14,,600000
scp,,60,2,penalty,mpoa,60,600000,10,True,13,12,,600000
scp,,60,2,penalty,mpoa,60,600000,10,True,14,13,,600000
scp,,60,2,penalty,mpoa,60,600000,10,True,15,12,,600000
scp,,60,2,penalty,mpoa,60,600000,10,True,16,12,,600000
scp,,60,2,penalty,mpoa,60,600000,10,True,17,14,,600000
scp,,60,2,penalty,mpoa,60,600000,10,True,18,15,,600000
scp,,60,2,penalty,mpoa,60,600000,10,True,19,12,,600000
scp,,60,2,penalty,mpoa,60,600000,10,True,20,14,,600000
scp,,60,2,penalty,mpoa,60,600000,10,True,21,14,,600000
scp,,60,2,penalty,mpoa,60,600000,10,True,22,15,,600000
scp,,60,2,penalty,mpoa,60,600000,10,True,23,12,,600000
scp,,60,2,penalty,mpoa,60,600000,10,True,24,14,,600000
scp,,60,2,penalty,mpoa,60,600000,10,True,25,14,,600000
scp,,60,2,penalty,mpoa,60,600000,10,True,26,15,,600000
scp,,60,2,penalty,mpoa,60,600000,10,True,27,13,,600000
scp,,60,2,penalty,mpoa,60,600000,10,True,28,15,,600000
scp,,60,2,penalty,mpoa,60,600000,10,True,29,12,,600000
scp,,60,2,penalty,mpoa,60,600000,10,True,30,13,,600000
scp,,60,3,penalty,mpoa,60,600000,10,True,0,15,,600000
scp,,60,3,penalty,mpoa,60,600000,10,True,1,13,,600000
scp,,60,3,penalty,mpoa,60,600000,10,True,2,17,,600000
scp,,60,3,penalty,mpoa,60,600000,10,True,3,13,,600000
scp,,60,3,penalty,mpoa,60,600000,10,True,4,15,,600000
scp,,60,3,penalty,mpoa,60,600000,10,True,5,13,,600000
scp,,60,3,penalty,mpoa,60,600000,10,True,6,14,,600000
scp,,60,3,penalty,mpoa,60,600000,10,True,7,15,,600000
scp,,60,3,penalty,mpoa,60,600000,10,True,8,15,,600000
scp,,60,3,penalty,mpoa,60,600000,10,True,9,11,,600000
scp,,60,3,penalty,mpoa,60,600000,10,True,10,13,,600000
scp,,60,3,penalty,mpoa,60,600000,10,True,11,12,,600000
scp,,60,3,penalty,mpoa,60,600000,10,True,12,16,,600000
scp,,60,3,penalty,mpoa,60,600000,10,True,13,15,,600000
scp,,60,3,penalty,mpoa,60,600000,10,True,14,13,,600000
scp,,60,3,penalty,mpoa,60,600000,10,True,15,18,,600000
scp,,60,3,penalty,mpoa,60,600000,10,True,16,18,,600000
scp,,60,3,penalty,mpoa,60,600000,10,True,17,11,,600000
scp,,60,3,penalty,mpoa,60,600000,10,True,18,12,,600000
scp,,60,3,penalty,mpoa,60,600000,10,True,19,12,,600000
scp,,60,3,penalty,mpoa,60,600000,10,True,20,15,,600000
scp,,60,3,penalty,mpoa,60,600000,10,True,21,14,,600000
scp,,60,3,penalty,mpoa,60,600000,10,True,22,12,,600000
scp,,60,3,penalty,mpoa,60,600000,10,True,23,14,,600000
scp,,60,3,penalty,mpoa,60,600000,10,True,24,16,,600000
scp,,60,3,penalty,mpoa,60,600000,10,True,25,13,,600000
scp,,60,3,penalty,mpoa,60,600000,10,True,26,15,,600000
scp,,60,3,penalty,mpoa,60,600000,10,True,27,13,,600000
scp,,60,3,penalty,mpoa,60,600000,10,True,28,16,,600000
scp,,60,3,penalty,mpoa,60,600000,10,True,29,14,,600000
scp,,60,3,penalty,mpoa,60,600000,10,True,30,13,,600000
knapsack,spanner,80,3,penalty,poa,80,800000,-12133,True,0,-11867,,800000
knapsack,spanner,80,3,penalty,poa,80,800000,-12133,True,1,-11919,,800000
knapsack,spanner,80,3,penalty,poa,80,800000,-12133,True,2,-11893,,800000
knapsack,spanner,80,3,penalty,poa,80,800000,-12133,True,3,-11893,,800000
knapsack,spanner,80,3,penalty,poa,80,800000,-12133,True,4,-11838,,800000
knapsack,spanner,80,3,penalty,poa,80,800000,-12133,True,5,-11899,,800000
knapsack,spanner,80,3,penalty,poa,80,800000,-12133,True,6,-11844,,800000
knapsack,spanner,80,3,penalty,poa,80,800000,-12133,True,7,-11893,,800000
knapsack,spanner,80,3,penalty,poa,80,800000,-12133,True,8,-11893,,800000
knapsack,spanner,80,3,penalty,poa,80,800000,-12133,True,9,-11873,,800000
knapsack,spanner,80,3,penalty,poa,80,800000,-12133,True,10,-11899,,800000
knapsack,spanner,80,3,penalty,poa,80,800000,-12133,True,11,-11841,,800000
knapsack,spanner,80,3,penalty,poa,80,800000,-12133,True,12,-11864,,800000
knapsack,spanner,80,3,penalty,poa,80,800000,-12133,True,13,-11893,,800000
knapsack,spanner,80,3,penalty,poa,80,800000,-12133,True,14,-11847,,800000
knapsack,spanner,80,3,penalty,poa,80,800000,-12133,True,15,-11870,,800000
knapsack,spanner,80,3,penalty,poa,80,800000,-12133,True,16,-11922,,800000
knapsack,spanner,80,3,penalty,poa,80,800000,-12133,True,17,-11899,,800000
knapsack,spanner,80,3,penalty,poa,80,800000,-12133,True,18,-11841,,800000
knapsack,spanner,80,3,penalty,poa,80,800000,-12133,True,19,-11893,,800000
knapsack,spanner,80,3,penalty,poa,80,800000,-12133,True,20,-11948,,800000
knapsack,spanner,80,3,penalty,poa,80,800000,-12133,True,21,-11890,,800000
knapsack,spanner,80,3,penalty,poa,80,800000,-12133,True,22,-11844,,800000
knapsack,spanner,80,3,penalty,poa,80,800000,-12133,True,23,-11841,,800000
knapsack,spanner,80,3,penalty,poa,80,800000,-12133,True,24,-11870,,800000
knapsack,spanner,80,3,penalty,poa,80,800000,-12133,True,25,-11876,,800000
knapsack,spanner,80,3,penalty,poa,80,800000,-12133,True,26,-11867,,800000
knapsack,spanner,80,3,penalty,poa,80,800000,-12133,True,27,-11899,,800000
knapsack,spanner,80,3,penalty,poa,80,800000,-12133,True,28,-11925,,800000
knapsack,spanner,80,3,penalty,poa,80,800000,-12133,True,29,-11945,,800000
knapsack,spanner,80,3,penalty,poa,80,800000,-12133,True,30,-11974,,800000
scp,,60,4,penalty,mpoa,60,600000,10,True,0,13,,600000
scp,,60,4,penalty,mpoa,60,600000,10,True,1,15,,600000
scp,,60,4,penalty,mpoa,60,600000,10,True,2,17,,600000
scp,,60,4,penalty,mpoa,60,600000,10,True,3,15,,600000
scp,,60,4,penalty,mpoa,60,600000,10,True,4,15,,600000
scp,,60,4,penalty,mpoa,60,600000,10,True,5,12,,600000
scp,,60,4,penalty,mpoa,60,600000,10,True,6,16,,600000
scp,,60,4,penalty,mpoa,60,600000,10,True,7,12,,600000
scp,,60,4,penalty,mpoa,60,600000,10,True,8,14,,600000
scp,,60,4,penalty,mpoa,60,600000,10,True,9,14,,600000
scp,,60,4,penalty,mpoa,60,600000,10,True,10,17,,600000
scp,,60,4,penalty,mpoa,60,600000,10,True,11,14,,600000
scp,,60,4,penalty,mpoa,60,600000,10,True,12,14,,600000
scp,,60,4,penalty,mpoa,60,600000,10,True,13,15,,600000
scp,,60,4,penalty,mpoa,60,600000,10,True,14,14,,600000
scp,,60,4,penalty,mpoa,60,600000,10,True,15,14,,600000
scp,,60,4,penalty,mpoa,60,600000,10,True,16,18,,600000
scp,,60,4,penalty,mpoa,60,600000,10,True,17,13,,600000
scp,,60,4,penalty,mpoa,60,600000,10,True,18,13,,600000
scp,,60,4,penalty,mpoa,60,600000,10,True,19,13,,600000
scp,,60,4,penalty,mpoa,60,600000,10,True,20,15,,600000
scp,,60,4,penalty,mpoa,60,600000,10,True,21,13,,600000
scp,,60,4,penalty,mpoa,60,600000,10,True,22,19,,600000
scp,,60,4,penalty,mpoa,60,600000,10,True,23,16,,600000
scp,,60,4,penalty,mpoa,60,600000,10,True,24,14,,600000
scp,,60,4,penalty,mpoa,60,600000,10,True,25,14,,600000
scp,,60,4,penalty,mpoa,60,600000,10,True,26,14,,600000
scp,,60,4,penalty,mpoa,60,600000,10,True,27,12,,600000
scp,,60,4,penalty,mpoa,60,600000,10,True,28,17,,600000
scp,,60,4,penalty,mpoa,60,600000,10,True,29,15,,600000
scp,,60,4,penalty,mpoa,60,600000,10,True,30,16,,600000
knapsack,spanner,80,4,penalty,poa,80,800000,-22540,True,0,-22490,,800000
knapsack,spanner,80,4,penalty,poa,80,800000,-22540,True,1,-22485,,800000
knapsack,spanner,80,4,penalty,poa,80,800000,-22540,True,2,-22475,,800000
knapsack,spanner,80,4,penalty,poa,80,800000,-22540,True,3,-22470,,800000
knapsack,spanner,80,4,penalty,poa,80,800000,-22540,True,4,-22485,,800000
knapsack,spanner,80,4,penalty,poa,80,800000,-22540,True,5,-22485,,800000
knapsack,spanner,80,4,penalty,poa,80,800000,-22540,True,6,-22485,,800000
knapsack,spanner,80,4,penalty,poa,80,800000,-22540,True,7,-22470,,800000
knapsack,spanner,80,4,penalty,poa,80,800000,-22540,True,8,-22470,,800000
knapsack,spanner,80,4,penalty,poa,80,800000,-22540,True,9,-22485,,800000
knapsack,spanner,80,4,penalty,poa,80,800000,-22540,True,10,-22485,,800000
knapsack,spanner,80,4,penalty,poa,80,800000,-22540,True,11,-22475,,800000
knapsack,spanner,80,4,penalty,poa,80,800000,-22540,True,12,-22485,,800000
knapsack,spanner,80,4,penalty,poa,80,800000,-22540,True,13,-22485,,800000
knapsack,spanner,80,4,penalty,poa,80,800000,-22540,True,14,-22485,,800000
knapsack,spanner,80,4,penalty,poa,80,800000,-22540,True,15,-22490,,800000
knapsack,spanner,80,4,penalty,poa,80,800000,-22540,True,16,-22485,,800000
knapsack,spanner,80,4,penalty,poa,80,800000,-22540,True,17,-22485,,800000
knapsack,spanner,80,4,penalty,poa,80,800000,-22540,True,18,-22490,,800000
knapsack,spanner,80,4,penalty,poa,80,800000,-22540,True,19,-22490,,800000
knapsack,spanner,80,4,penalty,poa,80,800000,-22540,True,20,-22485,,800000
knapsack,spanner,80,4,penalty,poa,80,800000,-22540,True,21,-22485,,800000
knapsack,spanner,80,4,penalty,poa,80,800000,-22540,True,22,-22490,,800000
knapsack,spanner,80,4,penalty,poa,80,800000,-22540,True,23,-22485,,800000
knapsack,spanner,80,4,penalty,poa,80,800000,-22540,True,24,-22485,,800000
knapsack,spanner,80,4,penalty,poa,80,800000,-22540,True,25,-22485,,800000
knapsack,spanner,80,4,penalty,poa,80,800000,-22540,True,26,-22490,,800000
knapsack,spanner,80,4,penalty,poa,80,800000,-22540,True,27,-22485,,800000
knapsack,spanner,80,4,penalty,poa,80,800000,-22540,True,28,-22490,,800000
knapsack,spanner,80,4,penalty,poa,80,800000,-22540,True,29,-22475,,800000
knapsack,spanner,80,4,penalty,poa,80,800000,-22540,True,30,-22485,,800000
scp,,60,0,penalty,poa,60,600000,10,True,0,22,,600000
scp,,60,0,penalty,poa,60,600000,10,True,1,22,,600000
scp,,60,0,penalty,poa,60,600000,10,True,2,21,,600000
scp,,60,0,penalty,poa,60,600000,10,True,3,22,,600000
scp,,60,0,penalty,poa,60,600000,10,True,4,18,,600000
scp,,60,0,penalty,poa,60,600000,10,True,5,23,,600000
scp,,60,0,penalty,poa,60,600000,10,True,6,22,,600000
scp,,60,0,penalty,poa,60,600000,10,True,7,21,,600000
scp,,60,0,penalty,poa,60,600000,10,True,8,21,,600000
scp,,60,0,penalty,poa,60,600000,10,True,9,23,,600000
scp,,60,0,penalty,poa,60,600000,10,True,10,22,,600000
scp,,60,0,penalty,poa,60,600000,10,True,11,23,,600000
scp,,60,0,penalty,poa,60,600000,10,True,12,21,,600000
scp,,60,0,penalty,poa,60,600000,10,True,13,21,,600000
scp,,60,0,penalty,poa,60,600000,10,True,14,20,,600000
scp,,60,0,penalty,poa,60,600000,10,True,15,22,,600000
scp,,60,0,penalty,poa,60,600000,10,True,16,21,,600000
scp,,60,0,penalty,poa,60,600000,10,True,17,18,,600000
scp,,60,0,penalty,poa,60,600000,10,True,18,21,,600000
scp,,60,0,penalty,poa,60,600000,10,True,19,19,,600000
scp,,60,0,penalty,poa,60,600000,10,True,20,22,,600000
scp,,60,0,penalty,poa,60,600000,10,True,21,19,,600000
scp,,60,0,penalty,poa,60,600000,10,True,22,24,,600000
scp,,60,0,penalty,poa,60,600000,10,True,23,20,,600000
scp,,60,0,penalty,poa,60,600000,10,True,24,23,,600000
scp,,60,0,penalty,poa,60,600000,10,True,25,20,,600000
scp,,60,0,penalty,poa,60,600000,10,True,26,21,,600000
scp,,60,0,penalty,poa,60,600000,10,True,27,21,,600000
scp,,60,0,penalty,poa,60,600000,10,True,28,20,,600000
scp,,60,0,penalty,poa,60,600000,10,True,29,20,,600000
scp,,60,0,penalty,poa,60,600000,10,True,30,21,,600000
scp,,60,1,penalty,poa,60,600000,10,True,0,23,,600000
scp,,60,1,penalty,poa,60,600000,10,True,1,21,,600000
scp,,60,1,penalty,poa,60,600000,10,True,2,23,,600000
scp,,60,1,penalty,poa,60,600000,10,True,3,22,,600000
scp,,60,1,penalty,poa,60,600000,10,True,4,20,,600000
scp,,60,1,penalty,poa,60,600000,10,True,5,19,,600000
scp,,60,1,penalty,poa,60,600000,10,True,6,20,,600000
scp,,60,1,penalty,poa,60,600000,10,True,7,22,,600000
scp,,60,1,penalty,poa,60,600000,10,True,8,21,,600000
scp,,60,1,penalty,poa,60,600000,10,True,9,21,,600000
scp,,60,1,penalty,poa,60,600000,10,True,10,22,,600000
scp,,60,1,penalty,poa,60,600000,10,True,11,20,,600000
scp,,60,1,penalty,poa,60,600000,10,True,12,21,,600000
scp,,60,1,penalty,poa,60,600000,10,True,13,18,,600000
scp,,60,1,penalty,poa,60,600000,10,True,14,23,,600000
scp,,60,1,penalty,poa,60,600000,10,True,15,19,,600000
scp,,60,1,penalty,poa,60,600000,10,True,16,22,,600000
scp,,60,1,penalty,poa,60,600000,10,True,17,22,,600000
scp,,60,1,penalty,poa,60,600000,10,True,18,23,,600000
scp,,60,1,penalty,poa,60,600000,10,True,19,22,,600000
scp,,60,1,penalty,poa,60,600000,10,True,20,20,,600000
scp,,60,1,penalty,poa,60,600000,10,True,21,20,,600000
scp,,60,1,penalty,poa,60,600000,10,True,22,20,,600000
scp,,60,1,penalty,poa,60,600000,10,True,23,22,,600000
scp,,60,1,penalty,poa,60,600000,10,True,24,21,,600000
scp,,60,1,penalty,poa,60,600000,10,True,25,22,,600000
scp,,60,1,penalty,poa,60,600000,10,True,26,21,,600000
scp,,60,1,penalty,poa,60,600000,10,True,27,21,,600000
scp,,60,1,penalty,poa,60,600000,10,True,28,20,,600000
scp,,60,1,penalty,poa,60,600000,10,True,29,22,,600000
scp,,60,1,penalty,poa,60,600000,10,True,30,20,,600000
scp,,60,2,penalty,poa,60,600000,10,True,0,22,,600000
scp,,60,2,penalty,poa,60,600000,10,True,1,22,,600000
scp,,60,2,penalty,poa,60,600000,10,True,2,22,,600000
scp,,60,2,penalty,poa,60,600000,10,True,3,21,,600000
scp,,60,2,penalty,poa,60,600000,10,True,4,20,,600000
scp,,60,2,penalty,poa,60,600000,10,True,5,22,,600000
scp,,60,2,penalty,poa,60,600000,10,True,6,20,,600000
scp,,60,2,penalty,poa,60,600000,10,True,7,21,,600000
scp,,60,2,penalty,poa,60,600000,10,True,8,22,,600000
scp,,60,2,penalty,poa,60,600000,10,True,9,20,,600000
scp,,60,2,penalty,poa,60,600000,10,True,10,22,,600000
scp,,60,2,penalty,poa,60,600000,10,True,11,17,,600000
scp,,60,2,penalty,poa,60,600000,10,True,12,19,,600000
scp,,60,2,penalty,poa,60,600000,10,True,13,22,,600000
scp,,60,2,penalty,poa,60,600000,10,True,14,19,,600000
scp,,60,2,penalty,poa,60,600000,10,True,15,20,,600000
scp,,60,2,penalty,poa,60,600000,10,True,16,21,,600000
scp,,60,2,penalty,poa,60,600000,10,True,17,19,,600000
scp,,60,2,penalty,poa,60,600000,10,True,18,21,,600000
scp,,60,2,penalty,poa,60,600000,10,True,19,22,,600000
scp,,60,2,penalty,poa,60,600000,10,True,20,22,,600000
scp,,60,2,penalty,poa,60,600000,10,True,21,21,,600000
scp,,60,2,penalty,poa,60,600000,10,True,22,21,,600000
scp,,60,2,penalty,poa,60,600000,10,True,23,20,,600000
scp,,60,2,penalty,poa,60,600000,10,True,24,22,,600000
scp,,60,2,penalty,poa,60,600000,10,True,25,21,,600000
scp,,60,2,penalty,poa,60,600000,10,True,26,21,,600000
scp,,60,2,penalty,poa,60,600000,10,True,27,22,,600000
scp,,60,2,penalty,poa,60,600000,10,True,28,23,,600000
scp,,60,2,penalty,poa,60,600000,10,True,29,16,,600000
scp,,60,2,penalty,poa,60,600000,10,True,30,21,,600000
knapsack,spanner,120,0,penalty,mpoa,120,1200000,-25872,True,0,-25544,,1200000
knapsack,spanner,120,0,penalty,mpoa,120,1200000,-25872,True,1,-25580,,1200000
knapsack,spanner,120,0,penalty,mpoa,120,1200000,-25872,True,2,-25580,,1200000
knapsack,spanner,120,0,penalty,mpoa,120,1200000,-25872,True,3,-25576,,1200000
knapsack,spanner,120,0,penalty,mpoa,120,1200000,-25872,True,4,-25582,,1200000
knapsack,spanner,120,0,penalty,mpoa,120,1200000,-25872,True,5,-25578,,1200000
knapsack,spanner,120,0,penalty,mpoa,120,1200000,-25872,True,6,-25620,,1200000
knapsack,spanner,120,0,penalty,mpoa,120,1200000,-25872,True,7,-25546,,1200000
knapsack,spanner,120,0,penalty,mpoa,120,1200000,-25872,True,8,-25582,,1200000
knapsack,spanner,120,0,penalty,mpoa,120,1200000,-25872,True,9,-25576,,1200000
knapsack,spanner,120,0,penalty,mpoa,120,1200000,-25872,True,10,-25538,,1200000
knapsack,spanner,120,0,penalty,mpoa,120,1200000,-25872,True,11,-25578,,1200000
knapsack,spanner,120,0,penalty,mpoa,120,1200000,-25872,True,12,-25620,,1200000
knapsack,spanner,120,0,penalty,mpoa,120,1200000,-25872,True,13,-25584,,1200000
knapsack,spanner,120,0,penalty,mpoa,120,1200000,-25872,True,14,-25540,,1200000
knapsack,spanner,120,0,penalty,mpoa,120,1200000,-25872,True,15,-25586,,1200000
knapsack,spanner,120,0,penalty,mpoa,120,1200000,-25872,True,16,-25548,,1200000
knapsack,spanner,120,0,penalty,mpoa,120,1200000,-25872,True,17,-25578,,1200000
knapsack,spanner,120,0,penalty,mpoa,120,1200000,-25872,True,18,-25582,,1200000
knapsack,spanner,120,0,penalty,mpoa,120,1200000,-25872,True,19,-25618,,1200000
knapsack,spanner,120,0,penalty,mpoa,120,1200000,-25872,True,20,-25578,,1200000
knapsack,spanner,120,0,penalty,mpoa,120,1200000,-25872,True,21,-25580,,1200000
knapsack,spanner,120,0,penalty,mpoa,120,1200000,-25872,True,22,-25620,,1200000
knapsack,spanner,120,0,penalty,mpoa,120,1200000,-25872,True,23,-25582,,1200000
knapsack,spanner,120,0,penalty,mpoa,120,1200000,-25872,True,24,-25578,,1200000
knapsack,spanner,120,0,penalty,mpoa,120,1200000,-25872,True,25,-25576,,1200000
knapsack,spanner,120,0,penalty,mpoa,120,1200000,-25872,True,26,-25540,,1200000
knapsack,spanner,120,0,penalty,mpoa,120,1200000,-25872,True,27,-25584,,1200000
knapsack,spanner,120,0,penalty,mpoa,120,1200000,-25872,True,28,-25586,,1200000
knapsack,spanner,120,0,penalty,mpoa,120,1200000,-25872,True,29,-25618,,1200000
knapsack,spanner,120,0,penalty,mpoa,120,1200000,-25872,True,30,-25588,,1200000
scp,,60,3,penalty,poa,60,600000,10,True,0,23,,600000
scp,,60,3,penalty,poa,60,600000,10,True,1,19,,600000
scp,,60,3,penalty,poa,60,600000,10,True,2,21,,600000
scp,,60,3,penalty,poa,60,600000,10,True,3,22,,600000
scp,,60,3,penalty,poa,60,600000,10,True,4,22,,600000
scp,,60,3,penalty,poa,60,600000,10,True,5,22,,600000
scp,,60,3,penalty,poa,60,600000,10,True,6,21,,600000
scp,,60,3,penalty,poa,60,600000,10,True,7,23,,600000
scp,,60,3,penalty,poa,60,600000,10,True,8,22,,600000
scp,,60,3,penalty,poa,60,600000,10,True,9,22,,600000
scp,,60,3,penalty,poa,60,600000,10,True,10,22,,600000
scp,,60,3,penalty,poa,60,600000,10,True,11,22,,600000
scp,,60,3,penalty,poa,60,600000,10,True,12,21,,600000
scp,,60,3,penalty,poa,60,600000,10,True,13,23,,600000
scp,,60,3,penalty,poa,60,600000,10,True,14,21,,600000
scp,,60,3,penalty,poa,60,600000,10,True,15,22,,600000
scp,,60,3,penalty,poa,60,600000,10,True,16,21,,600000
scp,,60,3,penalty,poa,60,600000,10,True,17,22,,600000
scp,,60,3,penalty,poa,60,600000,10,True,18,22,,600000
scp,,60,3,penalty,poa,60,600000,10,True,19,19,,600000
scp,,60,3,penalty,poa,60,600000,10,True,20,22,,600000
scp,,60,3,penalty,poa,60,600000,10,True,21,22,,600000
scp,,60,3,penalty,poa,60,600000,10,True,22,22,,600000
scp,,60,3,penalty,poa,60,600000,10,True,23,20,,600000
scp,,60,3,penalty,poa,60,600000,10,True,24,23,,600000
scp,,60,3,penalty,poa,60,600000,10,True,25,22,,600000
scp,,60,3,penalty,poa,60,600000,10,True,26,20,,600000
scp,,60,3,penalty,poa,60,600000,10,True,27,23,,600000
scp,,60,3,penalty,poa,60,600000,10,True,28,22,,600000
scp,,60,3,penalty,poa,60,600000,10,True,29,21,,600000
scp,,60,3,penalty,poa,60,600000,10,True,30,21,,600000
knapsack,spanner,120,2,penalty,mpoa,120,1200000,-12323,True,0,-12154,,1200000
knapsack,spanner,120,2,penalty,mpoa,120,1200000,-12323,True,1,-12127,,1200000
knapsack,spanner,120,2,penalty,mpoa,120,1200000,-12323,True,2,-12127,,1200000
knapsack,spanner,120,2,penalty,mpoa,120,1200000,-12323,True,3,-12144,,1200000
knapsack,spanner,120,2,penalty,mpoa,120,1200000,-12323,True,4,-12144,,1200000
knapsack,spanner,120,2,penalty,mpoa,120,1200000,-12323,True,5,-12164,,1200000
knapsack,spanner,120,2,penalty,mpoa,120,1200000,-12323,True,6,-12154,,1200000
knapsack,spanner,120,2,penalty,mpoa,120,1200000,-12323,True,7,-12157,,1200000
knapsack,spanner,120,2,penalty,mpoa,120,1200000,-12323,True,8,-12137,,1200000
knapsack,spanner,120,2,penalty,mpoa,120,1200000,-12323,True,9,-12167,,1200000
knapsack,spanner,120,2,penalty,mpoa,120,1200000,-12323,True,10,-12154,,1200000
knapsack,spanner,120,2,penalty,mpoa,120,1200000,-12323,True,11,-12164,,1200000
knapsack,spanner,120,2,penalty,mpoa,120,1200000,-12323,True,12,-12134,,1200000
knapsack,spanner,120,2,penalty,mpoa,120,1200000,-12323,True,13,-12157,,1200000
knapsack,spanner,120,2,penalty,mpoa,120,1200000,-12323,True,14,-12134,,1200000
knapsack,spanner,120,2,penalty,mpoa,120,1200000,-12323,True,15,-12167,,1200000
knapsack,spanner,120,2,penalty,mpoa,120,1200000,-12323,True,16,-12160,,1200000
knapsack,spanner,120,2,penalty,mpoa,120,1200000,-12323,True,17,-12177,,1200000
knapsack,spanner,120,2,penalty,mpoa,120,1200000,-12323,True,18,-12157,,1200000
knapsack,spanner,120,2,penalty,mpoa,120,1200000,-12323,True,19,-12147,,1200000
knapsack,spanner,120,2,penalty,mpoa,120,1200000,-12323,True,20,-12164,,1200000
knapsack,spanner,120,2,penalty,mpoa,120,1200000,-12323,True,21,-12144,,1200000
knapsack,spanner,120,2,penalty,mpoa,120,1200000,-12323,True,22,-12154,,1200000
knapsack,spanner,120,2,penalty,mpoa,120,1200000,-12323,True,23,-12154,,1200000
knapsack,spanner,120,2,penalty,mpoa,120,1200000,-12323,True,24,-12167,,1200000
knapsack,spanner,120,2,penalty,mpoa,120,1200000,-12323,True,25,-12144,,1200000
knapsack,spanner,120,2,penalty,mpoa,120,1200000,-12323,True,26,-12164,,1200000
knapsack,spanner,120,2,penalty,mpoa,120,1200000,-12323,True,27,-12153,,1200000
knapsack,spanner,120,2,penalty,mpoa,120,1200000,-12323,True,28,-12144,,1200000
knapsack,spanner,120,2,penalty,mpoa,120,1200000,-12323,True,29,-12157,,1200000
knapsack,spanner,120,2,penalty,mpoa,120,1200000,-12323,True,30,-12154,,1200000
scp,,60,4,penalty,poa,60,600000,10,True,0,22,,600000
scp,,60,4,penalty,poa,60,600000,10,True,1,21,,600000
scp,,60,4,penalty,poa,60,600000,10,True,2,21,,600000
scp,,60,4,penalty,poa,60,600000,10,True,3,22,,600000
scp,,60,4,penalty,poa,60,600000,10,True,4,19,,600000
scp,,60,4,penalty,poa,60,600000,10,True,5,21,,600000
scp,,60,4,penalty,poa,60,600000,10,True,6,23,,600000
scp,,60,4,penalty,poa,60,600000,10,True,7,21,,600000
scp,,60,4,penalty,poa,60,600000,10,True,8,21,,600000
scp,,60,4,penalty,poa,60,600000,10,True,9,20,,600000
scp,,60,4,penalty,poa,60,600000,10,True,10,21,,600000
scp,,60,4,penalty,poa,60,600000,10,True,11,22,,600000
scp,,60,4,penalty,poa,60,600000,10,True,12,20,,600000
scp,,60,4,penalty,poa,60,600000,10,True,13,18,,600000
scp,,60,4,penalty,poa,60,600000,10,True,14,21,,600000
scp,,60,4,penalty,poa,60,600000,10,True,15,22,,600000
scp,,60,4,penalty,poa,60,600000,10,True,16,21,,600000
scp,,60,4,penalty,poa,60,600000,10,True,17,21,,600000
scp,,60,4,penalty,poa,60,600000,10,True,18,17,,600000
scp,,60,4,penalty,poa,60,600000,10,True,19,23,,600000
scp,,60,4,penalty,poa,60,600000,10,True,20,23,,600000
scp,,60,4,penalty,poa,60,600000,10,True,21,19,,600000
scp,,60,4,penalty,poa,60,600000,10,True,22,23,,600000
scp,,60,4,penalty,poa,60,600000,10,True,23,20,,600000
scp,,60,4,penalty,poa,60,600000,10,True,24,20,,600000
scp,,60,4,penalty,poa,60,600000,10,True,25,23,,600000
scp,,60,4,penalty,poa,60,600000,10,True,26,23,,600000
scp,,60,4,penalty,poa,60,600000,10,True,27,22,,600000
scp,,60,4,penalty,poa,60,600000,10,True,28,22,,600000
scp,,60,4,penalty,poa,60,600000,10,True,29,18,,600000
scp,,60,4,penalty,poa,60,600000,10,True,30,21,,600000
knapsack,spanner,120,1,penalty,mpoa,120,1200000,-19132,True,0,-18714,,1200000
knapsack,spanner,120,1,penalty,mpoa,120,1200000,-19132,True,1,-18616,,1200000
knapsack,spanner,120,1,penalty,mpoa,120,1200000,-19132,True,2,-18665,,1200000
knapsack,spanner,120,1,penalty,mpoa,120,1200000,-19132,True,3,-18542,,1200000
knapsack,spanner,120,1,penalty,mpoa,120,1200000,-19132,True,4,-18665,,1200000
knapsack,spanner,120,1,penalty,mpoa,120,1200000,-19132,True,5,-18616,,1200000
knapsack,spanner,120,1,penalty,mpoa,120,1200000,-19132,True,6,-18714,,1200000
knapsack,spanner,120,1,penalty,mpoa,120,1200000,-19132,True,7,-18714,,1200000
knapsack,spanner,120,1,penalty,mpoa,120,1200000,-19132,True,8,-18886,,1200000
knapsack,spanner,120,1,penalty,mpoa,120,1200000,-19132,True,9,-18616,,1200000
knapsack,spanner,120,1,penalty,mpoa,120,1200000,-19132,True,10,-18714,,1200000
knapsack,spanner,120,1,penalty,mpoa,120,1200000,-19132,True,11,-18764,,1200000
knapsack,spanner,120,1,penalty,mpoa,120,1200000,-19132,True,12,-18665,,1200000
knapsack,spanner,120,1,penalty,mpoa,120,1200000,-19132,True,13,-18616,,1200000
knapsack,spanner,120,1,penalty,mpoa,120,1200000,-19132,True,14,-18592,,1200000
knapsack,spanner,120,1,penalty,mpoa,120,1200000,-19132,True,15,-18591,,1200000
knapsack,spanner,120,1,penalty,mpoa,120,1200000,-19132,True,16,-18665,,1200000
knapsack,spanner,120,1,penalty,mpoa,120,1200000,-19132,True,17,-18616,,1200000
knapsack,spanner,120,1,penalty,mpoa,120,1200000,-19132,True,18,-18616,,1200000
knapsack,spanner,120,1,penalty,mpoa,120,1200000,-19132,True,19,-18591,,1200000
knapsack,spanner,120,1,penalty,mpoa,120,1200000,-19132,True,20,-18665,,1200000
knapsack,spanner,120,1,penalty,mpoa,120,1200000,-19132,True,21,-18714,,1200000
knapsack,spanner,120,1,penalty,mpoa,120,1200000,-19132,True,22,-18714,,1200000
knapsack,spanner,120,1,penalty,mpoa,120,1200000,-19132,True,23,-18591,,1200000
knapsack,spanner,120,1,penalty,mpoa,120,1200000,-19132,True,24,-18714,,1200000
knapsack,spanner,120,1,penalty,mpoa,120,1200000,-19132,True,25,-18665,,1200000
knapsack,spanner,120,1,penalty,mpoa,120,1200000,-19132,True,26,-18763,,1200000
knapsack,spanner,120,1,penalty,mpoa,120,1200000,-19132,True,27,-18665,,1200000
knapsack,spanner,120,1,penalty,mpoa,120,1200000,-19132,True,28,-18763,,1200000
knapsack,spanner,120,1,penalty,mpoa,120,1200000,-19132,True,29,-18788,,1200000
knapsack,spanner,120,1,penalty,mpoa,120,1200000,-19132,True,30,-18763,,1200000
scp,,90,0,penalty,mpoa,90,900000,15,True,0,21,,900000
scp,,90,0,penalty,mpoa,90,900000,15,True,1,18,,900000
scp,,90,0,penalty,mpoa,90,900000,15,True,2,19,,900000
scp,,90,0,penalty,mpoa,90,900000,15,True,3,17,,900000
scp,,90,0,penalty,mpoa,90,900000,15,True,4,18,,900000
scp,,90,0,penalty,mpoa,90,900000,15,True,5,16,,900000
scp,,90,0,penalty,mpoa,90,900000,15,True,6,19,,900000
scp,,90,0,penalty,mpoa,90,900000,15,True,7,18,,900000
scp,,90,0,penalty,mpoa,90,900000,15,True,8,18,,900000
scp,,90,0,penalty,mpoa,90,900000,15,True,9,18,,900000
scp,,90,0,penalty,mpoa,90,900000,15,True,10,20,,900000
scp,,90,0,penalty,mpoa,90,900000,15,True,11,18,,900000
scp,,90,0,penalty,mpoa,90,900000,15,True,12,19,,900000
scp,,90,0,penalty,mpoa,90,900000,15,True,13,18,,900000
scp,,90,0,penalty,mpoa,90,900000,15,True,14,19,,900000
scp,,90,0,penalty,mpoa,90,900000,15,True,15,18,,900000
scp,,90,0,penalty,mpoa,90,900000,15,True,16,19,,900000
scp,,90,0,penalty,mpoa,90,900000,15,True,17,18,,900000
scp,,90,0,penalty,mpoa,90,900000,15,True,18,20,,900000
scp,,90,0,penalty,mpoa,90,900000,15,True,19,17,,900000
scp,,90,0,penalty,mpoa,90,900000,15,True,20,20,,900000
scp,,90,0,penalty,mpoa,90,900000,15,True,21,24,,900000
scp,,90,0,penalty,mpoa,90,900000,15,True,22,18,,900000
scp,,90,0,penalty,mpoa,90,900000,15,True,23,19,,900000
scp,,90,0,penalty,mpoa,90,900000,15,True,24,20,,900000
scp,,90,0,penalty,mpoa,90,900000,15,True,25,17,,900000
scp,,90,0,penalty,mpoa,90,900000,15,True,26,20,,900000
scp,,90,0,penalty,mpoa,90,900000,15,True,27,20,,900000
scp,,90,0,penalty,mpoa,90,900000,15,True,28,19,,900000
scp,,90,0,penalty,mpoa,90,900000,15,True,29,21,,900000
scp,,90,0,penalty,mpoa,90,900000,15,True,30,18,,900000
uflp,,12,0,penalty,poa,12,120000,420,True,0,420,4540,4540
uflp,,12,0,penalty,poa,12,120000,420,True,1,420,3276,3276
uflp,,12,0,penalty,poa,12,120000,420,True,2,420,4688,4688
uflp,,12,0,penalty,poa,12,120000,420,True,3,420,1325,1325
uflp,,12,0,penalty,poa,12,120000,420,True,4,420,2991,2991
uflp,,12,0,penalty,poa,12,120000,420,True,5,420,562,562
uflp,,12,0,penalty,poa,12,120000,420,True,6,420,444,444
uflp,,12,0,penalty,poa,12,120000,420,True,7,420,1850,1850
uflp,,12,0,penalty,poa,12,120000,420,True,8,420,2974,2974
uflp,,12,0,penalty,poa,12,120000,420,True,9,420,917,917
uflp,,12,0,penalty,poa,12,120000,420,True,10,420,799,799
uflp,,12,0,penalty,poa,12,120000,420,True,11,420,618,618
uflp,,12,0,penalty,poa,12,120000,420,True,12,420,1481,1481
uflp,,12,0,penalty,poa,12,120000,420,True,13,420,148,148
uflp,,12,0,penalty,poa,12,120000,420,True,14,420,620,620
uflp,,12,0,penalty,poa,12,120000,420,True,15,420,149,149
uflp,,12,0,penalty,poa,12,120000,420,True,16,420,977,977
uflp,,12,0,penalty,poa,12,120000,420,True,17,420,2394,2394
uflp,,12,0,penalty,poa,12,120000,420,True,18,420,444,444
uflp,,12,0,penalty,poa,12,120000,420,True,19,420,4388,4388
uflp,,12,0,penalty,poa,12,120000,420,True,20,420,1268,1268
uflp,,12,0,penalty,poa,12,120000,420,True,21,420,1388,1388
uflp,,12,0,penalty,poa,12,120000,420,True,22,420,908,908
uflp,,12,0,penalty,poa,12,120000,420,True,23,420,1031,1031
uflp,,12,0,penalty,poa,12,120000,420,True,24,420,2251,2251
uflp,,12,0,penalty,poa,12,120000,420,True,25,420,5360,5360
uflp,,12,0,penalty,poa,12,120000,420,True,26,420,1741,1741
uflp,,12,0,penalty,poa,12,120000,420,True,27,420,1486,1486
uflp,,12,0,penalty,poa,12,120000,420,True,28,420,503,503
uflp,,12,0,penalty,poa,12,120000,420,True,29,420,1152,1152
uflp,,12,0,penalty,poa,12,120000,420,True,30,420,2214,2214
uflp,,12,0,penalty,mpoa,12,120000,420,True,0,420,176,176
uflp,,12,0,penalty,mpoa,12,120000,420,True,1,420,178,178
uflp,,12,0,penalty,mpoa,12,120000,420,True,2,420,837,837
uflp,,12,0,penalty,mpoa,12,120000,420,True,3,420,183,183
uflp,,12,0,penalty,mpoa,12,120000,420,True,4,420,141,141
uflp,,12,0,penalty,mpoa,12,120000,420,True,5,420,159,159
uflp,,12,0,penalty,mpoa,12,120000,420,True,6,420,466,466
uflp,,12,0,penalty,mpoa,12,120000,420,True,7,420,2162,2162
uflp,,12,0,penalty,mpoa,12,120000,420,True,8,420,164,164
uflp,,12,0,penalty,mpoa,12,120000,420,True,9,420,137,137
uflp,,12,0,penalty,mpoa,12,120000,420,True,10,420,147,147
uflp,,12,0,penalty,mpoa,12,120000,420,True,11,420,789,789
uflp,,12,0,penalty,mpoa,12,120000,420,True,12,420,896,896
uflp,,12,0,penalty,mpoa,12,120000,420,True,13,420,139,139
uflp,,12,0,penalty,mpoa,12,120000,420,True,14,420,173,173
uflp,,12,0,penalty,mpoa,12,120000,420,True,15,420,137,137
uflp,,12,0,penalty,mpoa,12,120000,420,True,16,420,812,812
uflp,,12,0,penalty,mpoa,12,120000,420,True,17,420,184,184
uflp,,12,0,penalty,mpoa,12,120000,420,True,18,420,173,173
uflp,,12,0,penalty,mpoa,12,120000,420,True,19,420,474,474
uflp,,12,0,penalty,mpoa,12,120000,420,True,20,420,351,351
uflp,,12,0,penalty,mpoa,12,120000,420,True,21,420,164,164
uflp,,12,0,penalty,mpoa,12,120000,420,True,22,420,142,142
uflp,,12,0,penalty,mpoa,12,120000,420,True,23,420,136,136
uflp,,12,0,penalty,mpoa,12,120000,420,True,24,420,173,173
uflp,,12,0,penalty,mpoa,12,120000,420,True,25,420,157,157
uflp,,12,0,penalty,mpoa,12,120000,420,True,26,420,138,138
uflp,,12,0,penalty,mpoa,12,120000,420,True,27,420,155,155
uflp,,12,0,penalty,mpoa,12,120000,420,True,28,420,159,159
uflp,,12,0,penalty,mpoa,12,120000,420,True,29,420,141,141
uflp,,12,0,penalty,mpoa,12,120000,420,True,30,420,3215,3215
uflp,,12,1,penalty,poa,12,120000,398,True,0,398,739,739
uflp,,12,1,penalty,poa,12,120000,398,True,1,398,1728,1728
uflp,,12,1,penalty,poa,12,120000,398,True,2,398,681,681
uflp,,12,1,penalty,poa,12,120000,398,True,3,398,2036,2036
uflp,,12,1,penalty,poa,12,120000,398,True,4,398,269,269
uflp,,12,1,penalty,poa,12,120000,398,True,5,398,2057,2057
uflp,,12,1,penalty,poa,12,120000,398,True,6,398,621,621
uflp,,12,1,penalty,poa,12,120000,398,True,7,398,385,385
uflp,,12,1,penalty,poa,12,120000,398,True,8,398,1446,1446
uflp,,12,1,penalty,poa,12,120000,398,True,9,398,1385,1385
uflp,,12,1,penalty,poa,12,120000,398,True,10,398,2332,2332
uflp,,12,1,penalty,poa,12,120000,398,True,11,398,149,149
uflp,,12,1,penalty,poa,12,120000,398,True,12,398,1312,1312
uflp,,12,1,penalty,poa,12,120000,398,True,13,398,821,821
uflp,,12,1,penalty,poa,12,120000,398,True,14,398,386,386
uflp,,12,1,penalty,poa,12,120000,398,True,15,398,1735,1735
uflp,,12,1,penalty,poa,12,120000,398,True,16,398,2100,2100
uflp,,12,1,penalty,poa,12,120000,398,True,17,398,680,680
uflp,,12,1,penalty,poa,12,120000,398,True,18,398,444,444
uflp,,12,1,penalty,poa,12,120000,398,True,19,398,268,268
uflp,,12,1,penalty,poa,12,120000,398,True,20,398,2844,2844
uflp,,12,1,penalty,poa,12,120000,398,True,21,398,1846,1846
uflp,,12,1,penalty,poa,12,120000,398,True,22,398,736,736
uflp,,12,1,penalty,poa,12,120000,398,True,23,398,1390,1390
uflp,,12,1,penalty,poa,12,120000,398,True,24,398,2717,2717
uflp,,12,1,penalty,poa,12,120000,398,True,25,398,681,681
uflp,,12,1,penalty,poa,12,120000,398,True,26,398,497,497
uflp,,12,1,penalty,poa,12,120000,398,True,27,398,906,906
uflp,,12,1,penalty,poa,12,120000,398,True,28,398,855,855
uflp,,12,1,penalty,poa,12,120000,398,True,29,398,149,149
uflp,,12,1,penalty,poa,12,120000,398,True,30,398,383,383
uflp,,12,1,penalty,mpoa,12,120000,398,True,0,398,143,143
uflp,,12,1,penalty,mpoa,12,120000,398,True,1,398,142,142
uflp,,12,1,penalty,mpoa,12,120000,398,True,2,398,171,171
uflp,,12,1,penalty,mpoa,12,120000,398,True,3,398,148,148
uflp,,12,1,penalty,mpoa,12,120000,398,True,4,398,187,187
uflp,,12,1,penalty,mpoa,12,120000,398,True,5,398,169,169
uflp,,12,1,penalty,mpoa,12,120000,398,True,6,398,143,143
uflp,,12,1,penalty,mpoa,12,120000,398,True,7,398,142,142
uflp,,12,1,penalty,mpoa,12,120000,398,True,8,398,141,141
uflp,,12,1,penalty,mpoa,12,120000,398,True,9,398,173,173
uflp,,12,1,penalty,mpoa,12,120000,398,True,10,398,176,176
uflp,,12,1,penalty,mpoa,12,120000,398,True,11,398,136,136
uflp,,12,1,penalty,mpoa,12,120000,398,True,12,398,148,148
uflp,,12,1,penalty,mpoa,12,120000,398,True,13,398,171,171
uflp,,12,1,penalty,mpoa,12,120000,398,True,14,398,143,143
uflp,,12,1,penalty,mpoa,12,120000,398,True,15,398,173,173
uflp,,12,1,penalty,mpoa,12,120000,398,True,16,398,147,147
uflp,,12,1,penalty,mpoa,12,120000,398,True,17,398,142,142
uflp,,12,1,penalty,mpoa,12,120000,398,True,18,398,140,140
uflp,,12,1,penalty,mpoa,12,120000,398,True,19,398,146,146
uflp,,12,1,penalty,mpoa,12,120000,398,True,20,398,182,182
uflp,,12,1,penalty,mpoa,12,120000,398,True,21,398,148,148
uflp,,12,1,penalty,mpoa,12,120000,398,True,22,398,139,139
uflp,,12,1,penalty,mpoa,12,120000,398,True,23,398,150,150
uflp,,12,1,penalty,mpoa,12,120000,398,True,24,398,158,158
uflp,,12,1,penalty,mpoa,12,120000,398,True,25,398,183,183
uflp,,12,1,penalty,mpoa,12,120000,398,True,26,398,144,144
uflp,,12,1,penalty,mpoa,12,120000,398,True,27,398,175,175
uflp,,12,1,penalty,mpoa,12,120000,398,True,28,398,144,144
uflp,,12,1,penalty,mpoa,12,120000,398,True,29,398,176,176
uflp,,12,1,penalty,mpoa,12,120000,398,True,30,398,176,176
uflp,,12,2,penalty,poa,12,120000,474,True,0,474,1798,1798
uflp,,12,2,penalty,poa,12,120000,474,True,1,474,1329,1329
uflp,,12,2,penalty,poa,12,120000,474,True,2,474,1154,1154
uflp,,12,2,penalty,poa,12,120000,474,True,3,474,4871,4871
uflp,,12,2,penalty,poa,12,120000,474,True,4,474,4185,4185
uflp,,12,2,penalty,poa,12,120000,474,True,5,474,3607,3607
uflp,,12,2,penalty,poa,12,120000,474,True,6,474,1329,1329
uflp,,12,2,penalty,poa,12,120000,474,True,7,474,2379,2379
uflp,,12,2,penalty,poa,12,120000,474,True,8,474,325,325
uflp,,12,2,penalty,poa,12,120000,474,True,9,474,977,977
uflp,,12,2,penalty,poa,12,120000,474,True,10,474,2821,2821
uflp,,12,2,penalty,poa,12,120000,474,True,11,474,1860,1860
uflp,,12,2,penalty,poa,12,120000,474,True,12,474,3037,3037
uflp,,12,2,penalty,poa,12,120000,474,True,13,474,1324,1324
uflp,,12,2,penalty,poa,12,120000,474,True,14,474,149,149
uflp,,12,2,penalty,poa,12,120000,474,True,15,474,3704,3704
uflp,,12,2,penalty,poa,12,120000,474,True,16,474,799,799
uflp,,12,2,penalty,poa,12,120000,474,True,17,474,2603,2603
uflp,,12,2,penalty,poa,12,120000,474,True,18,474,385,385
uflp,,12,2,penalty,poa,12,120000,474,True,19,474,6274,6274
uflp,,12,2,penalty,poa,12,120000,474,True,20,474,2075,2075
uflp,,12,2,penalty,poa,12,120000,474,True,21,474,443,443
uflp,,12,2,penalty,poa,12,120000,474,True,22,474,979,979
uflp,,12,2,penalty,poa,12,120000,474,True,23,474,7155,7155
uflp,,12,2,penalty,poa,12,120000,474,True,24,474,1358,1358
uflp,,12,2,penalty,poa,12,120000,474,True,25,474,858,858
uflp,,12,2,penalty,poa,12,120000,474,True,26,474,915,915
uflp,,12,2,penalty,poa,12,120000,474,True,27,474,3239,3239
uflp,,12,2,penalty,poa,12,120000,474,True,28,474,9671,9671
uflp,,12,2,penalty,poa,12,120000,474,True,29,474,1914,1914
uflp,,12,2,penalty,poa,12,120000,474,True,30,474,15708,15708
uflp,,12,2,penalty,mpoa,12,120000,474,True,0,474,140,140
uflp,,12,2,penalty,mpoa,12,120000,474,True,1,474,138,138
uflp,,12,2,penalty,mpoa,12,120000,474,True,2,474,2419,2419
uflp,,12,2,penalty,mpoa,12,120000,474,True,3,474,170,170
uflp,,12,2,penalty,mpoa,12,120000,474,True,4,474,191,191
uflp,,12,2,penalty,mpoa,12,120000,474,True,5,474,173,173
uflp,,12,2,penalty,mpoa,12,120000,474,True,6,474,4356,4356
uflp,,12,2,penalty,mpoa,12,120000,474,True,7,474,8209,8209
uflp,,12,2,penalty,mpoa,12,120000,474,True,8,474,172,172
uflp,,12,2,penalty,mpoa,12,120000,474,True,9,474,160,160
uflp,,12,2,penalty,mpoa,12,120000,474,True,10,474,162,162
uflp,,12,2,penalty,mpoa,12,120000,474,True,11,474,139,139
uflp,,12,2,penalty,mpoa,12,120000,474,True,12,474,1741,1741
uflp,,12,2,penalty,mpoa,12,120000,474,True,13,474,165,165
uflp,,12,2,penalty,mpoa,12,120000,474,True,14,474,158,158
uflp,,12,2,penalty,mpoa,12,120000,474,True,15,474,187,187
uflp,,12,2,penalty,mpoa,12,120000,474,True,16,474,9455,9455
uflp,,12,2,penalty,mpoa,12,120000,474,True,17,474,181,181
uflp,,12,2,penalty,mpoa,12,120000,474,True,18,474,138,138
uflp,,12,2,penalty,mpoa,12,120000,474,True,19,474,182,182
uflp,,12,2,penalty,mpoa,12,120000,474,True,20,474,150,150
uflp,,12,2,penalty,mpoa,12,120000,474,True,21,474,138,138
uflp,,12,2,penalty,mpoa,12,120000,474,True,22,474,173,173
uflp,,12,2,penalty,mpoa,12,120000,474,True,23,474,159,159
uflp,,12,2,penalty,mpoa,12,120000,474,True,24,474,157,157
uflp,,12,2,penalty,mpoa,12,120000,474,True,25,474,158,158
uflp,,12,2,penalty,mpoa,12,120000,474,True,26,474,1208,1208
uflp,,12,2,penalty,mpoa,12,120000,474,True,27,474,158,158
uflp,,12,2,penalty,mpoa,12,120000,474,True,28,474,147,147
uflp,,12,2,penalty,mpoa,12,120000,474,True,29,474,150,150
uflp,,12,2,penalty,mpoa,12,120000,474,True,30,474,185,185
uflp,,12,3,penalty,poa,12,120000,426,True,0,426,1912,1912
uflp,,12,3,penalty,poa,12,120000,426,True,1,426,3094,3094
uflp,,12,3,penalty,poa,12,120000,426,True,2,426,149,149
uflp,,12,3,penalty,poa,12,120000,426,True,3,426,328,328
uflp,,12,3,penalty,poa,12,120000,426,True,4,426,730,730
uflp,,12,3,penalty,poa,12,120000,426,True,5,426,723,723
uflp,,12,3,penalty,poa,12,120000,426,True,6,426,849,849
uflp,,12,3,penalty,poa,12,120000,426,True,7,426,741,741
uflp,,12,3,penalty,poa,12,120000,426,True,8,426,1565,1565
uflp,,12,3,penalty,poa,12,120000,426,True,9,426,208,208
uflp,,12,3,penalty,poa,12,120000,426,True,10,426,3040,3040
uflp,,12,3,penalty,poa,12,120000,426,True,11,426,445,445
uflp,,12,3,penalty,poa,12,120000,426,True,12,426,208,208
uflp,,12,3,penalty,poa,12,120000,426,True,13,426,4195,4195
uflp,,12,3,penalty,poa,12,120000,426,True,14,426,787,787
uflp,,12,3,penalty,poa,12,120000,426,True,15,426,1765,1765
uflp,,12,3,penalty,poa,12,120000,426,True,16,426,385,385
uflp,,12,3,penalty,poa,12,120000,426,True,17,426,268,268
uflp,,12,3,penalty,poa,12,120000,426,True,18,426,1030,1030
uflp,,12,3,penalty,poa,12,120000,426,True,19,426,916,916
uflp,,12,3,penalty,poa,12,120000,426,True,20,426,681,681
uflp,,12,3,penalty,poa,12,120000,426,True,21,426,1148,1148
uflp,,12,3,penalty,poa,12,120000,426,True,22,426,562,562
uflp,,12,3,penalty,poa,12,120000,426,True,23,426,2401,2401
uflp,,12,3,penalty,poa,12,120000,426,True,24,426,1090,1090
uflp,,12,3,penalty,poa,12,120000,426,True,25,426,1215,1215
uflp,,12,3,penalty,poa,12,120000,426,True,26,426,608,608
uflp,,12,3,penalty,poa,12,120000,426,True,27,426,4581,4581
uflp,,12,3,penalty,poa,12,120000,426,True,28,426,4455,4455
uflp,,12,3,penalty,poa,12,120000,426,True,29,426,208,208
uflp,,12,3,penalty,poa,12,120000,426,True,30,426,3923,3923
uflp,,12,3,penalty,mpoa,12,120000,426,True,0,426,186,186
uflp,,12,3,penalty,mpoa,12,120000,426,True,1,426,139,139
uflp,,12,3,penalty,mpoa,12,120000,426,True,2,426,177,177
uflp,,12,3,penalty,mpoa,12,120000,426,True,3,426,151,151
uflp,,12,3,penalty,mpoa,12,120000,426,True,4,426,145,145
uflp,,12,3,penalty,mpoa,12,120000,426,True,5,426,157,157
uflp,,12,3,penalty,mpoa,12,120000,426,True,6,426,135,135
uflp,,12,3,penalty,mpoa,12,120000,426,True,7,426,176,176
uflp,,12,3,penalty,mpoa,12,120000,426,True,8,426,168,168
uflp,,12,3,penalty,mpoa,12,120000,426,True,9,426,146,146
uflp,,12,3,penalty,mpoa,12,120000,426,True,10,426,163,163
uflp,,12,3,penalty,mpoa,12,120000,426,True,11,426,159,159
uflp,,12,3,penalty,mpoa,12,120000,426,True,12,426,177,177
uflp,,12,3,penalty,mpoa,12,120000,426,True,13,426,153,153
uflp,,12,3,penalty,mpoa,12,120000,426,True,14,426,198,198
uflp,,12,3,penalty,mpoa,12,120000,426,True,15,426,141,141
uflp,,12,3,penalty,mpoa,12,120000,426,True,16,426,151,151
uflp,,12,3,penalty,mpoa,12,120000,426,True,17,426,175,175
uflp,,12,3,penalty,mpoa,12,120000,426,True,18,426,134,134
uflp,,12,3,penalty,mpoa,12,120000,426,True,19,426,134,134
uflp,,12,3,penalty,mpoa,12,120000,426,True,20,426,199,199
uflp,,12,3,penalty,mpoa,12,120000,426,True,21,426,149,149
uflp,,12,3,penalty,mpoa,12,120000,426,True,22,426,151,151
uflp,,12,3,penalty,mpoa,12,120000,426,True,23,426,366,366
uflp,,12,3,penalty,mpoa,12,120000,426,True,24,426,160,160
uflp,,12,3,penalty,mpoa,12,120000,426,True,25,426,143,143
uflp,,12,3,penalty,mpoa,12,120000,426,True,26,426,153,153
uflp,,12,3,penalty,mpoa,12,120000,426,True,27,426,148,148
uflp,,12,3,penalty,mpoa,12,120000,426,True,28,426,172,172
uflp,,12,3,penalty,mpoa,12,120000,426,True,29,426,173,173
uflp,,12,3,penalty,mpoa,12,120000,426,True,30,426,141,141
uflp,,12,4,penalty,poa,12,120000,469,True,0,469,5366,5366
uflp,,12,4,penalty,poa,12,120000,469,True,1,469,504,504
uflp,,12,4,penalty,poa,12,120000,469,True,2,469,621,621
uflp,,12,4,penalty,poa,12,120000,469,True,3,469,208,208
uflp,,12,4,penalty,poa,12,120000,469,True,4,469,1666,1666
uflp,,12,4,penalty,poa,12,120000,469,True,5,469,916,916
uflp,,12,4,penalty,poa,12,120000,469,True,6,469,799,799
uflp,,12,4,penalty,poa,12,120000,469,True,7,469,1328,1328
uflp,,12,4,penalty,poa,12,120000,469,True,8,469,1326,1326
uflp,,12,4,penalty,poa,12,120000,469,True,9,469,3432,3432
uflp,,12,4,penalty,poa,12,120000,469,True,10,469,4149,4149
uflp,,12,4,penalty,poa,12,120000,469,True,11,469,1316,1316
uflp,,12,4,penalty,poa,12,120000,469,True,12,469,1620,1620
uflp,,12,4,penalty,poa,12,120000,469,True,13,469,2089,2089
uflp,,12,4,penalty,poa,12,120000,469,True,14,469,879,879
uflp,,12,4,penalty,poa,12,120000,469,True,15,469,1210,1210
uflp,,12,4,penalty,poa,12,120000,469,True,16,469,912,912
uflp,,12,4,penalty,poa,12,120000,469,True,17,469,1081,1081
uflp,,12,4,penalty,poa,12,120000,469,True,18,469,3371,3371
uflp,,12,4,penalty,poa,12,120000,469,True,19,469,739,739
uflp,,12,4,penalty,poa,12,120000,469,True,20,469,208,208
uflp,,12,4,penalty,poa,12,120000,469,True,21,469,3520,3520
uflp,,12,4,penalty,poa,12,120000,469,True,22,469,4921,4921
uflp,,12,4,penalty,poa,12,120000,469,True,23,469,2090,2090
uflp,,12,4,penalty,poa,12,120000,469,True,24,469,2033,2033
uflp,,12,4,penalty,poa,12,120000,469,True,25,469,856,856
uflp,,12,4,penalty,poa,12,120000,469,True,26,469,1206,1206
uflp,,12,4,penalty,poa,12,120000,469,True,27,469,266,266
uflp,,12,4,penalty,poa,12,120000,469,True,28,469,268,268
uflp,,12,4,penalty,poa,12,120000,469,True,29,469,786,786
uflp,,12,4,penalty,poa,12,120000,469,True,30,469,1561,1561
uflp,,12,4,penalty,mpoa,12,120000,469,True,0,469,193,193
uflp,,12,4,penalty,mpoa,12,120000,469,True,1,469,140,140
uflp,,12,4,penalty,mpoa,12,120000,469,True,2,469,9105,9105
uflp,,12,4,penalty,mpoa,12,120000,469,True,3,469,159,159
uflp,,12,4,penalty,mpoa,12,120000,469,True,4,469,1210,1210
uflp,,12,4,penalty,mpoa,12,120000,469,True,5,469,142,142
uflp,,12,4,penalty,mpoa,12,120000,469,True,6,469,25952,25952
uflp,,12,4,penalty,mpoa,12,120000,469,True,7,469,185,185
uflp,,12,4,penalty,mpoa,12,120000,469,True,8,469,143,143
uflp,,12,4,penalty,mpoa,12,120000,469,True,9,469,163,163
uflp,,12,4,penalty,mpoa,12,120000,469,True,10,469,3172,3172
uflp,,12,4,penalty,mpoa,12,120000,469,True,11,469,672,672
uflp,,12,4,penalty,mpoa,12,120000,469,True,12,469,165,165
uflp,,12,4,penalty,mpoa,12,120000,469,True,13,469,219,219
uflp,,12,4,penalty,mpoa,12,120000,469,True,14,469,164,164
uflp,,12,4,penalty,mpoa,12,120000,469,True,15,469,143,143
uflp,,12,4,penalty,mpoa,12,120000,469,True,16,469,2395,2395
uflp,,12,4,penalty,mpoa,12,120000,469,True,17,469,169,169
uflp,,12,4,penalty,mpoa,12,120000,469,True,18,469,155,155
uflp,,12,4,penalty,mpoa,12,120000,469,True,19,469,1128,1128
uflp,,12,4,penalty,mpoa,12,120000,469,True,20,469,178,178
uflp,,12,4,penalty,mpoa,12,120000,469,True,21,469,167,167
uflp,,12,4,penalty,mpoa,12,120000,469,True,22,469,1781,1781
uflp,,12,4,penalty,mpoa,12,120000,469,True,23,469,196,196
uflp,,12,4,penalty,mpoa,12,120000,469,True,24,469,180,180
uflp,,12,4,penalty,mpoa,12,120000,469,True,25,469,4288,4288
uflp,,12,4,penalty,mpoa,12,120000,469,True,26,469,152,152
uflp,,12,4,penalty,mpoa,12,120000,469,True,27,469,197,197
uflp,,12,4,penalty,mpoa,12,120000,469,True,28,469,184,184
uflp,,12,4,penalty,mpoa,12,120000,469,True,29,469,801,801
uflp,,12,4,penalty,mpoa,12,120000,469,True,30,469,720,720
knapsack,mstr,120,0,penalty,poa,120,1200000,-47488,True,0,-44263,,1200000
knapsack,mstr,120,0,penalty,poa,120,1200000,-47488,True,1,-44447,,1200000
knapsack,mstr,120,0,penalty,poa,120,1200000,-47488,True,2,-44477,,1200000
knapsack,mstr,120,0,penalty,poa,120,1200000,-47488,True,3,-44260,,1200000
knapsack,mstr,120,0,penalty,poa,120,1200000,-47488,True,4,-44350,,1200000
knapsack,mstr,120,0,penalty,poa,120,1200000,-47488,True,5,-45070,,1200000
knapsack,mstr,120,0,penalty,poa,120,1200000,-47488,True,6,-44889,,1200000
knapsack,mstr,120,0,penalty,poa,120,1200000,-47488,True,7,-44545,,1200000
knapsack,mstr,120,0,penalty,poa,120,1200000,-47488,True,8,-44422,,1200000
knapsack,mstr,120,0,penalty,poa,120,1200000,-47488,True,9,-44631,,1200000
knapsack,mstr,120,0,penalty,poa,120,1200000,-47488,True,10,-44662,,1200000
knapsack,mstr,120,0,penalty,poa,120,1200000,-47488,True,11,-44855,,1200000
knapsack,mstr,120,0,penalty,poa,120,1200000,-47488,True,12,-44967,,1200000
knapsack,mstr,120,0,penalty,poa,120,1200000,-47488,True,13,-44433,,1200000
knapsack,mstr,120,0,penalty,poa,120,1200000,-47488,True,14,-44319,,1200000
knapsack,mstr,120,0,penalty,poa,120,1200000,-47488,True,15,-44648,,1200000
knapsack,mstr,120,0,penalty,poa,120,1200000,-47488,True,16,-44662,,1200000
knapsack,mstr,120,0,penalty,poa,120,1200000,-47488,True,17,-44675,,1200000
knapsack,mstr,120,0,penalty,poa,120,1200000,-47488,True,18,-44671,,1200000
knapsack,mstr,120,0,penalty,poa,120,1200000,-47488,True,19,-44783,,1200000
knapsack,mstr,120,0,penalty,poa,120,1200000,-47488,True,20,-44435,,1200000
knapsack,mstr,120,0,penalty,poa,120,1200000,-47488,True,21,-44351,,1200000
knapsack,mstr,120,0,penalty,poa,120,1200000,-47488,True,22,-44380,,1200000
knapsack,mstr,120,0,penalty,poa,120,1200000,-47488,True,23,-44790,,1200000
knapsack,mstr,120,0,penalty,poa,120,1200000,-47488,True,24,-44949,,1200000
knapsack,mstr,120,0,penalty,poa,120,1200000,-47488,True,25,-44719,,1200000
knapsack,mstr,120,0,penalty,poa,120,1200000,-47488,True,26,-44671,,1200000
knapsack,mstr,120,0,penalty,poa,120,1200000,-47488,True,27,-44853,,1200000
knapsack,mstr,120,0,penalty,poa,120,1200000,-47488,True,28,-44459,,1200000
knapsack,mstr,120,0,penalty,poa,120,1200000,-47488,True,29,-44484,,1200000
knapsack,mstr,120,0,penalty,poa,120,1200000,-47488,True,30,-45036,,1200000
uflp,,16,0,penalty,mpoa,16,160000,531,True,0,531,230,230
uflp,,16,0,penalty,mpoa,16,160000,531,True,1,531,196,196
uflp,,16,0,penalty,mpoa,16,160000,531,True,2,531,211,211
uflp,,16,0,penalty,mpoa,16,160000,531,True,3,531,232,232
uflp,,16,0,penalty,mpoa,16,160000,531,True,4,531,219,219
uflp,,16,0,penalty,mpoa,16,160000,531,True,5,531,188,188
uflp,,16,0,penalty,mpoa,16,160000,531,True,6,531,230,230
uflp,,16,0,penalty,mpoa,16,160000,531,True,7,531,189,189
uflp,,16,0,penalty,mpoa,16,160000,531,True,8,531,230,230
uflp,,16,0,penalty,mpoa,16,160000,531,True,9,531,262,262
uflp,,16,0,penalty,mpoa,16,160000,531,True,10,531,208,208
uflp,,16,0,penalty,mpoa,16,160000,531,True,11,531,174,174
uflp,,16,0,penalty,mpoa,16,160000,531,True,12,531,208,208
uflp,,16,0,penalty,mpoa,16,160000,531,True,13,531,191,191
uflp,,16,0,penalty,mpoa,16,160000,531,True,14,531,201,201
uflp,,16,0,penalty,mpoa,16,160000,531,True,15,531,216,216
uflp,,16,0,penalty,mpoa,16,160000,531,True,16,531,214,214
uflp,,16,0,penalty,mpoa,16,160000,531,True,17,531,214,214
uflp,,16,0,penalty,mpoa,16,160000,531,True,18,531,204,204
uflp,,16,0,penalty,mpoa,16,160000,531,True,19,531,213,213
uflp,,16,0,penalty,mpoa,16,160000,531,True,20,531,193,193
uflp,,16,0,penalty,mpoa,16,160000,531,True,21,531,213,213
uflp,,16,0,penalty,mpoa,16,160000,531,True,22,531,224,224
uflp,,16,0,penalty,mpoa,16,160000,531,True,23,531,217,217
uflp,,16,0,penalty,mpoa,16,160000,531,True,24,531,264,264
uflp,,16,0,penalty,mpoa,16,160000,531,True,25,531,231,231
uflp,,16,0,penalty,mpoa,16,160000,531,True,26,531,218,218
uflp,,16,0,penalty,mpoa,16,160000,531,True,27,531,198,198
uflp,,16,0,penalty,mpoa,16,160000,531,True,28,531,180,180
uflp,,16,0,penalty,mpoa,16,160000,531,True,29,531,280,280
uflp,,16,0,penalty,mpoa,16,160000,531,True,30,531,205,205
uflp,,16,0,penalty,poa,16,160000,531,True,0,531,10062,10062
uflp,,16,0,penalty,poa,16,160000,531,True,1,531,7728,7728
uflp,,16,0,penalty,poa,16,160000,531,True,2,531,28059,28059
uflp,,16,0,penalty,poa,16,160000,531,True,3,531,5392,5392
uflp,,16,0,penalty,poa,16,160000,531,True,4,531,14842,14842
uflp,,16,0,penalty,poa,16,160000,531,True,5,531,5492,5492
uflp,,16,0,penalty,poa,16,160000,531,True,6,531,3632,3632
uflp,,16,0,penalty,poa,16,160000,531,True,7,531,7612,7612
uflp,,16,0,penalty,poa,16,160000,531,True,8,531,1271,1271
uflp,,16,0,penalty,poa,16,160000,531,True,9,531,5809,5809
uflp,,16,0,penalty,poa,16,160000,531,True,10,531,101035,101035
uflp,,16,0,penalty,poa,16,160000,531,True,11,531,445,445
uflp,,16,0,penalty,poa,16,160000,531,True,12,531,11580,11580
uflp,,16,0,penalty,poa,16,160000,531,True,13,531,55411,55411
uflp,,16,0,penalty,poa,16,160000,531,True,14,531,3467,3467
uflp,,16,0,penalty,poa,16,160000,531,True,15,531,7173,7173
uflp,,16,0,penalty,poa,16,160000,531,True,16,531,96971,96971
uflp,,16,0,penalty,poa,16,160000,531,True,17,531,7229,7229
uflp,,16,0,penalty,poa,16,160000,531,True,18,531,622,622
uflp,,16,0,penalty,poa,16,160000,531,True,19,531,16271,16271
uflp,,16,0,penalty,poa,16,160000,531,True,20,531,5425,5425
uflp,,16,0,penalty,poa,16,160000,531,True,21,531,18663,18663
uflp,,16,0,penalty,poa,16,160000,531,True,22,532,,160000
uflp,,16,0,penalty,poa,16,160000,531,True,23,531,4585,4585
uflp,,16,0,penalty,poa,16,160000,531,True,24,531,16003,16003
uflp,,16,0,penalty,poa,16,160000,531,True,25,531,9092,9092
uflp,,16,0,penalty,poa,16,160000,531,True,26,531,564,564
uflp,,16,0,penalty,poa,16,160000,531,True,27,531,2038,2038
uflp,,16,0,penalty,poa,16,160000,531,True,28,531,386,386
uflp,,16,0,penalty,poa,16,160000,531,True,29,531,7763,7763
uflp,,16,0,penalty,poa,16,160000,531,True,30,531,14939,14939
knapsack,spanner,120,3,penalty,mpoa,120,1200000,-16428,True,0,-16047,,1200000
knapsack,spanner,120,3,penalty,mpoa,120,1200000,-16428,True,1,-16047,,1200000
knapsack,spanner,120,3,penalty,mpoa,120,1200000,-16428,True,2,-16074,,1200000
knapsack,spanner,120,3,penalty,mpoa,120,1200000,-16428,True,3,-15969,,1200000
knapsack,spanner,120,3,penalty,mpoa,120,1200000,-16428,True,4,-16050,,1200000
knapsack,spanner,120,3,penalty,mpoa,120,1200000,-16428,True,5,-15969,,1200000
knapsack,spanner,120,3,penalty,mpoa,120,1200000,-16428,True,6,-16047,,1200000
knapsack,spanner,120,3,penalty,mpoa,120,1200000,-16428,True,7,-16023,,1200000
knapsack,spanner,120,3,penalty,mpoa,120,1200000,-16428,True,8,-16077,,1200000
knapsack,spanner,120,3,penalty,mpoa,120,1200000,-16428,True,9,-16023,,1200000
knapsack,spanner,120,3,penalty,mpoa,120,1200000,-16428,True,10,-16023,,1200000
knapsack,spanner,120,3,penalty,mpoa,120,1200000,-16428,True,11,-15969,,1200000
knapsack,spanner,120,3,penalty,mpoa,120,1200000,-16428,True,12,-16020,,1200000
knapsack,spanner,120,3,penalty,mpoa,120,1200000,-16428,True,13,-16050,,1200000
knapsack,spanner,120,3,penalty,mpoa,120,1200000,-16428,True,14,-15969,,1200000
knapsack,spanner,120,3,penalty,mpoa,120,1200000,-16428,True,15,-16050,,1200000
knapsack,spanner,120,3,penalty,mpoa,120,1200000,-16428,True,16,-16020,,1200000
knapsack,spanner,120,3,penalty,mpoa,120,1200000,-16428,True,17,-15966,,1200000
knapsack,spanner,120,3,penalty,mpoa,120,1200000,-16428,True,18,-16050,,1200000
knapsack,spanner,120,3,penalty,mpoa,120,1200000,-16428,True,19,-15969,,1200000
knapsack,spanner,120,3,penalty,mpoa,120,1200000,-16428,True,20,-16050,,1200000
knapsack,spanner,120,3,penalty,mpoa,120,1200000,-16428,True,21,-15996,,1200000
knapsack,spanner,120,3,penalty,mpoa,120,1200000,-16428,True,22,-16023,,1200000
knapsack,spanner,120,3,penalty,mpoa,120,1200000,-16428,True,23,-15942,,1200000
knapsack,spanner,120,3,penalty,mpoa,120,1200000,-16428,True,24,-16020,,1200000
knapsack,spanner,120,3,penalty,mpoa,120,1200000,-16428,True,25,-15996,,1200000
knapsack,spanner,120,3,penalty,mpoa,120,1200000,-16428,True,26,-16155,,1200000
knapsack,spanner,120,3,penalty,mpoa,120,1200000,-16428,True,27,-15969,,1200000
knapsack,spanner,120,3,penalty,mpoa,120,1200000,-16428,True,28,-15969,,1200000
knapsack,spanner,120,3,penalty,mpoa,120,1200000,-16428,True,29,-16047,,1200000
knapsack,spanner,120,3,penalty,mpoa,120,1200000,-16428,True,30,-15987,,1200000
uflp,,16,1,penalty,mpoa,16,160000,491,True,0,491,235,235
uflp,,16,1,penalty,mpoa,16,160000,491,True,1,491,188,188
uflp,,16,1,penalty,mpoa,16,160000,491,True,2,491,304,304
uflp,,16,1,penalty,mpoa,16,160000,491,True,3,491,233,233
uflp,,16,1,penalty,mpoa,16,160000,491,True,4,491,266,266
uflp,,16,1,penalty,mpoa,16,160000,491,True,5,491,272,272
uflp,,16,1,penalty,mpoa,16,160000,491,True,6,491,272,272
uflp,,16,1,penalty,mpoa,16,160000,491,True,7,491,258,258
uflp,,16,1,penalty,mpoa,16,160000,491,True,8,491,187,187
uflp,,16,1,penalty,mpoa,16,160000,491,True,9,491,243,243
uflp,,16,1,penalty,mpoa,16,160000,491,True,10,491,270,270
uflp,,16,1,penalty,mpoa,16,160000,491,True,11,491,283,283
uflp,,16,1,penalty,mpoa,16,160000,491,True,12,491,232,232
uflp,,16,1,penalty,mpoa,16,160000,491,True,13,491,211,211
uflp,,16,1,penalty,mpoa,16,160000,491,True,14,491,273,273
uflp,,16,1,penalty,mpoa,16,160000,491,True,15,491,300,300
uflp,,16,1,penalty,mpoa,16,160000,491,True,16,491,238,238
uflp,,16,1,penalty,mpoa,16,160000,491,True,17,491,265,265
uflp,,16,1,penalty,mpoa,16,160000,491,True,18,491,310,310
uflp,,16,1,penalty,mpoa,16,160000,491,True,19,491,285,285
uflp,,16,1,penalty,mpoa,16,160000,491,True,20,491,263,263
uflp,,16,1,penalty,mpoa,16,160000,491,True,21,491,300,300
uflp,,16,1,penalty,mpoa,16,160000,491,True,22,491,318,318
uflp,,16,1,penalty,mpoa,16,160000,491,True,23,491,262,262
uflp,,16,1,penalty,mpoa,16,160000,491,True,24,491,203,203
uflp,,16,1,penalty,mpoa,16,160000,491,True,25,491,234,234
uflp,,16,1,penalty,mpoa,16,160000,491,True,26,491,220,220
uflp,,16,1,penalty,mpoa,16,160000,491,True,27,491,196,196
uflp,,16,1,penalty,mpoa,16,160000,491,True,28,491,219,219
uflp,,16,1,penalty,mpoa,16,160000,491,True,29,491,253,253
uflp,,16,1,penalty,mpoa,16,160000,491,True,30,491,194,194
uflp,,16,2,penalty,mpoa,16,160000,462,True,0,462,329,329
uflp,,16,2,penalty,mpoa,16,160000,462,True,1,462,340,340
uflp,,16,2,penalty,mpoa,16,160000,462,True,2,462,203,203
uflp,,16,2,penalty,mpoa,16,160000,462,True,3,462,266,266
uflp,,16,2,penalty,mpoa,16,160000,462,True,4,462,314,314
uflp,,16,2,penalty,mpoa,16,160000,462,True,5,462,316,316
uflp,,16,2,penalty,mpoa,16,160000,462,True,6,462,189,189
uflp,,16,2,penalty,mpoa,16,160000,462,True,7,462,177,177
uflp,,16,2,penalty,mpoa,16,160000,462,True,8,462,314,314
uflp,,16,2,penalty,mpoa,16,160000,462,True,9,462,330,330
uflp,,16,2,penalty,mpoa,16,160000,462,True,10,462,349,349
uflp,,16,2,penalty,mpoa,16,160000,462,True,11,462,326,326
uflp,,16,2,penalty,mpoa,16,160000,462,True,12,462,321,321
uflp,,16,2,penalty,mpoa,16,160000,462,True,13,462,602,602
uflp,,16,2,penalty,mpoa,16,160000,462,True,14,462,332,332
uflp,,16,2,penalty,mpoa,16,160000,462,True,15,462,354,354
uflp,,16,2,penalty,mpoa,16,160000,462,True,16,462,323,323
uflp,,16,2,penalty,mpoa,16,160000,462,True,17,462,332,332
uflp,,16,2,penalty,mpoa,16,160000,462,True,18,462,233,233
uflp,,16,2,penalty,mpoa,16,160000,462,True,19,462,198,198
uflp,,16,2,penalty,mpoa,16,160000,462,True,20,462,341,341
uflp,,16,2,penalty,mpoa,16,160000,462,True,21,462,219,219
uflp,,16,2,penalty,mpoa,16,160000,462,True,22,462,323,323
uflp,,16,2,penalty,mpoa,16,160000,462,True,23,462,325,325
uflp,,16,2,penalty,mpoa,16,160000,462,True,24,462,603,603
uflp,,16,2,penalty,mpoa,16,160000,462,True,25,462,331,331
uflp,,16,2,penalty,mpoa,16,160000,462,True,26,462,210,210
uflp,,16,2,penalty,mpoa,16,160000,462,True,27,462,188,188
uflp,,16,2,penalty,mpoa,16,160000,462,True,28,462,343,343
uflp,,16,2,penalty,mpoa,16,160000,462,True,29,462,323,323
uflp,,16,2,penalty,mpoa,16,160000,462,True,30,462,254,254
uflp,,16,1,penalty,poa,16,160000,491,True,0,491,42684,42684
uflp,,16,1,penalty,poa,16,160000,491,True,1,491,3104,3104
uflp,,16,1,penalty,poa,16,160000,491,True,2,491,7036,7036
uflp,,16,1,penalty,poa,16,160000,491,True,3,491,504,504
uflp,,16,1,penalty,poa,16,160000,491,True,4,491,4280,4280
uflp,,16,1,penalty,poa,16,160000,491,True,5,491,1214,1214
uflp,,16,1,penalty,poa,16,160000,491,True,6,491,503,503
uflp,,16,1,penalty,poa,16,160000,491,True,7,491,11907,11907
uflp,,16,1,penalty,poa,16,160000,491,True,8,491,4678,4678
uflp,,16,1,penalty,poa,16,160000,491,True,9,491,4931,4931
uflp,,16,1,penalty,poa,16,160000,491,True,10,491,91387,91387
uflp,,16,1,penalty,poa,16,160000,491,True,11,491,28135,28135
uflp,,16,1,penalty,poa,16,160000,491,True,12,491,20811,20811
uflp,,16,1,penalty,poa,16,160000,491,True,13,491,43341,43341
uflp,,16,1,penalty,poa,16,160000,491,True,14,491,8411,8411
uflp,,16,1,penalty,poa,16,160000,491,True,15,491,73344,73344
uflp,,16,1,penalty,poa,16,160000,491,True,16,491,2783,2783
uflp,,16,1,penalty,poa,16,160000,491,True,17,491,106541,106541
uflp,,16,1,penalty,poa,16,160000,491,True,18,491,23641,23641
uflp,,16,1,penalty,poa,16,160000,491,True,19,491,30927,30927
uflp,,16,1,penalty,poa,16,160000,491,True,20,491,9511,9511
uflp,,16,1,penalty,poa,16,160000,491,True,21,491,61230,61230
uflp,,16,1,penalty,poa,16,160000,491,True,22,491,12449,12449
uflp,,16,1,penalty,poa,16,160000,491,True,23,491,63559,63559
uflp,,16,1,penalty,poa,16,160000,491,True,24,491,1862,1862
uflp,,16,1,penalty,poa,16,160000,491,True,25,491,20364,20364
uflp,,16,1,penalty,poa,16,160000,491,True,26,491,26647,26647
uflp,,16,1,penalty,poa,16,160000,491,True,27,491,20330,20330
uflp,,16,1,penalty,poa,16,160000,491,True,28,491,14604,14604
uflp,,16,1,penalty,poa,16,160000,491,True,29,491,21097,21097
uflp,,16,1,penalty,poa,16,160000,491,True,30,491,32767,32767
uflp,,16,2,penalty,poa,16,160000,462,True,0,462,801,801
uflp,,16,2,penalty,poa,16,160000,462,True,1,462,24841,24841
uflp,,16,2,penalty,poa,16,160000,462,True,2,462,71901,71901
uflp,,16,2,penalty,poa,16,160000,462,True,3,462,8529,8529
uflp,,16,2,penalty,poa,16,160000,462,True,4,462,25240,25240
uflp,,16,2,penalty,poa,16,160000,462,True,5,462,37749,37749
uflp,,16,2,penalty,poa,16,160000,462,True,6,462,14641,14641
uflp,,16,2,penalty,poa,16,160000,462,True,7,462,16316,16316
uflp,,16,2,penalty,poa,16,160000,462,True,8,462,2630,2630
uflp,,16,2,penalty,poa,16,160000,462,True,9,462,22561,22561
uflp,,16,2,penalty,poa,16,160000,462,True,10,462,12345,12345
uflp,,16,2,penalty,poa,16,160000,462,True,11,462,4573,4573
uflp,,16,2,penalty,poa,16,160000,462,True,12,462,7788,7788
uflp,,16,2,penalty,poa,16,160000,462,True,13,462,38904,38904
uflp,,16,2,penalty,poa,16,160000,462,True,14,462,5079,5079
uflp,,16,2,penalty,poa,16,160000,462,True,15,462,13956,13956
uflp,,16,2,penalty,poa,16,160000,462,True,16,462,2020,2020
uflp,,16,2,penalty,poa,16,160000,462,True,17,462,4097,4097
uflp,,16,2,penalty,poa,16,160000,462,True,18,462,6641,6641
uflp,,16,2,penalty,poa,16,160000,462,True,19,462,1976,1976
uflp,,16,2,penalty,poa,16,160000,462,True,20,462,4087,4087
uflp,,16,2,penalty,poa,16,160000,462,True,21,462,857,857
uflp,,16,2,penalty,poa,16,160000,462,True,22,462,3318,3318
uflp,,16,2,penalty,poa,16,160000,462,True,23,462,1147,1147
uflp,,16,2,penalty,poa,16,160000,462,True,24,462,38085,38085
uflp,,16,2,penalty,poa,16,160000,462,True,25,462,1562,1562
uflp,,16,2,penalty,poa,16,160000,462,True,26,462,11462,11462
uflp,,16,2,penalty,poa,16,160000,462,True,27,462,4046,4046
uflp,,16,2,penalty,poa,16,160000,462,True,28,462,2748,2748
uflp,,16,2,penalty,poa,16,160000,462,True,29,462,16156,16156
uflp,,16,2,penalty,poa,16,160000,462,True,30,462,25620,25620
uflp,,16,3,penalty,poa,16,160000,480,True,0,480,22038,22038
uflp,,16,3,penalty,poa,16,160000,480,True,1,480,16757,16757
uflp,,16,3,penalty,poa,16,160000,480,True,2,480,13274,13274
uflp,,16,3,penalty,poa,16,160000,480,True,3,480,2961,2961
uflp,,16,3,penalty,poa,16,160000,480,True,4,480,801,801
uflp,,16,3,penalty,poa,16,160000,480,True,5,480,2746,2746
uflp,,16,3,penalty,poa,16,160000,480,True,6,480,7534,7534
uflp,,16,3,penalty,poa,16,160000,480,True,7,480,44164,44164
uflp,,16,3,penalty,poa,16,160000,480,True,8,480,683,683
uflp,,16,3,penalty,poa,16,160000,480,True,9,480,2157,2157
uflp,,16,3,penalty,poa,16,160000,480,True,10,480,4026,4026
uflp,,16,3,penalty,poa,16,160000,480,True,11,480,387,387
uflp,,16,3,penalty,poa,16,160000,480,True,12,480,28395,28395
uflp,,16,3,penalty,poa,16,160000,480,True,13,480,1860,1860
uflp,,16,3,penalty,poa,16,160000,480,True,14,480,3632,3632
uflp,,16,3,penalty,poa,16,160000,480,True,15,480,10145,10145
uflp,,16,3,penalty,poa,16,160000,480,True,16,480,117089,117089
uflp,,16,3,penalty,poa,16,160000,480,True,17,480,1919,1919
uflp,,16,3,penalty,poa,16,160000,480,True,18,480,6345,6345
uflp,,16,3,penalty,poa,16,160000,480,True,19,480,5874,5874
uflp,,16,3,penalty,poa,16,160000,480,True,20,480,3015,3015
uflp,,16,3,penalty,poa,16,160000,480,True,21,480,2570,2570
uflp,,16,3,penalty,poa,16,160000,480,True,22,480,18019,18019
uflp,,16,3,penalty,poa,16,160000,480,True,23,480,12424,12424
uflp,,16,3,penalty,poa,16,160000,480,True,24,480,12567,12567
uflp,,16,3,penalty,poa,16,160000,480,True,25,480,37771,37771
uflp,,16,3,penalty,poa,16,160000,480,True,26,480,1448,1448
uflp,,16,3,penalty,poa,16,160000,480,True,27,480,11549,11549
uflp,,16,3,penalty,poa,16,160000,480,True,28,480,13325,13325
uflp,,16,3,penalty,poa,16,160000,480,True,29,480,69188,69188
uflp,,16,3,penalty,poa,16,160000,480,True,30,480,3807,3807
knapsack,mstr,120,1,penalty,poa,120,1200000,-47947,True,0,-45323,,1200000
knapsack,mstr,120,1,penalty,poa,120,1200000,-47947,True,1,-45246,,1200000
knapsack,mstr,120,1,penalty,poa,120,1200000,-47947,True,2,-45126,,1200000
knapsack,mstr,120,1,penalty,poa,120,1200000,-47947,True,3,-44920,,1200000
knapsack,mstr,120,1,penalty,poa,120,1200000,-47947,True,4,-45571,,1200000
knapsack,mstr,120,1,penalty,poa,120,1200000,-47947,True,5,-45315,,1200000
knapsack,mstr,120,1,penalty,poa,120,1200000,-47947,True,6,-45623,,1200000
knapsack,mstr,120,1,penalty,poa,120,1200000,-47947,True,7,-45319,,1200000
knapsack,mstr,120,1,penalty,poa,120,1200000,-47947,True,8,-45213,,1200000
knapsack,mstr,120,1,penalty,poa,120,1200000,-47947,True,9,-45513,,1200000
knapsack,mstr,120,1,penalty,poa,120,1200000,-47947,True,10,-44875,,1200000
knapsack,mstr,120,1,penalty,poa,120,1200000,-47947,True,11,-45241,,1200000
knapsack,mstr,120,1,penalty,poa,120,1200000,-47947,True,12,-45113,,1200000
knapsack,mstr,120,1,penalty,poa,120,1200000,-47947,True,13,-45152,,1200000
knapsack,mstr,120,1,penalty,poa,120,1200000,-47947,True,14,-45061,,1200000
knapsack,mstr,120,1,penalty,poa,120,1200000,-47947,True,15,-44876,,1200000
knapsack,mstr,120,1,penalty,poa,120,1200000,-47947,True,16,-45031,,1200000
knapsack,mstr,120,1,penalty,poa,120,1200000,-47947,True,17,-45006,,1200000
knapsack,mstr,120,1,penalty,poa,120,1200000,-47947,True,18,-45409,,1200000
knapsack,mstr,120,1,penalty,poa,120,1200000,-47947,True,19,-45109,,1200000
knapsack,mstr,120,1,penalty,poa,120,1200000,-47947,True,20,-45347,,1200000
knapsack,mstr,120,1,penalty,poa,120,1200000,-47947,True,21,-45337,,1200000
knapsack,mstr,120,1,penalty,poa,120,1200000,-47947,True,22,-45929,,1200000
knapsack,mstr,120,1,penalty,poa,120,1200000,-47947,True,23,-45021,,1200000
knapsack,mstr,120,1,penalty,poa,120,1200000,-47947,True,24,-45249,,1200000
knapsack,mstr,120,1,penalty,poa,120,1200000,-47947,True,25,-45002,,1200000
knapsack,mstr,120,1,penalty,poa,120,1200000,-47947,True,26,-45404,,1200000
knapsack,mstr,120,1,penalty,poa,120,1200000,-47947,True,27,-45081,,1200000
knapsack,mstr,120,1,penalty,poa,120,1200000,-47947,True,28,-44832,,1200000
knapsack,mstr,120,1,penalty,poa,120,1200000,-47947,True,29,-44911,,1200000
knapsack,mstr,120,1,penalty,poa,120,1200000,-47947,True,30,-45071,,1200000
uflp,,16,3,penalty,mpoa,16,160000,480,True,0,480,18490,18490
uflp,,16,3,penalty,mpoa,16,160000,480,True,1,480,57902,57902
uflp,,16,3,penalty,mpoa,16,160000,480,True,2,480,220,220
uflp,,16,3,penalty,mpoa,16,160000,480,True,3,480,2830,2830
uflp,,16,3,penalty,mpoa,16,160000,480,True,4,480,3088,3088
uflp,,16,3,penalty,mpoa,16,160000,480,True,5,480,186,186
uflp,,16,3,penalty,mpoa,16,160000,480,True,6,480,62898,62898
uflp,,16,3,penalty,mpoa,16,160000,480,True,7,480,28793,28793
uflp,,16,3,penalty,mpoa,16,160000,480,True,8,480,35564,35564
uflp,,16,3,penalty,mpoa,16,160000,480,True,9,480,193,193
uflp,,16,3,penalty,mpoa,16,160000,480,True,10,480,45970,45970
uflp,,16,3,penalty,mpoa,16,160000,480,True,11,480,176,176
uflp,,16,3,penalty,mpoa,16,160000,480,True,12,480,190,190
uflp,,16,3,penalty,mpoa,16,160000,480,True,13,480,182,182
uflp,,16,3,penalty,mpoa,16,160000,480,True,14,480,19947,19947
uflp,,16,3,penalty,mpoa,16,160000,480,True,15,480,199,199
uflp,,16,3,penalty,mpoa,16,160000,480,True,16,480,21281,21281
uflp,,16,3,penalty,mpoa,16,160000,480,True,17,481,,160000
uflp,,16,3,penalty,mpoa,16,160000,480,True,18,480,215,215
uflp,,16,3,penalty,mpoa,16,160000,480,True,19,480,55327,55327
uflp,,16,3,penalty,mpoa,16,160000,480,True,20,480,13993,13993
uflp,,16,3,penalty,mpoa,16,160000,480,True,21,480,195,195
uflp,,16,3,penalty,mpoa,16,160000,480,True,22,480,52098,52098
uflp,,16,3,penalty,mpoa,16,160000,480,True,23,480,33315,33315
uflp,,16,3,penalty,mpoa,16,160000,480,True,24,480,230,230
uflp,,16,3,penalty,mpoa,16,160000,480,True,25,480,28917,28917
uflp,,16,3,penalty,mpoa,16,160000,480,True,26,480,182,182
uflp,,16,3,penalty,mpoa,16,160000,480,True,27,480,246,246
uflp,,16,3,penalty,mpoa,16,160000,480,True,28,480,11106,11106
uflp,,16,3,penalty,mpoa,16,160000,480,True,29,480,5720,5720
uflp,,16,3,penalty,mpoa,16,160000,480,True,30,480,247,247
uflp,,16,4,penalty,poa,16,160000,539,True,0,539,1567,1567
uflp,,16,4,penalty,poa,16,160000,539,True,1,539,8530,8530
uflp,,16,4,penalty,poa,16,160000,539,True,2,539,15309,15309
uflp,,16,4,penalty,poa,16,160000,539,True,3,539,1151,1151
uflp,,16,4,penalty,poa,16,160000,539,True,4,539,1154,1154
uflp,,16,4,penalty,poa,16,160000,539,True,5,539,976,976
uflp,,16,4,penalty,poa,16,160000,539,True,6,539,40678,40678
uflp,,16,4,penalty,poa,16,160000,539,True,7,539,11733,11733
uflp,,16,4,penalty,poa,16,160000,539,True,8,539,44511,44511
uflp,,16,4,penalty,poa,16,160000,539,True,9,539,1322,1322
uflp,,16,4,penalty,poa,16,160000,539,True,10,539,7877,7877
uflp,,16,4,penalty,poa,16,160000,539,True,11,539,88984,88984
uflp,,16,4,penalty,poa,16,160000,539,True,12,539,4222,4222
uflp,,16,4,penalty,poa,16,160000,539,True,13,539,2331,2331
uflp,,16,4,penalty,poa,16,160000,539,True,14,539,8636,8636
uflp,,16,4,penalty,poa,16,160000,539,True,15,539,1483,1483
uflp,,16,4,penalty,poa,16,160000,539,True,16,539,12116,12116
uflp,,16,4,penalty,poa,16,160000,539,True,17,539,5639,5639
uflp,,16,4,penalty,poa,16,160000,539,True,18,539,12746,12746
uflp,,16,4,penalty,poa,16,160000,539,True,19,539,36494,36494
uflp,,16,4,penalty,poa,16,160000,539,True,20,539,113012,113012
uflp,,16,4,penalty,poa,16,160000,539,True,21,539,21098,21098
uflp,,16,4,penalty,poa,16,160000,539,True,22,539,4692,4692
uflp,,16,4,penalty,poa,16,160000,539,True,23,539,28519,28519
uflp,,16,4,penalty,poa,16,160000,539,True,24,539,1608,1608
uflp,,16,4,penalty,poa,16,160000,539,True,25,539,3969,3969
uflp,,16,4,penalty,poa,16,160000,539,True,26,539,36918,36918
uflp,,16,4,penalty,poa,16,160000,539,True,27,539,9422,9422
uflp,,16,4,penalty,poa,16,160000,539,True,28,539,19521,19521
uflp,,16,4,penalty,poa,16,160000,539,True,29,539,916,916
uflp,,16,4,penalty,poa,16,160000,539,True,30,539,7509,7509
uflp,,16,4,penalty,mpoa,16,160000,539,True,0,539,2807,2807
uflp,,16,4,penalty,mpoa,16,160000,539,True,1,539,12194,12194
uflp,,16,4,penalty,mpoa,16,160000,539,True,2,539,170,170
uflp,,16,4,penalty,mpoa,16,160000,539,True,3,539,2661,2661
uflp,,16,4,penalty,mpoa,16,160000,539,True,4,539,30701,30701
uflp,,16,4,penalty,mpoa,16,160000,539,True,5,539,77645,77645
uflp,,16,4,penalty,mpoa,16,160000,539,True,6,539,203,203
uflp,,16,4,penalty,mpoa,16,160000,539,True,7,539,3547,3547
uflp,,16,4,penalty,mpoa,16,160000,539,True,8,539,59432,59432
uflp,,16,4,penalty,mpoa,16,160000,539,True,9,539,4740,4740
uflp,,16,4,penalty,mpoa,16,160000,539,True,10,539,193,193
uflp,,16,4,penalty,mpoa,16,160000,539,True,11,539,185,185
uflp,,16,4,penalty,mpoa,16,160000,539,True,12,539,26273,26273
uflp,,16,4,penalty,mpoa,16,160000,539,True,13,539,2037,2037
uflp,,16,4,penalty,mpoa,16,160000,539,True,14,539,5040,5040
uflp,,16,4,penalty,mpoa,16,160000,539,True,15,539,186,186
uflp,,16,4,penalty,mpoa,16,160000,539,True,16,539,41099,41099
uflp,,16,4,penalty,mpoa,16,160000,539,True,17,539,16737,16737
uflp,,16,4,penalty,mpoa,16,160000,539,True,18,539,3084,3084
uflp,,16,4,penalty,mpoa,16,160000,539,True,19,539,45916,45916
uflp,,16,4,penalty,mpoa,16,160000,539,True,20,539,259,259
uflp,,16,4,penalty,mpoa,16,160000,539,True,21,539,184,184
uflp,,16,4,penalty,mpoa,16,160000,539,True,22,539,9477,9477
uflp,,16,4,penalty,mpoa,16,160000,539,True,23,539,91065,91065
uflp,,16,4,penalty,mpoa,16,160000,539,True,24,539,9699,9699
uflp,,16,4,penalty,mpoa,16,160000,539,True,25,539,196,196
uflp,,16,4,penalty,mpoa,16,160000,539,True,26,539,200,200
uflp,,16,4,penalty,mpoa,16,160000,539,True,27,539,198,198
uflp,,16,4,penalty,mpoa,16,160000,539,True,28,539,124054,124054
uflp,,16,4,penalty,mpoa,16,160000,539,True,29,539,171,171
uflp,,16,4,penalty,mpoa,16,160000,539,True,30,539,8558,8558
uflp,,18,0,penalty,mpoa,18,180000,492,True,0,492,238,238
uflp,,18,0,penalty,mpoa,18,180000,492,True,1,492,272,272
uflp,,18,0,penalty,mpoa,18,180000,492,True,2,492,242,242
uflp,,18,0,penalty,mpoa,18,180000,492,True,3,492,248,248
uflp,,18,0,penalty,mpoa,18,180000,492,True,4,492,235,235
uflp,,18,0,penalty,mpoa,18,180000,492,True,5,492,211,211
uflp,,18,0,penalty,mpoa,18,180000,492,True,6,492,258,258
uflp,,18,0,penalty,mpoa,18,180000,492,True,7,492,212,212
uflp,,18,0,penalty,mpoa,18,180000,492,True,8,492,261,261
uflp,,18,0,penalty,mpoa,18,180000,492,True,9,492,200,200
uflp,,18,0,penalty,mpoa,18,180000,492,True,10,492,221,221
uflp,,18,0,penalty,mpoa,18,180000,492,True,11,492,237,237
uflp,,18,0,penalty,mpoa,18,180000,492,True,12,492,262,262
uflp,,18,0,penalty,mpoa,18,180000,492,True,13,492,258,258
uflp,,18,0,penalty,mpoa,18,180000,492,True,14,492,214,214
uflp,,18,0,penalty,mpoa,18,180000,492,True,15,492,222,222
uflp,,18,0,penalty,mpoa,18,180000,492,True,16,492,245,245
uflp,,18,0,penalty,mpoa,18,180000,492,True,17,492,208,208
uflp,,18,0,penalty,mpoa,18,180000,492,True,18,492,219,219
uflp,,18,0,penalty,mpoa,18,180000,492,True,19,492,240,240
uflp,,18,0,penalty,mpoa,18,180000,492,True,20,492,205,205
uflp,,18,0,penalty,mpoa,18,180000,492,True,21,492,232,232
uflp,,18,0,penalty,mpoa,18,180000,492,True,22,492,240,240
uflp,,18,0,penalty,mpoa,18,180000,492,True,23,492,248,248
uflp,,18,0,penalty,mpoa,18,180000,492,True,24,492,229,229
uflp,,18,0,penalty,mpoa,18,180000,492,True,25,492,282,282
uflp,,18,0,penalty,mpoa,18,180000,492,True,26,492,269,269
uflp,,18,0,penalty,mpoa,18,180000,492,True,27,492,258,258
uflp,,18,0,penalty,mpoa,18,180000,492,True,28,492,226,226
uflp,,18,0,penalty,mpoa,18,180000,492,True,29,492,211,211
uflp,,18,0,penalty,mpoa,18,180000,492,True,30,492,236,236
knapsack,spanner,120,4,penalty,mpoa,120,1200000,-13104,True,0,-12730,,1200000
knapsack,spanner,120,4,penalty,mpoa,120,1200000,-13104,True,1,-12746,,1200000
knapsack,spanner,120,4,penalty,mpoa,120,1200000,-13104,True,2,-12794,,1200000
knapsack,spanner,120,4,penalty,mpoa,120,1200000,-13104,True,3,-12698,,1200000
knapsack,spanner,120,4,penalty,mpoa,120,1200000,-13104,True,4,-12754,,1200000
knapsack,spanner,120,4,penalty,mpoa,120,1200000,-13104,True,5,-12754,,1200000
knapsack,spanner,120,4,penalty,mpoa,120,1200000,-13104,True,6,-12706,,1200000
knapsack,spanner,120,4,penalty,mpoa,120,1200000,-13104,True,7,-12722,,1200000
knapsack,spanner,120,4,penalty,mpoa,120,1200000,-13104,True,8,-12770,,1200000
knapsack,spanner,120,4,penalty,mpoa,120,1200000,-13104,True,9,-12722,,1200000
knapsack,spanner,120,4,penalty,mpoa,120,1200000,-13104,True,10,-12802,,1200000
knapsack,spanner,120,4,penalty,mpoa,120,1200000,-13104,True,11,-12714,,1200000
knapsack,spanner,120,4,penalty,mpoa,120,1200000,-13104,True,12,-12754,,1200000
knapsack,spanner,120,4,penalty,mpoa,120,1200000,-13104,True,13,-12802,,1200000
knapsack,spanner,120,4,penalty,mpoa,120,1200000,-13104,True,14,-12714,,1200000
knapsack,spanner,120,4,penalty,mpoa,120,1200000,-13104,True,15,-12770,,1200000
knapsack,spanner,120,4,penalty,mpoa,120,1200000,-13104,True,16,-12794,,1200000
knapsack,spanner,120,4,penalty,mpoa,120,1200000,-13104,True,17,-12730,,1200000
knapsack,spanner,120,4,penalty,mpoa,120,1200000,-13104,True,18,-12714,,1200000
knapsack,spanner,120,4,penalty,mpoa,120,1200000,-13104,True,19,-12778,,1200000
knapsack,spanner,120,4,penalty,mpoa,120,1200000,-13104,True,20,-12730,,1200000
knapsack,spanner,120,4,penalty,mpoa,120,1200000,-13104,True,21,-12778,,1200000
knapsack,spanner,120,4,penalty,mpoa,120,1200000,-13104,True,22,-12730,,1200000
knapsack,spanner,120,4,penalty,mpoa,120,1200000,-13104,True,23,-12786,,1200000
knapsack,spanner,120,4,penalty,mpoa,120,1200000,-13104,True,24,-12746,,1200000
knapsack,spanner,120,4,penalty,mpoa,120,1200000,-13104,True,25,-12722,,1200000
knapsack,spanner,120,4,penalty,mpoa,120,1200000,-13104,True,26,-12746,,1200000
knapsack,spanner,120,4,penalty,mpoa,120,1200000,-13104,True,27,-12746,,1200000
knapsack,spanner,120,4,penalty,mpoa,120,1200000,-13104,True,28,-12794,,1200000
knapsack,spanner,120,4,penalty,mpoa,120,1200000,-13104,True,29,-12714,,1200000
knapsack,spanner,120,4,penalty,mpoa,120,1200000,-13104,True,30,-12746,,1200000
uflp,,18,1,penalty,mpoa,18,180000,558,True,0,558,263,263
uflp,,18,1,penalty,mpoa,18,180000,558,True,1,558,232,232
uflp,,18,1,penalty,mpoa,18,180000,558,True,2,558,313,313
uflp,,18,1,penalty,mpoa,18,180000,558,True,3,558,302,302
uflp,,18,1,penalty,mpoa,18,180000,558,True,4,558,306,306
uflp,,18,1,penalty,mpoa,18,180000,558,True,5,558,204,204
uflp,,18,1,penalty,mpoa,18,180000,558,True,6,558,305,305
uflp,,18,1,penalty,mpoa,18,180000,558,True,7,558,339,339
uflp,,18,1,penalty,mpoa,18,180000,558,True,8,558,316,316
uflp,,18,1,penalty,mpoa,18,180000,558,True,9,558,398,398
uflp,,18,1,penalty,mpoa,18,180000,558,True,10,558,328,328
uflp,,18,1,penalty,mpoa,18,180000,558,True,11,558,311,311
uflp,,18,1,penalty,mpoa,18,180000,558,True,12,558,391,391
uflp,,18,1,penalty,mpoa,18,180000,558,True,13,558,232,232
uflp,,18,1,penalty,mpoa,18,180000,558,True,14,558,329,329
uflp,,18,1,penalty,mpoa,18,180000,558,True,15,558,323,323
uflp,,18,1,penalty,mpoa,18,180000,558,True,16,558,299,299
uflp,,18,1,penalty,mpoa,18,180000,558,True,17,558,317,317
uflp,,18,1,penalty,mpoa,18,180000,558,True,18,558,292,292
uflp,,18,1,penalty,mpoa,18,180000,558,True,19,558,326,326
uflp,,18,1,penalty,mpoa,18,180000,558,True,20,558,245,245
uflp,,18,1,penalty,mpoa,18,180000,558,True,21,558,294,294
uflp,,18,1,penalty,mpoa,18,180000,558,True,22,558,317,317
uflp,,18,1,penalty,mpoa,18,180000,558,True,23,558,301,301
uflp,,18,1,penalty,mpoa,18,180000,558,True,24,558,277,277
uflp,,18,1,penalty,mpoa,18,180000,558,True,25,558,284,284
uflp,,18,1,penalty,mpoa,18,180000,558,True,26,558,327,327
uflp,,18,1,penalty,mpoa,18,180000,558,True,27,558,289,289
uflp,,18,1,penalty,mpoa,18,180000,558,True,28,558,329,329
uflp,,18,1,penalty,mpoa,18,180000,558,True,29,558,206,206
uflp,,18,1,penalty,mpoa,18,180000,558,True,30,558,328,328
knapsack,mstr,120,2,penalty,poa,120,1200000,-48473,True,0,-45403,,1200000
knapsack,mstr,120,2,penalty,poa,120,1200000,-48473,True,1,-45150,,1200000
knapsack,mstr,120,2,penalty,poa,120,1200000,-48473,True,2,-46067,,1200000
knapsack,mstr,120,2,penalty,poa,120,1200000,-48473,True,3,-45658,,1200000
knapsack,mstr,120,2,penalty,poa,120,1200000,-48473,True,4,-45642,,1200000
knapsack,mstr,120,2,penalty,poa,120,1200000,-48473,True,5,-45558,,1200000
knapsack,mstr,120,2,penalty,poa,120,1200000,-48473,True,6,-45546,,1200000
knapsack,mstr,120,2,penalty,poa,120,1200000,-48473,True,7,-45281,,1200000
knapsack,mstr,120,2,penalty,poa,120,1200000,-48473,True,8,-45986,,1200000
knapsack,mstr,120,2,penalty,poa,120,1200000,-48473,True,9,-45385,,1200000
knapsack,mstr,120,2,penalty,poa,120,1200000,-48473,True,10,-45504,,1200000
knapsack,mstr,120,2,penalty,poa,120,1200000,-48473,True,11,-45504,,1200000
knapsack,mstr,120,2,penalty,poa,120,1200000,-48473,True,12,-45734,,1200000
knapsack,mstr,120,2,penalty,poa,120,1200000,-48473,True,13,-45903,,1200000
knapsack,mstr,120,2,penalty,poa,120,1200000,-48473,True,14,-45683,,1200000
knapsack,mstr,120,2,penalty,poa,120,1200000,-48473,True,15,-45739,,1200000
knapsack,mstr,120,2,penalty,poa,120,1200000,-48473,True,16,-45452,,1200000
knapsack,mstr,120,2,penalty,poa,120,1200000,-48473,True,17,-45450,,1200000
knapsack,mstr,120,2,penalty,poa,120,1200000,-48473,True,18,-45700,,1200000
knapsack,mstr,120,2,penalty,poa,120,1200000,-48473,True,19,-45458,,1200000
knapsack,mstr,120,2,penalty,poa,120,1200000,-48473,True,20,-45731,,1200000
knapsack,mstr,120,2,penalty,poa,120,1200000,-48473,True,21,-45346,,1200000
knapsack,mstr,120,2,penalty,poa,120,1200000,-48473,True,22,-45469,,1200000
knapsack,mstr,120,2,penalty,poa,120,1200000,-48473,True,23,-45269,,1200000
knapsack,mstr,120,2,penalty,poa,120,1200000,-48473,True,24,-45608,,1200000
knapsack,mstr,120,2,penalty,poa,120,1200000,-48473,True,25,-45737,,1200000
knapsack,mstr,120,2,penalty,poa,120,1200000,-48473,True,26,-45457,,1200000
knapsack,mstr,120,2,penalty,poa,120,1200000,-48473,True,27,-45661,,1200000
knapsack,mstr,120,2,penalty,poa,120,1200000,-48473,True,28,-45624,,1200000
knapsack,mstr,120,2,penalty,poa,120,1200000,-48473,True,29,-45393,,1200000
knapsack,mstr,120,2,penalty,poa,120,1200000,-48473,True,30,-45483,,1200000
uflp,,18,3,penalty,mpoa,18,180000,533,True,0,533,250,250
uflp,,18,3,penalty,mpoa,18,180000,533,True,1,533,188,188
uflp,,18,3,penalty,mpoa,18,180000,533,True,2,533,4966,4966
uflp,,18,3,penalty,mpoa,18,180000,533,True,3,533,87441,87441
uflp,,18,3,penalty,mpoa,18,180000,533,True,4,533,66871,66871
uflp,,18,3,penalty,mpoa,18,180000,533,True,5,533,231,231
uflp,,18,3,penalty,mpoa,18,180000,533,True,6,533,267,267
uflp,,18,3,penalty,mpoa,18,180000,533,True,7,533,31801,31801
uflp,,18,3,penalty,mpoa,18,180000,533,True,8,533,338,338
uflp,,18,3,penalty,mpoa,18,180000,533,True,9,533,222,222
uflp,,18,3,penalty,mpoa,18,180000,533,True,10,533,10664,10664
uflp,,18,3,penalty,mpoa,18,180000,533,True,11,533,215,215
uflp,,18,3,penalty,mpoa,18,180000,533,True,12,533,217,217
uflp,,18,3,penalty,mpoa,18,180000,533,True,13,533,309,309
uflp,,18,3,penalty,mpoa,18,180000,533,True,14,533,240,240
uflp,,18,3,penalty,mpoa,18,180000,533,True,15,533,200,200
uflp,,18,3,penalty,mpoa,18,180000,533,True,16,533,7967,7967
uflp,,18,3,penalty,mpoa,18,180000,533,True,17,533,208,208
uflp,,18,3,penalty,mpoa,18,180000,533,True,18,533,203,203
uflp,,18,3,penalty,mpoa,18,180000,533,True,19,533,273,273
uflp,,18,3,penalty,mpoa,18,180000,533,True,20,533,1692,1692
uflp,,18,3,penalty,mpoa,18,180000,533,True,21,533,228,228
uflp,,18,3,penalty,mpoa,18,180000,533,True,22,533,257,257
uflp,,18,3,penalty,mpoa,18,180000,533,True,23,533,200,200
uflp,,18,3,penalty,mpoa,18,180000,533,True,24,533,88034,88034
uflp,,18,3,penalty,mpoa,18,180000,533,True,25,533,304,304
uflp,,18,3,penalty,mpoa,18,180000,533,True,26,533,21258,21258
uflp,,18,3,penalty,mpoa,18,180000,533,True,27,533,320,320
uflp,,18,3,penalty,mpoa,18,180000,533,True,28,533,9281,9281
uflp,,18,3,penalty,mpoa,18,180000,533,True,29,533,13294,13294
uflp,,18,3,penalty,mpoa,18,180000,533,True,30,533,272,272
knapsack,mstr,120,3,penalty,poa,120,1200000,-51732,True,0,-48828,,1200000
knapsack,mstr,120,3,penalty,poa,120,1200000,-51732,True,1,-49327,,1200000
knapsack,mstr,120,3,penalty,poa,120,1200000,-51732,True,2,-48884,,1200000
knapsack,mstr,120,3,penalty,poa,120,1200000,-51732,True,3,-48891,,1200000
knapsack,mstr,120,3,penalty,poa,120,1200000,-51732,True,4,-49297,,1200000
knapsack,mstr,120,3,penalty,poa,120,1200000,-51732,True,5,-49204,,1200000
knapsack,mstr,120,3,penalty,poa,120,1200000,-51732,True,6,-49054,,1200000
knapsack,mstr,120,3,penalty,poa,120,1200000,-51732,True,7,-49159,,1200000
knapsack,mstr,120,3,penalty,poa,120,1200000,-51732,True,8,-49132,,1200000
knapsack,mstr,120,3,penalty,poa,120,1200000,-51732,True,9,-49311,,1200000
knapsack,mstr,120,3,penalty,poa,120,1200000,-51732,True,10,-49431,,1200000
knapsack,mstr,120,3,penalty,poa,120,1200000,-51732,True,11,-49029,,1200000
knapsack,mstr,120,3,penalty,poa,120,1200000,-51732,True,12,-48989,,1200000
knapsack,mstr,120,3,penalty,poa,120,1200000,-51732,True,13,-49426,,1200000
knapsack,mstr,120,3,penalty,poa,120,1200000,-51732,True,14,-49251,,1200000
knapsack,mstr,120,3,penalty,poa,120,1200000,-51732,True,15,-49040,,1200000
knapsack,mstr,120,3,penalty,poa,120,1200000,-51732,True,16,-48999,,1200000
knapsack,mstr,120,3,penalty,poa,120,1200000,-51732,True,17,-49038,,1200000
knapsack,mstr,120,3,penalty,poa,120,1200000,-51732,True,18,-49116,,1200000
knapsack,mstr,120,3,penalty,poa,120,1200000,-51732,True,19,-49516,,1200000
knapsack,mstr,120,3,penalty,poa,120,1200000,-51732,True,20,-49418,,1200000
knapsack,mstr,120,3,penalty,poa,120,1200000,-51732,True,21,-49123,,1200000
knapsack,mstr,120,3,penalty,poa,120,1200000,-51732,True,22,-49133,,1200000
knapsack,mstr,120,3,penalty,poa,120,1200000,-51732,True,23,-48908,,1200000
knapsack,mstr,120,3,penalty,poa,120,1200000,-51732,True,24,-48910,,1200000
knapsack,mstr,120,3,penalty,poa,120,1200000,-51732,True,25,-49570,,1200000
knapsack,mstr,120,3,penalty,poa,120,1200000,-51732,True,26,-48949,,1200000
knapsack,mstr,120,3,penalty,poa,120,1200000,-51732,True,27,-49210,,1200000
knapsack,mstr,120,3,penalty,poa,120,1200000,-51732,True,28,-49459,,1200000
knapsack,mstr,120,3,penalty,poa,120,1200000,-51732,True,29,-49174,,1200000
knapsack,mstr,120,3,penalty,poa,120,1200000,-51732,True,30,-48989,,1200000
uflp,,18,0,penalty,poa,18,180000,492,True,0,492,10122,10122
uflp,,18,0,penalty,poa,18,180000,492,True,1,492,6346,6346
uflp,,18,0,penalty,poa,18,180000,492,True,2,492,24970,24970
uflp,,18,0,penalty,poa,18,180000,492,True,3,492,3040,3040
uflp,,18,0,penalty,poa,18,180000,492,True,4,492,27626,27626
uflp,,18,0,penalty,poa,18,180000,492,True,5,492,43853,43853
uflp,,18,0,penalty,poa,18,180000,492,True,6,492,62025,62025
uflp,,18,0,penalty,poa,18,180000,492,True,7,502,,180000
uflp,,18,0,penalty,poa,18,180000,492,True,8,492,22277,22277
uflp,,18,0,penalty,poa,18,180000,492,True,9,492,28776,28776
uflp,,18,0,penalty,poa,18,180000,492,True,10,492,68449,68449
uflp,,18,0,penalty,poa,18,180000,492,True,11,492,37589,37589
uflp,,18,0,penalty,poa,18,180000,492,True,12,492,2510,2510
uflp,,18,0,penalty,poa,18,180000,492,True,13,492,1684,1684
uflp,,18,0,penalty,poa,18,180000,492,True,14,492,63872,63872
uflp,,18,0,penalty,poa,18,180000,492,True,15,492,9276,9276
uflp,,18,0,penalty,poa,18,180000,492,True,16,492,80041,80041
uflp,,18,0,penalty,poa,18,180000,492,True,17,492,43580,43580
uflp,,18,0,penalty,poa,18,180000,492,True,18,492,8010,8010
uflp,,18,0,penalty,poa,18,180000,492,True,19,492,23925,23925
uflp,,18,0,penalty,poa,18,180000,492,True,20,492,19144,19144
uflp,,18,0,penalty,poa,18,180000,492,True,21,492,13170,13170
uflp,,18,0,penalty,poa,18,180000,492,True,22,492,23214,23214
uflp,,18,0,penalty,poa,18,180000,492,True,23,492,19320,19320
uflp,,18,0,penalty,poa,18,180000,492,True,24,492,37398,37398
uflp,,18,0,penalty,poa,18,180000,492,True,25,492,159738,159738
uflp,,18,0,penalty,poa,18,180000,492,True,26,492,30140,30140
uflp,,18,0,penalty,poa,18,180000,492,True,27,492,78466,78466
uflp,,18,0,penalty,poa,18,180000,492,True,28,492,13458,13458
uflp,,18,0,penalty,poa,18,180000,492,True,29,492,28515,28515
uflp,,18,0,penalty,poa,18,180000,492,True,30,492,26111,26111
uflp,,18,4,penalty,mpoa,18,180000,491,True,0,491,252,252
uflp,,18,4,penalty,mpoa,18,180000,491,True,1,491,330,330
uflp,,18,4,penalty,mpoa,18,180000,491,True,2,491,275,275
uflp,,18,4,penalty,mpoa,18,180000,491,True,3,491,299,299
uflp,,18,4,penalty,mpoa,18,180000,491,True,4,491,223,223
uflp,,18,4,penalty,mpoa,18,180000,491,True,5,491,267,267
uflp,,18,4,penalty,mpoa,18,180000,491,True,6,491,298,298
uflp,,18,4,penalty,mpoa,18,180000,491,True,7,491,271,271
uflp,,18,4,penalty,mpoa,18,180000,491,True,8,491,239,239
uflp,,18,4,penalty,mpoa,18,180000,491,True,9,491,248,248
uflp,,18,4,penalty,mpoa,18,180000,491,True,10,491,193,193
uflp,,18,4,penalty,mpoa,18,180000,491,True,11,491,297,297
uflp,,18,4,penalty,mpoa,18,180000,491,True,12,491,351,351
uflp,,18,4,penalty,mpoa,18,180000,491,True,13,491,224,224
uflp,,18,4,penalty,mpoa,18,180000,491,True,14,491,299,299
uflp,,18,4,penalty,mpoa,18,180000,491,True,15,491,275,275
uflp,,18,4,penalty,mpoa,18,180000,491,True,16,491,272,272
uflp,,18,4,penalty,mpoa,18,180000,491,True,17,491,272,272
uflp,,18,4,penalty,mpoa,18,180000,491,True,18,491,267,267
uflp,,18,4,penalty,mpoa,18,180000,491,True,19,491,268,268
uflp,,18,4,penalty,mpoa,18,180000,491,True,20,491,199,199
uflp,,18,4,penalty,mpoa,18,180000,491,True,21,491,194,194
uflp,,18,4,penalty,mpoa,18,180000,491,True,22,491,199,199
uflp,,18,4,penalty,mpoa,18,180000,491,True,23,491,269,269
uflp,,18,4,penalty,mpoa,18,180000,491,True,24,491,201,201
uflp,,18,4,penalty,mpoa,18,180000,491,True,25,491,311,311
uflp,,18,4,penalty,mpoa,18,180000,491,True,26,491,334,334
uflp,,18,4,penalty,mpoa,18,180000,491,True,27,491,205,205
uflp,,18,4,penalty,mpoa,18,180000,491,True,28,491,270,270
uflp,,18,4,penalty,mpoa,18,180000,491,True,29,491,260,260
uflp,,18,4,penalty,mpoa,18,180000,491,True,30,491,283,283
uflp,,18,3,penalty,poa,18,180000,533,True,0,533,3221,3221
uflp,,18,3,penalty,poa,18,180000,533,True,1,533,18538,18538
uflp,,18,3,penalty,poa,18,180000,533,True,2,533,143638,143638
uflp,,18,3,penalty,poa,18,180000,533,True,3,533,10519,10519
uflp,,18,3,penalty,poa,18,180000,533,True,4,533,102501,102501
uflp,,18,3,penalty,poa,18,180000,533,True,5,533,20861,20861
uflp,,18,3,penalty,poa,18,180000,533,True,6,533,11775,11775
uflp,,18,3,penalty,poa,18,180000,533,True,7,539,,180000
uflp,,18,3,penalty,poa,18,180000,533,True,8,533,148251,148251
uflp,,18,3,penalty,poa,18,180000,533,True,9,533,17852,17852
uflp,,18,3,penalty,poa,18,180000,533,True,10,533,2157,2157
uflp,,18,3,penalty,poa,18,180000,533,True,11,533,8942,8942
uflp,,18,3,penalty,poa,18,180000,533,True,12,533,13792,13792
uflp,,18,3,penalty,poa,18,180000,533,True,13,533,2568,2568
uflp,,18,3,penalty,poa,18,180000,533,True,14,533,2804,2804
uflp,,18,3,penalty,poa,18,180000,533,True,15,533,2142,2142
uflp,,18,3,penalty,poa,18,180000,533,True,16,533,3856,3856
uflp,,18,3,penalty,poa,18,180000,533,True,17,533,27179,27179
uflp,,18,3,penalty,poa,18,180000,533,True,18,533,445,445
uflp,,18,3,penalty,poa,18,180000,533,True,19,533,49936,49936
uflp,,18,3,penalty,poa,18,180000,533,True,20,533,857,857
uflp,,18,3,penalty,poa,18,180000,533,True,21,533,57649,57649
uflp,,18,3,penalty,poa,18,180000,533,True,22,533,1802,1802
uflp,,18,3,penalty,poa,18,180000,533,True,23,533,93652,93652
uflp,,18,3,penalty,poa,18,180000,533,True,24,533,4104,4104
uflp,,18,3,penalty,poa,18,180000,533,True,25,533,1805,1805
uflp,,18,3,penalty,poa,18,180000,533,True,26,533,13216,13216
uflp,,18,3,penalty,poa,18,180000,533,True,27,533,5068,5068
uflp,,18,3,penalty,poa,18,180000,533,True,28,533,5966,5966
uflp,,18,3,penalty,poa,18,180000,533,True,29,533,52303,52303
uflp,,18,3,penalty,poa,18,180000,533,True,30,533,1388,1388
uflp,,18,1,penalty,poa,18,180000,558,True,0,558,19085,19085
uflp,,18,1,penalty,poa,18,180000,558,True,1,558,6677,6677
uflp,,18,1,penalty,poa,18,180000,558,True,2,558,10879,10879
uflp,,18,1,penalty,poa,18,180000,558,True,3,564,,180000
uflp,,18,1,penalty,poa,18,180000,558,True,4,558,20238,20238
uflp,,18,1,penalty,poa,18,180000,558,True,5,558,4633,4633
uflp,,18,1,penalty,poa,18,180000,558,True,6,558,503,503
uflp,,18,1,penalty,poa,18,180000,558,True,7,558,34375,34375
uflp,,18,1,penalty,poa,18,180000,558,True,8,558,20699,20699
uflp,,18,1,penalty,poa,18,180000,558,True,9,564,,180000
uflp,,18,1,penalty,poa,18,180000,558,True,10,558,68174,68174
uflp,,18,1,penalty,poa,18,180000,558,True,11,558,24534,24534
uflp,,18,1,penalty,poa,18,180000,558,True,12,558,116997,116997
uflp,,18,1,penalty,poa,18,180000,558,True,13,558,43847,43847
uflp,,18,1,penalty,poa,18,180000,558,True,14,558,23899,23899
uflp,,18,1,penalty,poa,18,180000,558,True,15,558,11771,11771
uflp,,18,1,penalty,poa,18,180000,558,True,16,558,176734,176734
uflp,,18,1,penalty,poa,18,180000,558,True,17,558,17449,17449
uflp,,18,1,penalty,poa,18,180000,558,True,18,558,6607,6607
uflp,,18,1,penalty,poa,18,180000,558,True,19,558,16198,16198
uflp,,18,1,penalty,poa,18,180000,558,True,20,558,6367,6367
uflp,,18,1,penalty,poa,18,180000,558,True,21,558,74964,74964
uflp,,18,1,penalty,poa,18,180000,558,True,22,558,67634,67634
uflp,,18,1,penalty,poa,18,180000,558,True,23,558,8189,8189
uflp,,18,1,penalty,poa,18,180000,558,True,24,558,8057,8057
uflp,,18,1,penalty,poa,18,180000,558,True,25,558,4541,4541
uflp,,18,1,penalty,poa,18,180000,558,True,26,558,41067,41067
uflp,,18,1,penalty,poa,18,180000,558,True,27,558,161657,161657
uflp,,18,1,penalty,poa,18,180000,558,True,28,558,12988,12988
uflp,,18,1,penalty,poa,18,180000,558,True,29,558,9984,9984
uflp,,18,1,penalty,poa,18,180000,558,True,30,564,,180000
uflp,,18,2,penalty,mpoa,18,180000,476,True,0,476,43244,43244
uflp,,18,2,penalty,mpoa,18,180000,476,True,1,476,65730,65730
uflp,,18,2,penalty,mpoa,18,180000,476,True,2,476,230,230
uflp,,18,2,penalty,mpoa,18,180000,476,True,3,476,17362,17362
uflp,,18,2,penalty,mpoa,18,180000,476,True,4,476,217,217
uflp,,18,2,penalty,mpoa,18,180000,476,True,5,477,,180000
uflp,,18,2,penalty,mpoa,18,180000,476,True,6,477,,180000
uflp,,18,2,penalty,mpoa,18,180000,476,True,7,476,259,259
uflp,,18,2,penalty,mpoa,18,180000,476,True,8,476,48156,48156
uflp,,18,2,penalty,mpoa,18,180000,476,True,9,476,301,301
uflp,,18,2,penalty,mpoa,18,180000,476,True,10,476,14543,14543
uflp,,18,2,penalty,mpoa,18,180000,476,True,11,476,307,307
uflp,,18,2,penalty,mpoa,18,180000,476,True,12,476,445,445
uflp,,18,2,penalty,mpoa,18,180000,476,True,13,476,24185,24185
uflp,,18,2,penalty,mpoa,18,180000,476,True,14,476,312,312
uflp,,18,2,penalty,mpoa,18,180000,476,True,15,476,22618,22618
uflp,,18,2,penalty,mpoa,18,180000,476,True,16,476,9762,9762
uflp,,18,2,penalty,mpoa,18,180000,476,True,17,476,61427,61427
uflp,,18,2,penalty,mpoa,18,180000,476,True,18,476,51729,51729
uflp,,18,2,penalty,mpoa,18,180000,476,True,19,476,97720,97720
uflp,,18,2,penalty,mpoa,18,180000,476,True,20,476,255,255
uflp,,18,2,penalty,mpoa,18,180000,476,True,21,477,,180000
uflp,,18,2,penalty,mpoa,18,180000,476,True,22,476,241,241
uflp,,18,2,penalty,mpoa,18,180000,476,True,23,477,,180000
uflp,,18,2,penalty,mpoa,18,180000,476,True,24,476,291,291
uflp,,18,2,penalty,mpoa,18,180000,476,True,25,476,5842,5842
uflp,,18,2,penalty,mpoa,18,180000,476,True,26,476,68665,68665
uflp,,18,2,penalty,mpoa,18,180000,476,True,27,476,92212,92212
uflp,,18,2,penalty,mpoa,18,180000,476,True,28,476,332,332
uflp,,18,2,penalty,mpoa,18,180000,476,True,29,476,38880,38880
uflp,,18,2,penalty,mpoa,18,180000,476,True,30,476,81113,81113
uflp,,18,2,penalty,poa,18,180000,476,True,0,476,5814,5814
uflp,,18,2,penalty,poa,18,180000,476,True,1,476,55821,55821
uflp,,18,2,penalty,poa,18,180000,476,True,2,476,6701,6701
uflp,,18,2,penalty,poa,18,180000,476,True,3,476,177577,177577
uflp,,18,2,penalty,poa,18,180000,476,True,4,476,11009,11009
uflp,,18,2,penalty,poa,18,180000,476,True,5,476,25967,25967
uflp,,18,2,penalty,poa,18,180000,476,True,6,477,,180000
uflp,,18,2,penalty,poa,18,180000,476,True,7,476,87194,87194
uflp,,18,2,penalty,poa,18,180000,476,True,8,476,21748,21748
uflp,,18,2,penalty,poa,18,180000,476,True,9,476,42727,42727
uflp,,18,2,penalty,poa,18,180000,476,True,10,476,177605,177605
uflp,,18,2,penalty,poa,18,180000,476,True,11,476,24401,24401
uflp,,18,2,penalty,poa,18,180000,476,True,12,476,42338,42338
uflp,,18,2,penalty,poa,18,180000,476,True,13,476,3042,3042
uflp,,18,2,penalty,poa,18,180000,476,True,14,476,66491,66491
uflp,,18,2,penalty,poa,18,180000,476,True,15,476,21276,21276
uflp,,18,2,penalty,poa,18,180000,476,True,16,476,94146,94146
uflp,,18,2,penalty,poa,18,180000,476,True,17,476,35256,35256
uflp,,18,2,penalty,poa,18,180000,476,True,18,476,81887,81887
uflp,,18,2,penalty,poa,18,180000,476,True,19,476,15728,15728
uflp,,18,2,penalty,poa,18,180000,476,True,20,476,14136,14136
uflp,,18,2,penalty,poa,18,180000,476,True,21,476,8372,8372
uflp,,18,2,penalty,poa,18,180000,476,True,22,476,4848,4848
uflp,,18,2,penalty,poa,18,180000,476,True,23,476,82628,82628
uflp,,18,2,penalty,poa,18,180000,476,True,24,476,5464,5464
uflp,,18,2,penalty,poa,18,180000,476,True,25,476,1684,1684
uflp,,18,2,penalty,poa,18,180000,476,True,26,476,37643,37643
uflp,,18,2,penalty,poa,18,180000,476,True,27,476,31351,31351
uflp,,18,2,penalty,poa,18,180000,476,True,28,476,1671,1671
uflp,,18,2,penalty,poa,18,180000,476,True,29,476,8151,8151
uflp,,18,2,penalty,poa,18,180000,476,True,30,476,9537,9537
knapsack,mstr,120,4,penalty,poa,120,1200000,-48484,True,0,-46088,,1200000
knapsack,mstr,120,4,penalty,poa,120,1200000,-48484,True,1,-46331,,1200000
knapsack,mstr,120,4,penalty,poa,120,1200000,-48484,True,2,-46065,,1200000
knapsack,mstr,120,4,penalty,poa,120,1200000,-48484,True,3,-45967,,1200000
knapsack,mstr,120,4,penalty,poa,120,1200000,-48484,True,4,-46106,,1200000
knapsack,mstr,120,4,penalty,poa,120,1200000,-48484,True,5,-45829,,1200000
knapsack,mstr,120,4,penalty,poa,120,1200000,-48484,True,6,-46035,,1200000
knapsack,mstr,120,4,penalty,poa,120,1200000,-48484,True,7,-45862,,1200000
knapsack,mstr,120,4,penalty,poa,120,1200000,-48484,True,8,-45883,,1200000
knapsack,mstr,120,4,penalty,poa,120,1200000,-48484,True,9,-46092,,1200000
knapsack,mstr,120,4,penalty,poa,120,1200000,-48484,True,10,-46011,,1200000
knapsack,mstr,120,4,penalty,poa,120,1200000,-48484,True,11,-46356,,1200000
knapsack,mstr,120,4,penalty,poa,120,1200000,-48484,True,12,-45821,,1200000
knapsack,mstr,120,4,penalty,poa,120,1200000,-48484,True,13,-46227,,1200000
knapsack,mstr,120,4,penalty,poa,120,1200000,-48484,True,14,-45801,,1200000
knapsack,mstr,120,4,penalty,poa,120,1200000,-48484,True,15,-46269,,1200000
knapsack,mstr,120,4,penalty,poa,120,1200000,-48484,True,16,-46184,,1200000
knapsack,mstr,120,4,penalty,poa,120,1200000,-48484,True,17,-46061,,1200000
knapsack,mstr,120,4,penalty,poa,120,1200000,-48484,True,18,-46367,,1200000
knapsack,mstr,120,4,penalty,poa,120,1200000,-48484,True,19,-46081,,1200000
knapsack,mstr,120,4,penalty,poa,120,1200000,-48484,True,20,-45863,,1200000
knapsack,mstr,120,4,penalty,poa,120,1200000,-48484,True,21,-46063,,1200000
knapsack,mstr,120,4,penalty,poa,120,1200000,-48484,True,22,-45669,,1200000
knapsack,mstr,120,4,penalty,poa,120,1200000,-48484,True,23,-45599,,1200000
knapsack,mstr,120,4,penalty,poa,120,1200000,-48484,True,24,-45828,,1200000
knapsack,mstr,120,4,penalty,poa,120,1200000,-48484,True,25,-46334,,1200000
knapsack,mstr,120,4,penalty,poa,120,1200000,-48484,True,26,-45980,,1200000
knapsack,mstr,120,4,penalty,poa,120,1200000,-48484,True,27,-45759,,1200000
knapsack,mstr,120,4,penalty,poa,120,1200000,-48484,True,28,-45978,,1200000
knapsack,mstr,120,4,penalty,poa,120,1200000,-48484,True,29,-46250,,1200000
knapsack,mstr,120,4,penalty,poa,120,1200000,-48484,True,30,-46446,,1200000
scp,,90,1,penalty,mpoa,90,900000,15,True,0,26,,900000
scp,,90,1,penalty,mpoa,90,900000,15,True,1,19,,900000
scp,,90,1,penalty,mpoa,90,900000,15,True,2,19,,900000
scp,,90,1,penalty,mpoa,90,900000,15,True,3,18,,900000
scp,,90,1,penalty,mpoa,90,900000,15,True,4,20,,900000
scp,,90,1,penalty,mpoa,90,900000,15,True,5,22,,900000
scp,,90,1,penalty,mpoa,90,900000,15,True,6,19,,900000
scp,,90,1,penalty,mpoa,90,900000,15,True,7,20,,900000
scp,,90,1,penalty,mpoa,90,900000,15,True,8,18,,900000
scp,,90,1,penalty,mpoa,90,900000,15,True,9,19,,900000
scp,,90,1,penalty,mpoa,90,900000,15,True,10,19,,900000
scp,,90,1,penalty,mpoa,90,900000,15,True,11,23,,900000
scp,,90,1,penalty,mpoa,90,900000,15,True,12,17,,900000
scp,,90,1,penalty,mpoa,90,900000,15,True,13,20,,900000
scp,,90,1,penalty,mpoa,90,900000,15,True,14,20,,900000
scp,,90,1,penalty,mpoa,90,900000,15,True,15,17,,900000
scp,,90,1,penalty,mpoa,90,900000,15,True,16,18,,900000
scp,,90,1,penalty,mpoa,90,900000,15,True,17,19,,900000
scp,,90,1,penalty,mpoa,90,900000,15,True,18,22,,900000
scp,,90,1,penalty,mpoa,90,900000,15,True,19,18,,900000
scp,,90,1,penalty,mpoa,90,900000,15,True,20,19,,900000
scp,,90,1,penalty,mpoa,90,900000,15,True,21,18,,900000
scp,,90,1,penalty,mpoa,90,900000,15,True,22,20,,900000
scp,,90,1,penalty,mpoa,90,900000,15,True,23,19,,900000
scp,,90,1,penalty,mpoa,90,900000,15,True,24,17,,900000
scp,,90,1,penalty,mpoa,90,900000,15,True,25,16,,900000
scp,,90,1,penalty,mpoa,90,900000,15,True,26,21,,900000
scp,,90,1,penalty,mpoa,90,900000,15,True,27,19,,900000
scp,,90,1,penalty,mpoa,90,900000,15,True,28,22,,900000
scp,,90,1,penalty,mpoa,90,900000,15,True,29,22,,900000
scp,,90,1,penalty,mpoa,90,900000,15,True,30,19,,900000
scp,,90,2,penalty,mpoa,90,900000,15,True,0,23,,900000
scp,,90,2,penalty,mpoa,90,900000,15,True,1,23,,900000
scp,,90,2,penalty,mpoa,90,900000,15,True,2,21,,900000
scp,,90,2,penalty,mpoa,90,900000,15,True,3,24,,900000
scp,,90,2,penalty,mpoa,90,900000,15,True,4,26,,900000
scp,,90,2,penalty,mpoa,90,900000,15,True,5,22,,900000
scp,,90,2,penalty,mpoa,90,900000,15,True,6,24,,900000
scp,,90,2,penalty,mpoa,90,900000,15,True,7,23,,900000
scp,,90,2,penalty,mpoa,90,900000,15,True,8,22,,900000
scp,,90,2,penalty,mpoa,90,900000,15,True,9,21,,900000
scp,,90,2,penalty,mpoa,90,900000,15,True,10,20,,900000
scp,,90,2,penalty,mpoa,90,900000,15,True,11,19,,900000
scp,,90,2,penalty,mpoa,90,900000,15,True,12,22,,900000
scp,,90,2,penalty,mpoa,90,900000,15,True,13,19,,900000
scp,,90,2,penalty,mpoa,90,900000,15,True,14,26,,900000
scp,,90,2,penalty,mpoa,90,900000,15,True,15,21,,900000
scp,,90,2,penalty,mpoa,90,900000,15,True,16,20,,900000
scp,,90,2,penalty,mpoa,90,900000,15,True,17,23,,900000
scp,,90,2,penalty,mpoa,90,900000,15,True,18,21,,900000
scp,,90,2,penalty,mpoa,90,900000,15,True,19,20,,900000
scp,,90,2,penalty,mpoa,90,900000,15,True,20,23,,900000
scp,,90,2,penalty,mpoa,90,900000,15,True,21,22,,900000
scp,,90,2,penalty,mpoa,90,900000,15,True,22,22,,900000
scp,,90,2,penalty,mpoa,90,900000,15,True,23,19,,900000
scp,,90,2,penalty,mpoa,90,900000,15,True,24,23,,900000
scp,,90,2,penalty,mpoa,90,900000,15,True,25,21,,900000
scp,,90,2,penalty,mpoa,90,900000,15,True,26,22,,900000
scp,,90,2,penalty,mpoa,90,900000,15,True,27,24,,900000
scp,,90,2,penalty,mpoa,90,900000,15,True,28,21,,900000
scp,,90,2,penalty,mpoa,90,900000,15,True,29,24,,900000
scp,,90,2,penalty,mpoa,90,900000,15,True,30,24,,900000
uflp,,18,4,penalty,poa,18,180000,491,True,0,491,1684,1684
uflp,,18,4,penalty,poa,18,180000,491,True,1,491,68650,68650
uflp,,18,4,penalty,poa,18,180000,491,True,2,491,5921,5921
uflp,,18,4,penalty,poa,18,180000,491,True,3,491,48709,48709
uflp,,18,4,penalty,poa,18,180000,491,True,4,491,19307,19307
uflp,,18,4,penalty,poa,18,180000,491,True,5,491,24542,24542
uflp,,18,4,penalty,poa,18,180000,491,True,6,491,9480,9480
uflp,,18,4,penalty,poa,18,180000,491,True,7,491,78704,78704
uflp,,18,4,penalty,poa,18,180000,491,True,8,491,3280,3280
uflp,,18,4,penalty,poa,18,180000,491,True,9,491,90259,90259
uflp,,18,4,penalty,poa,18,180000,491,True,10,491,23060,23060
uflp,,18,4,penalty,poa,18,180000,491,True,11,491,18912,18912
uflp,,18,4,penalty,poa,18,180000,491,True,12,491,74650,74650
uflp,,18,4,penalty,poa,18,180000,491,True,13,491,5707,5707
uflp,,18,4,penalty,poa,18,180000,491,True,14,491,35661,35661
uflp,,18,4,penalty,poa,18,180000,491,True,15,491,65749,65749
uflp,,18,4,penalty,poa,18,180000,491,True,16,491,3213,3213
uflp,,18,4,penalty,poa,18,180000,491,True,17,491,4221,4221
uflp,,18,4,penalty,poa,18,180000,491,True,18,491,50005,50005
uflp,,18,4,penalty,poa,18,180000,491,True,19,491,36853,36853
uflp,,18,4,penalty,poa,18,180000,491,True,20,491,1378,1378
uflp,,18,4,penalty,poa,18,180000,491,True,21,491,58595,58595
uflp,,18,4,penalty,poa,18,180000,491,True,22,491,2391,2391
uflp,,18,4,penalty,poa,18,180000,491,True,23,491,90535,90535
uflp,,18,4,penalty,poa,18,180000,491,True,24,491,30775,30775
uflp,,18,4,penalty,poa,18,180000,491,True,25,491,621,621
uflp,,18,4,penalty,poa,18,180000,491,True,26,491,3863,3863
uflp,,18,4,penalty,poa,18,180000,491,True,27,491,7750,7750
uflp,,18,4,penalty,poa,18,180000,491,True,28,491,8503,8503
uflp,,18,4,penalty,poa,18,180000,491,True,29,491,13484,13484
uflp,,18,4,penalty,poa,18,180000,491,True,30,491,3821,3821
scp,,90,3,penalty,mpoa,90,900000,15,True,0,19,,900000
scp,,90,3,penalty,mpoa,90,900000,15,True,1,19,,900000
scp,,90,3,penalty,mpoa,90,900000,15,True,2,17,,900000
scp,,90,3,penalty,mpoa,90,900000,15,True,3,18,,900000
scp,,90,3,penalty,mpoa,90,900000,15,True,4,20,,900000
scp,,90,3,penalty,mpoa,90,900000,15,True,5,22,,900000
scp,,90,3,penalty,mpoa,90,900000,15,True,6,19,,900000
scp,,90,3,penalty,mpoa,90,900000,15,True,7,21,,900000
scp,,90,3,penalty,mpoa,90,900000,15,True,8,19,,900000
scp,,90,3,penalty,mpoa,90,900000,15,True,9,19,,900000
scp,,90,3,penalty,mpoa,90,900000,15,True,10,18,,900000
scp,,90,3,penalty,mpoa,90,900000,15,True,11,19,,900000
scp,,90,3,penalty,mpoa,90,900000,15,True,12,22,,900000
scp,,90,3,penalty,mpoa,90,900000,15,True,13,22,,900000
scp,,90,3,penalty,mpoa,90,900000,15,True,14,20,,900000
scp,,90,3,penalty,mpoa,90,900000,15,True,15,19,,900000
scp,,90,3,penalty,mpoa,90,900000,15,True,16,19,,900000
scp,,90,3,penalty,mpoa,90,900000,15,True,17,20,,900000
scp,,90,3,penalty,mpoa,90,900000,15,True,18,19,,900000
scp,,90,3,penalty,mpoa,90,900000,15,True,19,22,,900000
scp,,90,3,penalty,mpoa,90,900000,15,True,20,21,,900000
scp,,90,3,penalty,mpoa,90,900000,15,True,21,23,,900000
scp,,90,3,penalty,mpoa,90,900000,15,True,22,19,,900000
scp,,90,3,penalty,mpoa,90,900000,15,True,23,21,,900000
scp,,90,3,penalty,mpoa,90,900000,15,True,24,19,,900000
scp,,90,3,penalty,mpoa,90,900000,15,True,25,20,,900000
scp,,90,3,penalty,mpoa,90,900000,15,True,26,18,,900000
scp,,90,3,penalty,mpoa,90,900000,15,True,27,24,,900000
scp,,90,3,penalty,mpoa,90,900000,15,True,28,20,,900000
scp,,90,3,penalty,mpoa,90,900000,15,True,29,18,,900000
scp,,90,3,penalty,mpoa,90,900000,15,True,30,22,,900000
scp,,90,4,penalty,mpoa,90,900000,15,True,0,17,,900000
scp,,90,4,penalty,mpoa,90,900000,15,True,1,23,,900000
scp,,90,4,penalty,mpoa,90,900000,15,True,2,20,,900000
scp,,90,4,penalty,mpoa,90,900000,15,True,3,21,,900000
scp,,90,4,penalty,mpoa,90,900000,15,True,4,23,,900000
scp,,90,4,penalty,mpoa,90,900000,15,True,5,19,,900000
scp,,90,4,penalty,mpoa,90,900000,15,True,6,21,,900000
scp,,90,4,penalty,mpoa,90,900000,15,True,7,21,,900000
scp,,90,4,penalty,mpoa,90,900000,15,True,8,21,,900000
scp,,90,4,penalty,mpoa,90,900000,15,True,9,21,,900000
scp,,90,4,penalty,mpoa,90,900000,15,True,10,24,,900000
scp,,90,4,penalty,mpoa,90,900000,15,True,11,24,,900000
scp,,90,4,penalty,mpoa,90,900000,15,True,12,20,,900000
scp,,90,4,penalty,mpoa,90,900000,15,True,13,18,,900000
scp,,90,4,penalty,mpoa,90,900000,15,True,14,18,,900000
scp,,90,4,penalty,mpoa,90,900000,15,True,15,21,,900000
scp,,90,4,penalty,mpoa,90,900000,15,True,16,22,,900000
scp,,90,4,penalty,mpoa,90,900000,15,True,17,18,,900000
scp,,90,4,penalty,mpoa,90,900000,15,True,18,19,,900000
scp,,90,4,penalty,mpoa,90,900000,15,True,19,21,,900000
scp,,90,4,penalty,mpoa,90,900000,15,True,20,23,,900000
scp,,90,4,penalty,mpoa,90,900000,15,True,21,19,,900000
scp,,90,4,penalty,mpoa,90,900000,15,True,22,22,,900000
scp,,90,4,penalty,mpoa,90,900000,15,True,23,20,,900000
scp,,90,4,penalty,mpoa,90,900000,15,True,24,18,,900000
scp,,90,4,penalty,mpoa,90,900000,15,True,25,24,,900000
scp,,90,4,penalty,mpoa,90,900000,15,True,26,20,,900000
scp,,90,4,penalty,mpoa,90,900000,15,True,27,21,,900000
scp,,90,4,penalty,mpoa,90,900000,15,True,28,18,,900000
scp,,90,4,penalty,mpoa,90,900000,15,True,29,19,,900000
scp,,90,4,penalty,mpoa,90,900000,15,True,30,22,,900000
scp,,90,0,penalty,poa,90,900000,15,True,0,38,,900000
scp,,90,0,penalty,poa,90,900000,15,True,1,39,,900000
scp,,90,0,penalty,poa,90,900000,15,True,2,35,,900000
scp,,90,0,penalty,poa,90,900000,15,True,3,39,,900000
scp,,90,0,penalty,poa,90,900000,15,True,4,39,,900000
scp,,90,0,penalty,poa,90,900000,15,True,5,39,,900000
scp,,90,0,penalty,poa,90,900000,15,True,6,40,,900000
scp,,90,0,penalty,poa,90,900000,15,True,7,36,,900000
scp,,90,0,penalty,poa,90,900000,15,True,8,41,,900000
scp,,90,0,penalty,poa,90,900000,15,True,9,39,,900000
scp,,90,0,penalty,poa,90,900000,15,True,10,40,,900000
scp,,90,0,penalty,poa,90,900000,15,True,11,40,,900000
scp,,90,0,penalty,poa,90,900000,15,True,12,40,,900000
scp,,90,0,penalty,poa,90,900000,15,True,13,37,,900000
scp,,90,0,penalty,poa,90,900000,15,True,14,39,,900000
scp,,90,0,penalty,poa,90,900000,15,True,15,40,,900000
scp,,90,0,penalty,poa,90,900000,15,True,16,39,,900000
scp,,90,0,penalty,poa,90,900000,15,True,17,40,,900000
scp,,90,0,penalty,poa,90,900000,15,True,18,40,,900000
scp,,90,0,penalty,poa,90,900000,15,True,19,37,,900000
scp,,90,0,penalty,poa,90,900000,15,True,20,39,,900000
scp,,90,0,penalty,poa,90,900000,15,True,21,37,,900000
scp,,90,0,penalty,poa,90,900000,15,True,22,40,,900000
scp,,90,0,penalty,poa,90,900000,15,True,23,39,,900000
scp,,90,0,penalty,poa,90,900000,15,True,24,37,,900000
scp,,90,0,penalty,poa,90,900000,15,True,25,40,,900000
scp,,90,0,penalty,poa,90,900000,15,True,26,37,,900000
scp,,90,0,penalty,poa,90,900000,15,True,27,38,,900000
scp,,90,0,penalty,poa,90,900000,15,True,28,40,,900000
scp,,90,0,penalty,poa,90,900000,15,True,29,38,,900000
scp,,90,0,penalty,poa,90,900000,15,True,30,39,,900000
scp,,120,0,penalty,mpoa,120,1200000,20,True,0,28,,1200000
scp,,120,0,penalty,mpoa,120,1200000,20,True,1,27,,1200000
scp,,120,0,penalty,mpoa,120,1200000,20,True,2,26,,1200000
scp,,120,0,penalty,mpoa,120,1200000,20,True,3,27,,1200000
scp,,120,0,penalty,mpoa,120,1200000,20,True,4,26,,1200000
scp,,120,0,penalty,mpoa,120,1200000,20,True,5,28,,1200000
scp,,120,0,penalty,mpoa,120,1200000,20,True,6,27,,1200000
scp,,120,0,penalty,mpoa,120,1200000,20,True,7,27,,1200000
scp,,120,0,penalty,mpoa,120,1200000,20,True,8,23,,1200000
scp,,120,0,penalty,mpoa,120,1200000,20,True,9,27,,1200000
scp,,120,0,penalty,mpoa,120,1200000,20,True,10,26,,1200000
scp,,120,0,penalty,mpoa,120,1200000,20,True,11,25,,1200000
scp,,120,0,penalty,mpoa,120,1200000,20,True,12,26,,1200000
scp,,120,0,penalty,mpoa,120,1200000,20,True,13,27,,1200000
scp,,120,0,penalty,mpoa,120,1200000,20,True,14,29,,1200000
scp,,120,0,penalty,mpoa,120,1200000,20,True,15,26,,1200000
scp,,120,0,penalty,mpoa,120,1200000,20,True,16,26,,1200000
scp,,120,0,penalty,mpoa,120,1200000,20,True,17,28,,1200000
scp,,120,0,penalty,mpoa,120,1200000,20,True,18,27,,1200000
scp,,120,0,penalty,mpoa,120,1200000,20,True,19,28,,1200000
scp,,120,0,penalty,mpoa,120,1200000,20,True,20,28,,1200000
scp,,120,0,penalty,mpoa,120,1200000,20,True,21,25,,1200000
scp,,120,0,penalty,mpoa,120,1200000,20,True,22,29,,1200000
scp,,120,0,penalty,mpoa,120,1200000,20,True,23,29,,1200000
scp,,120,0,penalty,mpoa,120,1200000,20,True,24,31,,1200000
scp,,120,0,penalty,mpoa,120,1200000,20,True,25,31,,1200000
scp,,120,0,penalty,mpoa,120,1200000,20,True,26,34,,1200000
scp,,120,0,penalty,mpoa,120,1200000,20,True,27,28,,1200000
scp,,120,0,penalty,mpoa,120,1200000,20,True,28,26,,1200000
scp,,120,0,penalty,mpoa,120,1200000,20,True,29,31,,1200000
scp,,120,0,penalty,mpoa,120,1200000,20,True,30,29,,1200000
scp,,90,1,penalty,poa,90,900000,15,True,0,38,,900000
scp,,90,1,penalty,poa,90,900000,15,True,1,35,,900000
scp,,90,1,penalty,poa,90,900000,15,True,2,37,,900000
scp,,90,1,penalty,poa,90,900000,15,True,3,38,,900000
scp,,90,1,penalty,poa,90,900000,15,True,4,38,,900000
scp,,90,1,penalty,poa,90,900000,15,True,5,40,,900000
scp,,90,1,penalty,poa,90,900000,15,True,6,40,,900000
scp,,90,1,penalty,poa,90,900000,15,True,7,37,,900000
scp,,90,1,penalty,poa,90,900000,15,True,8,40,,900000
scp,,90,1,penalty,poa,90,900000,15,True,9,36,,900000
scp,,90,1,penalty,poa,90,900000,15,True,10,35,,900000
scp,,90,1,penalty,poa,90,900000,15,True,11,37,,900000
scp,,90,1,penalty,poa,90,900000,15,True,12,39,,900000
scp,,90,1,penalty,poa,90,900000,15,True,13,37,,900000
scp,,90,1,penalty,poa,90,900000,15,True,14,38,,900000
scp,,90,1,penalty,poa,90,900000,15,True,15,40,,900000
scp,,90,1,penalty,poa,90,900000,15,True,16,38,,900000
scp,,90,1,penalty,poa,90,900000,15,True,17,38,,900000
scp,,90,1,penalty,poa,90,900000,15,True,18,38,,900000
scp,,90,1,penalty,poa,90,900000,15,True,19,39,,900000
scp,,90,1,penalty,poa,90,900000,15,True,20,40,,900000
scp,,90,1,penalty,poa,90,900000,15,True,21,35,,900000
scp,,90,1,penalty,poa,90,900000,15,True,22,38,,900000
scp,,90,1,penalty,poa,90,900000,15,True,23,39,,900000
scp,,90,1,penalty,poa,90,900000,15,True,24,37,,900000
scp,,90,1,penalty,poa,90,900000,15,True,25,36,,900000
scp,,90,1,penalty,poa,90,900000,15,True,26,39,,900000
scp,,90,1,penalty,poa,90,900000,15,True,27,39,,900000
scp,,90,1,penalty,poa,90,900000,15,True,28,39,,900000
scp,,90,1,penalty,poa,90,900000,15,True,29,40,,900000
scp,,90,1,penalty,poa,90,900000,15,True,30,39,,900000
scp,,90,4,penalty,poa,90,900000,15,True,0,40,,900000
scp,,90,4,penalty,poa,90,900000,15,True,1,36,,900000
scp,,90,4,penalty,poa,90,900000,15,True,2,38,,900000
scp,,90,4,penalty,poa,90,900000,15,True,3,38,,900000
scp,,90,4,penalty,poa,90,900000,15,True,4,37,,900000
scp,,90,4,penalty,poa,90,900000,15,True,5,37,,900000
scp,,90,4,penalty,poa,90,900000,15,True,6,37,,900000
scp,,90,4,penalty,poa,90,900000,15,True,7,38,,900000
scp,,90,4,penalty,poa,90,900000,15,True,8,36,,900000
scp,,90,4,penalty,poa,90,900000,15,True,9,38,,900000
scp,,90,4,penalty,poa,90,900000,15,True,10,37,,900000
scp,,90,4,penalty,poa,90,900000,15,True,11,39,,900000
scp,,90,4,penalty,poa,90,900000,15,True,12,38,,900000
scp,,90,4,penalty,poa,90,900000,15,True,13,38,,900000
scp,,90,4,penalty,poa,90,900000,15,True,14,37,,900000
scp,,90,4,penalty,poa,90,900000,15,True,15,38,,900000
scp,,90,4,penalty,poa,90,900000,15,True,16,38,,900000
scp,,90,4,penalty,poa,90,900000,15,True,17,37,,900000
scp,,90,4,penalty,poa,90,900000,15,True,18,37,,900000
scp,,90,4,penalty,poa,90,900000,15,True,19,38,,900000
scp,,90,4,penalty,poa,90,900000,15,True,20,36,,900000
scp,,90,4,penalty,poa,90,900000,15,True,21,37,,900000
scp,,90,4,penalty,poa,90,900000,15,True,22,37,,900000
scp,,90,4,penalty,poa,90,900000,15,True,23,39,,900000
scp,,90,4,penalty,poa,90,900000,15,True,24,37,,900000
scp,,90,4,penalty,poa,90,900000,15,True,25,38,,900000
scp,,90,4,penalty,poa,90,900000,15,True,26,38,,900000
scp,,90,4,penalty,poa,90,900000,15,True,27,36,,900000
scp,,90,4,penalty,poa,90,900000,15,True,28,38,,900000
scp,,90,4,penalty,poa,90,900000,15,True,29,39,,900000
scp,,90,4,penalty,poa,90,900000,15,True,30,36,,900000
scp,,90,3,penalty,poa,90,900000,15,True,0,39,,900000
scp,,90,3,penalty,poa,90,900000,15,True,1,38,,900000
scp,,90,3,penalty,poa,90,900000,15,True,2,38,,900000
scp,,90,3,penalty,poa,90,900000,15,True,3,39,,900000
scp,,90,3,penalty,poa,90,900000,15,True,4,37,,900000
scp,,90,3,penalty,poa,90,900000,15,True,5,38,,900000
scp,,90,3,penalty,poa,90,900000,15,True,6,39,,900000
scp,,90,3,penalty,poa,90,900000,15,True,7,35,,900000
scp,,90,3,penalty,poa,90,900000,15,True,8,38,,900000
scp,,90,3,penalty,poa,90,900000,15,True,9,38,,900000
scp,,90,3,penalty,poa,90,900000,15,True,10,38,,900000
scp,,90,3,penalty,poa,90,900000,15,True,11,37,,900000
scp,,90,3,penalty,poa,90,900000,15,True,12,40,,900000
scp,,90,3,penalty,poa,90,900000,15,True,13,38,,900000
scp,,90,3,penalty,poa,90,900000,15,True,14,39,,900000
scp,,90,3,penalty,poa,90,900000,15,True,15,38,,900000
scp,,90,3,penalty,poa,90,900000,15,True,16,35,,900000
scp,,90,3,penalty,poa,90,900000,15,True,17,38,,900000
scp,,90,3,penalty,poa,90,900000,15,True,18,38,,900000
scp,,90,3,penalty,poa,90,900000,15,True,19,37,,900000
scp,,90,3,penalty,poa,90,900000,15,True,20,38,,900000
scp,,90,3,penalty,poa,90,900000,15,True,21,38,,900000
scp,,90,3,penalty,poa,90,900000,15,True,22,37,,900000
scp,,90,3,penalty,poa,90,900000,15,True,23,40,,900000
scp,,90,3,penalty,poa,90,900000,15,True,24,38,,900000
scp,,90,3,penalty,poa,90,900000,15,True,25,39,,900000
scp,,90,3,penalty,poa,90,900000,15,True,26,39,,900000
scp,,90,3,penalty,poa,90,900000,15,True,27,39,,900000
scp,,90,3,penalty,poa,90,900000,15,True,28,38,,900000
scp,,90,3,penalty,poa,90,900000,15,True,29,39,,900000
scp,,90,3,penalty,poa,90,900000,15,True,30,38,,900000
scp,,90,2,penalty,poa,90,900000,15,True,0,38,,900000
scp,,90,2,penalty,poa,90,900000,15,True,1,36,,900000
scp,,90,2,penalty,poa,90,900000,15,True,2,36,,900000
scp,,90,2,penalty,poa,90,900000,15,True,3,36,,900000
scp,,90,2,penalty,poa,90,900000,15,True,4,37,,900000
scp,,90,2,penalty,poa,90,900000,15,True,5,37,,900000
scp,,90,2,penalty,poa,90,900000,15,True,6,36,,900000
scp,,90,2,penalty,poa,90,900000,15,True,7,37,,900000
scp,,90,2,penalty,poa,90,900000,15,True,8,37,,900000
scp,,90,2,penalty,poa,90,900000,15,True,9,37,,900000
scp,,90,2,penalty,poa,90,900000,15,True,10,38,,900000
scp,,90,2,penalty,poa,90,900000,15,True,11,36,,900000
scp,,90,2,penalty,poa,90,900000,15,True,12,37,,900000
scp,,90,2,penalty,poa,90,900000,15,True,13,33,,900000
scp,,90,2,penalty,poa,90,900000,15,True,14,36,,900000
scp,,90,2,penalty,poa,90,900000,15,True,15,32,,900000
scp,,90,2,penalty,poa,90,900000,15,True,16,37,,900000
scp,,90,2,penalty,poa,90,900000,15,True,17,38,,900000
scp,,90,2,penalty,poa,90,900000,15,True,18,38,,900000
scp,,90,2,penalty,poa,90,900000,15,True,19,39,,900000
scp,,90,2,penalty,poa,90,900000,15,True,20,34,,900000
scp,,90,2,penalty,poa,90,900000,15,True,21,38,,900000
scp,,90,2,penalty,poa,90,900000,15,True,22,39,,900000
scp,,90,2,penalty,poa,90,900000,15,True,23,37,,900000
scp,,90,2,penalty,poa,90,900000,15,True,24,35,,900000
scp,,90,2,penalty,poa,90,900000,15,True,25,38,,900000
scp,,90,2,penalty,poa,90,900000,15,True,26,39,,900000
scp,,90,2,penalty,poa,90,900000,15,True,27,37,,900000
scp,,90,2,penalty,poa,90,900000,15,True,28,36,,900000
scp,,90,2,penalty,poa,90,900000,15,True,29,36,,900000
scp,,90,2,penalty,poa,90,900000,15,True,30,37,,900000
scp,,120,2,penalty,mpoa,120,1200000,20,True,0,28,,1200000
scp,,120,2,penalty,mpoa,120,1200000,20,True,1,31,,1200000
scp,,120,2,penalty,mpoa,120,1200000,20,True,2,31,,1200000
scp,,120,2,penalty,mpoa,120,1200000,20,True,3,23,,1200000
scp,,120,2,penalty,mpoa,120,1200000,20,True,4,32,,1200000
scp,,120,2,penalty,mpoa,120,1200000,20,True,5,31,,1200000
scp,,120,2,penalty,mpoa,120,1200000,20,True,6,29,,1200000
scp,,120,2,penalty,mpoa,120,1200000,20,True,7,28,,1200000
scp,,120,2,penalty,mpoa,120,1200000,20,True,8,25,,1200000
scp,,120,2,penalty,mpoa,120,1200000,20,True,9,27,,1200000
scp,,120,2,penalty,mpoa,120,1200000,20,True,10,24,,1200000
scp,,120,2,penalty,mpoa,120,1200000,20,True,11,32,,1200000
scp,,120,2,penalty,mpoa,120,1200000,20,True,12,28,,1200000
scp,,120,2,penalty,mpoa,120,1200000,20,True,13,27,,1200000
scp,,120,2,penalty,mpoa,120,1200000,20,True,14,30,,1200000
scp,,120,2,penalty,mpoa,120,1200000,20,True,15,29,,1200000
scp,,120,2,penalty,mpoa,120,1200000,20,True,16,27,,1200000
scp,,120,2,penalty,mpoa,120,1200000,20,True,17,26,,1200000
scp,,120,2,penalty,mpoa,120,1200000,20,True,18,29,,1200000
scp,,120,2,penalty,mpoa,120,1200000,20,True,19,26,,1200000
scp,,120,2,penalty,mpoa,120,1200000,20,True,20,27,,1200000
scp,,120,2,penalty,mpoa,120,1200000,20,True,21,31,,1200000
scp,,120,2,penalty,mpoa,120,1200000,20,True,22,29,,1200000
scp,,120,2,penalty,mpoa,120,1200000,20,True,23,23,,1200000
scp,,120,2,penalty,mpoa,120,1200000,20,True,24,28,,1200000
scp,,120,2,penalty,mpoa,120,1200000,20,True,25,25,,1200000
scp,,120,2,penalty,mpoa,120,1200000,20,True,26,27,,1200000
scp,,120,2,penalty,mpoa,120,1200000,20,True,27,32,,1200000
scp,,120,2,penalty,mpoa,120,1200000,20,True,28,28,,1200000
scp,,120,2,penalty,mpoa,120,1200000,20,True,29,33,,1200000
scp,,120,2,penalty,mpoa,120,1200000,20,True,30,28,,1200000
knapsack,spanner,120,3,penalty,poa,120,1200000,-16428,True,0,-16023,,1200000
knapsack,spanner,120,3,penalty,poa,120,1200000,-16428,True,1,-16032,,1200000
knapsack,spanner,120,3,penalty,poa,120,1200000,-16428,True,2,-16044,,1200000
knapsack,spanner,120,3,penalty,poa,120,1200000,-16428,True,3,-15996,,1200000
knapsack,spanner,120,3,penalty,poa,120,1200000,-16428,True,4,-15996,,1200000
knapsack,spanner,120,3,penalty,poa,120,1200000,-16428,True,5,-16050,,1200000
knapsack,spanner,120,3,penalty,poa,120,1200000,-16428,True,6,-16041,,1200000
knapsack,spanner,120,3,penalty,poa,120,1200000,-16428,True,7,-15996,,1200000
knapsack,spanner,120,3,penalty,poa,120,1200000,-16428,True,8,-16023,,1200000
knapsack,spanner,120,3,penalty,poa,120,1200000,-16428,True,9,-16023,,1200000
knapsack,spanner,120,3,penalty,poa,120,1200000,-16428,True,10,-16050,,1200000
knapsack,spanner,120,3,penalty,poa,120,1200000,-16428,True,11,-16047,,1200000
knapsack,spanner,120,3,penalty,poa,120,1200000,-16428,True,12,-16074,,1200000
knapsack,spanner,120,3,penalty,poa,120,1200000,-16428,True,13,-15990,,1200000
knapsack,spanner,120,3,penalty,poa,120,1200000,-16428,True,14,-16125,,1200000
knapsack,spanner,120,3,penalty,poa,120,1200000,-16428,True,15,-15966,,1200000
knapsack,spanner,120,3,penalty,poa,120,1200000,-16428,True,16,-16050,,1200000
knapsack,spanner,120,3,penalty,poa,120,1200000,-16428,True,17,-16077,,1200000
knapsack,spanner,120,3,penalty,poa,120,1200000,-16428,True,18,-16020,,1200000
knapsack,spanner,120,3,penalty,poa,120,1200000,-16428,True,19,-15969,,1200000
knapsack,spanner,120,3,penalty,poa,120,1200000,-16428,True,20,-16077,,1200000
knapsack,spanner,120,3,penalty,poa,120,1200000,-16428,True,21,-16074,,1200000
knapsack,spanner,120,3,penalty,poa,120,1200000,-16428,True,22,-15966,,1200000
knapsack,spanner,120,3,penalty,poa,120,1200000,-16428,True,23,-16035,,1200000
knapsack,spanner,120,3,penalty,poa,120,1200000,-16428,True,24,-16014,,1200000
knapsack,spanner,120,3,penalty,poa,120,1200000,-16428,True,25,-16050,,1200000
knapsack,spanner,120,3,penalty,poa,120,1200000,-16428,True,26,-16104,,1200000
knapsack,spanner,120,3,penalty,poa,120,1200000,-16428,True,27,-15990,,1200000
knapsack,spanner,120,3,penalty,poa,120,1200000,-16428,True,28,-16077,,1200000
knapsack,spanner,120,3,penalty,poa,120,1200000,-16428,True,29,-16038,,1200000
knapsack,spanner,120,3,penalty,poa,120,1200000,-16428,True,30,-15993,,1200000
scp,,120,1,penalty,mpoa,120,1200000,20,True,0,25,,1200000
scp,,120,1,penalty,mpoa,120,1200000,20,True,1,26,,1200000
scp,,120,1,penalty,mpoa,120,1200000,20,True,2,31,,1200000
scp,,120,1,penalty,mpoa,120,1200000,20,True,3,32,,1200000
scp,,120,1,penalty,mpoa,120,1200000,20,True,4,27,,1200000
scp,,120,1,penalty,mpoa,120,1200000,20,True,5,27,,1200000
scp,,120,1,penalty,mpoa,120,1200000,20,True,6,23,,1200000
scp,,120,1,penalty,mpoa,120,1200000,20,True,7,25,,1200000
scp,,120,1,penalty,mpoa,120,1200000,20,True,8,23,,1200000
scp,,120,1,penalty,mpoa,120,1200000,20,True,9,24,,1200000
scp,,120,1,penalty,mpoa,120,1200000,20,True,10,26,,1200000
scp,,120,1,penalty,mpoa,120,1200000,20,True,11,27,,1200000
scp,,120,1,penalty,mpoa,120,1200000,20,True,12,22,,1200000
scp,,120,1,penalty,mpoa,120,1200000,20,True,13,24,,1200000
scp,,120,1,penalty,mpoa,120,1200000,20,True,14,27,,1200000
scp,,120,1,penalty,mpoa,120,1200000,20,True,15,26,,1200000
scp,,120,1,penalty,mpoa,120,1200000,20,True,16,26,,1200000
scp,,120,1,penalty,mpoa,120,1200000,20,True,17,24,,1200000
scp,,120,1,penalty,mpoa,120,1200000,20,True,18,24,,1200000
scp,,120,1,penalty,mpoa,120,1200000,20,True,19,29,,1200000
scp,,120,1,penalty,mpoa,120,1200000,20,True,20,26,,1200000
scp,,120,1,penalty,mpoa,120,1200000,20,True,21,26,,1200000
scp,,120,1,penalty,mpoa,120,1200000,20,True,22,27,,1200000
scp,,120,1,penalty,mpoa,120,1200000,20,True,23,26,,1200000
scp,,120,1,penalty,mpoa,120,1200000,20,True,24,25,,1200000
scp,,120,1,penalty,mpoa,120,1200000,20,True,25,27,,1200000
scp,,120,1,penalty,mpoa,120,1200000,20,True,26,27,,1200000
scp,,120,1,penalty,mpoa,120,1200000,20,True,27,24,,1200000
scp,,120,1,penalty,mpoa,120,1200000,20,True,28,24,,1200000
scp,,120,1,penalty,mpoa,120,1200000,20,True,29,22,,1200000
scp,,120,1,penalty,mpoa,120,1200000,20,True,30,25,,1200000
knapsack,spanner,120,2,penalty,poa,120,1200000,-12323,True,0,-12160,,1200000
knapsack,spanner,120,2,penalty,poa,120,1200000,-12323,True,1,-12153,,1200000
knapsack,spanner,120,2,penalty,poa,120,1200000,-12323,True,2,-12147,,1200000
knapsack,spanner,120,2,penalty,poa,120,1200000,-12323,True,3,-12150,,1200000
knapsack,spanner,120,2,penalty,poa,120,1200000,-12323,True,4,-12150,,1200000
knapsack,spanner,120,2,penalty,poa,120,1200000,-12323,True,5,-12157,,1200000
knapsack,spanner,120,2,penalty,poa,120,1200000,-12323,True,6,-12180,,1200000
knapsack,spanner,120,2,penalty,poa,120,1200000,-12323,True,7,-12160,,1200000
knapsack,spanner,120,2,penalty,poa,120,1200000,-12323,True,8,-12157,,1200000
knapsack,spanner,120,2,penalty,poa,120,1200000,-12323,True,9,-12164,,1200000
knapsack,spanner,120,2,penalty,poa,120,1200000,-12323,True,10,-12154,,1200000
knapsack,spanner,120,2,penalty,poa,120,1200000,-12323,True,11,-12173,,1200000
knapsack,spanner,120,2,penalty,poa,120,1200000,-12323,True,12,-12163,,1200000
knapsack,spanner,120,2,penalty,poa,120,1200000,-12323,True,13,-12164,,1200000
knapsack,spanner,120,2,penalty,poa,120,1200000,-12323,True,14,-12164,,1200000
knapsack,spanner,120,2,penalty,poa,120,1200000,-12323,True,15,-12177,,1200000
knapsack,spanner,120,2,penalty,poa,120,1200000,-12323,True,16,-12154,,1200000
knapsack,spanner,120,2,penalty,poa,120,1200000,-12323,True,17,-12164,,1200000
knapsack,spanner,120,2,penalty,poa,120,1200000,-12323,True,18,-12190,,1200000
knapsack,spanner,120,2,penalty,poa,120,1200000,-12323,True,19,-12154,,1200000
knapsack,spanner,120,2,penalty,poa,120,1200000,-12323,True,20,-12180,,1200000
knapsack,spanner,120,2,penalty,poa,120,1200000,-12323,True,21,-12154,,1200000
knapsack,spanner,120,2,penalty,poa,120,1200000,-12323,True,22,-12164,,1200000
knapsack,spanner,120,2,penalty,poa,120,1200000,-12323,True,23,-12167,,1200000
knapsack,spanner,120,2,penalty,poa,120,1200000,-12323,True,24,-12164,,1200000
knapsack,spanner,120,2,penalty,poa,120,1200000,-12323,True,25,-12154,,1200000
knapsack,spanner,120,2,penalty,poa,120,1200000,-12323,True,26,-12164,,1200000
knapsack,spanner,120,2,penalty,poa,120,1200000,-12323,True,27,-12157,,1200000
knapsack,spanner,120,2,penalty,poa,120,1200000,-12323,True,28,-12157,,1200000
knapsack,spanner,120,2,penalty,poa,120,1200000,-12323,True,29,-12164,,1200000
knapsack,spanner,120,2,penalty,poa,120,1200000,-12323,True,30,-12170,,1200000
scp,,120,3,penalty,mpoa,120,1200000,20,True,0,26,,1200000
scp,,120,3,penalty,mpoa,120,1200000,20,True,1,27,,1200000
scp,,120,3,penalty,mpoa,120,1200000,20,True,2,24,,1200000
scp,,120,3,penalty,mpoa,120,1200000,20,True,3,24,,1200000
scp,,120,3,penalty,mpoa,120,1200000,20,True,4,26,,1200000
scp,,120,3,penalty,mpoa,120,1200000,20,True,5,26,,1200000
scp,,120,3,penalty,mpoa,120,1200000,20,True,6,26,,1200000
scp,,120,3,penalty,mpoa,120,1200000,20,True,7,27,,1200000
scp,,120,3,penalty,mpoa,120,1200000,20,True,8,27,,1200000
scp,,120,3,penalty,mpoa,120,1200000,20,True,9,25,,1200000
scp,,120,3,penalty,mpoa,120,1200000,20,True,10,29,,1200000
scp,,120,3,penalty,mpoa,120,1200000,20,True,11,27,,1200000
scp,,120,3,penalty,mpoa,120,1200000,20,True,12,25,,1200000
scp,,120,3,penalty,mpoa,120,1200000,20,True,13,23,,1200000
scp,,120,3,penalty,mpoa,120,1200000,20,True,14,27,,1200000
scp,,120,3,penalty,mpoa,120,1200000,20,True,15,25,,1200000
scp,,120,3,penalty,mpoa,120,1200000,20,True,16,28,,1200000
scp,,120,3,penalty,mpoa,120,1200000,20,True,17,25,,1200000
scp,,120,3,penalty,mpoa,120,1200000,20,True,18,28,,1200000
scp,,120,3,penalty,mpoa,120,1200000,20,True,19,26,,1200000
scp,,120,3,penalty,mpoa,120,1200000,20,True,20,27,,1200000
scp,,120,3,penalty,mpoa,120,1200000,20,True,21,28,,1200000
scp,,120,3,penalty,mpoa,120,1200000,20,True,22,25,,1200000
scp,,120,3,penalty,mpoa,120,1200000,20,True,23,24,,1200000
scp,,120,3,penalty,mpoa,120,1200000,20,True,24,26,,1200000
scp,,120,3,penalty,mpoa,120,1200000,20,True,25,29,,1200000
scp,,120,3,penalty,mpoa,120,1200000,20,True,26,27,,1200000
scp,,120,3,penalty,mpoa,120,1200000,20,True,27,28,,1200000
scp,,120,3,penalty,mpoa,120,1200000,20,True,28,27,,1200000
scp,,120,3,penalty,mpoa,120,1200000,20,True,29,26,,1200000
scp,,120,3,penalty,mpoa,120,1200000,20,True,30,25,,1200000
scp,,120,4,penalty,mpoa,120,1200000,20,True,0,25,,1200000
scp,,120,4,penalty,mpoa,120,1200000,20,True,1,29,,1200000
scp,,120,4,penalty,mpoa,120,1200000,20,True,2,26,,1200000
scp,,120,4,penalty,mpoa,120,1200000,20,True,3,24,,1200000
scp,,120,4,penalty,mpoa,120,1200000,20,True,4,26,,1200000
scp,,120,4,penalty,mpoa,120,1200000,20,True,5,23,,1200000
scp,,120,4,penalty,mpoa,120,1200000,20,True,6,24,,1200000
scp,,120,4,penalty,mpoa,120,1200000,20,True,7,22,,1200000
scp,,120,4,penalty,mpoa,120,1200000,20,True,8,29,,1200000
scp,,120,4,penalty,mpoa,120,1200000,20,True,9,29,,1200000
scp,,120,4,penalty,mpoa,120,1200000,20,True,10,27,,1200000
scp,,120,4,penalty,mpoa,120,1200000,20,True,11,24,,1200000
scp,,120,4,penalty,mpoa,120,1200000,20,True,12,25,,1200000
scp,,120,4,penalty,mpoa,120,1200000,20,True,13,27,,1200000
scp,,120,4,penalty,mpoa,120,1200000,20,True,14,28,,1200000
scp,,120,4,penalty,mpoa,120,1200000,20,True,15,23,,1200000
scp,,120,4,penalty,mpoa,120,1200000,20,True,16,23,,1200000
scp,,120,4,penalty,mpoa,120,1200000,20,True,17,26,,1200000
scp,,120,4,penalty,mpoa,120,1200000,20,True,18,26,,1200000
scp,,120,4,penalty,mpoa,120,1200000,20,True,19,27,,1200000
scp,,120,4,penalty,mpoa,120,1200000,20,True,20,23,,1200000
scp,,120,4,penalty,mpoa,120,1200000,20,True,21,25,,1200000
scp,,120,4,penalty,mpoa,120,1200000,20,True,22,26,,1200000
scp,,120,4,penalty,mpoa,120,1200000,20,True,23,29,,1200000
scp,,120,4,penalty,mpoa,120,1200000,20,True,24,27,,1200000
scp,,120,4,penalty,mpoa,120,1200000,20,True,25,26,,1200000
scp,,120,4,penalty,mpoa,120,1200000,20,True,26,26,,1200000
scp,,120,4,penalty,mpoa,120,1200000,20,True,27,26,,1200000
scp,,120,4,penalty,mpoa,120,1200000,20,True,28,26,,1200000
scp,,120,4,penalty,mpoa,120,1200000,20,True,29,25,,1200000
scp,,120,4,penalty,mpoa,120,1200000,20,True,30,26,,1200000
knapsack,spanner,120,1,penalty,poa,120,1200000,-19132,True,0,-18591,,1200000
knapsack,spanner,120,1,penalty,poa,120,1200000,-19132,True,1,-18764,,1200000
knapsack,spanner,120,1,penalty,poa,120,1200000,-19132,True,2,-18618,,1200000
knapsack,spanner,120,1,penalty,poa,120,1200000,-19132,True,3,-18669,,1200000
knapsack,spanner,120,1,penalty,poa,120,1200000,-19132,True,4,-18642,,1200000
knapsack,spanner,120,1,penalty,poa,120,1200000,-19132,True,5,-18665,,1200000
knapsack,spanner,120,1,penalty,poa,120,1200000,-19132,True,6,-18715,,1200000
knapsack,spanner,120,1,penalty,poa,120,1200000,-19132,True,7,-18542,,1200000
knapsack,spanner,120,1,penalty,poa,120,1200000,-19132,True,8,-18764,,1200000
knapsack,spanner,120,1,penalty,poa,120,1200000,-19132,True,9,-18642,,1200000
knapsack,spanner,120,1,penalty,poa,120,1200000,-19132,True,10,-18763,,1200000
knapsack,spanner,120,1,penalty,poa,120,1200000,-19132,True,11,-18788,,1200000
knapsack,spanner,120,1,penalty,poa,120,1200000,-19132,True,12,-18692,,1200000
knapsack,spanner,120,1,penalty,poa,120,1200000,-19132,True,13,-18741,,1200000
knapsack,spanner,120,1,penalty,poa,120,1200000,-19132,True,14,-18666,,1200000
knapsack,spanner,120,1,penalty,poa,120,1200000,-19132,True,15,-18666,,1200000
knapsack,spanner,120,1,penalty,poa,120,1200000,-19132,True,16,-18690,,1200000
knapsack,spanner,120,1,penalty,poa,120,1200000,-19132,True,17,-18618,,1200000
knapsack,spanner,120,1,penalty,poa,120,1200000,-19132,True,18,-18666,,1200000
knapsack,spanner,120,1,penalty,poa,120,1200000,-19132,True,19,-18591,,1200000
knapsack,spanner,120,1,penalty,poa,120,1200000,-19132,True,20,-18714,,1200000
knapsack,spanner,120,1,penalty,poa,120,1200000,-19132,True,21,-18617,,1200000
knapsack,spanner,120,1,penalty,poa,120,1200000,-19132,True,22,-18788,,1200000
knapsack,spanner,120,1,penalty,poa,120,1200000,-19132,True,23,-18739,,1200000
knapsack,spanner,120,1,penalty,poa,120,1200000,-19132,True,24,-18715,,1200000
knapsack,spanner,120,1,penalty,poa,120,1200000,-19132,True,25,-18691,,1200000
knapsack,spanner,120,1,penalty,poa,120,1200000,-19132,True,26,-18716,,1200000
knapsack,spanner,120,1,penalty,poa,120,1200000,-19132,True,27,-18641,,1200000
knapsack,spanner,120,1,penalty,poa,120,1200000,-19132,True,28,-18716,,1200000
knapsack,spanner,120,1,penalty,poa,120,1200000,-19132,True,29,-18862,,1200000
knapsack,spanner,120,1,penalty,poa,120,1200000,-19132,True,30,-18616,,1200000
knapsack,spanner,120,4,penalty,poa,120,1200000,-13104,True,0,-12754,,1200000
knapsack,spanner,120,4,penalty,poa,120,1200000,-13104,True,1,-12727,,1200000
knapsack,spanner,120,4,penalty,poa,120,1200000,-13104,True,2,-12759,,1200000
knapsack,spanner,120,4,penalty,poa,120,1200000,-13104,True,3,-12746,,1200000
knapsack,spanner,120,4,penalty,poa,120,1200000,-13104,True,4,-12746,,1200000
knapsack,spanner,120,4,penalty,poa,120,1200000,-13104,True,5,-12751,,1200000
knapsack,spanner,120,4,penalty,poa,120,1200000,-13104,True,6,-12751,,1200000
knapsack,spanner,120,4,penalty,poa,120,1200000,-13104,True,7,-12738,,1200000
knapsack,spanner,120,4,penalty,poa,120,1200000,-13104,True,8,-12850,,1200000
knapsack,spanner,120,4,penalty,poa,120,1200000,-13104,True,9,-12746,,1200000
knapsack,spanner,120,4,penalty,poa,120,1200000,-13104,True,10,-12815,,1200000
knapsack,spanner,120,4,penalty,poa,120,1200000,-13104,True,11,-12783,,1200000
knapsack,spanner,120,4,penalty,poa,120,1200000,-13104,True,12,-12762,,1200000
knapsack,spanner,120,4,penalty,poa,120,1200000,-13104,True,13,-12810,,1200000
knapsack,spanner,120,4,penalty,poa,120,1200000,-13104,True,14,-12706,,1200000
knapsack,spanner,120,4,penalty,poa,120,1200000,-13104,True,15,-12770,,1200000
knapsack,spanner,120,4,penalty,poa,120,1200000,-13104,True,16,-12794,,1200000
knapsack,spanner,120,4,penalty,poa,120,1200000,-13104,True,17,-12810,,1200000
knapsack,spanner,120,4,penalty,poa,120,1200000,-13104,True,18,-12794,,1200000
knapsack,spanner,120,4,penalty,poa,120,1200000,-13104,True,19,-12730,,1200000
knapsack,spanner,120,4,penalty,poa,120,1200000,-13104,True,20,-12706,,1200000
knapsack,spanner,120,4,penalty,poa,120,1200000,-13104,True,21,-12762,,1200000
knapsack,spanner,120,4,penalty,poa,120,1200000,-13104,True,22,-12722,,1200000
knapsack,spanner,120,4,penalty,poa,120,1200000,-13104,True,23,-12754,,1200000
knapsack,spanner,120,4,penalty,poa,120,1200000,-13104,True,24,-12743,,1200000
knapsack,spanner,120,4,penalty,poa,120,1200000,-13104,True,25,-12751,,1200000
knapsack,spanner,120,4,penalty,poa,120,1200000,-13104,True,26,-12754,,1200000
knapsack,spanner,120,4,penalty,poa,120,1200000,-13104,True,27,-12770,,1200000
knapsack,spanner,120,4,penalty,poa,120,1200000,-13104,True,28,-12802,,1200000
knapsack,spanner,120,4,penalty,poa,120,1200000,-13104,True,29,-12738,,1200000
knapsack,spanner,120,4,penalty,poa,120,1200000,-13104,True,30,-12754,,1200000
knapsack,spanner,120,0,penalty,poa,120,1200000,-25872,True,0,-25578,,1200000
knapsack,spanner,120,0,penalty,poa,120,1200000,-25872,True,1,-25580,,1200000
knapsack,spanner,120,0,penalty,poa,120,1200000,-25872,True,2,-25578,,1200000
knapsack,spanner,120,0,penalty,poa,120,1200000,-25872,True,3,-25546,,1200000
knapsack,spanner,120,0,penalty,poa,120,1200000,-25872,True,4,-25584,,1200000
knapsack,spanner,120,0,penalty,poa,120,1200000,-25872,True,5,-25618,,1200000
knapsack,spanner,120,0,penalty,poa,120,1200000,-25872,True,6,-25620,,1200000
knapsack,spanner,120,0,penalty,poa,120,1200000,-25872,True,7,-25576,,1200000
knapsack,spanner,120,0,penalty,poa,120,1200000,-25872,True,8,-25588,,1200000
knapsack,spanner,120,0,penalty,poa,120,1200000,-25872,True,9,-25618,,1200000
knapsack,spanner,120,0,penalty,poa,120,1200000,-25872,True,10,-25576,,1200000
knapsack,spanner,120,0,penalty,poa,120,1200000,-25872,True,11,-25580,,1200000
knapsack,spanner,120,0,penalty,poa,120,1200000,-25872,True,12,-25582,,1200000
knapsack,spanner,120,0,penalty,poa,120,1200000,-25872,True,13,-25586,,1200000
knapsack,spanner,120,0,penalty,poa,120,1200000,-25872,True,14,-25580,,1200000
knapsack,spanner,120,0,penalty,poa,120,1200000,-25872,True,15,-25618,,1200000
knapsack,spanner,120,0,penalty,poa,120,1200000,-25872,True,16,-25618,,1200000
knapsack,spanner,120,0,penalty,poa,120,1200000,-25872,True,17,-25578,,1200000
knapsack,spanner,120,0,penalty,poa,120,1200000,-25872,True,18,-25586,,1200000
knapsack,spanner,120,0,penalty,poa,120,1200000,-25872,True,19,-25624,,1200000
knapsack,spanner,120,0,penalty,poa,120,1200000,-25872,True,20,-25584,,1200000
knapsack,spanner,120,0,penalty,poa,120,1200000,-25872,True,21,-25622,,1200000
knapsack,spanner,120,0,penalty,poa,120,1200000,-25872,True,22,-25620,,1200000
knapsack,spanner,120,0,penalty,poa,120,1200000,-25872,True,23,-25576,,1200000
knapsack,spanner,120,0,penalty,poa,120,1200000,-25872,True,24,-25618,,1200000
knapsack,spanner,120,0,penalty,poa,120,1200000,-25872,True,25,-25620,,1200000
knapsack,spanner,120,0,penalty,poa,120,1200000,-25872,True,26,-25618,,1200000
knapsack,spanner,120,0,penalty,poa,120,1200000,-25872,True,27,-25618,,1200000
knapsack,spanner,120,0,penalty,poa,120,1200000,-25872,True,28,-25620,,1200000
knapsack,spanner,120,0,penalty,poa,120,1200000,-25872,True,29,-25618,,1200000
knapsack,spanner,120,0,penalty,poa,120,1200000,-25872,True,30,-25580,,1200000
scp,,120,0,penalty,poa,120,1200000,20,True,0,52,,1200000
scp,,120,0,penalty,poa,120,1200000,20,True,1,55,,1200000
scp,,120,0,penalty,poa,120,1200000,20,True,2,52,,1200000
scp,,120,0,penalty,poa,120,1200000,20,True,3,56,,1200000
scp,,120,0,penalty,poa,120,1200000,20,True,4,54,,1200000
scp,,120,0,penalty,poa,120,1200000,20,True,5,56,,1200000
scp,,120,0,penalty,poa,120,1200000,20,True,6,55,,1200000
scp,,120,0,penalty,poa,120,1200000,20,True,7,57,,1200000
scp,,120,0,penalty,poa,120,1200000,20,True,8,56,,1200000
scp,,120,0,penalty,poa,120,1200000,20,True,9,54,,1200000
scp,,120,0,penalty,poa,120,1200000,20,True,10,57,,1200000
scp,,120,0,penalty,poa,120,1200000,20,True,11,52,,1200000
scp,,120,0,penalty,poa,120,1200000,20,True,12,54,,1200000
scp,,120,0,penalty,poa,120,1200000,20,True,13,54,,1200000
scp,,120,0,penalty,poa,120,1200000,20,True,14,55,,1200000
scp,,120,0,penalty,poa,120,1200000,20,True,15,52,,1200000
scp,,120,0,penalty,poa,120,1200000,20,True,16,56,,1200000
scp,,120,0,penalty,poa,120,1200000,20,True,17,55,,1200000
scp,,120,0,penalty,poa,120,1200000,20,True,18,58,,1200000
scp,,120,0,penalty,poa,120,1200000,20,True,19,55,,1200000
scp,,120,0,penalty,poa,120,1200000,20,True,20,54,,1200000
scp,,120,0,penalty,poa,120,1200000,20,True,21,56,,1200000
scp,,120,0,penalty,poa,120,1200000,20,True,22,55,,1200000
scp,,120,0,penalty,poa,120,1200000,20,True,23,54,,1200000
scp,,120,0,penalty,poa,120,1200000,20,True,24,51,,1200000
scp,,120,0,penalty,poa,120,1200000,20,True,25,56,,1200000
scp,,120,0,penalty,poa,120,1200000,20,True,26,57,,1200000
scp,,120,0,penalty,poa,120,1200000,20,True,27,56,,1200000
scp,,120,0,penalty,poa,120,1200000,20,True,28,55,,1200000
scp,,120,0,penalty,poa,120,1200000,20,True,29,56,,1200000
scp,,120,0,penalty,poa,120,1200000,20,True,30,52,,1200000
scp,,120,3,penalty,poa,120,1200000,20,True,0,58,,1200000
scp,,120,3,penalty,poa,120,1200000,20,True,1,57,,1200000
scp,,120,3,penalty,poa,120,1200000,20,True,2,58,,1200000
scp,,120,3,penalty,poa,120,1200000,20,True,3,55,,1200000
scp,,120,3,penalty,poa,120,1200000,20,True,4,54,,1200000
scp,,120,3,penalty,poa,120,1200000,20,True,5,53,,1200000
scp,,120,3,penalty,poa,120,1200000,20,True,6,57,,1200000
scp,,120,3,penalty,poa,120,1200000,20,True,7,56,,1200000
scp,,120,3,penalty,poa,120,1200000,20,True,8,56,,1200000
scp,,120,3,penalty,poa,120,1200000,20,True,9,54,,1200000
scp,,120,3,penalty,poa,120,1200000,20,True,10,54,,1200000
scp,,120,3,penalty,poa,120,1200000,20,True,11,57,,1200000
scp,,120,3,penalty,poa,120,1200000,20,True,12,53,,1200000
scp,,120,3,penalty,poa,120,1200000,20,True,13,57,,1200000
scp,,120,3,penalty,poa,120,1200000,20,True,14,58,,1200000
scp,,120,3,penalty,poa,120,1200000,20,True,15,57,,1200000
scp,,120,3,penalty,poa,120,1200000,20,True,16,58,,1200000
scp,,120,3,penalty,poa,120,1200000,20,True,17,51,,1200000
scp,,120,3,penalty,poa,120,1200000,20,True,18,57,,1200000
scp,,120,3,penalty,poa,120,1200000,20,True,19,53,,1200000
scp,,120,3,penalty,poa,120,1200000,20,True,20,57,,1200000
scp,,120,3,penalty,poa,120,1200000,20,True,21,58,,1200000
scp,,120,3,penalty,poa,120,1200000,20,True,22,57,,1200000
scp,,120,3,penalty,poa,120,1200000,20,True,23,57,,1200000
scp,,120,3,penalty,poa,120,1200000,20,True,24,54,,1200000
scp,,120,3,penalty,poa,120,1200000,20,True,25,56,,1200000
scp,,120,3,penalty,poa,120,1200000,20,True,26,57,,1200000
scp,,120,3,penalty,poa,120,1200000,20,True,27,56,,1200000
scp,,120,3,penalty,poa,120,1200000,20,True,28,56,,1200000
scp,,120,3,penalty,poa,120,1200000,20,True,29,53,,1200000
scp,,120,3,penalty,poa,120,1200000,20,True,30,58,,1200000
scp,,120,1,penalty,poa,120,1200000,20,True,0,55,,1200000
scp,,120,1,penalty,poa,120,1200000,20,True,1,56,,1200000
scp,,120,1,penalty,poa,120,1200000,20,True,2,58,,1200000
scp,,120,1,penalty,poa,120,1200000,20,True,3,57,,1200000
scp,,120,1,penalty,poa,120,1200000,20,True,4,57,,1200000
scp,,120,1,penalty,poa,120,1200000,20,True,5,53,,1200000
scp,,120,1,penalty,poa,120,1200000,20,True,6,52,,1200000
scp,,120,1,penalty,poa,120,1200000,20,True,7,57,,1200000
scp,,120,1,penalty,poa,120,1200000,20,True,8,60,,1200000
scp,,120,1,penalty,poa,120,1200000,20,True,9,56,,1200000
scp,,120,1,penalty,poa,120,1200000,20,True,10,59,,1200000
scp,,120,1,penalty,poa,120,1200000,20,True,11,60,,1200000
scp,,120,1,penalty,poa,120,1200000,20,True,12,58,,1200000
scp,,120,1,penalty,poa,120,1200000,20,True,13,58,,1200000
scp,,120,1,penalty,poa,120,1200000,20,True,14,59,,1200000
scp,,120,1,penalty,poa,120,1200000,20,True,15,59,,1200000
scp,,120,1,penalty,poa,120,1200000,20,True,16,59,,1200000
scp,,120,1,penalty,poa,120,1200000,20,True,17,57,,1200000
scp,,120,1,penalty,poa,120,1200000,20,True,18,59,,1200000
scp,,120,1,penalty,poa,120,1200000,20,True,19,61,,1200000
scp,,120,1,penalty,poa,120,1200000,20,True,20,54,,1200000
scp,,120,1,penalty,poa,120,1200000,20,True,21,57,,1200000
scp,,120,1,penalty,poa,120,1200000,20,True,22,57,,1200000
scp,,120,1,penalty,poa,120,1200000,20,True,23,53,,1200000
scp,,120,1,penalty,poa,120,1200000,20,True,24,58,,1200000
scp,,120,1,penalty,poa,120,1200000,20,True,25,56,,1200000
scp,,120,1,penalty,poa,120,1200000,20,True,26,58,,1200000
scp,,120,1,penalty,poa,120,1200000,20,True,27,56,,1200000
scp,,120,1,penalty,poa,120,1200000,20,True,28,60,,1200000
scp,,120,1,penalty,poa,120,1200000,20,True,29,60,,1200000
scp,,120,1,penalty,poa,120,1200000,20,True,30,57,,1200000
scp,,120,4,penalty,poa,120,1200000,20,True,0,52,,1200000
scp,,120,4,penalty,poa,120,1200000,20,True,1,54,,1200000
scp,,120,4,penalty,poa,120,1200000,20,True,2,54,,1200000
scp,,120,4,penalty,poa,120,1200000,20,True,3,54,,1200000
scp,,120,4,penalty,poa,120,1200000,20,True,4,55,,1200000
scp,,120,4,penalty,poa,120,1200000,20,True,5,50,,1200000
scp,,120,4,penalty,poa,120,1200000,20,True,6,55,,1200000
scp,,120,4,penalty,poa,120,1200000,20,True,7,53,,1200000
scp,,120,4,penalty,poa,120,1200000,20,True,8,54,,1200000
scp,,120,4,penalty,poa,120,1200000,20,True,9,56,,1200000
scp,,120,4,penalty,poa,120,1200000,20,True,10,54,,1200000
scp,,120,4,penalty,poa,120,1200000,20,True,11,53,,1200000
scp,,120,4,penalty,poa,120,1200000,20,True,12,56,,1200000
scp,,120,4,penalty,poa,120,1200000,20,True,13,55,,1200000
scp,,120,4,penalty,poa,120,1200000,20,True,14,55,,1200000
scp,,120,4,penalty,poa,120,1200000,20,True,15,54,,1200000
scp,,120,4,penalty,poa,120,1200000,20,True,16,53,,1200000
scp,,120,4,penalty,poa,120,1200000,20,True,17,51,,1200000
scp,,120,4,penalty,poa,120,1200000,20,True,18,55,,1200000
scp,,120,4,penalty,poa,120,1200000,20,True,19,56,,1200000
scp,,120,4,penalty,poa,120,1200000,20,True,20,55,,1200000
scp,,120,4,penalty,poa,120,1200000,20,True,21,55,,1200000
scp,,120,4,penalty,poa,120,1200000,20,True,22,55,,1200000
scp,,120,4,penalty,poa,120,1200000,20,True,23,56,,1200000
scp,,120,4,penalty,poa,120,1200000,20,True,24,52,,1200000
scp,,120,4,penalty,poa,120,1200000,20,True,25,53,,1200000
scp,,120,4,penalty,poa,120,1200000,20,True,26,54,,1200000
scp,,120,4,penalty,poa,120,1200000,20,True,27,52,,1200000
scp,,120,4,penalty,poa,120,1200000,20,True,28,55,,1200000
scp,,120,4,penalty,poa,120,1200000,20,True,29,53,,1200000
scp,,120,4,penalty,poa,120,1200000,20,True,30,51,,1200000
scp,,120,2,penalty,poa,120,1200000,20,True,0,60,,1200000
scp,,120,2,penalty,poa,120,1200000,20,True,1,58,,1200000
scp,,120,2,penalty,poa,120,1200000,20,True,2,57,,1200000
scp,,120,2,penalty,poa,120,1200000,20,True,3,59,,1200000
scp,,120,2,penalty,poa,120,1200000,20,True,4,57,,1200000
scp,,120,2,penalty,poa,120,1200000,20,True,5,57,,1200000
scp,,120,2,penalty,poa,120,1200000,20,True,6,58,,1200000
scp,,120,2,penalty,poa,120,1200000,20,True,7,57,,1200000
scp,,120,2,penalty,poa,120,1200000,20,True,8,57,,1200000
scp,,120,2,penalty,poa,120,1200000,20,True,9,60,,1200000
scp,,120,2,penalty,poa,120,1200000,20,True,10,58,,1200000
scp,,120,2,penalty,poa,120,1200000,20,True,11,57,,1200000
scp,,120,2,penalty,poa,120,1200000,20,True,12,58,,1200000
scp,,120,2,penalty,poa,120,1200000,20,True,13,57,,1200000
scp,,120,2,penalty,poa,120,1200000,20,True,14,57,,1200000
scp,,120,2,penalty,poa,120,1200000,20,True,15,54,,1200000
scp,,120,2,penalty,poa,120,1200000,20,True,16,59,,1200000
scp,,120,2,penalty,poa,120,1200000,20,True,17,58,,1200000
scp,,120,2,penalty,poa,120,1200000,20,True,18,59,,1200000
scp,,120,2,penalty,poa,120,1200000,20,True,19,56,,1200000
scp,,120,2,penalty,poa,120,1200000,20,True,20,57,,1200000
scp,,120,2,penalty,poa,120,1200000,20,True,21,59,,1200000
scp,,120,2,penalty,poa,120,1200000,20,True,22,58,,1200000
scp,,120,2,penalty,poa,120,1200000,20,True,23,57,,1200000
scp,,120,2,penalty,poa,120,1200000,20,True,24,58,,1200000
scp,,120,2,penalty,poa,120,1200000,20,True,25,58,,1200000
scp,,120,2,penalty,poa,120,1200000,20,True,26,57,,1200000
scp,,120,2,penalty,poa,120,1200000,20,True,27,54,,1200000
scp,,120,2,penalty,poa,120,1200000,20,True,28,59,,1200000
scp,,120,2,penalty,poa,120,1200000,20,True,29,56,,1200000
scp,,120,2,penalty,poa,120,1200000,20,True,30,55,,1200000
