family,tag,n,idx,decoder,method,dim,budget,f_opt,exact,seed,best,ftt,fes
uflp_orlib,cap74,0,0,penalty,ils,16,160000,1034976.975,True,0,1034976.9750000001,106,106
uflp_orlib,cap74,0,0,penalty,ils,16,160000,1034976.975,True,1,1034976.9750000001,187,187
uflp_orlib,cap74,0,0,penalty,ils,16,160000,1034976.975,True,2,1034976.9750000001,154,154
uflp_orlib,cap74,0,0,penalty,ils,16,160000,1034976.975,True,3,1034976.9750000001,117,117
uflp_orlib,cap74,0,0,penalty,ils,16,160000,1034976.975,True,4,1034976.9750000001,159,159
uflp_orlib,cap74,0,0,penalty,ils,16,160000,1034976.975,True,5,1034976.9750000001,160,160
uflp_orlib,cap74,0,0,penalty,ils,16,160000,1034976.975,True,6,1034976.9750000001,191,191
uflp_orlib,cap74,0,0,penalty,ils,16,160000,1034976.975,True,7,1034976.9750000001,174,174
uflp_orlib,cap74,0,0,penalty,ils,16,160000,1034976.975,True,8,1034976.9750000001,143,143
uflp_orlib,cap74,0,0,penalty,ils,16,160000,1034976.975,True,9,1034976.9750000001,217,217
uflp_orlib,cap74,0,0,penalty,ils,16,160000,1034976.975,True,10,1034976.9750000001,166,166
uflp_orlib,cap74,0,0,penalty,ils,16,160000,1034976.975,True,11,1034976.9750000001,187,187
uflp_orlib,cap74,0,0,penalty,ils,16,160000,1034976.975,True,12,1034976.9750000001,176,176
uflp_orlib,cap74,0,0,penalty,ils,16,160000,1034976.975,True,13,1034976.9750000001,186,186
uflp_orlib,cap74,0,0,penalty,ils,16,160000,1034976.975,True,14,1034976.9750000001,181,181
uflp_orlib,cap74,0,0,penalty,ils,16,160000,1034976.975,True,15,1034976.9750000001,130,130
uflp_orlib,cap74,0,0,penalty,ils,16,160000,1034976.975,True,16,1034976.9750000001,184,184
uflp_orlib,cap74,0,0,penalty,ils,16,160000,1034976.975,True,17,1034976.9750000001,153,153
uflp_orlib,cap74,0,0,penalty,ils,16,160000,1034976.975,True,18,1034976.9750000001,188,188
uflp_orlib,cap74,0,0,penalty,ils,16,160000,1034976.975,True,19,1034976.9750000001,200,200
uflp_orlib,cap74,0,0,penalty,ils,16,160000,1034976.975,True,20,1034976.9750000001,144,144
uflp_orlib,cap74,0,0,penalty,ils,16,160000,1034976.975,True,21,1034976.9750000001,168,168
uflp_orlib,cap74,0,0,penalty,ils,16,160000,1034976.975,True,22,1034976.9750000001,155,155
uflp_orlib,cap74,0,0,penalty,ils,16,160000,1034976.975,True,23,1034976.9750000001,197,197
uflp_orlib,cap74,0,0,penalty,ils,16,160000,1034976.975,True,24,1034976.9750000001,192,192
uflp_orlib,cap74,0,0,penalty,ils,16,160000,1034976.975,True,25,1034976.9750000001,188,188
uflp_orlib,cap74,0,0,penalty,ils,16,160000,1034976.975,True,26,1034976.9750000001,202,202
uflp_orlib,cap74,0,0,penalty,ils,16,160000,1034976.975,True,27,1034976.9750000001,168,168
uflp_orlib,cap74,0,0,penalty,ils,16,160000,1034976.975,True,28,1034976.9750000001,200,200
uflp_orlib,cap74,0,0,penalty,ils,16,160000,1034976.975,True,29,1034976.9750000001,173,173
uflp_orlib,cap74,0,0,penalty,ils,16,160000,1034976.975,True,30,1034976.9750000001,203,203
uflp_orlib,cap74,0,0,penalty,mga,16,160000,1034976.975,True,0,1034976.9750000001,176,176
uflp_orlib,cap74,0,0,penalty,mga,16,160000,1034976.975,True,1,1034976.9750000001,198,198
uflp_orlib,cap74,0,0,penalty,mga,16,160000,1034976.975,True,2,1034976.9750000001,207,207
uflp_orlib,cap74,0,0,penalty,mga,16,160000,1034976.975,True,3,1034976.9750000001,227,227
uflp_orlib,cap74,0,0,penalty,mga,16,160000,1034976.975,True,4,1034976.9750000001,182,182
uflp_orlib,cap74,0,0,penalty,mga,16,160000,1034976.975,True,5,1034976.9750000001,204,204
uflp_orlib,cap74,0,0,penalty,mga,16,160000,1034976.975,True,6,1034976.9750000001,139,139
uflp_orlib,cap74,0,0,penalty,mga,16,160000,1034976.975,True,7,1034976.9750000001,184,184
uflp_orlib,cap74,0,0,penalty,mga,16,160000,1034976.975,True,8,1034976.9750000001,179,179
uflp_orlib,cap74,0,0,penalty,mga,16,160000,1034976.975,True,9,1034976.9750000001,178,178
uflp_orlib,cap74,0,0,penalty,mga,16,160000,1034976.975,True,10,1034976.9750000001,142,142
uflp_orlib,cap74,0,0,penalty,mga,16,160000,1034976.975,True,11,1034976.9750000001,188,188
uflp_orlib,cap74,0,0,penalty,mga,16,160000,1034976.975,True,12,1034976.9750000001,186,186
uflp_orlib,cap74,0,0,penalty,mga,16,160000,1034976.975,True,13,1034976.9750000001,141,141
uflp_orlib,cap74,0,0,penalty,mga,16,160000,1034976.975,True,14,1034976.9750000001,225,225
uflp_orlib,cap74,0,0,penalty,mga,16,160000,1034976.975,True,15,1034976.9750000001,196,196
uflp_orlib,cap74,0,0,penalty,mga,16,160000,1034976.975,True,16,1034976.9750000001,204,204
uflp_orlib,cap74,0,0,penalty,mga,16,160000,1034976.975,True,17,1034976.9750000001,207,207
uflp_orlib,cap74,0,0,penalty,mga,16,160000,1034976.975,True,18,1034976.9750000001,198,198
uflp_orlib,cap74,0,0,penalty,mga,16,160000,1034976.975,True,19,1034976.9750000001,205,205
uflp_orlib,cap74,0,0,penalty,mga,16,160000,1034976.975,True,20,1034976.9750000001,194,194
uflp_orlib,cap74,0,0,penalty,mga,16,160000,1034976.975,True,21,1034976.9750000001,184,184
uflp_orlib,cap74,0,0,penalty,mga,16,160000,1034976.975,True,22,1034976.9750000001,195,195
uflp_orlib,cap74,0,0,penalty,mga,16,160000,1034976.975,True,23,1034976.9750000001,144,144
uflp_orlib,cap74,0,0,penalty,mga,16,160000,1034976.975,True,24,1034976.9750000001,166,166
uflp_orlib,cap74,0,0,penalty,mga,16,160000,1034976.975,True,25,1034976.9750000001,228,228
uflp_orlib,cap74,0,0,penalty,mga,16,160000,1034976.975,True,26,1034976.9750000001,196,196
uflp_orlib,cap74,0,0,penalty,mga,16,160000,1034976.975,True,27,1034976.9750000001,159,159
uflp_orlib,cap74,0,0,penalty,mga,16,160000,1034976.975,True,28,1034976.9750000001,133,133
uflp_orlib,cap74,0,0,penalty,mga,16,160000,1034976.975,True,29,1034976.9750000001,154,154
uflp_orlib,cap74,0,0,penalty,mga,16,160000,1034976.975,True,30,1034976.9750000001,208,208
uflp_orlib,cap71,0,0,penalty,ils,16,160000,932615.75,True,0,932615.75,88,88
uflp_orlib,cap71,0,0,penalty,ils,16,160000,932615.75,True,1,932615.75,152,152
uflp_orlib,cap71,0,0,penalty,ils,16,160000,932615.75,True,2,932615.75,141,141
uflp_orlib,cap71,0,0,penalty,ils,16,160000,932615.75,True,3,932615.75,149,149
uflp_orlib,cap71,0,0,penalty,ils,16,160000,932615.75,True,4,932615.75,172,172
uflp_orlib,cap71,0,0,penalty,ils,16,160000,932615.75,True,5,932615.75,143,143
uflp_orlib,cap71,0,0,penalty,ils,16,160000,932615.75,True,6,932615.75,124,124
uflp_orlib,cap71,0,0,penalty,ils,16,160000,932615.75,True,7,932615.75,133,133
uflp_orlib,cap71,0,0,penalty,ils,16,160000,932615.75,True,8,932615.75,134,134
uflp_orlib,cap71,0,0,penalty,ils,16,160000,932615.75,True,9,932615.75,160,160
uflp_orlib,cap71,0,0,penalty,ils,16,160000,932615.75,True,10,932615.75,143,143
uflp_orlib,cap71,0,0,penalty,ils,16,160000,932615.75,True,11,932615.75,188,188
uflp_orlib,cap71,0,0,penalty,ils,16,160000,932615.75,True,12,932615.75,161,161
uflp_orlib,cap71,0,0,penalty,ils,16,160000,932615.75,True,13,932615.75,185,185
uflp_orlib,cap71,0,0,penalty,ils,16,160000,932615.75,True,14,932615.75,180,180
uflp_orlib,cap71,0,0,penalty,ils,16,160000,932615.75,True,15,932615.75,124,124
uflp_orlib,cap71,0,0,penalty,ils,16,160000,932615.75,True,16,932615.75,209,209
uflp_orlib,cap71,0,0,penalty,ils,16,160000,932615.75,True,17,932615.75,142,142
uflp_orlib,cap71,0,0,penalty,ils,16,160000,932615.75,True,18,932615.75,137,137
uflp_orlib,cap71,0,0,penalty,ils,16,160000,932615.75,True,19,932615.75,239,239
uflp_orlib,cap71,0,0,penalty,ils,16,160000,932615.75,True,20,932615.75,129,129
uflp_orlib,cap71,0,0,penalty,ils,16,160000,932615.75,True,21,932615.75,157,157
uflp_orlib,cap71,0,0,penalty,ils,16,160000,932615.75,True,22,932615.75,189,189
uflp_orlib,cap71,0,0,penalty,ils,16,160000,932615.75,True,23,932615.75,220,220
uflp_orlib,cap71,0,0,penalty,ils,16,160000,932615.75,True,24,932615.75,209,209
uflp_orlib,cap71,0,0,penalty,ils,16,160000,932615.75,True,25,932615.75,121,121
uflp_orlib,cap71,0,0,penalty,ils,16,160000,932615.75,True,26,932615.75,163,163
uflp_orlib,cap71,0,0,penalty,ils,16,160000,932615.75,True,27,932615.75,145,145
uflp_orlib,cap71,0,0,penalty,ils,16,160000,932615.75,True,28,932615.75,159,159
uflp_orlib,cap71,0,0,penalty,ils,16,160000,932615.75,True,29,932615.75,188,188
uflp_orlib,cap71,0,0,penalty,ils,16,160000,932615.75,True,30,932615.75,144,144
uflp_orlib,cap72,0,0,penalty,ils,16,160000,977799.4,True,0,977799.4,119,119
uflp_orlib,cap72,0,0,penalty,ils,16,160000,977799.4,True,1,977799.4,227,227
uflp_orlib,cap72,0,0,penalty,ils,16,160000,977799.4,True,2,977799.4,128,128
uflp_orlib,cap72,0,0,penalty,ils,16,160000,977799.4,True,3,977799.4,187,187
uflp_orlib,cap72,0,0,penalty,ils,16,160000,977799.4,True,4,977799.4,195,195
uflp_orlib,cap72,0,0,penalty,ils,16,160000,977799.4,True,5,977799.4,132,132
uflp_orlib,cap72,0,0,penalty,ils,16,160000,977799.4,True,6,977799.4,211,211
uflp_orlib,cap72,0,0,penalty,ils,16,160000,977799.4,True,7,977799.4,146,146
uflp_orlib,cap72,0,0,penalty,ils,16,160000,977799.4,True,8,977799.4,141,141
uflp_orlib,cap72,0,0,penalty,ils,16,160000,977799.4,True,9,977799.4,205,205
uflp_orlib,cap72,0,0,penalty,ils,16,160000,977799.4,True,10,977799.4,144,144
uflp_orlib,cap72,0,0,penalty,ils,16,160000,977799.4,True,11,977799.4,213,213
uflp_orlib,cap72,0,0,penalty,ils,16,160000,977799.4,True,12,977799.4,164,164
uflp_orlib,cap72,0,0,penalty,ils,16,160000,977799.4,True,13,977799.4,160,160
uflp_orlib,cap72,0,0,penalty,ils,16,160000,977799.4,True,14,977799.4,167,167
uflp_orlib,cap72,0,0,penalty,ils,16,160000,977799.4,True,15,977799.4,195,195
uflp_orlib,cap72,0,0,penalty,ils,16,160000,977799.4,True,16,977799.4,178,178
uflp_orlib,cap72,0,0,penalty,ils,16,160000,977799.4,True,17,977799.4,147,147
uflp_orlib,cap72,0,0,penalty,ils,16,160000,977799.4,True,18,977799.4,236,236
uflp_orlib,cap72,0,0,penalty,ils,16,160000,977799.4,True,19,977799.4,188,188
uflp_orlib,cap72,0,0,penalty,ils,16,160000,977799.4,True,20,977799.4,118,118
uflp_orlib,cap72,0,0,penalty,ils,16,160000,977799.4,True,21,977799.4,158,158
uflp_orlib,cap72,0,0,penalty,ils,16,160000,977799.4,True,22,977799.4,224,224
uflp_orlib,cap72,0,0,penalty,ils,16,160000,977799.4,True,23,977799.4,171,171
uflp_orlib,cap72,0,0,penalty,ils,16,160000,977799.4,True,24,977799.4,162,162
uflp_orlib,cap72,0,0,penalty,ils,16,160000,977799.4,True,25,977799.4,152,152
uflp_orlib,cap72,0,0,penalty,ils,16,160000,977799.4,True,26,977799.4,172,172
uflp_orlib,cap72,0,0,penalty,ils,16,160000,977799.4,True,27,977799.4,150,150
uflp_orlib,cap72,0,0,penalty,ils,16,160000,977799.4,True,28,977799.4,164,164
uflp_orlib,cap72,0,0,penalty,ils,16,160000,977799.4,True,29,977799.4,159,159
uflp_orlib,cap72,0,0,penalty,ils,16,160000,977799.4,True,30,977799.4,189,189
uflp_orlib,cap74,0,0,penalty,mbpso,16,160000,1034976.975,True,0,1034976.9750000001,151,151
uflp_orlib,cap74,0,0,penalty,mbpso,16,160000,1034976.975,True,1,1034976.9750000001,145,145
uflp_orlib,cap74,0,0,penalty,mbpso,16,160000,1034976.975,True,2,1034976.9750000001,227,227
uflp_orlib,cap74,0,0,penalty,mbpso,16,160000,1034976.975,True,3,1034976.9750000001,171,171
uflp_orlib,cap74,0,0,penalty,mbpso,16,160000,1034976.975,True,4,1034976.9750000001,198,198
uflp_orlib,cap74,0,0,penalty,mbpso,16,160000,1034976.975,True,5,1034976.9750000001,141,141
uflp_orlib,cap74,0,0,penalty,mbpso,16,160000,1034976.975,True,6,1034976.9750000001,171,171
uflp_orlib,cap74,0,0,penalty,mbpso,16,160000,1034976.975,True,7,1034976.9750000001,138,138
uflp_orlib,cap74,0,0,penalty,mbpso,16,160000,1034976.975,True,8,1034976.9750000001,213,213
uflp_orlib,cap74,0,0,penalty,mbpso,16,160000,1034976.975,True,9,1034976.9750000001,146,146
uflp_orlib,cap74,0,0,penalty,mbpso,16,160000,1034976.975,True,10,1034976.9750000001,160,160
uflp_orlib,cap74,0,0,penalty,mbpso,16,160000,1034976.975,True,11,1034976.9750000001,210,210
uflp_orlib,cap74,0,0,penalty,mbpso,16,160000,1034976.975,True,12,1034976.9750000001,200,200
uflp_orlib,cap74,0,0,penalty,mbpso,16,160000,1034976.975,True,13,1034976.9750000001,214,214
uflp_orlib,cap74,0,0,penalty,mbpso,16,160000,1034976.975,True,14,1034976.9750000001,146,146
uflp_orlib,cap74,0,0,penalty,mbpso,16,160000,1034976.975,True,15,1034976.9750000001,164,164
uflp_orlib,cap74,0,0,penalty,mbpso,16,160000,1034976.975,True,16,1034976.9750000001,203,203
uflp_orlib,cap74,0,0,penalty,mbpso,16,160000,1034976.975,True,17,1034976.9750000001,145,145
uflp_orlib,cap74,0,0,penalty,mbpso,16,160000,1034976.975,True,18,1034976.9750000001,219,219
uflp_orlib,cap74,0,0,penalty,mbpso,16,160000,1034976.975,True,19,1034976.9750000001,172,172
uflp_orlib,cap74,0,0,penalty,mbpso,16,160000,1034976.975,True,20,1034976.9750000001,190,190
uflp_orlib,cap74,0,0,penalty,mbpso,16,160000,1034976.975,True,21,1034976.9750000001,155,155
uflp_orlib,cap74,0,0,penalty,mbpso,16,160000,1034976.975,True,22,1034976.9750000001,156,156
uflp_orlib,cap74,0,0,penalty,mbpso,16,160000,1034976.975,True,23,1034976.9750000001,174,174
uflp_orlib,cap74,0,0,penalty,mbpso,16,160000,1034976.975,True,24,1034976.9750000001,175,175
uflp_orlib,cap74,0,0,penalty,mbpso,16,160000,1034976.975,True,25,1034976.9750000001,206,206
uflp_orlib,cap74,0,0,penalty,mbpso,16,160000,1034976.975,True,26,1034976.9750000001,235,235
uflp_orlib,cap74,0,0,penalty,mbpso,16,160000,1034976.975,True,27,1034976.9750000001,147,147
uflp_orlib,cap74,0,0,penalty,mbpso,16,160000,1034976.975,True,28,1034976.9750000001,152,152
uflp_orlib,cap74,0,0,penalty,mbpso,16,160000,1034976.975,True,29,1034976.9750000001,216,216
uflp_orlib,cap74,0,0,penalty,mbpso,16,160000,1034976.975,True,30,1034976.9750000001,212,212
uflp_orlib,cap73,0,0,penalty,ils,16,160000,1010641.45,True,0,1010641.45,249,249
uflp_orlib,cap73,0,0,penalty,ils,16,160000,1010641.45,True,1,1010641.45,209,209
uflp_orlib,cap73,0,0,penalty,ils,16,160000,1010641.45,True,2,1010641.45,131,131
uflp_orlib,cap73,0,0,penalty,ils,16,160000,1010641.45,True,3,1010641.45,485,485
uflp_orlib,cap73,0,0,penalty,ils,16,160000,1010641.45,True,4,1010641.45,189,189
uflp_orlib,cap73,0,0,penalty,ils,16,160000,1010641.45,True,5,1010641.45,123,123
uflp_orlib,cap73,0,0,penalty,ils,16,160000,1010641.45,True,6,1010641.45,158,158
uflp_orlib,cap73,0,0,penalty,ils,16,160000,1010641.45,True,7,1010641.45,155,155
uflp_orlib,cap73,0,0,penalty,ils,16,160000,1010641.45,True,8,1010641.45,120,120
uflp_orlib,cap73,0,0,penalty,ils,16,160000,1010641.45,True,9,1010641.45,194,194
uflp_orlib,cap73,0,0,penalty,ils,16,160000,1010641.45,True,10,1010641.45,143,143
uflp_orlib,cap73,0,0,penalty,ils,16,160000,1010641.45,True,11,1010641.45,193,193
uflp_orlib,cap73,0,0,penalty,ils,16,160000,1010641.45,True,12,1010641.45,167,167
uflp_orlib,cap73,0,0,penalty,ils,16,160000,1010641.45,True,13,1010641.45,683,683
uflp_orlib,cap73,0,0,penalty,ils,16,160000,1010641.45,True,14,1010641.45,158,158
uflp_orlib,cap73,0,0,penalty,ils,16,160000,1010641.45,True,15,1010641.45,375,375
uflp_orlib,cap73,0,0,penalty,ils,16,160000,1010641.45,True,16,1010641.45,169,169
uflp_orlib,cap73,0,0,penalty,ils,16,160000,1010641.45,True,17,1010641.45,130,130
uflp_orlib,cap73,0,0,penalty,ils,16,160000,1010641.45,True,18,1010641.45,210,210
uflp_orlib,cap73,0,0,penalty,ils,16,160000,1010641.45,True,19,1010641.45,191,191
uflp_orlib,cap73,0,0,penalty,ils,16,160000,1010641.45,True,20,1010641.45,107,107
uflp_orlib,cap73,0,0,penalty,ils,16,160000,1010641.45,True,21,1010641.45,145,145
uflp_orlib,cap73,0,0,penalty,ils,16,160000,1010641.45,True,22,1010641.45,578,578
uflp_orlib,cap73,0,0,penalty,ils,16,160000,1010641.45,True,23,1010641.45,174,174
uflp_orlib,cap73,0,0,penalty,ils,16,160000,1010641.45,True,24,1010641.45,153,153
uflp_orlib,cap73,0,0,penalty,ils,16,160000,1010641.45,True,25,1010641.45,169,169
uflp_orlib,cap73,0,0,penalty,ils,16,160000,1010641.45,True,26,1010641.45,406,406
uflp_orlib,cap73,0,0,penalty,ils,16,160000,1010641.45,True,27,1010641.45,145,145
uflp_orlib,cap73,0,0,penalty,ils,16,160000,1010641.45,True,28,1010641.45,181,181
uflp_orlib,cap73,0,0,penalty,ils,16,160000,1010641.45,True,29,1010641.45,158,158
uflp_orlib,cap73,0,0,penalty,ils,16,160000,1010641.45,True,30,1010641.45,180,180
uflp_orlib,cap74,0,0,penalty,mbde,16,160000,1034976.975,True,0,1034976.9750000001,155,155
uflp_orlib,cap74,0,0,penalty,mbde,16,160000,1034976.975,True,1,1034976.9750000001,147,147
uflp_orlib,cap74,0,0,penalty,mbde,16,160000,1034976.975,True,2,1034976.9750000001,202,202
uflp_orlib,cap74,0,0,penalty,mbde,16,160000,1034976.975,True,3,1034976.9750000001,186,186
uflp_orlib,cap74,0,0,penalty,mbde,16,160000,1034976.975,True,4,1034976.9750000001,198,198
uflp_orlib,cap74,0,0,penalty,mbde,16,160000,1034976.975,True,5,1034976.9750000001,204,204
uflp_orlib,cap74,0,0,penalty,mbde,16,160000,1034976.975,True,6,1034976.9750000001,177,177
uflp_orlib,cap74,0,0,penalty,mbde,16,160000,1034976.975,True,7,1034976.9750000001,204,204
uflp_orlib,cap74,0,0,penalty,mbde,16,160000,1034976.975,True,8,1034976.9750000001,179,179
uflp_orlib,cap74,0,0,penalty,mbde,16,160000,1034976.975,True,9,1034976.9750000001,178,178
uflp_orlib,cap74,0,0,penalty,mbde,16,160000,1034976.975,True,10,1034976.9750000001,149,149
uflp_orlib,cap74,0,0,penalty,mbde,16,160000,1034976.975,True,11,1034976.9750000001,181,181
uflp_orlib,cap74,0,0,penalty,mbde,16,160000,1034976.975,True,12,1034976.9750000001,153,153
uflp_orlib,cap74,0,0,penalty,mbde,16,160000,1034976.975,True,13,1034976.9750000001,199,199
uflp_orlib,cap74,0,0,penalty,mbde,16,160000,1034976.975,True,14,1034976.9750000001,209,209
uflp_orlib,cap74,0,0,penalty,mbde,16,160000,1034976.975,True,15,1034976.9750000001,148,148
uflp_orlib,cap74,0,0,penalty,mbde,16,160000,1034976.975,True,16,1034976.9750000001,204,204
uflp_orlib,cap74,0,0,penalty,mbde,16,160000,1034976.975,True,17,1034976.9750000001,207,207
uflp_orlib,cap74,0,0,penalty,mbde,16,160000,1034976.975,True,18,1034976.9750000001,212,212
uflp_orlib,cap74,0,0,penalty,mbde,16,160000,1034976.975,True,19,1034976.9750000001,205,205
uflp_orlib,cap74,0,0,penalty,mbde,16,160000,1034976.975,True,20,1034976.9750000001,144,144
uflp_orlib,cap74,0,0,penalty,mbde,16,160000,1034976.975,True,21,1034976.9750000001,174,174
uflp_orlib,cap74,0,0,penalty,mbde,16,160000,1034976.975,True,22,1034976.9750000001,195,195
uflp_orlib,cap74,0,0,penalty,mbde,16,160000,1034976.975,True,23,1034976.9750000001,157,157
uflp_orlib,cap74,0,0,penalty,mbde,16,160000,1034976.975,True,24,1034976.9750000001,186,186
uflp_orlib,cap74,0,0,penalty,mbde,16,160000,1034976.975,True,25,1034976.9750000001,161,161
uflp_orlib,cap74,0,0,penalty,mbde,16,160000,1034976.975,True,26,1034976.9750000001,185,185
uflp_orlib,cap74,0,0,penalty,mbde,16,160000,1034976.975,True,27,1034976.9750000001,162,162
uflp_orlib,cap74,0,0,penalty,mbde,16,160000,1034976.975,True,28,1034976.9750000001,143,143
uflp_orlib,cap74,0,0,penalty,mbde,16,160000,1034976.975,True,29,1034976.9750000001,197,197
uflp_orlib,cap74,0,0,penalty,mbde,16,160000,1034976.975,True,30,1034976.9750000001,144,144
uflp_orlib,cap72,0,0,penalty,mga,16,160000,977799.4,True,0,977799.4,224,224
uflp_orlib,cap72,0,0,penalty,mga,16,160000,977799.4,True,1,977799.4,163,163
uflp_orlib,cap72,0,0,penalty,mga,16,160000,977799.4,True,2,977799.4,234,234
uflp_orlib,cap72,0,0,penalty,mga,16,160000,977799.4,True,3,977799.4,237,237
uflp_orlib,cap72,0,0,penalty,mga,16,160000,977799.4,True,4,977799.4,234,234
uflp_orlib,cap72,0,0,penalty,mga,16,160000,977799.4,True,5,977799.4,188,188
uflp_orlib,cap72,0,0,penalty,mga,16,160000,977799.4,True,6,977799.4,182,182
uflp_orlib,cap72,0,0,penalty,mga,16,160000,977799.4,True,7,977799.4,238,238
uflp_orlib,cap72,0,0,penalty,mga,16,160000,977799.4,True,8,977799.4,170,170
uflp_orlib,cap72,0,0,penalty,mga,16,160000,977799.4,True,9,977799.4,218,218
uflp_orlib,cap72,0,0,penalty,mga,16,160000,977799.4,True,10,977799.4,171,171
uflp_orlib,cap72,0,0,penalty,mga,16,160000,977799.4,True,11,977799.4,148,148
uflp_orlib,cap72,0,0,penalty,mga,16,160000,977799.4,True,12,977799.4,255,255
uflp_orlib,cap72,0,0,penalty,mga,16,160000,977799.4,True,13,977799.4,234,234
uflp_orlib,cap72,0,0,penalty,mga,16,160000,977799.4,True,14,977799.4,198,198
uflp_orlib,cap72,0,0,penalty,mga,16,160000,977799.4,True,15,977799.4,184,184
uflp_orlib,cap72,0,0,penalty,mga,16,160000,977799.4,True,16,977799.4,178,178
uflp_orlib,cap72,0,0,penalty,mga,16,160000,977799.4,True,17,977799.4,255,255
uflp_orlib,cap72,0,0,penalty,mga,16,160000,977799.4,True,18,977799.4,221,221
uflp_orlib,cap72,0,0,penalty,mga,16,160000,977799.4,True,19,977799.4,237,237
uflp_orlib,cap72,0,0,penalty,mga,16,160000,977799.4,True,20,977799.4,231,231
uflp_orlib,cap72,0,0,penalty,mga,16,160000,977799.4,True,21,977799.4,142,142
uflp_orlib,cap72,0,0,penalty,mga,16,160000,977799.4,True,22,977799.4,223,223
uflp_orlib,cap72,0,0,penalty,mga,16,160000,977799.4,True,23,977799.4,184,184
uflp_orlib,cap72,0,0,penalty,mga,16,160000,977799.4,True,24,977799.4,169,169
uflp_orlib,cap72,0,0,penalty,mga,16,160000,977799.4,True,25,977799.4,254,254
uflp_orlib,cap72,0,0,penalty,mga,16,160000,977799.4,True,26,977799.4,178,178
uflp_orlib,cap72,0,0,penalty,mga,16,160000,977799.4,True,27,977799.4,192,192
uflp_orlib,cap72,0,0,penalty,mga,16,160000,977799.4,True,28,977799.4,199,199
uflp_orlib,cap72,0,0,penalty,mga,16,160000,977799.4,True,29,977799.4,232,232
uflp_orlib,cap72,0,0,penalty,mga,16,160000,977799.4,True,30,977799.4,169,169
uflp_orlib,cap71,0,0,penalty,mga,16,160000,932615.75,True,0,932615.75,188,188
uflp_orlib,cap71,0,0,penalty,mga,16,160000,932615.75,True,1,932615.75,134,134
uflp_orlib,cap71,0,0,penalty,mga,16,160000,932615.75,True,2,932615.75,215,215
uflp_orlib,cap71,0,0,penalty,mga,16,160000,932615.75,True,3,932615.75,172,172
uflp_orlib,cap71,0,0,penalty,mga,16,160000,932615.75,True,4,932615.75,163,163
uflp_orlib,cap71,0,0,penalty,mga,16,160000,932615.75,True,5,932615.75,223,223
uflp_orlib,cap71,0,0,penalty,mga,16,160000,932615.75,True,6,932615.75,243,243
uflp_orlib,cap71,0,0,penalty,mga,16,160000,932615.75,True,7,932615.75,154,154
uflp_orlib,cap71,0,0,penalty,mga,16,160000,932615.75,True,8,932615.75,200,200
uflp_orlib,cap71,0,0,penalty,mga,16,160000,932615.75,True,9,932615.75,165,165
uflp_orlib,cap71,0,0,penalty,mga,16,160000,932615.75,True,10,932615.75,164,164
uflp_orlib,cap71,0,0,penalty,mga,16,160000,932615.75,True,11,932615.75,224,224
uflp_orlib,cap71,0,0,penalty,mga,16,160000,932615.75,True,12,932615.75,206,206
uflp_orlib,cap71,0,0,penalty,mga,16,160000,932615.75,True,13,932615.75,230,230
uflp_orlib,cap71,0,0,penalty,mga,16,160000,932615.75,True,14,932615.75,212,212
uflp_orlib,cap71,0,0,penalty,mga,16,160000,932615.75,True,15,932615.75,176,176
uflp_orlib,cap71,0,0,penalty,mga,16,160000,932615.75,True,16,932615.75,195,195
uflp_orlib,cap71,0,0,penalty,mga,16,160000,932615.75,True,17,932615.75,241,241
uflp_orlib,cap71,0,0,penalty,mga,16,160000,932615.75,True,18,932615.75,169,169
uflp_orlib,cap71,0,0,penalty,mga,16,160000,932615.75,True,19,932615.75,226,226
uflp_orlib,cap71,0,0,penalty,mga,16,160000,932615.75,True,20,932615.75,195,195
uflp_orlib,cap71,0,0,penalty,mga,16,160000,932615.75,True,21,932615.75,207,207
uflp_orlib,cap71,0,0,penalty,mga,16,160000,932615.75,True,22,932615.75,176,176
uflp_orlib,cap71,0,0,penalty,mga,16,160000,932615.75,True,23,932615.75,153,153
uflp_orlib,cap71,0,0,penalty,mga,16,160000,932615.75,True,24,932615.75,164,164
uflp_orlib,cap71,0,0,penalty,mga,16,160000,932615.75,True,25,932615.75,228,228
uflp_orlib,cap71,0,0,penalty,mga,16,160000,932615.75,True,26,932615.75,242,242
uflp_orlib,cap71,0,0,penalty,mga,16,160000,932615.75,True,27,932615.75,178,178
uflp_orlib,cap71,0,0,penalty,mga,16,160000,932615.75,True,28,932615.75,194,194
uflp_orlib,cap71,0,0,penalty,mga,16,160000,932615.75,True,29,932615.75,168,168
uflp_orlib,cap71,0,0,penalty,mga,16,160000,932615.75,True,30,932615.75,184,184
uflp_orlib,cap72,0,0,penalty,mbde,16,160000,977799.4,True,0,977799.4,224,224
uflp_orlib,cap72,0,0,penalty,mbde,16,160000,977799.4,True,1,977799.4,230,230
uflp_orlib,cap72,0,0,penalty,mbde,16,160000,977799.4,True,2,977799.4,228,228
uflp_orlib,cap72,0,0,penalty,mbde,16,160000,977799.4,True,3,977799.4,169,169
uflp_orlib,cap72,0,0,penalty,mbde,16,160000,977799.4,True,4,977799.4,234,234
uflp_orlib,cap72,0,0,penalty,mbde,16,160000,977799.4,True,5,977799.4,229,229
uflp_orlib,cap72,0,0,penalty,mbde,16,160000,977799.4,True,6,977799.4,226,226
uflp_orlib,cap72,0,0,penalty,mbde,16,160000,977799.4,True,7,977799.4,194,194
uflp_orlib,cap72,0,0,penalty,mbde,16,160000,977799.4,True,8,977799.4,179,179
uflp_orlib,cap72,0,0,penalty,mbde,16,160000,977799.4,True,9,977799.4,169,169
uflp_orlib,cap72,0,0,penalty,mbde,16,160000,977799.4,True,10,977799.4,230,230
uflp_orlib,cap72,0,0,penalty,mbde,16,160000,977799.4,True,11,977799.4,149,149
uflp_orlib,cap72,0,0,penalty,mbde,16,160000,977799.4,True,12,977799.4,238,238
uflp_orlib,cap72,0,0,penalty,mbde,16,160000,977799.4,True,13,977799.4,263,263
uflp_orlib,cap72,0,0,penalty,mbde,16,160000,977799.4,True,14,977799.4,251,251
uflp_orlib,cap72,0,0,penalty,mbde,16,160000,977799.4,True,15,977799.4,180,180
uflp_orlib,cap72,0,0,penalty,mbde,16,160000,977799.4,True,16,977799.4,155,155
uflp_orlib,cap72,0,0,penalty,mbde,16,160000,977799.4,True,17,977799.4,255,255
uflp_orlib,cap72,0,0,penalty,mbde,16,160000,977799.4,True,18,977799.4,266,266
uflp_orlib,cap72,0,0,penalty,mbde,16,160000,977799.4,True,19,977799.4,237,237
uflp_orlib,cap72,0,0,penalty,mbde,16,160000,977799.4,True,20,977799.4,224,224
uflp_orlib,cap72,0,0,penalty,mbde,16,160000,977799.4,True,21,977799.4,142,142
uflp_orlib,cap72,0,0,penalty,mbde,16,160000,977799.4,True,22,977799.4,223,223
uflp_orlib,cap72,0,0,penalty,mbde,16,160000,977799.4,True,23,977799.4,168,168
uflp_orlib,cap72,0,0,penalty,mbde,16,160000,977799.4,True,24,977799.4,188,188
uflp_orlib,cap72,0,0,penalty,mbde,16,160000,977799.4,True,25,977799.4,253,253
uflp_orlib,cap72,0,0,penalty,mbde,16,160000,977799.4,True,26,977799.4,165,165
uflp_orlib,cap72,0,0,penalty,mbde,16,160000,977799.4,True,27,977799.4,228,228
uflp_orlib,cap72,0,0,penalty,mbde,16,160000,977799.4,True,28,977799.4,251,251
uflp_orlib,cap72,0,0,penalty,mbde,16,160000,977799.4,True,29,977799.4,163,163
uflp_orlib,cap72,0,0,penalty,mbde,16,160000,977799.4,True,30,977799.4,169,169
uflp_orlib,cap72,0,0,penalty,mbpso,16,160000,977799.4,True,0,977799.4,239,239
uflp_orlib,cap72,0,0,penalty,mbpso,16,160000,977799.4,True,1,977799.4,234,234
uflp_orlib,cap72,0,0,penalty,mbpso,16,160000,977799.4,True,2,977799.4,227,227
uflp_orlib,cap72,0,0,penalty,mbpso,16,160000,977799.4,True,3,977799.4,185,185
uflp_orlib,cap72,0,0,penalty,mbpso,16,160000,977799.4,True,4,977799.4,186,186
uflp_orlib,cap72,0,0,penalty,mbpso,16,160000,977799.4,True,5,977799.4,241,241
uflp_orlib,cap72,0,0,penalty,mbpso,16,160000,977799.4,True,6,977799.4,240,240
uflp_orlib,cap72,0,0,penalty,mbpso,16,160000,977799.4,True,7,977799.4,166,166
uflp_orlib,cap72,0,0,penalty,mbpso,16,160000,977799.4,True,8,977799.4,243,243
uflp_orlib,cap72,0,0,penalty,mbpso,16,160000,977799.4,True,9,977799.4,191,191
uflp_orlib,cap72,0,0,penalty,mbpso,16,160000,977799.4,True,10,977799.4,237,237
uflp_orlib,cap72,0,0,penalty,mbpso,16,160000,977799.4,True,11,977799.4,174,174
uflp_orlib,cap72,0,0,penalty,mbpso,16,160000,977799.4,True,12,977799.4,232,232
uflp_orlib,cap72,0,0,penalty,mbpso,16,160000,977799.4,True,13,977799.4,248,248
uflp_orlib,cap72,0,0,penalty,mbpso,16,160000,977799.4,True,14,977799.4,220,220
uflp_orlib,cap72,0,0,penalty,mbpso,16,160000,977799.4,True,15,977799.4,228,228
uflp_orlib,cap72,0,0,penalty,mbpso,16,160000,977799.4,True,16,977799.4,222,222
uflp_orlib,cap72,0,0,penalty,mbpso,16,160000,977799.4,True,17,977799.4,176,176
uflp_orlib,cap72,0,0,penalty,mbpso,16,160000,977799.4,True,18,977799.4,192,192
uflp_orlib,cap72,0,0,penalty,mbpso,16,160000,977799.4,True,19,977799.4,148,148
uflp_orlib,cap72,0,0,penalty,mbpso,16,160000,977799.4,True,20,977799.4,236,236
uflp_orlib,cap72,0,0,penalty,mbpso,16,160000,977799.4,True,21,977799.4,228,228
uflp_orlib,cap72,0,0,penalty,mbpso,16,160000,977799.4,True,22,977799.4,262,262
uflp_orlib,cap72,0,0,penalty,mbpso,16,160000,977799.4,True,23,977799.4,235,235
uflp_orlib,cap72,0,0,penalty,mbpso,16,160000,977799.4,True,24,977799.4,246,246
uflp_orlib,cap72,0,0,penalty,mbpso,16,160000,977799.4,True,25,977799.4,212,212
uflp_orlib,cap72,0,0,penalty,mbpso,16,160000,977799.4,True,26,977799.4,169,169
uflp_orlib,cap72,0,0,penalty,mbpso,16,160000,977799.4,True,27,977799.4,168,168
uflp_orlib,cap72,0,0,penalty,mbpso,16,160000,977799.4,True,28,977799.4,239,239
uflp_orlib,cap72,0,0,penalty,mbpso,16,160000,977799.4,True,29,977799.4,212,212
uflp_orlib,cap72,0,0,penalty,mbpso,16,160000,977799.4,True,30,977799.4,225,225
uflp_orlib,cap71,0,0,penalty,mbde,16,160000,932615.75,True,0,932615.75,188,188
uflp_orlib,cap71,0,0,penalty,mbde,16,160000,932615.75,True,1,932615.75,189,189
uflp_orlib,cap71,0,0,penalty,mbde,16,160000,932615.75,True,2,932615.75,215,215
uflp_orlib,cap71,0,0,penalty,mbde,16,160000,932615.75,True,3,932615.75,162,162
uflp_orlib,cap71,0,0,penalty,mbde,16,160000,932615.75,True,4,932615.75,242,242
uflp_orlib,cap71,0,0,penalty,mbde,16,160000,932615.75,True,5,932615.75,173,173
uflp_orlib,cap71,0,0,penalty,mbde,16,160000,932615.75,True,6,932615.75,171,171
uflp_orlib,cap71,0,0,penalty,mbde,16,160000,932615.75,True,7,932615.75,253,253
uflp_orlib,cap71,0,0,penalty,mbde,16,160000,932615.75,True,8,932615.75,238,238
uflp_orlib,cap71,0,0,penalty,mbde,16,160000,932615.75,True,9,932615.75,225,225
uflp_orlib,cap71,0,0,penalty,mbde,16,160000,932615.75,True,10,932615.75,222,222
uflp_orlib,cap71,0,0,penalty,mbde,16,160000,932615.75,True,11,932615.75,162,162
uflp_orlib,cap71,0,0,penalty,mbde,16,160000,932615.75,True,12,932615.75,227,227
uflp_orlib,cap71,0,0,penalty,mbde,16,160000,932615.75,True,13,932615.75,236,236
uflp_orlib,cap71,0,0,penalty,mbde,16,160000,932615.75,True,14,932615.75,172,172
uflp_orlib,cap71,0,0,penalty,mbde,16,160000,932615.75,True,15,932615.75,175,175
uflp_orlib,cap71,0,0,penalty,mbde,16,160000,932615.75,True,16,932615.75,184,184
uflp_orlib,cap71,0,0,penalty,mbde,16,160000,932615.75,True,17,932615.75,229,229
uflp_orlib,cap71,0,0,penalty,mbde,16,160000,932615.75,True,18,932615.75,169,169
uflp_orlib,cap71,0,0,penalty,mbde,16,160000,932615.75,True,19,932615.75,177,177
uflp_orlib,cap71,0,0,penalty,mbde,16,160000,932615.75,True,20,932615.75,181,181
uflp_orlib,cap71,0,0,penalty,mbde,16,160000,932615.75,True,21,932615.75,207,207
uflp_orlib,cap71,0,0,penalty,mbde,16,160000,932615.75,True,22,932615.75,160,160
uflp_orlib,cap71,0,0,penalty,mbde,16,160000,932615.75,True,23,932615.75,161,161
uflp_orlib,cap71,0,0,penalty,mbde,16,160000,932615.75,True,24,932615.75,181,181
uflp_orlib,cap71,0,0,penalty,mbde,16,160000,932615.75,True,25,932615.75,228,228
uflp_orlib,cap71,0,0,penalty,mbde,16,160000,932615.75,True,26,932615.75,243,243
uflp_orlib,cap71,0,0,penalty,mbde,16,160000,932615.75,True,27,932615.75,161,161
uflp_orlib,cap71,0,0,penalty,mbde,16,160000,932615.75,True,28,932615.75,227,227
uflp_orlib,cap71,0,0,penalty,mbde,16,160000,932615.75,True,29,932615.75,242,242
uflp_orlib,cap71,0,0,penalty,mbde,16,160000,932615.75,True,30,932615.75,223,223
uflp_orlib,cap71,0,0,penalty,mbpso,16,160000,932615.75,True,0,932615.75,154,154
uflp_orlib,cap71,0,0,penalty,mbpso,16,160000,932615.75,True,1,932615.75,216,216
uflp_orlib,cap71,0,0,penalty,mbpso,16,160000,932615.75,True,2,932615.75,200,200
uflp_orlib,cap71,0,0,penalty,mbpso,16,160000,932615.75,True,3,932615.75,182,182
uflp_orlib,cap71,0,0,penalty,mbpso,16,160000,932615.75,True,4,932615.75,197,197
uflp_orlib,cap71,0,0,penalty,mbpso,16,160000,932615.75,True,5,932615.75,194,194
uflp_orlib,cap71,0,0,penalty,mbpso,16,160000,932615.75,True,6,932615.75,183,183
uflp_orlib,cap71,0,0,penalty,mbpso,16,160000,932615.75,True,7,932615.75,197,197
uflp_orlib,cap71,0,0,penalty,mbpso,16,160000,932615.75,True,8,932615.75,194,194
uflp_orlib,cap71,0,0,penalty,mbpso,16,160000,932615.75,True,9,932615.75,200,200
uflp_orlib,cap71,0,0,penalty,mbpso,16,160000,932615.75,True,10,932615.75,220,220
uflp_orlib,cap71,0,0,penalty,mbpso,16,160000,932615.75,True,11,932615.75,161,161
uflp_orlib,cap71,0,0,penalty,mbpso,16,160000,932615.75,True,12,932615.75,214,214
uflp_orlib,cap71,0,0,penalty,mbpso,16,160000,932615.75,True,13,932615.75,190,190
uflp_orlib,cap71,0,0,penalty,mbpso,16,160000,932615.75,True,14,932615.75,202,202
uflp_orlib,cap71,0,0,penalty,mbpso,16,160000,932615.75,True,15,932615.75,222,222
uflp_orlib,cap71,0,0,penalty,mbpso,16,160000,932615.75,True,16,932615.75,204,204
uflp_orlib,cap71,0,0,penalty,mbpso,16,160000,932615.75,True,17,932615.75,171,171
uflp_orlib,cap71,0,0,penalty,mbpso,16,160000,932615.75,True,18,932615.75,241,241
uflp_orlib,cap71,0,0,penalty,mbpso,16,160000,932615.75,True,19,932615.75,161,161
uflp_orlib,cap71,0,0,penalty,mbpso,16,160000,932615.75,True,20,932615.75,199,199
uflp_orlib,cap71,0,0,penalty,mbpso,16,160000,932615.75,True,21,932615.75,196,196
uflp_orlib,cap71,0,0,penalty,mbpso,16,160000,932615.75,True,22,932615.75,213,213
uflp_orlib,cap71,0,0,penalty,mbpso,16,160000,932615.75,True,23,932615.75,167,167
uflp_orlib,cap71,0,0,penalty,mbpso,16,160000,932615.75,True,24,932615.75,209,209
uflp_orlib,cap71,0,0,penalty,mbpso,16,160000,932615.75,True,25,932615.75,245,245
uflp_orlib,cap71,0,0,penalty,mbpso,16,160000,932615.75,True,26,932615.75,178,178
uflp_orlib,cap71,0,0,penalty,mbpso,16,160000,932615.75,True,27,932615.75,226,226
uflp_orlib,cap71,0,0,penalty,mbpso,16,160000,932615.75,True,28,932615.75,240,240
uflp_orlib,cap71,0,0,penalty,mbpso,16,160000,932615.75,True,29,932615.75,229,229
uflp_orlib,cap71,0,0,penalty,mbpso,16,160000,932615.75,True,30,932615.75,230,230
uflp_orlib,cap72,0,0,penalty,floor,16,160000,977799.4,True,0,977799.4,305,305
uflp_orlib,cap72,0,0,penalty,floor,16,160000,977799.4,True,1,977799.4,238,238
uflp_orlib,cap72,0,0,penalty,floor,16,160000,977799.4,True,2,977799.4,321,321
uflp_orlib,cap72,0,0,penalty,floor,16,160000,977799.4,True,3,977799.4,239,239
uflp_orlib,cap72,0,0,penalty,floor,16,160000,977799.4,True,4,977799.4,477,477
uflp_orlib,cap72,0,0,penalty,floor,16,160000,977799.4,True,5,977799.4,474,474
uflp_orlib,cap72,0,0,penalty,floor,16,160000,977799.4,True,6,977799.4,321,321
uflp_orlib,cap72,0,0,penalty,floor,16,160000,977799.4,True,7,977799.4,386,386
uflp_orlib,cap72,0,0,penalty,floor,16,160000,977799.4,True,8,977799.4,398,398
uflp_orlib,cap72,0,0,penalty,floor,16,160000,977799.4,True,9,977799.4,317,317
uflp_orlib,cap72,0,0,penalty,floor,16,160000,977799.4,True,10,977799.4,241,241
uflp_orlib,cap72,0,0,penalty,floor,16,160000,977799.4,True,11,977799.4,400,400
uflp_orlib,cap72,0,0,penalty,floor,16,160000,977799.4,True,12,977799.4,381,381
uflp_orlib,cap72,0,0,penalty,floor,16,160000,977799.4,True,13,977799.4,454,454
uflp_orlib,cap72,0,0,penalty,floor,16,160000,977799.4,True,14,977799.4,366,366
uflp_orlib,cap72,0,0,penalty,floor,16,160000,977799.4,True,15,977799.4,622,622
uflp_orlib,cap72,0,0,penalty,floor,16,160000,977799.4,True,16,977799.4,432,432
uflp_orlib,cap72,0,0,penalty,floor,16,160000,977799.4,True,17,977799.4,229,229
uflp_orlib,cap72,0,0,penalty,floor,16,160000,977799.4,True,18,977799.4,238,238
uflp_orlib,cap72,0,0,penalty,floor,16,160000,977799.4,True,19,977799.4,387,387
uflp_orlib,cap72,0,0,penalty,floor,16,160000,977799.4,True,20,977799.4,321,321
uflp_orlib,cap72,0,0,penalty,floor,16,160000,977799.4,True,21,977799.4,318,318
uflp_orlib,cap72,0,0,penalty,floor,16,160000,977799.4,True,22,977799.4,599,599
uflp_orlib,cap72,0,0,penalty,floor,16,160000,977799.4,True,23,977799.4,321,321
uflp_orlib,cap72,0,0,penalty,floor,16,160000,977799.4,True,24,977799.4,607,607
uflp_orlib,cap72,0,0,penalty,floor,16,160000,977799.4,True,25,977799.4,481,481
uflp_orlib,cap72,0,0,penalty,floor,16,160000,977799.4,True,26,977799.4,514,514
uflp_orlib,cap72,0,0,penalty,floor,16,160000,977799.4,True,27,977799.4,238,238
uflp_orlib,cap72,0,0,penalty,floor,16,160000,977799.4,True,28,977799.4,426,426
uflp_orlib,cap72,0,0,penalty,floor,16,160000,977799.4,True,29,977799.4,238,238
uflp_orlib,cap72,0,0,penalty,floor,16,160000,977799.4,True,30,977799.4,388,388
uflp_orlib,cap74,0,0,penalty,ga,16,160000,1034976.975,True,0,1034976.9750000001,360,360
uflp_orlib,cap74,0,0,penalty,ga,16,160000,1034976.975,True,1,1034976.9750000001,240,240
uflp_orlib,cap74,0,0,penalty,ga,16,160000,1034976.975,True,2,1034976.9750000001,420,420
uflp_orlib,cap74,0,0,penalty,ga,16,160000,1034976.975,True,3,1034976.9750000001,300,300
uflp_orlib,cap74,0,0,penalty,ga,16,160000,1034976.975,True,4,1034976.9750000001,240,240
uflp_orlib,cap74,0,0,penalty,ga,16,160000,1034976.975,True,5,1034976.9750000001,540,540
uflp_orlib,cap74,0,0,penalty,ga,16,160000,1034976.975,True,6,1034976.9750000001,270,270
uflp_orlib,cap74,0,0,penalty,ga,16,160000,1034976.975,True,7,1034976.9750000001,240,240
uflp_orlib,cap74,0,0,penalty,ga,16,160000,1034976.975,True,8,1034976.9750000001,210,210
uflp_orlib,cap74,0,0,penalty,ga,16,160000,1034976.975,True,9,1034976.9750000001,150,150
uflp_orlib,cap74,0,0,penalty,ga,16,160000,1034976.975,True,10,1034976.9750000001,390,390
uflp_orlib,cap74,0,0,penalty,ga,16,160000,1034976.975,True,11,1034976.9750000001,330,330
uflp_orlib,cap74,0,0,penalty,ga,16,160000,1034976.975,True,12,1034976.9750000001,240,240
uflp_orlib,cap74,0,0,penalty,ga,16,160000,1034976.975,True,13,1034976.9750000001,210,210
uflp_orlib,cap74,0,0,penalty,ga,16,160000,1034976.975,True,14,1034976.9750000001,270,270
uflp_orlib,cap74,0,0,penalty,ga,16,160000,1034976.975,True,15,1034976.9750000001,510,510
uflp_orlib,cap74,0,0,penalty,ga,16,160000,1034976.975,True,16,1034976.9750000001,840,840
uflp_orlib,cap74,0,0,penalty,ga,16,160000,1034976.975,True,17,1034976.9750000001,330,330
uflp_orlib,cap74,0,0,penalty,ga,16,160000,1034976.975,True,18,1034976.9750000001,1710,1710
uflp_orlib,cap74,0,0,penalty,ga,16,160000,1034976.975,True,19,1034976.9750000001,330,330
uflp_orlib,cap74,0,0,penalty,ga,16,160000,1034976.975,True,20,1034976.9750000001,270,270
uflp_orlib,cap74,0,0,penalty,ga,16,160000,1034976.975,True,21,1034976.9750000001,450,450
uflp_orlib,cap74,0,0,penalty,ga,16,160000,1034976.975,True,22,1034976.9750000001,390,390
uflp_orlib,cap74,0,0,penalty,ga,16,160000,1034976.975,True,23,1034976.9750000001,390,390
uflp_orlib,cap74,0,0,penalty,ga,16,160000,1034976.975,True,24,1034976.9750000001,270,270
uflp_orlib,cap74,0,0,penalty,ga,16,160000,1034976.975,True,25,1034976.9750000001,240,240
uflp_orlib,cap74,0,0,penalty,ga,16,160000,1034976.975,True,26,1034976.9750000001,420,420
uflp_orlib,cap74,0,0,penalty,ga,16,160000,1034976.975,True,27,1034976.9750000001,360,360
uflp_orlib,cap74,0,0,penalty,ga,16,160000,1034976.975,True,28,1034976.9750000001,240,240
uflp_orlib,cap74,0,0,penalty,ga,16,160000,1034976.975,True,29,1034976.9750000001,420,420
uflp_orlib,cap74,0,0,penalty,ga,16,160000,1034976.975,True,30,1034976.9750000001,180,180
uflp_orlib,cap71,0,0,penalty,floor,16,160000,932615.75,True,0,932615.75,224,224
uflp_orlib,cap71,0,0,penalty,floor,16,160000,932615.75,True,1,932615.75,393,393
uflp_orlib,cap71,0,0,penalty,floor,16,160000,932615.75,True,2,932615.75,435,435
uflp_orlib,cap71,0,0,penalty,floor,16,160000,932615.75,True,3,932615.75,315,315
uflp_orlib,cap71,0,0,penalty,floor,16,160000,932615.75,True,4,932615.75,607,607
uflp_orlib,cap71,0,0,penalty,floor,16,160000,932615.75,True,5,932615.75,462,462
uflp_orlib,cap71,0,0,penalty,floor,16,160000,932615.75,True,6,932615.75,307,307
uflp_orlib,cap71,0,0,penalty,floor,16,160000,932615.75,True,7,932615.75,462,462
uflp_orlib,cap71,0,0,penalty,floor,16,160000,932615.75,True,8,932615.75,546,546
uflp_orlib,cap71,0,0,penalty,floor,16,160000,932615.75,True,9,932615.75,393,393
uflp_orlib,cap71,0,0,penalty,floor,16,160000,932615.75,True,10,932615.75,312,312
uflp_orlib,cap71,0,0,penalty,floor,16,160000,932615.75,True,11,932615.75,471,471
uflp_orlib,cap71,0,0,penalty,floor,16,160000,932615.75,True,12,932615.75,381,381
uflp_orlib,cap71,0,0,penalty,floor,16,160000,932615.75,True,13,932615.75,541,541
uflp_orlib,cap71,0,0,penalty,floor,16,160000,932615.75,True,14,932615.75,285,285
uflp_orlib,cap71,0,0,penalty,floor,16,160000,932615.75,True,15,932615.75,609,609
uflp_orlib,cap71,0,0,penalty,floor,16,160000,932615.75,True,16,932615.75,356,356
uflp_orlib,cap71,0,0,penalty,floor,16,160000,932615.75,True,17,932615.75,224,224
uflp_orlib,cap71,0,0,penalty,floor,16,160000,932615.75,True,18,932615.75,311,311
uflp_orlib,cap71,0,0,penalty,floor,16,160000,932615.75,True,19,932615.75,416,416
uflp_orlib,cap71,0,0,penalty,floor,16,160000,932615.75,True,20,932615.75,435,435
uflp_orlib,cap71,0,0,penalty,floor,16,160000,932615.75,True,21,932615.75,394,394
uflp_orlib,cap71,0,0,penalty,floor,16,160000,932615.75,True,22,932615.75,609,609
uflp_orlib,cap71,0,0,penalty,floor,16,160000,932615.75,True,23,932615.75,476,476
uflp_orlib,cap71,0,0,penalty,floor,16,160000,932615.75,True,24,932615.75,533,533
uflp_orlib,cap71,0,0,penalty,floor,16,160000,932615.75,True,25,932615.75,556,556
uflp_orlib,cap71,0,0,penalty,floor,16,160000,932615.75,True,26,932615.75,526,526
uflp_orlib,cap71,0,0,penalty,floor,16,160000,932615.75,True,27,932615.75,314,314
uflp_orlib,cap71,0,0,penalty,floor,16,160000,932615.75,True,28,932615.75,581,581
uflp_orlib,cap71,0,0,penalty,floor,16,160000,932615.75,True,29,932615.75,377,377
uflp_orlib,cap71,0,0,penalty,floor,16,160000,932615.75,True,30,932615.75,543,543
uflp_orlib,cap74,0,0,penalty,floor,16,160000,1034976.975,True,0,1034976.9750000001,754,754
uflp_orlib,cap74,0,0,penalty,floor,16,160000,1034976.975,True,1,1034976.9750000001,450,450
uflp_orlib,cap74,0,0,penalty,floor,16,160000,1034976.975,True,2,1034976.9750000001,451,451
uflp_orlib,cap74,0,0,penalty,floor,16,160000,1034976.975,True,3,1034976.9750000001,291,291
uflp_orlib,cap74,0,0,penalty,floor,16,160000,1034976.975,True,4,1034976.9750000001,449,449
uflp_orlib,cap74,0,0,penalty,floor,16,160000,1034976.975,True,5,1034976.9750000001,376,376
uflp_orlib,cap74,0,0,penalty,floor,16,160000,1034976.975,True,6,1034976.9750000001,451,451
uflp_orlib,cap74,0,0,penalty,floor,16,160000,1034976.975,True,7,1034976.9750000001,143,143
uflp_orlib,cap74,0,0,penalty,floor,16,160000,1034976.975,True,8,1034976.9750000001,370,370
uflp_orlib,cap74,0,0,penalty,floor,16,160000,1034976.975,True,9,1034976.9750000001,608,608
uflp_orlib,cap74,0,0,penalty,floor,16,160000,1034976.975,True,10,1034976.9750000001,451,451
uflp_orlib,cap74,0,0,penalty,floor,16,160000,1034976.975,True,11,1034976.9750000001,611,611
uflp_orlib,cap74,0,0,penalty,floor,16,160000,1034976.975,True,12,1034976.9750000001,678,678
uflp_orlib,cap74,0,0,penalty,floor,16,160000,1034976.975,True,13,1034976.9750000001,214,214
uflp_orlib,cap74,0,0,penalty,floor,16,160000,1034976.975,True,14,1034976.9750000001,597,597
uflp_orlib,cap74,0,0,penalty,floor,16,160000,1034976.975,True,15,1034976.9750000001,300,300
uflp_orlib,cap74,0,0,penalty,floor,16,160000,1034976.975,True,16,1034976.9750000001,739,739
uflp_orlib,cap74,0,0,penalty,floor,16,160000,1034976.975,True,17,1034976.9750000001,462,462
uflp_orlib,cap74,0,0,penalty,floor,16,160000,1034976.975,True,18,1034976.9750000001,450,450
uflp_orlib,cap74,0,0,penalty,floor,16,160000,1034976.975,True,19,1034976.9750000001,602,602
uflp_orlib,cap74,0,0,penalty,floor,16,160000,1034976.975,True,20,1034976.9750000001,531,531
uflp_orlib,cap74,0,0,penalty,floor,16,160000,1034976.975,True,21,1034976.9750000001,370,370
uflp_orlib,cap74,0,0,penalty,floor,16,160000,1034976.975,True,22,1034976.9750000001,356,356
uflp_orlib,cap74,0,0,penalty,floor,16,160000,1034976.975,True,23,1034976.9750000001,531,531
uflp_orlib,cap74,0,0,penalty,floor,16,160000,1034976.975,True,24,1034976.9750000001,214,214
uflp_orlib,cap74,0,0,penalty,floor,16,160000,1034976.975,True,25,1034976.9750000001,611,611
uflp_orlib,cap74,0,0,penalty,floor,16,160000,1034976.975,True,26,1034976.9750000001,129,129
uflp_orlib,cap74,0,0,penalty,floor,16,160000,1034976.975,True,27,1034976.9750000001,529,529
uflp_orlib,cap74,0,0,penalty,floor,16,160000,1034976.975,True,28,1034976.9750000001,166,166
uflp_orlib,cap74,0,0,penalty,floor,16,160000,1034976.975,True,29,1034976.9750000001,450,450
uflp_orlib,cap74,0,0,penalty,floor,16,160000,1034976.975,True,30,1034976.9750000001,440,440
uflp_orlib,cap73,0,0,penalty,floor,16,160000,1010641.45,True,0,1010641.45,619,619
uflp_orlib,cap73,0,0,penalty,floor,16,160000,1010641.45,True,1,1010641.45,315,315
uflp_orlib,cap73,0,0,penalty,floor,16,160000,1010641.45,True,2,1010641.45,395,395
uflp_orlib,cap73,0,0,penalty,floor,16,160000,1010641.45,True,3,1010641.45,156,156
uflp_orlib,cap73,0,0,penalty,floor,16,160000,1010641.45,True,4,1010641.45,472,472
uflp_orlib,cap73,0,0,penalty,floor,16,160000,1010641.45,True,5,1010641.45,718,718
uflp_orlib,cap73,0,0,penalty,floor,16,160000,1010641.45,True,6,1010641.45,316,316
uflp_orlib,cap73,0,0,penalty,floor,16,160000,1010641.45,True,7,1010641.45,143,143
uflp_orlib,cap73,0,0,penalty,floor,16,160000,1010641.45,True,8,1010641.45,311,311
uflp_orlib,cap73,0,0,penalty,floor,16,160000,1010641.45,True,9,1010641.45,473,473
uflp_orlib,cap73,0,0,penalty,floor,16,160000,1010641.45,True,10,1010641.45,316,316
uflp_orlib,cap73,0,0,penalty,floor,16,160000,1010641.45,True,11,1010641.45,556,556
uflp_orlib,cap73,0,0,penalty,floor,16,160000,1010641.45,True,12,1010641.45,543,543
uflp_orlib,cap73,0,0,penalty,floor,16,160000,1010641.45,True,13,1010641.45,740,740
uflp_orlib,cap73,0,0,penalty,floor,16,160000,1010641.45,True,14,1010641.45,462,462
uflp_orlib,cap73,0,0,penalty,floor,16,160000,1010641.45,True,15,1010641.45,976,976
uflp_orlib,cap73,0,0,penalty,floor,16,160000,1010641.45,True,16,1010641.45,675,675
uflp_orlib,cap73,0,0,penalty,floor,16,160000,1010641.45,True,17,1010641.45,832,832
uflp_orlib,cap73,0,0,penalty,floor,16,160000,1010641.45,True,18,1010641.45,315,315
uflp_orlib,cap73,0,0,penalty,floor,16,160000,1010641.45,True,19,1010641.45,546,546
uflp_orlib,cap73,0,0,penalty,floor,16,160000,1010641.45,True,20,1010641.45,396,396
uflp_orlib,cap73,0,0,penalty,floor,16,160000,1010641.45,True,21,1010641.45,314,314
uflp_orlib,cap73,0,0,penalty,floor,16,160000,1010641.45,True,22,1010641.45,966,966
uflp_orlib,cap73,0,0,penalty,floor,16,160000,1010641.45,True,23,1010641.45,476,476
uflp_orlib,cap73,0,0,penalty,floor,16,160000,1010641.45,True,24,1010641.45,745,745
uflp_orlib,cap73,0,0,penalty,floor,16,160000,1010641.45,True,25,1010641.45,556,556
uflp_orlib,cap73,0,0,penalty,floor,16,160000,1010641.45,True,26,1010641.45,666,666
uflp_orlib,cap73,0,0,penalty,floor,16,160000,1010641.45,True,27,1010641.45,394,394
uflp_orlib,cap73,0,0,penalty,floor,16,160000,1010641.45,True,28,1010641.45,184,184
uflp_orlib,cap73,0,0,penalty,floor,16,160000,1010641.45,True,29,1010641.45,394,394
uflp_orlib,cap73,0,0,penalty,floor,16,160000,1010641.45,True,30,1010641.45,381,381
uflp_orlib,cap72,0,0,penalty,ga,16,160000,977799.4,True,0,977799.4,330,330
uflp_orlib,cap72,0,0,penalty,ga,16,160000,977799.4,True,1,977799.4,240,240
uflp_orlib,cap72,0,0,penalty,ga,16,160000,977799.4,True,2,977799.4,270,270
uflp_orlib,cap72,0,0,penalty,ga,16,160000,977799.4,True,3,977799.4,240,240
uflp_orlib,cap72,0,0,penalty,ga,16,160000,977799.4,True,4,977799.4,180,180
uflp_orlib,cap72,0,0,penalty,ga,16,160000,977799.4,True,5,977799.4,330,330
uflp_orlib,cap72,0,0,penalty,ga,16,160000,977799.4,True,6,977799.4,390,390
uflp_orlib,cap72,0,0,penalty,ga,16,160000,977799.4,True,7,977799.4,450,450
uflp_orlib,cap72,0,0,penalty,ga,16,160000,977799.4,True,8,977799.4,210,210
uflp_orlib,cap72,0,0,penalty,ga,16,160000,977799.4,True,9,977799.4,330,330
uflp_orlib,cap72,0,0,penalty,ga,16,160000,977799.4,True,10,977799.4,390,390
uflp_orlib,cap72,0,0,penalty,ga,16,160000,977799.4,True,11,977799.4,360,360
uflp_orlib,cap72,0,0,penalty,ga,16,160000,977799.4,True,12,977799.4,1410,1410
uflp_orlib,cap72,0,0,penalty,ga,16,160000,977799.4,True,13,977799.4,990,990
uflp_orlib,cap72,0,0,penalty,ga,16,160000,977799.4,True,14,977799.4,480,480
uflp_orlib,cap72,0,0,penalty,ga,16,160000,977799.4,True,15,977799.4,300,300
uflp_orlib,cap72,0,0,penalty,ga,16,160000,977799.4,True,16,977799.4,240,240
uflp_orlib,cap72,0,0,penalty,ga,16,160000,977799.4,True,17,977799.4,660,660
uflp_orlib,cap72,0,0,penalty,ga,16,160000,977799.4,True,18,977799.4,420,420
uflp_orlib,cap72,0,0,penalty,ga,16,160000,977799.4,True,19,977799.4,360,360
uflp_orlib,cap72,0,0,penalty,ga,16,160000,977799.4,True,20,977799.4,300,300
uflp_orlib,cap72,0,0,penalty,ga,16,160000,977799.4,True,21,977799.4,330,330
uflp_orlib,cap72,0,0,penalty,ga,16,160000,977799.4,True,22,977799.4,480,480
uflp_orlib,cap72,0,0,penalty,ga,16,160000,977799.4,True,23,977799.4,630,630
uflp_orlib,cap72,0,0,penalty,ga,16,160000,977799.4,True,24,977799.4,330,330
uflp_orlib,cap72,0,0,penalty,ga,16,160000,977799.4,True,25,977799.4,270,270
uflp_orlib,cap72,0,0,penalty,ga,16,160000,977799.4,True,26,977799.4,210,210
uflp_orlib,cap72,0,0,penalty,ga,16,160000,977799.4,True,27,977799.4,360,360
uflp_orlib,cap72,0,0,penalty,ga,16,160000,977799.4,True,28,977799.4,270,270
uflp_orlib,cap72,0,0,penalty,ga,16,160000,977799.4,True,29,977799.4,360,360
uflp_orlib,cap72,0,0,penalty,ga,16,160000,977799.4,True,30,977799.4,420,420
uflp_orlib,cap73,0,0,penalty,mbpso,16,160000,1010641.45,True,0,1010641.45,291,291
uflp_orlib,cap73,0,0,penalty,mbpso,16,160000,1010641.45,True,1,1010641.45,298,298
uflp_orlib,cap73,0,0,penalty,mbpso,16,160000,1010641.45,True,2,1010641.45,2543,2543
uflp_orlib,cap73,0,0,penalty,mbpso,16,160000,1010641.45,True,3,1010641.45,156,156
uflp_orlib,cap73,0,0,penalty,mbpso,16,160000,1010641.45,True,4,1010641.45,191,191
uflp_orlib,cap73,0,0,penalty,mbpso,16,160000,1010641.45,True,5,1010641.45,691,691
uflp_orlib,cap73,0,0,penalty,mbpso,16,160000,1010641.45,True,6,1010641.45,276,276
uflp_orlib,cap73,0,0,penalty,mbpso,16,160000,1010641.45,True,7,1010641.45,325,325
uflp_orlib,cap73,0,0,penalty,mbpso,16,160000,1010641.45,True,8,1010641.45,360,360
uflp_orlib,cap73,0,0,penalty,mbpso,16,160000,1010641.45,True,9,1010641.45,311,311
uflp_orlib,cap73,0,0,penalty,mbpso,16,160000,1010641.45,True,10,1010641.45,3235,3235
uflp_orlib,cap73,0,0,penalty,mbpso,16,160000,1010641.45,True,11,1010641.45,173,173
uflp_orlib,cap73,0,0,penalty,mbpso,16,160000,1010641.45,True,12,1010641.45,222,222
uflp_orlib,cap73,0,0,penalty,mbpso,16,160000,1010641.45,True,13,1010641.45,233,233
uflp_orlib,cap73,0,0,penalty,mbpso,16,160000,1010641.45,True,14,1010641.45,301,301
uflp_orlib,cap73,0,0,penalty,mbpso,16,160000,1010641.45,True,15,1010641.45,210,210
uflp_orlib,cap73,0,0,penalty,mbpso,16,160000,1010641.45,True,16,1010641.45,209,209
uflp_orlib,cap73,0,0,penalty,mbpso,16,160000,1010641.45,True,17,1010641.45,394,394
uflp_orlib,cap73,0,0,penalty,mbpso,16,160000,1010641.45,True,18,1010641.45,273,273
uflp_orlib,cap73,0,0,penalty,mbpso,16,160000,1010641.45,True,19,1010641.45,135,135
uflp_orlib,cap73,0,0,penalty,mbpso,16,160000,1010641.45,True,20,1010641.45,202,202
uflp_orlib,cap73,0,0,penalty,mbpso,16,160000,1010641.45,True,21,1010641.45,278,278
uflp_orlib,cap73,0,0,penalty,mbpso,16,160000,1010641.45,True,22,1010641.45,2387,2387
uflp_orlib,cap73,0,0,penalty,mbpso,16,160000,1010641.45,True,23,1010641.45,558,558
uflp_orlib,cap73,0,0,penalty,mbpso,16,160000,1010641.45,True,24,1010641.45,218,218
uflp_orlib,cap73,0,0,penalty,mbpso,16,160000,1010641.45,True,25,1010641.45,191,191
uflp_orlib,cap73,0,0,penalty,mbpso,16,160000,1010641.45,True,26,1010641.45,166,166
uflp_orlib,cap73,0,0,penalty,mbpso,16,160000,1010641.45,True,27,1010641.45,275,275
uflp_orlib,cap73,0,0,penalty,mbpso,16,160000,1010641.45,True,28,1010641.45,281,281
uflp_orlib,cap73,0,0,penalty,mbpso,16,160000,1010641.45,True,29,1010641.45,217,217
uflp_orlib,cap73,0,0,penalty,mbpso,16,160000,1010641.45,True,30,1010641.45,322,322
uflp_orlib,cap71,0,0,penalty,ga,16,160000,932615.75,True,0,932615.75,150,150
uflp_orlib,cap71,0,0,penalty,ga,16,160000,932615.75,True,1,932615.75,300,300
uflp_orlib,cap71,0,0,penalty,ga,16,160000,932615.75,True,2,932615.75,360,360
uflp_orlib,cap71,0,0,penalty,ga,16,160000,932615.75,True,3,932615.75,240,240
uflp_orlib,cap71,0,0,penalty,ga,16,160000,932615.75,True,4,932615.75,330,330
uflp_orlib,cap71,0,0,penalty,ga,16,160000,932615.75,True,5,932615.75,540,540
uflp_orlib,cap71,0,0,penalty,ga,16,160000,932615.75,True,6,932615.75,480,480
uflp_orlib,cap71,0,0,penalty,ga,16,160000,932615.75,True,7,932615.75,270,270
uflp_orlib,cap71,0,0,penalty,ga,16,160000,932615.75,True,8,932615.75,360,360
uflp_orlib,cap71,0,0,penalty,ga,16,160000,932615.75,True,9,932615.75,210,210
uflp_orlib,cap71,0,0,penalty,ga,16,160000,932615.75,True,10,932615.75,240,240
uflp_orlib,cap71,0,0,penalty,ga,16,160000,932615.75,True,11,932615.75,360,360
uflp_orlib,cap71,0,0,penalty,ga,16,160000,932615.75,True,12,932615.75,1200,1200
uflp_orlib,cap71,0,0,penalty,ga,16,160000,932615.75,True,13,932615.75,750,750
uflp_orlib,cap71,0,0,penalty,ga,16,160000,932615.75,True,14,932615.75,240,240
uflp_orlib,cap71,0,0,penalty,ga,16,160000,932615.75,True,15,932615.75,270,270
uflp_orlib,cap71,0,0,penalty,ga,16,160000,932615.75,True,16,932615.75,90,90
uflp_orlib,cap71,0,0,penalty,ga,16,160000,932615.75,True,17,932615.75,150,150
uflp_orlib,cap71,0,0,penalty,ga,16,160000,932615.75,True,18,932615.75,510,510
uflp_orlib,cap71,0,0,penalty,ga,16,160000,932615.75,True,19,932615.75,450,450
uflp_orlib,cap71,0,0,penalty,ga,16,160000,932615.75,True,20,932615.75,330,330
uflp_orlib,cap71,0,0,penalty,ga,16,160000,932615.75,True,21,932615.75,420,420
uflp_orlib,cap71,0,0,penalty,ga,16,160000,932615.75,True,22,932615.75,660,660
uflp_orlib,cap71,0,0,penalty,ga,16,160000,932615.75,True,23,932615.75,240,240
uflp_orlib,cap71,0,0,penalty,ga,16,160000,932615.75,True,24,932615.75,390,390
uflp_orlib,cap71,0,0,penalty,ga,16,160000,932615.75,True,25,932615.75,240,240
uflp_orlib,cap71,0,0,penalty,ga,16,160000,932615.75,True,26,932615.75,390,390
uflp_orlib,cap71,0,0,penalty,ga,16,160000,932615.75,True,27,932615.75,690,690
uflp_orlib,cap71,0,0,penalty,ga,16,160000,932615.75,True,28,932615.75,510,510
uflp_orlib,cap71,0,0,penalty,ga,16,160000,932615.75,True,29,932615.75,270,270
uflp_orlib,cap71,0,0,penalty,ga,16,160000,932615.75,True,30,932615.75,540,540
uflp_orlib,cap73,0,0,penalty,ga,16,160000,1010641.45,True,0,1010641.45,270,270
uflp_orlib,cap73,0,0,penalty,ga,16,160000,1010641.45,True,1,1010641.45,330,330
uflp_orlib,cap73,0,0,penalty,ga,16,160000,1010641.45,True,2,1010641.45,540,540
uflp_orlib,cap73,0,0,penalty,ga,16,160000,1010641.45,True,3,1010641.45,180,180
uflp_orlib,cap73,0,0,penalty,ga,16,160000,1010641.45,True,4,1010641.45,300,300
uflp_orlib,cap73,0,0,penalty,ga,16,160000,1010641.45,True,5,1010641.45,300,300
uflp_orlib,cap73,0,0,penalty,ga,16,160000,1010641.45,True,6,1010641.45,510,510
uflp_orlib,cap73,0,0,penalty,ga,16,160000,1010641.45,True,7,1010641.45,150,150
uflp_orlib,cap73,0,0,penalty,ga,16,160000,1010641.45,True,8,1010641.45,450,450
uflp_orlib,cap73,0,0,penalty,ga,16,160000,1010641.45,True,9,1010641.45,300,300
uflp_orlib,cap73,0,0,penalty,ga,16,160000,1010641.45,True,10,1010641.45,450,450
uflp_orlib,cap73,0,0,penalty,ga,16,160000,1010641.45,True,11,1010641.45,300,300
uflp_orlib,cap73,0,0,penalty,ga,16,160000,1010641.45,True,12,1010641.45,300,300
uflp_orlib,cap73,0,0,penalty,ga,16,160000,1010641.45,True,13,1010641.45,360,360
uflp_orlib,cap73,0,0,penalty,ga,16,160000,1010641.45,True,14,1010641.45,420,420
uflp_orlib,cap73,0,0,penalty,ga,16,160000,1010641.45,True,15,1010641.45,2940,2940
uflp_orlib,cap73,0,0,penalty,ga,16,160000,1010641.45,True,16,1010641.45,390,390
uflp_orlib,cap73,0,0,penalty,ga,16,160000,1010641.45,True,17,1010641.45,180,180
uflp_orlib,cap73,0,0,penalty,ga,16,160000,1010641.45,True,18,1010641.45,180,180
uflp_orlib,cap73,0,0,penalty,ga,16,160000,1010641.45,True,19,1010641.45,750,750
uflp_orlib,cap73,0,0,penalty,ga,16,160000,1010641.45,True,20,1010641.45,240,240
uflp_orlib,cap73,0,0,penalty,ga,16,160000,1010641.45,True,21,1010641.45,420,420
uflp_orlib,cap73,0,0,penalty,ga,16,160000,1010641.45,True,22,1010641.45,390,390
uflp_orlib,cap73,0,0,penalty,ga,16,160000,1010641.45,True,23,1010641.45,300,300
uflp_orlib,cap73,0,0,penalty,ga,16,160000,1010641.45,True,24,1010641.45,750,750
uflp_orlib,cap73,0,0,penalty,ga,16,160000,1010641.45,True,25,1010641.45,300,300
uflp_orlib,cap73,0,0,penalty,ga,16,160000,1010641.45,True,26,1010641.45,420,420
uflp_orlib,cap73,0,0,penalty,ga,16,160000,1010641.45,True,27,1010641.45,570,570
uflp_orlib,cap73,0,0,penalty,ga,16,160000,1010641.45,True,28,1010641.45,5100,5100
uflp_orlib,cap73,0,0,penalty,ga,16,160000,1010641.45,True,29,1010641.45,330,330
uflp_orlib,cap73,0,0,penalty,ga,16,160000,1010641.45,True,30,1010641.45,360,360
uflp_orlib,cap102,0,0,penalty,ils,25,250000,854704.2,True,0,854704.2000000001,383,383
uflp_orlib,cap102,0,0,penalty,ils,25,250000,854704.2,True,1,854704.2000000001,349,349
uflp_orlib,cap102,0,0,penalty,ils,25,250000,854704.2,True,2,854704.2000000001,423,423
uflp_orlib,cap102,0,0,penalty,ils,25,250000,854704.2,True,3,854704.2000000001,577,577
uflp_orlib,cap102,0,0,penalty,ils,25,250000,854704.2,True,4,854704.2000000001,429,429
uflp_orlib,cap102,0,0,penalty,ils,25,250000,854704.2,True,5,854704.2000000001,505,505
uflp_orlib,cap102,0,0,penalty,ils,25,250000,854704.2,True,6,854704.2000000001,488,488
uflp_orlib,cap102,0,0,penalty,ils,25,250000,854704.2,True,7,854704.2000000001,672,672
uflp_orlib,cap102,0,0,penalty,ils,25,250000,854704.2,True,8,854704.2000000001,351,351
uflp_orlib,cap102,0,0,penalty,ils,25,250000,854704.2,True,9,854704.2000000001,609,609
uflp_orlib,cap102,0,0,penalty,ils,25,250000,854704.2,True,10,854704.2000000001,617,617
uflp_orlib,cap102,0,0,penalty,ils,25,250000,854704.2,True,11,854704.2000000001,606,606
uflp_orlib,cap102,0,0,penalty,ils,25,250000,854704.2,True,12,854704.2000000001,418,418
uflp_orlib,cap102,0,0,penalty,ils,25,250000,854704.2,True,13,854704.2000000001,404,404
uflp_orlib,cap102,0,0,penalty,ils,25,250000,854704.2,True,14,854704.2000000001,464,464
uflp_orlib,cap102,0,0,penalty,ils,25,250000,854704.2,True,15,854704.2000000001,553,553
uflp_orlib,cap102,0,0,penalty,ils,25,250000,854704.2,True,16,854704.2000000001,380,380
uflp_orlib,cap102,0,0,penalty,ils,25,250000,854704.2,True,17,854704.2000000001,587,587
uflp_orlib,cap102,0,0,penalty,ils,25,250000,854704.2,True,18,854704.2000000001,461,461
uflp_orlib,cap102,0,0,penalty,ils,25,250000,854704.2,True,19,854704.2000000001,316,316
uflp_orlib,cap102,0,0,penalty,ils,25,250000,854704.2,True,20,854704.2000000001,406,406
uflp_orlib,cap102,0,0,penalty,ils,25,250000,854704.2,True,21,854704.2000000001,386,386
uflp_orlib,cap102,0,0,penalty,ils,25,250000,854704.2,True,22,854704.2000000001,404,404
uflp_orlib,cap102,0,0,penalty,ils,25,250000,854704.2,True,23,854704.2000000001,363,363
uflp_orlib,cap102,0,0,penalty,ils,25,250000,854704.2,True,24,854704.2000000001,309,309
uflp_orlib,cap102,0,0,penalty,ils,25,250000,854704.2,True,25,854704.2000000001,349,349
uflp_orlib,cap102,0,0,penalty,ils,25,250000,854704.2,True,26,854704.2000000001,390,390
uflp_orlib,cap102,0,0,penalty,ils,25,250000,854704.2,True,27,854704.2000000001,290,290
uflp_orlib,cap102,0,0,penalty,ils,25,250000,854704.2,True,28,854704.2000000001,522,522
uflp_orlib,cap102,0,0,penalty,ils,25,250000,854704.2,True,29,854704.2000000001,503,503
uflp_orlib,cap102,0,0,penalty,ils,25,250000,854704.2,True,30,854704.2000000001,590,590
uflp_orlib,cap102,0,0,penalty,mga,25,250000,854704.2,True,0,854704.2000000001,557,557
uflp_orlib,cap102,0,0,penalty,mga,25,250000,854704.2,True,1,854704.2000000001,407,407
uflp_orlib,cap102,0,0,penalty,mga,25,250000,854704.2,True,2,854704.2000000001,475,475
uflp_orlib,cap102,0,0,penalty,mga,25,250000,854704.2,True,3,854704.2000000001,440,440
uflp_orlib,cap102,0,0,penalty,mga,25,250000,854704.2,True,4,854704.2000000001,586,586
uflp_orlib,cap102,0,0,penalty,mga,25,250000,854704.2,True,5,854704.2000000001,425,425
uflp_orlib,cap102,0,0,penalty,mga,25,250000,854704.2,True,6,854704.2000000001,417,417
uflp_orlib,cap102,0,0,penalty,mga,25,250000,854704.2,True,7,854704.2000000001,401,401
uflp_orlib,cap102,0,0,penalty,mga,25,250000,854704.2,True,8,854704.2000000001,418,418
uflp_orlib,cap102,0,0,penalty,mga,25,250000,854704.2,True,9,854704.2000000001,425,425
uflp_orlib,cap102,0,0,penalty,mga,25,250000,854704.2,True,10,854704.2000000001,352,352
uflp_orlib,cap102,0,0,penalty,mga,25,250000,854704.2,True,11,854704.2000000001,301,301
uflp_orlib,cap102,0,0,penalty,mga,25,250000,854704.2,True,12,854704.2000000001,384,384
uflp_orlib,cap102,0,0,penalty,mga,25,250000,854704.2,True,13,854704.2000000001,502,502
uflp_orlib,cap102,0,0,penalty,mga,25,250000,854704.2,True,14,854704.2000000001,480,480
uflp_orlib,cap102,0,0,penalty,mga,25,250000,854704.2,True,15,854704.2000000001,422,422
uflp_orlib,cap102,0,0,penalty,mga,25,250000,854704.2,True,16,854704.2000000001,313,313
uflp_orlib,cap102,0,0,penalty,mga,25,250000,854704.2,True,17,854704.2000000001,404,404
uflp_orlib,cap102,0,0,penalty,mga,25,250000,854704.2,True,18,854704.2000000001,456,456
uflp_orlib,cap102,0,0,penalty,mga,25,250000,854704.2,True,19,854704.2000000001,473,473
uflp_orlib,cap102,0,0,penalty,mga,25,250000,854704.2,True,20,854704.2000000001,565,565
uflp_orlib,cap102,0,0,penalty,mga,25,250000,854704.2,True,21,854704.2000000001,518,518
uflp_orlib,cap102,0,0,penalty,mga,25,250000,854704.2,True,22,854704.2000000001,394,394
uflp_orlib,cap102,0,0,penalty,mga,25,250000,854704.2,True,23,854704.2000000001,558,558
uflp_orlib,cap102,0,0,penalty,mga,25,250000,854704.2,True,24,854704.2000000001,497,497
uflp_orlib,cap102,0,0,penalty,mga,25,250000,854704.2,True,25,854704.2000000001,389,389
uflp_orlib,cap102,0,0,penalty,mga,25,250000,854704.2,True,26,854704.2000000001,425,425
uflp_orlib,cap102,0,0,penalty,mga,25,250000,854704.2,True,27,854704.2000000001,349,349
uflp_orlib,cap102,0,0,penalty,mga,25,250000,854704.2,True,28,854704.2000000001,548,548
uflp_orlib,cap102,0,0,penalty,mga,25,250000,854704.2,True,29,854704.2000000001,402,402
uflp_orlib,cap102,0,0,penalty,mga,25,250000,854704.2,True,30,854704.2000000001,406,406
uflp_orlib,cap102,0,0,penalty,mbpso,25,250000,854704.2,True,0,854704.2000000001,350,350
uflp_orlib,cap102,0,0,penalty,mbpso,25,250000,854704.2,True,1,854704.2000000001,475,475
uflp_orlib,cap102,0,0,penalty,mbpso,25,250000,854704.2,True,2,854704.2000000001,328,328
uflp_orlib,cap102,0,0,penalty,mbpso,25,250000,854704.2,True,3,854704.2000000001,547,547
uflp_orlib,cap102,0,0,penalty,mbpso,25,250000,854704.2,True,4,854704.2000000001,444,444
uflp_orlib,cap102,0,0,penalty,mbpso,25,250000,854704.2,True,5,854704.2000000001,305,305
uflp_orlib,cap102,0,0,penalty,mbpso,25,250000,854704.2,True,6,854704.2000000001,453,453
uflp_orlib,cap102,0,0,penalty,mbpso,25,250000,854704.2,True,7,854704.2000000001,549,549
uflp_orlib,cap102,0,0,penalty,mbpso,25,250000,854704.2,True,8,854704.2000000001,571,571
uflp_orlib,cap102,0,0,penalty,mbpso,25,250000,854704.2,True,9,854704.2000000001,584,584
uflp_orlib,cap102,0,0,penalty,mbpso,25,250000,854704.2,True,10,854704.2000000001,577,577
uflp_orlib,cap102,0,0,penalty,mbpso,25,250000,854704.2,True,11,854704.2000000001,529,529
uflp_orlib,cap102,0,0,penalty,mbpso,25,250000,854704.2,True,12,854704.2000000001,460,460
uflp_orlib,cap102,0,0,penalty,mbpso,25,250000,854704.2,True,13,854704.2000000001,317,317
uflp_orlib,cap102,0,0,penalty,mbpso,25,250000,854704.2,True,14,854704.2000000001,623,623
uflp_orlib,cap102,0,0,penalty,mbpso,25,250000,854704.2,True,15,854704.2000000001,343,343
uflp_orlib,cap102,0,0,penalty,mbpso,25,250000,854704.2,True,16,854704.2000000001,496,496
uflp_orlib,cap102,0,0,penalty,mbpso,25,250000,854704.2,True,17,854704.2000000001,370,370
uflp_orlib,cap102,0,0,penalty,mbpso,25,250000,854704.2,True,18,854704.2000000001,584,584
uflp_orlib,cap102,0,0,penalty,mbpso,25,250000,854704.2,True,19,854704.2000000001,577,577
uflp_orlib,cap102,0,0,penalty,mbpso,25,250000,854704.2,True,20,854704.2000000001,409,409
uflp_orlib,cap102,0,0,penalty,mbpso,25,250000,854704.2,True,21,854704.2000000001,561,561
uflp_orlib,cap102,0,0,penalty,mbpso,25,250000,854704.2,True,22,854704.2000000001,510,510
uflp_orlib,cap102,0,0,penalty,mbpso,25,250000,854704.2,True,23,854704.2000000001,590,590
uflp_orlib,cap102,0,0,penalty,mbpso,25,250000,854704.2,True,24,854704.2000000001,481,481
uflp_orlib,cap102,0,0,penalty,mbpso,25,250000,854704.2,True,25,854704.2000000001,492,492
uflp_orlib,cap102,0,0,penalty,mbpso,25,250000,854704.2,True,26,854704.2000000001,435,435
uflp_orlib,cap102,0,0,penalty,mbpso,25,250000,854704.2,True,27,854704.2000000001,515,515
uflp_orlib,cap102,0,0,penalty,mbpso,25,250000,854704.2,True,28,854704.2000000001,423,423
uflp_orlib,cap102,0,0,penalty,mbpso,25,250000,854704.2,True,29,854704.2000000001,606,606
uflp_orlib,cap102,0,0,penalty,mbpso,25,250000,854704.2,True,30,854704.2000000001,484,484
uflp_orlib,cap102,0,0,penalty,mbde,25,250000,854704.2,True,0,854704.2000000001,599,599
uflp_orlib,cap102,0,0,penalty,mbde,25,250000,854704.2,True,1,854704.2000000001,407,407
uflp_orlib,cap102,0,0,penalty,mbde,25,250000,854704.2,True,2,854704.2000000001,506,506
uflp_orlib,cap102,0,0,penalty,mbde,25,250000,854704.2,True,3,854704.2000000001,564,564
uflp_orlib,cap102,0,0,penalty,mbde,25,250000,854704.2,True,4,854704.2000000001,551,551
uflp_orlib,cap102,0,0,penalty,mbde,25,250000,854704.2,True,5,854704.2000000001,623,623
uflp_orlib,cap102,0,0,penalty,mbde,25,250000,854704.2,True,6,854704.2000000001,305,305
uflp_orlib,cap102,0,0,penalty,mbde,25,250000,854704.2,True,7,854704.2000000001,556,556
uflp_orlib,cap102,0,0,penalty,mbde,25,250000,854704.2,True,8,854704.2000000001,627,627
uflp_orlib,cap102,0,0,penalty,mbde,25,250000,854704.2,True,9,854704.2000000001,430,430
uflp_orlib,cap102,0,0,penalty,mbde,25,250000,854704.2,True,10,854704.2000000001,352,352
uflp_orlib,cap102,0,0,penalty,mbde,25,250000,854704.2,True,11,854704.2000000001,549,549
uflp_orlib,cap102,0,0,penalty,mbde,25,250000,854704.2,True,12,854704.2000000001,644,644
uflp_orlib,cap102,0,0,penalty,mbde,25,250000,854704.2,True,13,854704.2000000001,556,556
uflp_orlib,cap102,0,0,penalty,mbde,25,250000,854704.2,True,14,854704.2000000001,298,298
uflp_orlib,cap102,0,0,penalty,mbde,25,250000,854704.2,True,15,854704.2000000001,558,558
uflp_orlib,cap102,0,0,penalty,mbde,25,250000,854704.2,True,16,854704.2000000001,348,348
uflp_orlib,cap102,0,0,penalty,mbde,25,250000,854704.2,True,17,854704.2000000001,404,404
uflp_orlib,cap102,0,0,penalty,mbde,25,250000,854704.2,True,18,854704.2000000001,544,544
uflp_orlib,cap102,0,0,penalty,mbde,25,250000,854704.2,True,19,854704.2000000001,449,449
uflp_orlib,cap102,0,0,penalty,mbde,25,250000,854704.2,True,20,854704.2000000001,548,548
uflp_orlib,cap102,0,0,penalty,mbde,25,250000,854704.2,True,21,854704.2000000001,464,464
uflp_orlib,cap102,0,0,penalty,mbde,25,250000,854704.2,True,22,854704.2000000001,298,298
uflp_orlib,cap102,0,0,penalty,mbde,25,250000,854704.2,True,23,854704.2000000001,361,361
uflp_orlib,cap102,0,0,penalty,mbde,25,250000,854704.2,True,24,854704.2000000001,546,546
uflp_orlib,cap102,0,0,penalty,mbde,25,250000,854704.2,True,25,854704.2000000001,563,563
uflp_orlib,cap102,0,0,penalty,mbde,25,250000,854704.2,True,26,854704.2000000001,515,515
uflp_orlib,cap102,0,0,penalty,mbde,25,250000,854704.2,True,27,854704.2000000001,349,349
uflp_orlib,cap102,0,0,penalty,mbde,25,250000,854704.2,True,28,854704.2000000001,548,548
uflp_orlib,cap102,0,0,penalty,mbde,25,250000,854704.2,True,29,854704.2000000001,431,431
uflp_orlib,cap102,0,0,penalty,mbde,25,250000,854704.2,True,30,854704.2000000001,334,334
uflp_orlib,cap104,0,0,penalty,ils,25,250000,928941.75,True,0,928941.7500000001,373,373
uflp_orlib,cap104,0,0,penalty,ils,25,250000,928941.75,True,1,928941.7500000001,361,361
uflp_orlib,cap104,0,0,penalty,ils,25,250000,928941.75,True,2,928941.7500000001,394,394
uflp_orlib,cap104,0,0,penalty,ils,25,250000,928941.75,True,3,928941.7500000001,263,263
uflp_orlib,cap104,0,0,penalty,ils,25,250000,928941.75,True,4,928941.7500000001,322,322
uflp_orlib,cap104,0,0,penalty,ils,25,250000,928941.75,True,5,928941.7500000001,249,249
uflp_orlib,cap104,0,0,penalty,ils,25,250000,928941.75,True,6,928941.7500000001,320,320
uflp_orlib,cap104,0,0,penalty,ils,25,250000,928941.75,True,7,928941.7500000001,351,351
uflp_orlib,cap104,0,0,penalty,ils,25,250000,928941.75,True,8,928941.7500000001,347,347
uflp_orlib,cap104,0,0,penalty,ils,25,250000,928941.75,True,9,928941.7500000001,351,351
uflp_orlib,cap104,0,0,penalty,ils,25,250000,928941.75,True,10,928941.7500000001,228,228
uflp_orlib,cap104,0,0,penalty,ils,25,250000,928941.75,True,11,928941.7500000001,505,505
uflp_orlib,cap104,0,0,penalty,ils,25,250000,928941.75,True,12,928941.7500000001,291,291
uflp_orlib,cap104,0,0,penalty,ils,25,250000,928941.75,True,13,928941.7500000001,383,383
uflp_orlib,cap104,0,0,penalty,ils,25,250000,928941.75,True,14,928941.7500000001,386,386
uflp_orlib,cap104,0,0,penalty,ils,25,250000,928941.75,True,15,928941.7500000001,297,297
uflp_orlib,cap104,0,0,penalty,ils,25,250000,928941.75,True,16,928941.7500000001,259,259
uflp_orlib,cap104,0,0,penalty,ils,25,250000,928941.75,True,17,928941.7500000001,331,331
uflp_orlib,cap104,0,0,penalty,ils,25,250000,928941.75,True,18,928941.7500000001,333,333
uflp_orlib,cap104,0,0,penalty,ils,25,250000,928941.75,True,19,928941.7500000001,322,322
uflp_orlib,cap104,0,0,penalty,ils,25,250000,928941.75,True,20,928941.7500000001,332,332
uflp_orlib,cap104,0,0,penalty,ils,25,250000,928941.75,True,21,928941.7500000001,382,382
uflp_orlib,cap104,0,0,penalty,ils,25,250000,928941.75,True,22,928941.7500000001,375,375
uflp_orlib,cap104,0,0,penalty,ils,25,250000,928941.75,True,23,928941.7500000001,351,351
uflp_orlib,cap104,0,0,penalty,ils,25,250000,928941.75,True,24,928941.7500000001,301,301
uflp_orlib,cap104,0,0,penalty,ils,25,250000,928941.75,True,25,928941.7500000001,320,320
uflp_orlib,cap104,0,0,penalty,ils,25,250000,928941.75,True,26,928941.7500000001,384,384
uflp_orlib,cap104,0,0,penalty,ils,25,250000,928941.75,True,27,928941.7500000001,316,316
uflp_orlib,cap104,0,0,penalty,ils,25,250000,928941.75,True,28,928941.7500000001,311,311
uflp_orlib,cap104,0,0,penalty,ils,25,250000,928941.75,True,29,928941.7500000001,381,381
uflp_orlib,cap104,0,0,penalty,ils,25,250000,928941.75,True,30,928941.7500000001,416,416
uflp_orlib,cap102,0,0,penalty,ga,25,250000,854704.2,True,0,854704.2000000001,450,450
uflp_orlib,cap102,0,0,penalty,ga,25,250000,854704.2,True,1,854704.2000000001,720,720
uflp_orlib,cap102,0,0,penalty,ga,25,250000,854704.2,True,2,854704.2000000001,630,630
uflp_orlib,cap102,0,0,penalty,ga,25,250000,854704.2,True,3,854704.2000000001,570,570
uflp_orlib,cap102,0,0,penalty,ga,25,250000,854704.2,True,4,854704.2000000001,2160,2160
uflp_orlib,cap102,0,0,penalty,ga,25,250000,854704.2,True,5,854704.2000000001,630,630
uflp_orlib,cap102,0,0,penalty,ga,25,250000,854704.2,True,6,854704.2000000001,840,840
uflp_orlib,cap102,0,0,penalty,ga,25,250000,854704.2,True,7,854704.2000000001,510,510
uflp_orlib,cap102,0,0,penalty,ga,25,250000,854704.2,True,8,854704.2000000001,660,660
uflp_orlib,cap102,0,0,penalty,ga,25,250000,854704.2,True,9,854704.2000000001,330,330
uflp_orlib,cap102,0,0,penalty,ga,25,250000,854704.2,True,10,854704.2000000001,1500,1500
uflp_orlib,cap102,0,0,penalty,ga,25,250000,854704.2,True,11,854704.2000000001,1020,1020
uflp_orlib,cap102,0,0,penalty,ga,25,250000,854704.2,True,12,854704.2000000001,510,510
uflp_orlib,cap102,0,0,penalty,ga,25,250000,854704.2,True,13,854704.2000000001,1650,1650
uflp_orlib,cap102,0,0,penalty,ga,25,250000,854704.2,True,14,854704.2000000001,750,750
uflp_orlib,cap102,0,0,penalty,ga,25,250000,854704.2,True,15,854704.2000000001,930,930
uflp_orlib,cap102,0,0,penalty,ga,25,250000,854704.2,True,16,854704.2000000001,1230,1230
uflp_orlib,cap102,0,0,penalty,ga,25,250000,854704.2,True,17,854704.2000000001,1110,1110
uflp_orlib,cap102,0,0,penalty,ga,25,250000,854704.2,True,18,854704.2000000001,240,240
uflp_orlib,cap102,0,0,penalty,ga,25,250000,854704.2,True,19,854704.2000000001,930,930
uflp_orlib,cap102,0,0,penalty,ga,25,250000,854704.2,True,20,854704.2000000001,570,570
uflp_orlib,cap102,0,0,penalty,ga,25,250000,854704.2,True,21,854704.2000000001,960,960
uflp_orlib,cap102,0,0,penalty,ga,25,250000,854704.2,True,22,854704.2000000001,750,750
uflp_orlib,cap102,0,0,penalty,ga,25,250000,854704.2,True,23,854704.2000000001,3420,3420
uflp_orlib,cap102,0,0,penalty,ga,25,250000,854704.2,True,24,854704.2000000001,930,930
uflp_orlib,cap102,0,0,penalty,ga,25,250000,854704.2,True,25,854704.2000000001,450,450
uflp_orlib,cap102,0,0,penalty,ga,25,250000,854704.2,True,26,854704.2000000001,600,600
uflp_orlib,cap102,0,0,penalty,ga,25,250000,854704.2,True,27,854704.2000000001,720,720
uflp_orlib,cap102,0,0,penalty,ga,25,250000,854704.2,True,28,854704.2000000001,510,510
uflp_orlib,cap102,0,0,penalty,ga,25,250000,854704.2,True,29,854704.2000000001,540,540
uflp_orlib,cap102,0,0,penalty,ga,25,250000,854704.2,True,30,854704.2000000001,1320,1320
uflp_orlib,cap104,0,0,penalty,mga,25,250000,928941.75,True,0,928941.7500000001,347,347
uflp_orlib,cap104,0,0,penalty,mga,25,250000,928941.75,True,1,928941.7500000001,349,349
uflp_orlib,cap104,0,0,penalty,mga,25,250000,928941.75,True,2,928941.7500000001,315,315
uflp_orlib,cap104,0,0,penalty,mga,25,250000,928941.75,True,3,928941.7500000001,234,234
uflp_orlib,cap104,0,0,penalty,mga,25,250000,928941.75,True,4,928941.7500000001,307,307
uflp_orlib,cap104,0,0,penalty,mga,25,250000,928941.75,True,5,928941.7500000001,282,282
uflp_orlib,cap104,0,0,penalty,mga,25,250000,928941.75,True,6,928941.7500000001,263,263
uflp_orlib,cap104,0,0,penalty,mga,25,250000,928941.75,True,7,928941.7500000001,294,294
uflp_orlib,cap104,0,0,penalty,mga,25,250000,928941.75,True,8,928941.7500000001,341,341
uflp_orlib,cap104,0,0,penalty,mga,25,250000,928941.75,True,9,928941.7500000001,238,238
uflp_orlib,cap104,0,0,penalty,mga,25,250000,928941.75,True,10,928941.7500000001,281,281
uflp_orlib,cap104,0,0,penalty,mga,25,250000,928941.75,True,11,928941.7500000001,229,229
uflp_orlib,cap104,0,0,penalty,mga,25,250000,928941.75,True,12,928941.7500000001,413,413
uflp_orlib,cap104,0,0,penalty,mga,25,250000,928941.75,True,13,928941.7500000001,379,379
uflp_orlib,cap104,0,0,penalty,mga,25,250000,928941.75,True,14,928941.7500000001,348,348
uflp_orlib,cap104,0,0,penalty,mga,25,250000,928941.75,True,15,928941.7500000001,343,343
uflp_orlib,cap104,0,0,penalty,mga,25,250000,928941.75,True,16,928941.7500000001,382,382
uflp_orlib,cap104,0,0,penalty,mga,25,250000,928941.75,True,17,928941.7500000001,375,375
uflp_orlib,cap104,0,0,penalty,mga,25,250000,928941.75,True,18,928941.7500000001,313,313
uflp_orlib,cap104,0,0,penalty,mga,25,250000,928941.75,True,19,928941.7500000001,334,334
uflp_orlib,cap104,0,0,penalty,mga,25,250000,928941.75,True,20,928941.7500000001,485,485
uflp_orlib,cap104,0,0,penalty,mga,25,250000,928941.75,True,21,928941.7500000001,221,221
uflp_orlib,cap104,0,0,penalty,mga,25,250000,928941.75,True,22,928941.7500000001,297,297
uflp_orlib,cap104,0,0,penalty,mga,25,250000,928941.75,True,23,928941.7500000001,317,317
uflp_orlib,cap104,0,0,penalty,mga,25,250000,928941.75,True,24,928941.7500000001,272,272
uflp_orlib,cap104,0,0,penalty,mga,25,250000,928941.75,True,25,928941.7500000001,218,218
uflp_orlib,cap104,0,0,penalty,mga,25,250000,928941.75,True,26,928941.7500000001,220,220
uflp_orlib,cap104,0,0,penalty,mga,25,250000,928941.75,True,27,928941.7500000001,368,368
uflp_orlib,cap104,0,0,penalty,mga,25,250000,928941.75,True,28,928941.7500000001,291,291
uflp_orlib,cap104,0,0,penalty,mga,25,250000,928941.75,True,29,928941.7500000001,238,238
uflp_orlib,cap104,0,0,penalty,mga,25,250000,928941.75,True,30,928941.7500000001,339,339
uflp_orlib,cap102,0,0,penalty,floor,25,250000,854704.2,True,0,854704.2000000001,1405,1405
uflp_orlib,cap102,0,0,penalty,floor,25,250000,854704.2,True,1,854704.2000000001,1085,1085
uflp_orlib,cap102,0,0,penalty,floor,25,250000,854704.2,True,2,854704.2000000001,1264,1264
uflp_orlib,cap102,0,0,penalty,floor,25,250000,854704.2,True,3,854704.2000000001,538,538
uflp_orlib,cap102,0,0,penalty,floor,25,250000,854704.2,True,4,854704.2000000001,1433,1433
uflp_orlib,cap102,0,0,penalty,floor,25,250000,854704.2,True,5,854704.2000000001,1063,1063
uflp_orlib,cap102,0,0,penalty,floor,25,250000,854704.2,True,6,854704.2000000001,1608,1608
uflp_orlib,cap102,0,0,penalty,floor,25,250000,854704.2,True,7,854704.2000000001,959,959
uflp_orlib,cap102,0,0,penalty,floor,25,250000,854704.2,True,8,854704.2000000001,1443,1443
uflp_orlib,cap102,0,0,penalty,floor,25,250000,854704.2,True,9,854704.2000000001,1075,1075
uflp_orlib,cap102,0,0,penalty,floor,25,250000,854704.2,True,10,854704.2000000001,1602,1602
uflp_orlib,cap102,0,0,penalty,floor,25,250000,854704.2,True,11,854704.2000000001,1230,1230
uflp_orlib,cap102,0,0,penalty,floor,25,250000,854704.2,True,12,854704.2000000001,1630,1630
uflp_orlib,cap102,0,0,penalty,floor,25,250000,854704.2,True,13,854704.2000000001,1051,1051
uflp_orlib,cap102,0,0,penalty,floor,25,250000,854704.2,True,14,854704.2000000001,1622,1622
uflp_orlib,cap102,0,0,penalty,floor,25,250000,854704.2,True,15,854704.2000000001,1435,1435
uflp_orlib,cap102,0,0,penalty,floor,25,250000,854704.2,True,16,854704.2000000001,1795,1795
uflp_orlib,cap102,0,0,penalty,floor,25,250000,854704.2,True,17,854704.2000000001,904,904
uflp_orlib,cap102,0,0,penalty,floor,25,250000,854704.2,True,18,854704.2000000001,725,725
uflp_orlib,cap102,0,0,penalty,floor,25,250000,854704.2,True,19,854704.2000000001,1429,1429
uflp_orlib,cap102,0,0,penalty,floor,25,250000,854704.2,True,20,854704.2000000001,1801,1801
uflp_orlib,cap102,0,0,penalty,floor,25,250000,854704.2,True,21,854704.2000000001,1449,1449
uflp_orlib,cap102,0,0,penalty,floor,25,250000,854704.2,True,22,854704.2000000001,876,876
uflp_orlib,cap102,0,0,penalty,floor,25,250000,854704.2,True,23,854704.2000000001,1266,1266
uflp_orlib,cap102,0,0,penalty,floor,25,250000,854704.2,True,24,854704.2000000001,896,896
uflp_orlib,cap102,0,0,penalty,floor,25,250000,854704.2,True,25,854704.2000000001,1449,1449
uflp_orlib,cap102,0,0,penalty,floor,25,250000,854704.2,True,26,854704.2000000001,1333,1333
uflp_orlib,cap102,0,0,penalty,floor,25,250000,854704.2,True,27,854704.2000000001,1779,1779
uflp_orlib,cap102,0,0,penalty,floor,25,250000,854704.2,True,28,854704.2000000001,959,959
uflp_orlib,cap102,0,0,penalty,floor,25,250000,854704.2,True,29,854704.2000000001,1260,1260
uflp_orlib,cap102,0,0,penalty,floor,25,250000,854704.2,True,30,854704.2000000001,717,717
uflp_orlib,cap73,0,0,penalty,mga,16,160000,1010641.45,True,0,1010641.45,4774,4774
uflp_orlib,cap73,0,0,penalty,mga,16,160000,1010641.45,True,1,1010641.45,14923,14923
uflp_orlib,cap73,0,0,penalty,mga,16,160000,1010641.45,True,2,1010641.45,1294,1294
uflp_orlib,cap73,0,0,penalty,mga,16,160000,1010641.45,True,3,1010641.45,189,189
uflp_orlib,cap73,0,0,penalty,mga,16,160000,1010641.45,True,4,1010641.45,6270,6270
uflp_orlib,cap73,0,0,penalty,mga,16,160000,1010641.45,True,5,1010641.45,182,182
uflp_orlib,cap73,0,0,penalty,mga,16,160000,1010641.45,True,6,1010641.45,810,810
uflp_orlib,cap73,0,0,penalty,mga,16,160000,1010641.45,True,7,1010641.45,173,173
uflp_orlib,cap73,0,0,penalty,mga,16,160000,1010641.45,True,8,1010641.45,535,535
uflp_orlib,cap73,0,0,penalty,mga,16,160000,1010641.45,True,9,1010641.45,177,177
uflp_orlib,cap73,0,0,penalty,mga,16,160000,1010641.45,True,10,1010641.45,901,901
uflp_orlib,cap73,0,0,penalty,mga,16,160000,1010641.45,True,11,1010641.45,151,151
uflp_orlib,cap73,0,0,penalty,mga,16,160000,1010641.45,True,12,1010641.45,163,163
uflp_orlib,cap73,0,0,penalty,mga,16,160000,1010641.45,True,13,1010641.45,12291,12291
uflp_orlib,cap73,0,0,penalty,mga,16,160000,1010641.45,True,14,1010641.45,3370,3370
uflp_orlib,cap73,0,0,penalty,mga,16,160000,1010641.45,True,15,1010641.45,1402,1402
uflp_orlib,cap73,0,0,penalty,mga,16,160000,1010641.45,True,16,1010641.45,181,181
uflp_orlib,cap73,0,0,penalty,mga,16,160000,1010641.45,True,17,1010641.45,439,439
uflp_orlib,cap73,0,0,penalty,mga,16,160000,1010641.45,True,18,1010641.45,438,438
uflp_orlib,cap73,0,0,penalty,mga,16,160000,1010641.45,True,19,1010641.45,2317,2317
uflp_orlib,cap73,0,0,penalty,mga,16,160000,1010641.45,True,20,1010641.45,206,206
uflp_orlib,cap73,0,0,penalty,mga,16,160000,1010641.45,True,21,1010641.45,147,147
uflp_orlib,cap73,0,0,penalty,mga,16,160000,1010641.45,True,22,1010641.45,176,176
uflp_orlib,cap73,0,0,penalty,mga,16,160000,1010641.45,True,23,1010641.45,202,202
uflp_orlib,cap73,0,0,penalty,mga,16,160000,1010641.45,True,24,1010641.45,3375,3375
uflp_orlib,cap73,0,0,penalty,mga,16,160000,1010641.45,True,25,1010641.45,264,264
uflp_orlib,cap73,0,0,penalty,mga,16,160000,1010641.45,True,26,1010641.45,155,155
uflp_orlib,cap73,0,0,penalty,mga,16,160000,1010641.45,True,27,1010641.45,1764,1764
uflp_orlib,cap73,0,0,penalty,mga,16,160000,1010641.45,True,28,1010641.45,15953,15953
uflp_orlib,cap73,0,0,penalty,mga,16,160000,1010641.45,True,29,1010641.45,168,168
uflp_orlib,cap73,0,0,penalty,mga,16,160000,1010641.45,True,30,1010641.45,809,809
uflp_orlib,cap104,0,0,penalty,ga,25,250000,928941.75,True,0,928941.7500000001,690,690
uflp_orlib,cap104,0,0,penalty,ga,25,250000,928941.75,True,1,928941.7500000001,960,960
uflp_orlib,cap104,0,0,penalty,ga,25,250000,928941.75,True,2,928941.7500000001,270,270
uflp_orlib,cap104,0,0,penalty,ga,25,250000,928941.75,True,3,928941.7500000001,420,420
uflp_orlib,cap104,0,0,penalty,ga,25,250000,928941.75,True,4,928941.7500000001,480,480
uflp_orlib,cap104,0,0,penalty,ga,25,250000,928941.75,True,5,928941.7500000001,720,720
uflp_orlib,cap104,0,0,penalty,ga,25,250000,928941.75,True,6,928941.7500000001,420,420
uflp_orlib,cap104,0,0,penalty,ga,25,250000,928941.75,True,7,928941.7500000001,300,300
uflp_orlib,cap104,0,0,penalty,ga,25,250000,928941.75,True,8,928941.7500000001,480,480
uflp_orlib,cap104,0,0,penalty,ga,25,250000,928941.75,True,9,928941.7500000001,330,330
uflp_orlib,cap104,0,0,penalty,ga,25,250000,928941.75,True,10,928941.7500000001,240,240
uflp_orlib,cap104,0,0,penalty,ga,25,250000,928941.75,True,11,928941.7500000001,300,300
uflp_orlib,cap104,0,0,penalty,ga,25,250000,928941.75,True,12,928941.7500000001,1830,1830
uflp_orlib,cap104,0,0,penalty,ga,25,250000,928941.75,True,13,928941.7500000001,360,360
uflp_orlib,cap104,0,0,penalty,ga,25,250000,928941.75,True,14,928941.7500000001,720,720
uflp_orlib,cap104,0,0,penalty,ga,25,250000,928941.75,True,15,928941.7500000001,540,540
uflp_orlib,cap104,0,0,penalty,ga,25,250000,928941.75,True,16,928941.7500000001,1230,1230
uflp_orlib,cap104,0,0,penalty,ga,25,250000,928941.75,True,17,928941.7500000001,990,990
uflp_orlib,cap104,0,0,penalty,ga,25,250000,928941.75,True,18,928941.7500000001,2850,2850
uflp_orlib,cap104,0,0,penalty,ga,25,250000,928941.75,True,19,928941.7500000001,420,420
uflp_orlib,cap104,0,0,penalty,ga,25,250000,928941.75,True,20,928941.7500000001,750,750
uflp_orlib,cap104,0,0,penalty,ga,25,250000,928941.75,True,21,928941.7500000001,330,330
uflp_orlib,cap104,0,0,penalty,ga,25,250000,928941.75,True,22,928941.7500000001,960,960
uflp_orlib,cap104,0,0,penalty,ga,25,250000,928941.75,True,23,928941.7500000001,510,510
uflp_orlib,cap104,0,0,penalty,ga,25,250000,928941.75,True,24,928941.7500000001,960,960
uflp_orlib,cap104,0,0,penalty,ga,25,250000,928941.75,True,25,928941.7500000001,270,270
uflp_orlib,cap104,0,0,penalty,ga,25,250000,928941.75,True,26,928941.7500000001,240,240
uflp_orlib,cap104,0,0,penalty,ga,25,250000,928941.75,True,27,928941.7500000001,780,780
uflp_orlib,cap104,0,0,penalty,ga,25,250000,928941.75,True,28,928941.7500000001,390,390
uflp_orlib,cap104,0,0,penalty,ga,25,250000,928941.75,True,29,928941.7500000001,390,390
uflp_orlib,cap104,0,0,penalty,ga,25,250000,928941.75,True,30,928941.7500000001,1500,1500
uflp_orlib,cap104,0,0,penalty,mbpso,25,250000,928941.75,True,0,928941.7500000001,324,324
uflp_orlib,cap104,0,0,penalty,mbpso,25,250000,928941.75,True,1,928941.7500000001,333,333
uflp_orlib,cap104,0,0,penalty,mbpso,25,250000,928941.75,True,2,928941.7500000001,400,400
uflp_orlib,cap104,0,0,penalty,mbpso,25,250000,928941.75,True,3,928941.7500000001,261,261
uflp_orlib,cap104,0,0,penalty,mbpso,25,250000,928941.75,True,4,928941.7500000001,317,317
uflp_orlib,cap104,0,0,penalty,mbpso,25,250000,928941.75,True,5,928941.7500000001,347,347
uflp_orlib,cap104,0,0,penalty,mbpso,25,250000,928941.75,True,6,928941.7500000001,321,321
uflp_orlib,cap104,0,0,penalty,mbpso,25,250000,928941.75,True,7,928941.7500000001,359,359
uflp_orlib,cap104,0,0,penalty,mbpso,25,250000,928941.75,True,8,928941.7500000001,313,313
uflp_orlib,cap104,0,0,penalty,mbpso,25,250000,928941.75,True,9,928941.7500000001,317,317
uflp_orlib,cap104,0,0,penalty,mbpso,25,250000,928941.75,True,10,928941.7500000001,351,351
uflp_orlib,cap104,0,0,penalty,mbpso,25,250000,928941.75,True,11,928941.7500000001,243,243
uflp_orlib,cap104,0,0,penalty,mbpso,25,250000,928941.75,True,12,928941.7500000001,235,235
uflp_orlib,cap104,0,0,penalty,mbpso,25,250000,928941.75,True,13,928941.7500000001,325,325
uflp_orlib,cap104,0,0,penalty,mbpso,25,250000,928941.75,True,14,928941.7500000001,339,339
uflp_orlib,cap104,0,0,penalty,mbpso,25,250000,928941.75,True,15,928941.7500000001,317,317
uflp_orlib,cap104,0,0,penalty,mbpso,25,250000,928941.75,True,16,928941.7500000001,324,324
uflp_orlib,cap104,0,0,penalty,mbpso,25,250000,928941.75,True,17,928941.7500000001,333,333
uflp_orlib,cap104,0,0,penalty,mbpso,25,250000,928941.75,True,18,928941.7500000001,479,479
uflp_orlib,cap104,0,0,penalty,mbpso,25,250000,928941.75,True,19,928941.7500000001,240,240
uflp_orlib,cap104,0,0,penalty,mbpso,25,250000,928941.75,True,20,928941.7500000001,344,344
uflp_orlib,cap104,0,0,penalty,mbpso,25,250000,928941.75,True,21,928941.7500000001,274,274
uflp_orlib,cap104,0,0,penalty,mbpso,25,250000,928941.75,True,22,928941.7500000001,439,439
uflp_orlib,cap104,0,0,penalty,mbpso,25,250000,928941.75,True,23,928941.7500000001,282,282
uflp_orlib,cap104,0,0,penalty,mbpso,25,250000,928941.75,True,24,928941.7500000001,333,333
uflp_orlib,cap104,0,0,penalty,mbpso,25,250000,928941.75,True,25,928941.7500000001,353,353
uflp_orlib,cap104,0,0,penalty,mbpso,25,250000,928941.75,True,26,928941.7500000001,258,258
uflp_orlib,cap104,0,0,penalty,mbpso,25,250000,928941.75,True,27,928941.7500000001,338,338
uflp_orlib,cap104,0,0,penalty,mbpso,25,250000,928941.75,True,28,928941.7500000001,324,324
uflp_orlib,cap104,0,0,penalty,mbpso,25,250000,928941.75,True,29,928941.7500000001,356,356
uflp_orlib,cap104,0,0,penalty,mbpso,25,250000,928941.75,True,30,928941.7500000001,268,268
uflp_orlib,cap72,0,0,penalty,bpso,16,160000,977799.4,True,0,977799.4,1530,1530
uflp_orlib,cap72,0,0,penalty,bpso,16,160000,977799.4,True,1,977799.4,810,810
uflp_orlib,cap72,0,0,penalty,bpso,16,160000,977799.4,True,2,977799.4,4020,4020
uflp_orlib,cap72,0,0,penalty,bpso,16,160000,977799.4,True,3,977799.4,1140,1140
uflp_orlib,cap72,0,0,penalty,bpso,16,160000,977799.4,True,4,977799.4,660,660
uflp_orlib,cap72,0,0,penalty,bpso,16,160000,977799.4,True,5,977799.4,720,720
uflp_orlib,cap72,0,0,penalty,bpso,16,160000,977799.4,True,6,977799.4,2940,2940
uflp_orlib,cap72,0,0,penalty,bpso,16,160000,977799.4,True,7,977799.4,3210,3210
uflp_orlib,cap72,0,0,penalty,bpso,16,160000,977799.4,True,8,977799.4,1560,1560
uflp_orlib,cap72,0,0,penalty,bpso,16,160000,977799.4,True,9,977799.4,9270,9270
uflp_orlib,cap72,0,0,penalty,bpso,16,160000,977799.4,True,10,977799.4,1650,1650
uflp_orlib,cap72,0,0,penalty,bpso,16,160000,977799.4,True,11,977799.4,810,810
uflp_orlib,cap72,0,0,penalty,bpso,16,160000,977799.4,True,12,977799.4,1440,1440
uflp_orlib,cap72,0,0,penalty,bpso,16,160000,977799.4,True,13,977799.4,960,960
uflp_orlib,cap72,0,0,penalty,bpso,16,160000,977799.4,True,14,977799.4,540,540
uflp_orlib,cap72,0,0,penalty,bpso,16,160000,977799.4,True,15,977799.4,2310,2310
uflp_orlib,cap72,0,0,penalty,bpso,16,160000,977799.4,True,16,977799.4,1230,1230
uflp_orlib,cap72,0,0,penalty,bpso,16,160000,977799.4,True,17,977799.4,480,480
uflp_orlib,cap72,0,0,penalty,bpso,16,160000,977799.4,True,18,977799.4,2550,2550
uflp_orlib,cap72,0,0,penalty,bpso,16,160000,977799.4,True,19,977799.4,750,750
uflp_orlib,cap72,0,0,penalty,bpso,16,160000,977799.4,True,20,977799.4,360,360
uflp_orlib,cap72,0,0,penalty,bpso,16,160000,977799.4,True,21,977799.4,3210,3210
uflp_orlib,cap72,0,0,penalty,bpso,16,160000,977799.4,True,22,977799.4,3360,3360
uflp_orlib,cap72,0,0,penalty,bpso,16,160000,977799.4,True,23,977799.4,2370,2370
uflp_orlib,cap72,0,0,penalty,bpso,16,160000,977799.4,True,24,977799.4,240,240
uflp_orlib,cap72,0,0,penalty,bpso,16,160000,977799.4,True,25,977799.4,4110,4110
uflp_orlib,cap72,0,0,penalty,bpso,16,160000,977799.4,True,26,977799.4,1020,1020
uflp_orlib,cap72,0,0,penalty,bpso,16,160000,977799.4,True,27,977799.4,750,750
uflp_orlib,cap72,0,0,penalty,bpso,16,160000,977799.4,True,28,977799.4,480,480
uflp_orlib,cap72,0,0,penalty,bpso,16,160000,977799.4,True,29,977799.4,1140,1140
uflp_orlib,cap72,0,0,penalty,bpso,16,160000,977799.4,True,30,977799.4,420,420
uflp_orlib,cap104,0,0,penalty,mbde,25,250000,928941.75,True,0,928941.7500000001,325,325
uflp_orlib,cap104,0,0,penalty,mbde,25,250000,928941.75,True,1,928941.7500000001,349,349
uflp_orlib,cap104,0,0,penalty,mbde,25,250000,928941.75,True,2,928941.7500000001,413,413
uflp_orlib,cap104,0,0,penalty,mbde,25,250000,928941.75,True,3,928941.7500000001,275,275
uflp_orlib,cap104,0,0,penalty,mbde,25,250000,928941.75,True,4,928941.7500000001,260,260
uflp_orlib,cap104,0,0,penalty,mbde,25,250000,928941.75,True,5,928941.7500000001,426,426
uflp_orlib,cap104,0,0,penalty,mbde,25,250000,928941.75,True,6,928941.7500000001,359,359
uflp_orlib,cap104,0,0,penalty,mbde,25,250000,928941.75,True,7,928941.7500000001,293,293
uflp_orlib,cap104,0,0,penalty,mbde,25,250000,928941.75,True,8,928941.7500000001,356,356
uflp_orlib,cap104,0,0,penalty,mbde,25,250000,928941.75,True,9,928941.7500000001,243,243
uflp_orlib,cap104,0,0,penalty,mbde,25,250000,928941.75,True,10,928941.7500000001,281,281
uflp_orlib,cap104,0,0,penalty,mbde,25,250000,928941.75,True,11,928941.7500000001,231,231
uflp_orlib,cap104,0,0,penalty,mbde,25,250000,928941.75,True,12,928941.7500000001,443,443
uflp_orlib,cap104,0,0,penalty,mbde,25,250000,928941.75,True,13,928941.7500000001,344,344
uflp_orlib,cap104,0,0,penalty,mbde,25,250000,928941.75,True,14,928941.7500000001,336,336
uflp_orlib,cap104,0,0,penalty,mbde,25,250000,928941.75,True,15,928941.7500000001,373,373
uflp_orlib,cap104,0,0,penalty,mbde,25,250000,928941.75,True,16,928941.7500000001,251,251
uflp_orlib,cap104,0,0,penalty,mbde,25,250000,928941.75,True,17,928941.7500000001,375,375
uflp_orlib,cap104,0,0,penalty,mbde,25,250000,928941.75,True,18,928941.7500000001,268,268
uflp_orlib,cap104,0,0,penalty,mbde,25,250000,928941.75,True,19,928941.7500000001,268,268
uflp_orlib,cap104,0,0,penalty,mbde,25,250000,928941.75,True,20,928941.7500000001,430,430
uflp_orlib,cap104,0,0,penalty,mbde,25,250000,928941.75,True,21,928941.7500000001,307,307
uflp_orlib,cap104,0,0,penalty,mbde,25,250000,928941.75,True,22,928941.7500000001,305,305
uflp_orlib,cap104,0,0,penalty,mbde,25,250000,928941.75,True,23,928941.7500000001,347,347
uflp_orlib,cap104,0,0,penalty,mbde,25,250000,928941.75,True,24,928941.7500000001,360,360
uflp_orlib,cap104,0,0,penalty,mbde,25,250000,928941.75,True,25,928941.7500000001,303,303
uflp_orlib,cap104,0,0,penalty,mbde,25,250000,928941.75,True,26,928941.7500000001,235,235
uflp_orlib,cap104,0,0,penalty,mbde,25,250000,928941.75,True,27,928941.7500000001,373,373
uflp_orlib,cap104,0,0,penalty,mbde,25,250000,928941.75,True,28,928941.7500000001,292,292
uflp_orlib,cap104,0,0,penalty,mbde,25,250000,928941.75,True,29,928941.7500000001,238,238
uflp_orlib,cap104,0,0,penalty,mbde,25,250000,928941.75,True,30,928941.7500000001,339,339
uflp_orlib,cap71,0,0,penalty,bpso,16,160000,932615.75,True,0,932615.75,480,480
uflp_orlib,cap71,0,0,penalty,bpso,16,160000,932615.75,True,1,932615.75,1050,1050
uflp_orlib,cap71,0,0,penalty,bpso,16,160000,932615.75,True,2,932615.75,780,780
uflp_orlib,cap71,0,0,penalty,bpso,16,160000,932615.75,True,3,932615.75,510,510
uflp_orlib,cap71,0,0,penalty,bpso,16,160000,932615.75,True,4,932615.75,390,390
uflp_orlib,cap71,0,0,penalty,bpso,16,160000,932615.75,True,5,932615.75,570,570
uflp_orlib,cap71,0,0,penalty,bpso,16,160000,932615.75,True,6,932615.75,13740,13740
uflp_orlib,cap71,0,0,penalty,bpso,16,160000,932615.75,True,7,932615.75,360,360
uflp_orlib,cap71,0,0,penalty,bpso,16,160000,932615.75,True,8,932615.75,480,480
uflp_orlib,cap71,0,0,penalty,bpso,16,160000,932615.75,True,9,932615.75,1650,1650
uflp_orlib,cap71,0,0,penalty,bpso,16,160000,932615.75,True,10,932615.75,420,420
uflp_orlib,cap71,0,0,penalty,bpso,16,160000,932615.75,True,11,932615.75,1860,1860
uflp_orlib,cap71,0,0,penalty,bpso,16,160000,932615.75,True,12,932615.75,540,540
uflp_orlib,cap71,0,0,penalty,bpso,16,160000,932615.75,True,13,932615.75,480,480
uflp_orlib,cap71,0,0,penalty,bpso,16,160000,932615.75,True,14,932615.75,4860,4860
uflp_orlib,cap71,0,0,penalty,bpso,16,160000,932615.75,True,15,932615.75,870,870
uflp_orlib,cap71,0,0,penalty,bpso,16,160000,932615.75,True,16,932615.75,4560,4560
uflp_orlib,cap71,0,0,penalty,bpso,16,160000,932615.75,True,17,932615.75,3030,3030
uflp_orlib,cap71,0,0,penalty,bpso,16,160000,932615.75,True,18,932615.75,420,420
uflp_orlib,cap71,0,0,penalty,bpso,16,160000,932615.75,True,19,932615.75,10200,10200
uflp_orlib,cap71,0,0,penalty,bpso,16,160000,932615.75,True,20,932615.75,420,420
uflp_orlib,cap71,0,0,penalty,bpso,16,160000,932615.75,True,21,932615.75,840,840
uflp_orlib,cap71,0,0,penalty,bpso,16,160000,932615.75,True,22,932615.75,4950,4950
uflp_orlib,cap71,0,0,penalty,bpso,16,160000,932615.75,True,23,932615.75,2040,2040
uflp_orlib,cap71,0,0,penalty,bpso,16,160000,932615.75,True,24,932615.75,330,330
uflp_orlib,cap71,0,0,penalty,bpso,16,160000,932615.75,True,25,932615.75,1050,1050
uflp_orlib,cap71,0,0,penalty,bpso,16,160000,932615.75,True,26,932615.75,1950,1950
uflp_orlib,cap71,0,0,penalty,bpso,16,160000,932615.75,True,27,932615.75,720,720
uflp_orlib,cap71,0,0,penalty,bpso,16,160000,932615.75,True,28,932615.75,600,600
uflp_orlib,cap71,0,0,penalty,bpso,16,160000,932615.75,True,29,932615.75,240,240
uflp_orlib,cap71,0,0,penalty,bpso,16,160000,932615.75,True,30,932615.75,720,720
uflp_orlib,cap101,0,0,penalty,mbpso,25,250000,796648.4375,True,0,796648.4375000001,447,447
uflp_orlib,cap101,0,0,penalty,mbpso,25,250000,796648.4375,True,1,796648.4375000001,417,417
uflp_orlib,cap101,0,0,penalty,mbpso,25,250000,796648.4375,True,2,796648.4375000001,1483,1483
uflp_orlib,cap101,0,0,penalty,mbpso,25,250000,796648.4375,True,3,796648.4375000001,891,891
uflp_orlib,cap101,0,0,penalty,mbpso,25,250000,796648.4375,True,4,796648.4375000001,1803,1803
uflp_orlib,cap101,0,0,penalty,mbpso,25,250000,796648.4375,True,5,796648.4375000001,293,293
uflp_orlib,cap101,0,0,penalty,mbpso,25,250000,796648.4375,True,6,796648.4375000001,2870,2870
uflp_orlib,cap101,0,0,penalty,mbpso,25,250000,796648.4375,True,7,796648.4375000001,7540,7540
uflp_orlib,cap101,0,0,penalty,mbpso,25,250000,796648.4375,True,8,796648.4375000001,766,766
uflp_orlib,cap101,0,0,penalty,mbpso,25,250000,796648.4375,True,9,796648.4375000001,423,423
uflp_orlib,cap101,0,0,penalty,mbpso,25,250000,796648.4375,True,10,796648.4375000001,18553,18553
uflp_orlib,cap101,0,0,penalty,mbpso,25,250000,796648.4375,True,11,796648.4375000001,568,568
uflp_orlib,cap101,0,0,penalty,mbpso,25,250000,796648.4375,True,12,796648.4375000001,395,395
uflp_orlib,cap101,0,0,penalty,mbpso,25,250000,796648.4375,True,13,796648.4375000001,1385,1385
uflp_orlib,cap101,0,0,penalty,mbpso,25,250000,796648.4375,True,14,796648.4375000001,1202,1202
uflp_orlib,cap101,0,0,penalty,mbpso,25,250000,796648.4375,True,15,796648.4375000001,400,400
uflp_orlib,cap101,0,0,penalty,mbpso,25,250000,796648.4375,True,16,796648.4375000001,603,603
uflp_orlib,cap101,0,0,penalty,mbpso,25,250000,796648.4375,True,17,796648.4375000001,524,524
uflp_orlib,cap101,0,0,penalty,mbpso,25,250000,796648.4375,True,18,796648.4375000001,332,332
uflp_orlib,cap101,0,0,penalty,mbpso,25,250000,796648.4375,True,19,796648.4375000001,315,315
uflp_orlib,cap101,0,0,penalty,mbpso,25,250000,796648.4375,True,20,796648.4375000001,943,943
uflp_orlib,cap101,0,0,penalty,mbpso,25,250000,796648.4375,True,21,796648.4375000001,349,349
uflp_orlib,cap101,0,0,penalty,mbpso,25,250000,796648.4375,True,22,796648.4375000001,493,493
uflp_orlib,cap101,0,0,penalty,mbpso,25,250000,796648.4375,True,23,796648.4375000001,2500,2500
uflp_orlib,cap101,0,0,penalty,mbpso,25,250000,796648.4375,True,24,796648.4375000001,757,757
uflp_orlib,cap101,0,0,penalty,mbpso,25,250000,796648.4375,True,25,796648.4375000001,925,925
uflp_orlib,cap101,0,0,penalty,mbpso,25,250000,796648.4375,True,26,796648.4375000001,392,392
uflp_orlib,cap101,0,0,penalty,mbpso,25,250000,796648.4375,True,27,796648.4375000001,325,325
uflp_orlib,cap101,0,0,penalty,mbpso,25,250000,796648.4375,True,28,796648.4375000001,1336,1336
uflp_orlib,cap101,0,0,penalty,mbpso,25,250000,796648.4375,True,29,796648.4375000001,3627,3627
uflp_orlib,cap101,0,0,penalty,mbpso,25,250000,796648.4375,True,30,796648.4375000001,1306,1306
uflp_orlib,cap104,0,0,penalty,floor,25,250000,928941.75,True,0,928941.7500000001,2432,2432
uflp_orlib,cap104,0,0,penalty,floor,25,250000,928941.75,True,1,928941.7500000001,1571,1571
uflp_orlib,cap104,0,0,penalty,floor,25,250000,928941.75,True,2,928941.7500000001,1623,1623
uflp_orlib,cap104,0,0,penalty,floor,25,250000,928941.75,True,3,928941.7500000001,1209,1209
uflp_orlib,cap104,0,0,penalty,floor,25,250000,928941.75,True,4,928941.7500000001,1440,1440
uflp_orlib,cap104,0,0,penalty,floor,25,250000,928941.75,True,5,928941.7500000001,1271,1271
uflp_orlib,cap104,0,0,penalty,floor,25,250000,928941.75,True,6,928941.7500000001,2100,2100
uflp_orlib,cap104,0,0,penalty,floor,25,250000,928941.75,True,7,928941.7500000001,843,843
uflp_orlib,cap104,0,0,penalty,floor,25,250000,928941.75,True,8,928941.7500000001,1390,1390
uflp_orlib,cap104,0,0,penalty,floor,25,250000,928941.75,True,9,928941.7500000001,1941,1941
uflp_orlib,cap104,0,0,penalty,floor,25,250000,928941.75,True,10,928941.7500000001,2130,2130
uflp_orlib,cap104,0,0,penalty,floor,25,250000,928941.75,True,11,928941.7500000001,1555,1555
uflp_orlib,cap104,0,0,penalty,floor,25,250000,928941.75,True,12,928941.7500000001,2138,2138
uflp_orlib,cap104,0,0,penalty,floor,25,250000,928941.75,True,13,928941.7500000001,1235,1235
uflp_orlib,cap104,0,0,penalty,floor,25,250000,928941.75,True,14,928941.7500000001,1820,1820
uflp_orlib,cap104,0,0,penalty,floor,25,250000,928941.75,True,15,928941.7500000001,1587,1587
uflp_orlib,cap104,0,0,penalty,floor,25,250000,928941.75,True,16,928941.7500000001,2178,2178
uflp_orlib,cap104,0,0,penalty,floor,25,250000,928941.75,True,17,928941.7500000001,1768,1768
uflp_orlib,cap104,0,0,penalty,floor,25,250000,928941.75,True,18,928941.7500000001,1571,1571
uflp_orlib,cap104,0,0,penalty,floor,25,250000,928941.75,True,19,928941.7500000001,1631,1631
uflp_orlib,cap104,0,0,penalty,floor,25,250000,928941.75,True,20,928941.7500000001,1820,1820
uflp_orlib,cap104,0,0,penalty,floor,25,250000,928941.75,True,21,928941.7500000001,1643,1643
uflp_orlib,cap104,0,0,penalty,floor,25,250000,928941.75,True,22,928941.7500000001,1380,1380
uflp_orlib,cap104,0,0,penalty,floor,25,250000,928941.75,True,23,928941.7500000001,1623,1623
uflp_orlib,cap104,0,0,penalty,floor,25,250000,928941.75,True,24,928941.7500000001,1279,1279
uflp_orlib,cap104,0,0,penalty,floor,25,250000,928941.75,True,25,928941.7500000001,2108,2108
uflp_orlib,cap104,0,0,penalty,floor,25,250000,928941.75,True,26,928941.7500000001,738,738
uflp_orlib,cap104,0,0,penalty,floor,25,250000,928941.75,True,27,928941.7500000001,1991,1991
uflp_orlib,cap104,0,0,penalty,floor,25,250000,928941.75,True,28,928941.7500000001,827,827
uflp_orlib,cap104,0,0,penalty,floor,25,250000,928941.75,True,29,928941.7500000001,1911,1911
uflp_orlib,cap104,0,0,penalty,floor,25,250000,928941.75,True,30,928941.7500000001,1742,1742
uflp_orlib,cap103,0,0,penalty,floor,25,250000,893782.1125,True,0,893782.1125,1747,1747
uflp_orlib,cap103,0,0,penalty,floor,25,250000,893782.1125,True,1,893782.1125,1236,1236
uflp_orlib,cap103,0,0,penalty,floor,25,250000,893782.1125,True,2,893782.1125,3130,3130
uflp_orlib,cap103,0,0,penalty,floor,25,250000,893782.1125,True,3,893782.1125,703,703
uflp_orlib,cap103,0,0,penalty,floor,25,250000,893782.1125,True,4,893782.1125,3601,3601
uflp_orlib,cap103,0,0,penalty,floor,25,250000,893782.1125,True,5,893782.1125,1192,1192
uflp_orlib,cap103,0,0,penalty,floor,25,250000,893782.1125,True,6,893782.1125,1576,1576
uflp_orlib,cap103,0,0,penalty,floor,25,250000,893782.1125,True,7,893782.1125,4520,4520
uflp_orlib,cap103,0,0,penalty,floor,25,250000,893782.1125,True,8,893782.1125,1216,1216
uflp_orlib,cap103,0,0,penalty,floor,25,250000,893782.1125,True,9,893782.1125,1401,1401
uflp_orlib,cap103,0,0,penalty,floor,25,250000,893782.1125,True,10,893782.1125,1765,1765
uflp_orlib,cap103,0,0,penalty,floor,25,250000,893782.1125,True,11,893782.1125,3301,3301
uflp_orlib,cap103,0,0,penalty,floor,25,250000,893782.1125,True,12,893782.1125,1785,1785
uflp_orlib,cap103,0,0,penalty,floor,25,250000,893782.1125,True,13,893782.1125,3292,3292
uflp_orlib,cap103,0,0,penalty,floor,25,250000,893782.1125,True,14,893782.1125,1584,1584
uflp_orlib,cap103,0,0,penalty,floor,25,250000,893782.1125,True,15,893782.1125,4348,4348
uflp_orlib,cap103,0,0,penalty,floor,25,250000,893782.1125,True,16,893782.1125,5022,5022
uflp_orlib,cap103,0,0,penalty,floor,25,250000,893782.1125,True,17,893782.1125,1409,1409
uflp_orlib,cap103,0,0,penalty,floor,25,250000,893782.1125,True,18,893782.1125,886,886
uflp_orlib,cap103,0,0,penalty,floor,25,250000,893782.1125,True,19,893782.1125,2778,2778
uflp_orlib,cap103,0,0,penalty,floor,25,250000,893782.1125,True,20,893782.1125,7815,7815
uflp_orlib,cap103,0,0,penalty,floor,25,250000,893782.1125,True,21,893782.1125,2225,2225
uflp_orlib,cap103,0,0,penalty,floor,25,250000,893782.1125,True,22,893782.1125,870,870
uflp_orlib,cap103,0,0,penalty,floor,25,250000,893782.1125,True,23,893782.1125,2808,2808
uflp_orlib,cap103,0,0,penalty,floor,25,250000,893782.1125,True,24,893782.1125,2233,2233
uflp_orlib,cap103,0,0,penalty,floor,25,250000,893782.1125,True,25,893782.1125,1610,1610
uflp_orlib,cap103,0,0,penalty,floor,25,250000,893782.1125,True,26,893782.1125,1986,1986
uflp_orlib,cap103,0,0,penalty,floor,25,250000,893782.1125,True,27,893782.1125,2945,2945
uflp_orlib,cap103,0,0,penalty,floor,25,250000,893782.1125,True,28,893782.1125,605,605
uflp_orlib,cap103,0,0,penalty,floor,25,250000,893782.1125,True,29,893782.1125,1423,1423
uflp_orlib,cap103,0,0,penalty,floor,25,250000,893782.1125,True,30,893782.1125,1061,1061
uflp_orlib,cap101,0,0,penalty,ga,25,250000,796648.4375,True,0,796648.4375000001,990,990
uflp_orlib,cap101,0,0,penalty,ga,25,250000,796648.4375,True,1,796648.4375000001,930,930
uflp_orlib,cap101,0,0,penalty,ga,25,250000,796648.4375,True,2,796648.4375000001,540,540
uflp_orlib,cap101,0,0,penalty,ga,25,250000,796648.4375,True,3,796648.4375000001,540,540
uflp_orlib,cap101,0,0,penalty,ga,25,250000,796648.4375,True,4,796648.4375000001,480,480
uflp_orlib,cap101,0,0,penalty,ga,25,250000,796648.4375,True,5,796648.4375000001,720,720
uflp_orlib,cap101,0,0,penalty,ga,25,250000,796648.4375,True,6,796648.4375000001,390,390
uflp_orlib,cap101,0,0,penalty,ga,25,250000,796648.4375,True,7,796648.4375000001,3690,3690
uflp_orlib,cap101,0,0,penalty,ga,25,250000,796648.4375,True,8,796648.4375000001,9750,9750
uflp_orlib,cap101,0,0,penalty,ga,25,250000,796648.4375,True,9,796648.4375000001,5460,5460
uflp_orlib,cap101,0,0,penalty,ga,25,250000,796648.4375,True,10,796648.4375000001,540,540
uflp_orlib,cap101,0,0,penalty,ga,25,250000,796648.4375,True,11,796648.4375000001,5280,5280
uflp_orlib,cap101,0,0,penalty,ga,25,250000,796648.4375,True,12,796648.4375000001,450,450
uflp_orlib,cap101,0,0,penalty,ga,25,250000,796648.4375,True,13,796648.4375000001,750,750
uflp_orlib,cap101,0,0,penalty,ga,25,250000,796648.4375,True,14,796648.4375000001,4650,4650
uflp_orlib,cap101,0,0,penalty,ga,25,250000,796648.4375,True,15,796648.4375000001,4950,4950
uflp_orlib,cap101,0,0,penalty,ga,25,250000,796648.4375,True,16,796648.4375000001,240,240
uflp_orlib,cap101,0,0,penalty,ga,25,250000,796648.4375,True,17,796648.4375000001,360,360
uflp_orlib,cap101,0,0,penalty,ga,25,250000,796648.4375,True,18,796648.4375000001,720,720
uflp_orlib,cap101,0,0,penalty,ga,25,250000,796648.4375,True,19,796648.4375000001,1770,1770
uflp_orlib,cap101,0,0,penalty,ga,25,250000,796648.4375,True,20,796648.4375000001,450,450
uflp_orlib,cap101,0,0,penalty,ga,25,250000,796648.4375,True,21,796648.4375000001,450,450
uflp_orlib,cap101,0,0,penalty,ga,25,250000,796648.4375,True,22,796648.4375000001,480,480
uflp_orlib,cap101,0,0,penalty,ga,25,250000,796648.4375,True,23,796648.4375000001,1050,1050
uflp_orlib,cap101,0,0,penalty,ga,25,250000,796648.4375,True,24,796648.4375000001,450,450
uflp_orlib,cap101,0,0,penalty,ga,25,250000,796648.4375,True,25,796648.4375000001,1350,1350
uflp_orlib,cap101,0,0,penalty,ga,25,250000,796648.4375,True,26,796648.4375000001,1830,1830
uflp_orlib,cap101,0,0,penalty,ga,25,250000,796648.4375,True,27,796648.4375000001,5850,5850
uflp_orlib,cap101,0,0,penalty,ga,25,250000,796648.4375,True,28,796648.4375000001,600,600
uflp_orlib,cap101,0,0,penalty,ga,25,250000,796648.4375,True,29,796648.4375000001,630,630
uflp_orlib,cap101,0,0,penalty,ga,25,250000,796648.4375,True,30,796648.4375000001,5430,5430
uflp_orlib,cap101,0,0,penalty,floor,25,250000,796648.4375,True,0,796648.4375000001,677,677
uflp_orlib,cap101,0,0,penalty,floor,25,250000,796648.4375,True,1,796648.4375000001,1266,1266
uflp_orlib,cap101,0,0,penalty,floor,25,250000,796648.4375,True,2,796648.4375000001,2583,2583
uflp_orlib,cap101,0,0,penalty,floor,25,250000,796648.4375,True,3,796648.4375000001,4074,4074
uflp_orlib,cap101,0,0,penalty,floor,25,250000,796648.4375,True,4,796648.4375000001,4426,4426
uflp_orlib,cap101,0,0,penalty,floor,25,250000,796648.4375,True,5,796648.4375000001,2860,2860
uflp_orlib,cap101,0,0,penalty,floor,25,250000,796648.4375,True,6,796648.4375000001,876,876
uflp_orlib,cap101,0,0,penalty,floor,25,250000,796648.4375,True,7,796648.4375000001,4841,4841
uflp_orlib,cap101,0,0,penalty,floor,25,250000,796648.4375,True,8,796648.4375000001,2713,2713
uflp_orlib,cap101,0,0,penalty,floor,25,250000,796648.4375,True,9,796648.4375000001,3377,3377
uflp_orlib,cap101,0,0,penalty,floor,25,250000,796648.4375,True,10,796648.4375000001,1051,1051
uflp_orlib,cap101,0,0,penalty,floor,25,250000,796648.4375,True,11,796648.4375000001,9679,9679
uflp_orlib,cap101,0,0,penalty,floor,25,250000,796648.4375,True,12,796648.4375000001,1447,1447
uflp_orlib,cap101,0,0,penalty,floor,25,250000,796648.4375,True,13,796648.4375000001,1433,1433
uflp_orlib,cap101,0,0,penalty,floor,25,250000,796648.4375,True,14,796648.4375000001,1254,1254
uflp_orlib,cap101,0,0,penalty,floor,25,250000,796648.4375,True,15,796648.4375000001,2351,2351
uflp_orlib,cap101,0,0,penalty,floor,25,250000,796648.4375,True,16,796648.4375000001,2086,2086
uflp_orlib,cap101,0,0,penalty,floor,25,250000,796648.4375,True,17,796648.4375000001,2530,2530
uflp_orlib,cap101,0,0,penalty,floor,25,250000,796648.4375,True,18,796648.4375000001,2492,2492
uflp_orlib,cap101,0,0,penalty,floor,25,250000,796648.4375,True,19,796648.4375000001,4112,4112
uflp_orlib,cap101,0,0,penalty,floor,25,250000,796648.4375,True,20,796648.4375000001,1071,1071
uflp_orlib,cap101,0,0,penalty,floor,25,250000,796648.4375,True,21,796648.4375000001,4068,4068
uflp_orlib,cap101,0,0,penalty,floor,25,250000,796648.4375,True,22,796648.4375000001,2368,2368
uflp_orlib,cap101,0,0,penalty,floor,25,250000,796648.4375,True,23,796648.4375000001,5402,5402
uflp_orlib,cap101,0,0,penalty,floor,25,250000,796648.4375,True,24,796648.4375000001,4775,4775
uflp_orlib,cap101,0,0,penalty,floor,25,250000,796648.4375,True,25,796648.4375000001,1447,1447
uflp_orlib,cap101,0,0,penalty,floor,25,250000,796648.4375,True,26,796648.4375000001,1548,1548
uflp_orlib,cap101,0,0,penalty,floor,25,250000,796648.4375,True,27,796648.4375000001,1051,1051
uflp_orlib,cap101,0,0,penalty,floor,25,250000,796648.4375,True,28,796648.4375000001,8146,8146
uflp_orlib,cap101,0,0,penalty,floor,25,250000,796648.4375,True,29,796648.4375000001,2390,2390
uflp_orlib,cap101,0,0,penalty,floor,25,250000,796648.4375,True,30,796648.4375000001,3065,3065
uflp_orlib,cap73,0,0,penalty,bpso,16,160000,1010641.45,True,0,1010641.45,810,810
uflp_orlib,cap73,0,0,penalty,bpso,16,160000,1010641.45,True,1,1010641.45,3000,3000
uflp_orlib,cap73,0,0,penalty,bpso,16,160000,1010641.45,True,2,1010641.45,270,270
uflp_orlib,cap73,0,0,penalty,bpso,16,160000,1010641.45,True,3,1010641.45,900,900
uflp_orlib,cap73,0,0,penalty,bpso,16,160000,1010641.45,True,4,1010641.45,6270,6270
uflp_orlib,cap73,0,0,penalty,bpso,16,160000,1010641.45,True,5,1010641.45,210,210
uflp_orlib,cap73,0,0,penalty,bpso,16,160000,1010641.45,True,6,1010641.45,10350,10350
uflp_orlib,cap73,0,0,penalty,bpso,16,160000,1010641.45,True,7,1010641.45,690,690
uflp_orlib,cap73,0,0,penalty,bpso,16,160000,1010641.45,True,8,1010641.45,1260,1260
uflp_orlib,cap73,0,0,penalty,bpso,16,160000,1010641.45,True,9,1010641.45,3120,3120
uflp_orlib,cap73,0,0,penalty,bpso,16,160000,1010641.45,True,10,1010641.45,1260,1260
uflp_orlib,cap73,0,0,penalty,bpso,16,160000,1010641.45,True,11,1010641.45,15210,15210
uflp_orlib,cap73,0,0,penalty,bpso,16,160000,1010641.45,True,12,1010641.45,570,570
uflp_orlib,cap73,0,0,penalty,bpso,16,160000,1010641.45,True,13,1010641.45,3570,3570
uflp_orlib,cap73,0,0,penalty,bpso,16,160000,1010641.45,True,14,1010641.45,10650,10650
uflp_orlib,cap73,0,0,penalty,bpso,16,160000,1010641.45,True,15,1010641.45,1800,1800
uflp_orlib,cap73,0,0,penalty,bpso,16,160000,1010641.45,True,16,1010641.45,2160,2160
uflp_orlib,cap73,0,0,penalty,bpso,16,160000,1010641.45,True,17,1010641.45,300,300
uflp_orlib,cap73,0,0,penalty,bpso,16,160000,1010641.45,True,18,1010641.45,330,330
uflp_orlib,cap73,0,0,penalty,bpso,16,160000,1010641.45,True,19,1010641.45,240,240
uflp_orlib,cap73,0,0,penalty,bpso,16,160000,1010641.45,True,20,1010641.45,240,240
uflp_orlib,cap73,0,0,penalty,bpso,16,160000,1010641.45,True,21,1010641.45,840,840
uflp_orlib,cap73,0,0,penalty,bpso,16,160000,1010641.45,True,22,1010641.45,11490,11490
uflp_orlib,cap73,0,0,penalty,bpso,16,160000,1010641.45,True,23,1010641.45,13740,13740
uflp_orlib,cap73,0,0,penalty,bpso,16,160000,1010641.45,True,24,1010641.45,15060,15060
uflp_orlib,cap73,0,0,penalty,bpso,16,160000,1010641.45,True,25,1010641.45,3420,3420
uflp_orlib,cap73,0,0,penalty,bpso,16,160000,1010641.45,True,26,1010641.45,150,150
uflp_orlib,cap73,0,0,penalty,bpso,16,160000,1010641.45,True,27,1010641.45,480,480
uflp_orlib,cap73,0,0,penalty,bpso,16,160000,1010641.45,True,28,1010641.45,1080,1080
uflp_orlib,cap73,0,0,penalty,bpso,16,160000,1010641.45,True,29,1010641.45,1380,1380
uflp_orlib,cap73,0,0,penalty,bpso,16,160000,1010641.45,True,30,1010641.45,3120,3120
uflp_orlib,cap103,0,0,penalty,ga,25,250000,893782.1125,True,0,893782.1125,540,540
uflp_orlib,cap103,0,0,penalty,ga,25,250000,893782.1125,True,1,893782.1125,630,630
uflp_orlib,cap103,0,0,penalty,ga,25,250000,893782.1125,True,2,893782.1125,8580,8580
uflp_orlib,cap103,0,0,penalty,ga,25,250000,893782.1125,True,3,893782.1125,660,660
uflp_orlib,cap103,0,0,penalty,ga,25,250000,893782.1125,True,4,893782.1125,5520,5520
uflp_orlib,cap103,0,0,penalty,ga,25,250000,893782.1125,True,5,893782.1125,660,660
uflp_orlib,cap103,0,0,penalty,ga,25,250000,893782.1125,True,6,893782.1125,1170,1170
uflp_orlib,cap103,0,0,penalty,ga,25,250000,893782.1125,True,7,893782.1125,7980,7980
uflp_orlib,cap103,0,0,penalty,ga,25,250000,893782.1125,True,8,893782.1125,510,510
uflp_orlib,cap103,0,0,penalty,ga,25,250000,893782.1125,True,9,893782.1125,16590,16590
uflp_orlib,cap103,0,0,penalty,ga,25,250000,893782.1125,True,10,893782.1125,240,240
uflp_orlib,cap103,0,0,penalty,ga,25,250000,893782.1125,True,11,893782.1125,6600,6600
uflp_orlib,cap103,0,0,penalty,ga,25,250000,893782.1125,True,12,893782.1125,420,420
uflp_orlib,cap103,0,0,penalty,ga,25,250000,893782.1125,True,13,893782.1125,2910,2910
uflp_orlib,cap103,0,0,penalty,ga,25,250000,893782.1125,True,14,893782.1125,7650,7650
uflp_orlib,cap103,0,0,penalty,ga,25,250000,893782.1125,True,15,893782.1125,480,480
uflp_orlib,cap103,0,0,penalty,ga,25,250000,893782.1125,True,16,893782.1125,450,450
uflp_orlib,cap103,0,0,penalty,ga,25,250000,893782.1125,True,17,893782.1125,7800,7800
uflp_orlib,cap103,0,0,penalty,ga,25,250000,893782.1125,True,18,893782.1125,570,570
uflp_orlib,cap103,0,0,penalty,ga,25,250000,893782.1125,True,19,893782.1125,3240,3240
uflp_orlib,cap103,0,0,penalty,ga,25,250000,893782.1125,True,20,893782.1125,390,390
uflp_orlib,cap103,0,0,penalty,ga,25,250000,893782.1125,True,21,893782.1125,2490,2490
uflp_orlib,cap103,0,0,penalty,ga,25,250000,893782.1125,True,22,893782.1125,450,450
uflp_orlib,cap103,0,0,penalty,ga,25,250000,893782.1125,True,23,893782.1125,450,450
uflp_orlib,cap103,0,0,penalty,ga,25,250000,893782.1125,True,24,893782.1125,25260,25260
uflp_orlib,cap103,0,0,penalty,ga,25,250000,893782.1125,True,25,893782.1125,5640,5640
uflp_orlib,cap103,0,0,penalty,ga,25,250000,893782.1125,True,26,893782.1125,450,450
uflp_orlib,cap103,0,0,penalty,ga,25,250000,893782.1125,True,27,893782.1125,240,240
uflp_orlib,cap103,0,0,penalty,ga,25,250000,893782.1125,True,28,893782.1125,5250,5250
uflp_orlib,cap103,0,0,penalty,ga,25,250000,893782.1125,True,29,893782.1125,10140,10140
uflp_orlib,cap103,0,0,penalty,ga,25,250000,893782.1125,True,30,893782.1125,3780,3780
uflp_orlib,cap74,0,0,penalty,bpso,16,160000,1034976.975,True,0,1034976.9750000001,420,420
uflp_orlib,cap74,0,0,penalty,bpso,16,160000,1034976.975,True,1,1034976.9750000001,1950,1950
uflp_orlib,cap74,0,0,penalty,bpso,16,160000,1034976.975,True,2,1034976.9750000001,810,810
uflp_orlib,cap74,0,0,penalty,bpso,16,160000,1034976.975,True,3,1034976.9750000001,1950,1950
uflp_orlib,cap74,0,0,penalty,bpso,16,160000,1034976.975,True,4,1034976.9750000001,540,540
uflp_orlib,cap74,0,0,penalty,bpso,16,160000,1034976.975,True,5,1034976.9750000001,240,240
uflp_orlib,cap74,0,0,penalty,bpso,16,160000,1034976.975,True,6,1034976.9750000001,300,300
uflp_orlib,cap74,0,0,penalty,bpso,16,160000,1034976.975,True,7,1034976.9750000001,570,570
uflp_orlib,cap74,0,0,penalty,bpso,16,160000,1034976.975,True,8,1034976.9750000001,810,810
uflp_orlib,cap74,0,0,penalty,bpso,16,160000,1034976.975,True,9,1034976.9750000001,1500,1500
uflp_orlib,cap74,0,0,penalty,bpso,16,160000,1034976.975,True,10,1034976.9750000001,510,510
uflp_orlib,cap74,0,0,penalty,bpso,16,160000,1034976.975,True,11,1034976.9750000001,630,630
uflp_orlib,cap74,0,0,penalty,bpso,16,160000,1034976.975,True,12,1034976.9750000001,1860,1860
uflp_orlib,cap74,0,0,penalty,bpso,16,160000,1034976.975,True,13,1034976.9750000001,60750,60750
uflp_orlib,cap74,0,0,penalty,bpso,16,160000,1034976.975,True,14,1034976.9750000001,690,690
uflp_orlib,cap74,0,0,penalty,bpso,16,160000,1034976.975,True,15,1034976.9750000001,1890,1890
uflp_orlib,cap74,0,0,penalty,bpso,16,160000,1034976.975,True,16,1034976.9750000001,1320,1320
uflp_orlib,cap74,0,0,penalty,bpso,16,160000,1034976.975,True,17,1034976.9750000001,300,300
uflp_orlib,cap74,0,0,penalty,bpso,16,160000,1034976.975,True,18,1034976.9750000001,2790,2790
uflp_orlib,cap74,0,0,penalty,bpso,16,160000,1034976.975,True,19,1034976.9750000001,2400,2400
uflp_orlib,cap74,0,0,penalty,bpso,16,160000,1034976.975,True,20,1034976.9750000001,270,270
uflp_orlib,cap74,0,0,penalty,bpso,16,160000,1034976.975,True,21,1034976.9750000001,390,390
uflp_orlib,cap74,0,0,penalty,bpso,16,160000,1034976.975,True,22,1034976.9750000001,27450,27450
uflp_orlib,cap74,0,0,penalty,bpso,16,160000,1034976.975,True,23,1034976.9750000001,480,480
uflp_orlib,cap74,0,0,penalty,bpso,16,160000,1034976.975,True,24,1034976.9750000001,1980,1980
uflp_orlib,cap74,0,0,penalty,bpso,16,160000,1034976.975,True,25,1034976.9750000001,11040,11040
uflp_orlib,cap74,0,0,penalty,bpso,16,160000,1034976.975,True,26,1034976.9750000001,510,510
uflp_orlib,cap74,0,0,penalty,bpso,16,160000,1034976.975,True,27,1034976.9750000001,4950,4950
uflp_orlib,cap74,0,0,penalty,bpso,16,160000,1034976.975,True,28,1034976.9750000001,2040,2040
uflp_orlib,cap74,0,0,penalty,bpso,16,160000,1034976.975,True,29,1034976.9750000001,40680,40680
uflp_orlib,cap74,0,0,penalty,bpso,16,160000,1034976.975,True,30,1034976.9750000001,360,360
uflp_orlib,cap132,0,0,penalty,ils,50,500000,851495.325,True,0,851495.3250000001,2033,2033
uflp_orlib,cap132,0,0,penalty,ils,50,500000,851495.325,True,1,851495.3250000001,1832,1832
uflp_orlib,cap132,0,0,penalty,ils,50,500000,851495.325,True,2,851495.3250000001,1568,1568
uflp_orlib,cap132,0,0,penalty,ils,50,500000,851495.325,True,3,851495.3250000001,1491,1491
uflp_orlib,cap132,0,0,penalty,ils,50,500000,851495.325,True,4,851495.3250000001,1761,1761
uflp_orlib,cap132,0,0,penalty,ils,50,500000,851495.325,True,5,851495.3250000001,2178,2178
uflp_orlib,cap132,0,0,penalty,ils,50,500000,851495.325,True,6,851495.3250000001,1660,1660
uflp_orlib,cap132,0,0,penalty,ils,50,500000,851495.325,True,7,851495.3250000001,1689,1689
uflp_orlib,cap132,0,0,penalty,ils,50,500000,851495.325,True,8,851495.3250000001,1664,1664
uflp_orlib,cap132,0,0,penalty,ils,50,500000,851495.325,True,9,851495.3250000001,1229,1229
uflp_orlib,cap132,0,0,penalty,ils,50,500000,851495.325,True,10,851495.3250000001,1685,1685
uflp_orlib,cap132,0,0,penalty,ils,50,500000,851495.325,True,11,851495.3250000001,2060,2060
uflp_orlib,cap132,0,0,penalty,ils,50,500000,851495.325,True,12,851495.3250000001,2215,2215
uflp_orlib,cap132,0,0,penalty,ils,50,500000,851495.325,True,13,851495.3250000001,1691,1691
uflp_orlib,cap132,0,0,penalty,ils,50,500000,851495.325,True,14,851495.3250000001,2000,2000
uflp_orlib,cap132,0,0,penalty,ils,50,500000,851495.325,True,15,851495.3250000001,1539,1539
uflp_orlib,cap132,0,0,penalty,ils,50,500000,851495.325,True,16,851495.3250000001,1928,1928
uflp_orlib,cap132,0,0,penalty,ils,50,500000,851495.325,True,17,851495.3250000001,1555,1555
uflp_orlib,cap132,0,0,penalty,ils,50,500000,851495.325,True,18,851495.3250000001,1747,1747
uflp_orlib,cap132,0,0,penalty,ils,50,500000,851495.325,True,19,851495.3250000001,1629,1629
uflp_orlib,cap132,0,0,penalty,ils,50,500000,851495.325,True,20,851495.3250000001,1214,1214
uflp_orlib,cap132,0,0,penalty,ils,50,500000,851495.325,True,21,851495.3250000001,1722,1722
uflp_orlib,cap132,0,0,penalty,ils,50,500000,851495.325,True,22,851495.3250000001,1265,1265
uflp_orlib,cap132,0,0,penalty,ils,50,500000,851495.325,True,23,851495.3250000001,1742,1742
uflp_orlib,cap132,0,0,penalty,ils,50,500000,851495.325,True,24,851495.3250000001,1345,1345
uflp_orlib,cap132,0,0,penalty,ils,50,500000,851495.325,True,25,851495.3250000001,1801,1801
uflp_orlib,cap132,0,0,penalty,ils,50,500000,851495.325,True,26,851495.3250000001,1148,1148
uflp_orlib,cap132,0,0,penalty,ils,50,500000,851495.325,True,27,851495.3250000001,1909,1909
uflp_orlib,cap132,0,0,penalty,ils,50,500000,851495.325,True,28,851495.3250000001,1897,1897
uflp_orlib,cap132,0,0,penalty,ils,50,500000,851495.325,True,29,851495.3250000001,1067,1067
uflp_orlib,cap132,0,0,penalty,ils,50,500000,851495.325,True,30,851495.3250000001,1771,1771
uflp_orlib,cap132,0,0,penalty,mga,50,500000,851495.325,True,0,851495.3250000001,1920,1920
uflp_orlib,cap132,0,0,penalty,mga,50,500000,851495.325,True,1,851495.3250000001,1533,1533
uflp_orlib,cap132,0,0,penalty,mga,50,500000,851495.325,True,2,851495.3250000001,1787,1787
uflp_orlib,cap132,0,0,penalty,mga,50,500000,851495.325,True,3,851495.3250000001,1566,1566
uflp_orlib,cap132,0,0,penalty,mga,50,500000,851495.325,True,4,851495.3250000001,1565,1565
uflp_orlib,cap132,0,0,penalty,mga,50,500000,851495.325,True,5,851495.3250000001,1905,1905
uflp_orlib,cap132,0,0,penalty,mga,50,500000,851495.325,True,6,851495.3250000001,1170,1170
uflp_orlib,cap132,0,0,penalty,mga,50,500000,851495.325,True,7,851495.3250000001,1475,1475
uflp_orlib,cap132,0,0,penalty,mga,50,500000,851495.325,True,8,851495.3250000001,1500,1500
uflp_orlib,cap132,0,0,penalty,mga,50,500000,851495.325,True,9,851495.3250000001,1995,1995
uflp_orlib,cap132,0,0,penalty,mga,50,500000,851495.325,True,10,851495.3250000001,1339,1339
uflp_orlib,cap132,0,0,penalty,mga,50,500000,851495.325,True,11,851495.3250000001,1877,1877
uflp_orlib,cap132,0,0,penalty,mga,50,500000,851495.325,True,12,851495.3250000001,1777,1777
uflp_orlib,cap132,0,0,penalty,mga,50,500000,851495.325,True,13,851495.3250000001,2023,2023
uflp_orlib,cap132,0,0,penalty,mga,50,500000,851495.325,True,14,851495.3250000001,1714,1714
uflp_orlib,cap132,0,0,penalty,mga,50,500000,851495.325,True,15,851495.3250000001,1667,1667
uflp_orlib,cap132,0,0,penalty,mga,50,500000,851495.325,True,16,851495.3250000001,1720,1720
uflp_orlib,cap132,0,0,penalty,mga,50,500000,851495.325,True,17,851495.3250000001,2115,2115
uflp_orlib,cap132,0,0,penalty,mga,50,500000,851495.325,True,18,851495.3250000001,1417,1417
uflp_orlib,cap132,0,0,penalty,mga,50,500000,851495.325,True,19,851495.3250000001,1244,1244
uflp_orlib,cap132,0,0,penalty,mga,50,500000,851495.325,True,20,851495.3250000001,1067,1067
uflp_orlib,cap132,0,0,penalty,mga,50,500000,851495.325,True,21,851495.3250000001,1471,1471
uflp_orlib,cap132,0,0,penalty,mga,50,500000,851495.325,True,22,851495.3250000001,1917,1917
uflp_orlib,cap132,0,0,penalty,mga,50,500000,851495.325,True,23,851495.3250000001,1903,1903
uflp_orlib,cap132,0,0,penalty,mga,50,500000,851495.325,True,24,851495.3250000001,1417,1417
uflp_orlib,cap132,0,0,penalty,mga,50,500000,851495.325,True,25,851495.3250000001,2410,2410
uflp_orlib,cap132,0,0,penalty,mga,50,500000,851495.325,True,26,851495.3250000001,1405,1405
uflp_orlib,cap132,0,0,penalty,mga,50,500000,851495.325,True,27,851495.3250000001,1471,1471
uflp_orlib,cap132,0,0,penalty,mga,50,500000,851495.325,True,28,851495.3250000001,1977,1977
uflp_orlib,cap132,0,0,penalty,mga,50,500000,851495.325,True,29,851495.3250000001,1751,1751
uflp_orlib,cap132,0,0,penalty,mga,50,500000,851495.325,True,30,851495.3250000001,1686,1686
uflp_orlib,cap131,0,0,penalty,mbpso,50,500000,793439.5625,True,0,793439.5625000001,4753,4753
uflp_orlib,cap131,0,0,penalty,mbpso,50,500000,793439.5625,True,1,793439.5625000001,1836,1836
uflp_orlib,cap131,0,0,penalty,mbpso,50,500000,793439.5625,True,2,793439.5625000001,2552,2552
uflp_orlib,cap131,0,0,penalty,mbpso,50,500000,793439.5625,True,3,793439.5625000001,2550,2550
uflp_orlib,cap131,0,0,penalty,mbpso,50,500000,793439.5625,True,4,793439.5625000001,4731,4731
uflp_orlib,cap131,0,0,penalty,mbpso,50,500000,793439.5625,True,5,793439.5625000001,3683,3683
uflp_orlib,cap131,0,0,penalty,mbpso,50,500000,793439.5625,True,6,793439.5625000001,1759,1759
uflp_orlib,cap131,0,0,penalty,mbpso,50,500000,793439.5625,True,7,793439.5625000001,7883,7883
uflp_orlib,cap131,0,0,penalty,mbpso,50,500000,793439.5625,True,8,793439.5625000001,2097,2097
uflp_orlib,cap131,0,0,penalty,mbpso,50,500000,793439.5625,True,9,793439.5625000001,2350,2350
uflp_orlib,cap131,0,0,penalty,mbpso,50,500000,793439.5625,True,10,793439.5625000001,6650,6650
uflp_orlib,cap131,0,0,penalty,mbpso,50,500000,793439.5625,True,11,793439.5625000001,1441,1441
uflp_orlib,cap131,0,0,penalty,mbpso,50,500000,793439.5625,True,12,793439.5625000001,1230,1230
uflp_orlib,cap131,0,0,penalty,mbpso,50,500000,793439.5625,True,13,793439.5625000001,7146,7146
uflp_orlib,cap131,0,0,penalty,mbpso,50,500000,793439.5625,True,14,793439.5625000001,2272,2272
uflp_orlib,cap131,0,0,penalty,mbpso,50,500000,793439.5625,True,15,793439.5625000001,9033,9033
uflp_orlib,cap131,0,0,penalty,mbpso,50,500000,793439.5625,True,16,793439.5625000001,2770,2770
uflp_orlib,cap131,0,0,penalty,mbpso,50,500000,793439.5625,True,17,793439.5625000001,6770,6770
uflp_orlib,cap131,0,0,penalty,mbpso,50,500000,793439.5625,True,18,793439.5625000001,2641,2641
uflp_orlib,cap131,0,0,penalty,mbpso,50,500000,793439.5625,True,19,793439.5625000001,2301,2301
uflp_orlib,cap131,0,0,penalty,mbpso,50,500000,793439.5625,True,20,793439.5625000001,2075,2075
uflp_orlib,cap131,0,0,penalty,mbpso,50,500000,793439.5625,True,21,793439.5625000001,9518,9518
uflp_orlib,cap131,0,0,penalty,mbpso,50,500000,793439.5625,True,22,793439.5625000001,1564,1564
uflp_orlib,cap131,0,0,penalty,mbpso,50,500000,793439.5625,True,23,793439.5625000001,6355,6355
uflp_orlib,cap131,0,0,penalty,mbpso,50,500000,793439.5625,True,24,793439.5625000001,2137,2137
uflp_orlib,cap131,0,0,penalty,mbpso,50,500000,793439.5625,True,25,793439.5625000001,1878,1878
uflp_orlib,cap131,0,0,penalty,mbpso,50,500000,793439.5625,True,26,793439.5625000001,12878,12878
uflp_orlib,cap131,0,0,penalty,mbpso,50,500000,793439.5625,True,27,793439.5625000001,7168,7168
uflp_orlib,cap131,0,0,penalty,mbpso,50,500000,793439.5625,True,28,793439.5625000001,2047,2047
uflp_orlib,cap131,0,0,penalty,mbpso,50,500000,793439.5625,True,29,793439.5625000001,5134,5134
uflp_orlib,cap131,0,0,penalty,mbpso,50,500000,793439.5625,True,30,793439.5625000001,2184,2184
uflp_orlib,cap101,0,0,penalty,ils,25,250000,796648.4375,True,0,796648.4375000001,2924,2924
uflp_orlib,cap101,0,0,penalty,ils,25,250000,796648.4375,True,1,796648.4375000001,431,431
uflp_orlib,cap101,0,0,penalty,ils,25,250000,796648.4375,True,2,796648.4375000001,8644,8644
uflp_orlib,cap101,0,0,penalty,ils,25,250000,796648.4375,True,3,796648.4375000001,15522,15522
uflp_orlib,cap101,0,0,penalty,ils,25,250000,796648.4375,True,4,796648.4375000001,533,533
uflp_orlib,cap101,0,0,penalty,ils,25,250000,796648.4375,True,5,796648.4375000001,572,572
uflp_orlib,cap101,0,0,penalty,ils,25,250000,796648.4375,True,6,796648.4375000001,311,311
uflp_orlib,cap101,0,0,penalty,ils,25,250000,796648.4375,True,7,796648.4375000001,632,632
uflp_orlib,cap101,0,0,penalty,ils,25,250000,796648.4375,True,8,796648.4375000001,14274,14274
uflp_orlib,cap101,0,0,penalty,ils,25,250000,796648.4375,True,9,796648.4375000001,450,450
uflp_orlib,cap101,0,0,penalty,ils,25,250000,796648.4375,True,10,796648.4375000001,1718,1718
uflp_orlib,cap101,0,0,penalty,ils,25,250000,796648.4375,True,11,796648.4375000001,7211,7211
uflp_orlib,cap101,0,0,penalty,ils,25,250000,796648.4375,True,12,796648.4375000001,3517,3517
uflp_orlib,cap101,0,0,penalty,ils,25,250000,796648.4375,True,13,796648.4375000001,434,434
uflp_orlib,cap101,0,0,penalty,ils,25,250000,796648.4375,True,14,796648.4375000001,510,510
uflp_orlib,cap101,0,0,penalty,ils,25,250000,796648.4375,True,15,796648.4375000001,483,483
uflp_orlib,cap101,0,0,penalty,ils,25,250000,796648.4375,True,16,796648.4375000001,338,338
uflp_orlib,cap101,0,0,penalty,ils,25,250000,796648.4375,True,17,796648.4375000001,796,796
uflp_orlib,cap101,0,0,penalty,ils,25,250000,796648.4375,True,18,796648.4375000001,34025,34025
uflp_orlib,cap101,0,0,penalty,ils,25,250000,796648.4375,True,19,796648.4375000001,30199,30199
uflp_orlib,cap101,0,0,penalty,ils,25,250000,796648.4375,True,20,796648.4375000001,12387,12387
uflp_orlib,cap101,0,0,penalty,ils,25,250000,796648.4375,True,21,796648.4375000001,2164,2164
uflp_orlib,cap101,0,0,penalty,ils,25,250000,796648.4375,True,22,796648.4375000001,407,407
uflp_orlib,cap101,0,0,penalty,ils,25,250000,796648.4375,True,23,796648.4375000001,19783,19783
uflp_orlib,cap101,0,0,penalty,ils,25,250000,796648.4375,True,24,796648.4375000001,15336,15336
uflp_orlib,cap101,0,0,penalty,ils,25,250000,796648.4375,True,25,796648.4375000001,9992,9992
uflp_orlib,cap101,0,0,penalty,ils,25,250000,796648.4375,True,26,796648.4375000001,2767,2767
uflp_orlib,cap101,0,0,penalty,ils,25,250000,796648.4375,True,27,796648.4375000001,372,372
uflp_orlib,cap101,0,0,penalty,ils,25,250000,796648.4375,True,28,796648.4375000001,19862,19862
uflp_orlib,cap101,0,0,penalty,ils,25,250000,796648.4375,True,29,796648.4375000001,8404,8404
uflp_orlib,cap101,0,0,penalty,ils,25,250000,796648.4375,True,30,796648.4375000001,514,514
uflp_orlib,cap132,0,0,penalty,mbpso,50,500000,851495.325,True,0,851495.3250000001,1659,1659
uflp_orlib,cap132,0,0,penalty,mbpso,50,500000,851495.325,True,1,851495.3250000001,1189,1189
uflp_orlib,cap132,0,0,penalty,mbpso,50,500000,851495.325,True,2,851495.3250000001,1521,1521
uflp_orlib,cap132,0,0,penalty,mbpso,50,500000,851495.325,True,3,851495.3250000001,1687,1687
uflp_orlib,cap132,0,0,penalty,mbpso,50,500000,851495.325,True,4,851495.3250000001,1490,1490
uflp_orlib,cap132,0,0,penalty,mbpso,50,500000,851495.325,True,5,851495.3250000001,2037,2037
uflp_orlib,cap132,0,0,penalty,mbpso,50,500000,851495.325,True,6,851495.3250000001,1700,1700
uflp_orlib,cap132,0,0,penalty,mbpso,50,500000,851495.325,True,7,851495.3250000001,1290,1290
uflp_orlib,cap132,0,0,penalty,mbpso,50,500000,851495.325,True,8,851495.3250000001,1631,1631
uflp_orlib,cap132,0,0,penalty,mbpso,50,500000,851495.325,True,9,851495.3250000001,2140,2140
uflp_orlib,cap132,0,0,penalty,mbpso,50,500000,851495.325,True,10,851495.3250000001,1088,1088
uflp_orlib,cap132,0,0,penalty,mbpso,50,500000,851495.325,True,11,851495.3250000001,1023,1023
uflp_orlib,cap132,0,0,penalty,mbpso,50,500000,851495.325,True,12,851495.3250000001,1014,1014
uflp_orlib,cap132,0,0,penalty,mbpso,50,500000,851495.325,True,13,851495.3250000001,2023,2023
uflp_orlib,cap132,0,0,penalty,mbpso,50,500000,851495.325,True,14,851495.3250000001,1537,1537
uflp_orlib,cap132,0,0,penalty,mbpso,50,500000,851495.325,True,15,851495.3250000001,1595,1595
uflp_orlib,cap132,0,0,penalty,mbpso,50,500000,851495.325,True,16,851495.3250000001,1556,1556
uflp_orlib,cap132,0,0,penalty,mbpso,50,500000,851495.325,True,17,851495.3250000001,1500,1500
uflp_orlib,cap132,0,0,penalty,mbpso,50,500000,851495.325,True,18,851495.3250000001,1623,1623
uflp_orlib,cap132,0,0,penalty,mbpso,50,500000,851495.325,True,19,851495.3250000001,1734,1734
uflp_orlib,cap132,0,0,penalty,mbpso,50,500000,851495.325,True,20,851495.3250000001,1400,1400
uflp_orlib,cap132,0,0,penalty,mbpso,50,500000,851495.325,True,21,851495.3250000001,1652,1652
uflp_orlib,cap132,0,0,penalty,mbpso,50,500000,851495.325,True,22,851495.3250000001,1900,1900
uflp_orlib,cap132,0,0,penalty,mbpso,50,500000,851495.325,True,23,851495.3250000001,1470,1470
uflp_orlib,cap132,0,0,penalty,mbpso,50,500000,851495.325,True,24,851495.3250000001,1646,1646
uflp_orlib,cap132,0,0,penalty,mbpso,50,500000,851495.325,True,25,851495.3250000001,1219,1219
uflp_orlib,cap132,0,0,penalty,mbpso,50,500000,851495.325,True,26,851495.3250000001,1520,1520
uflp_orlib,cap132,0,0,penalty,mbpso,50,500000,851495.325,True,27,851495.3250000001,1469,1469
uflp_orlib,cap132,0,0,penalty,mbpso,50,500000,851495.325,True,28,851495.3250000001,1409,1409
uflp_orlib,cap132,0,0,penalty,mbpso,50,500000,851495.325,True,29,851495.3250000001,1515,1515
uflp_orlib,cap132,0,0,penalty,mbpso,50,500000,851495.325,True,30,851495.3250000001,1507,1507
uflp_orlib,cap103,0,0,penalty,ils,25,250000,893782.1125,True,0,893782.1125,1526,1526
uflp_orlib,cap103,0,0,penalty,ils,25,250000,893782.1125,True,1,893782.1125,353,353
uflp_orlib,cap103,0,0,penalty,ils,25,250000,893782.1125,True,2,893782.1125,386,386
uflp_orlib,cap103,0,0,penalty,ils,25,250000,893782.1125,True,3,893782.1125,35503,35503
uflp_orlib,cap103,0,0,penalty,ils,25,250000,893782.1125,True,4,893782.1125,16894,16894
uflp_orlib,cap103,0,0,penalty,ils,25,250000,893782.1125,True,5,893782.1125,13551,13551
uflp_orlib,cap103,0,0,penalty,ils,25,250000,893782.1125,True,6,893782.1125,48093,48093
uflp_orlib,cap103,0,0,penalty,ils,25,250000,893782.1125,True,7,893782.1125,2307,2307
uflp_orlib,cap103,0,0,penalty,ils,25,250000,893782.1125,True,8,893782.1125,341,341
uflp_orlib,cap103,0,0,penalty,ils,25,250000,893782.1125,True,9,893782.1125,6437,6437
uflp_orlib,cap103,0,0,penalty,ils,25,250000,893782.1125,True,10,893782.1125,11120,11120
uflp_orlib,cap103,0,0,penalty,ils,25,250000,893782.1125,True,11,893782.1125,25546,25546
uflp_orlib,cap103,0,0,penalty,ils,25,250000,893782.1125,True,12,893782.1125,2181,2181
uflp_orlib,cap103,0,0,penalty,ils,25,250000,893782.1125,True,13,893782.1125,16072,16072
uflp_orlib,cap103,0,0,penalty,ils,25,250000,893782.1125,True,14,893782.1125,408,408
uflp_orlib,cap103,0,0,penalty,ils,25,250000,893782.1125,True,15,893782.1125,11124,11124
uflp_orlib,cap103,0,0,penalty,ils,25,250000,893782.1125,True,16,893782.1125,10321,10321
uflp_orlib,cap103,0,0,penalty,ils,25,250000,893782.1125,True,17,893782.1125,10155,10155
uflp_orlib,cap103,0,0,penalty,ils,25,250000,893782.1125,True,18,893782.1125,9336,9336
uflp_orlib,cap103,0,0,penalty,ils,25,250000,893782.1125,True,19,893782.1125,287,287
uflp_orlib,cap103,0,0,penalty,ils,25,250000,893782.1125,True,20,893782.1125,972,972
uflp_orlib,cap103,0,0,penalty,ils,25,250000,893782.1125,True,21,893782.1125,2780,2780
uflp_orlib,cap103,0,0,penalty,ils,25,250000,893782.1125,True,22,893782.1125,367,367
uflp_orlib,cap103,0,0,penalty,ils,25,250000,893782.1125,True,23,893782.1125,1283,1283
uflp_orlib,cap103,0,0,penalty,ils,25,250000,893782.1125,True,24,893782.1125,339,339
uflp_orlib,cap103,0,0,penalty,ils,25,250000,893782.1125,True,25,893782.1125,20814,20814
uflp_orlib,cap103,0,0,penalty,ils,25,250000,893782.1125,True,26,893782.1125,1007,1007
uflp_orlib,cap103,0,0,penalty,ils,25,250000,893782.1125,True,27,893782.1125,308,308
uflp_orlib,cap103,0,0,penalty,ils,25,250000,893782.1125,True,28,893782.1125,28510,28510
uflp_orlib,cap103,0,0,penalty,ils,25,250000,893782.1125,True,29,893782.1125,36821,36821
uflp_orlib,cap103,0,0,penalty,ils,25,250000,893782.1125,True,30,893782.1125,39635,39635
uflp_orlib,cap132,0,0,penalty,mbde,50,500000,851495.325,True,0,851495.3250000001,1920,1920
uflp_orlib,cap132,0,0,penalty,mbde,50,500000,851495.325,True,1,851495.3250000001,1155,1155
uflp_orlib,cap132,0,0,penalty,mbde,50,500000,851495.325,True,2,851495.3250000001,2068,2068
uflp_orlib,cap132,0,0,penalty,mbde,50,500000,851495.325,True,3,851495.3250000001,1566,1566
uflp_orlib,cap132,0,0,penalty,mbde,50,500000,851495.325,True,4,851495.3250000001,1565,1565
uflp_orlib,cap132,0,0,penalty,mbde,50,500000,851495.325,True,5,851495.3250000001,1388,1388
uflp_orlib,cap132,0,0,penalty,mbde,50,500000,851495.325,True,6,851495.3250000001,1722,1722
uflp_orlib,cap132,0,0,penalty,mbde,50,500000,851495.325,True,7,851495.3250000001,1475,1475
uflp_orlib,cap132,0,0,penalty,mbde,50,500000,851495.325,True,8,851495.3250000001,2003,2003
uflp_orlib,cap132,0,0,penalty,mbde,50,500000,851495.325,True,9,851495.3250000001,1288,1288
uflp_orlib,cap132,0,0,penalty,mbde,50,500000,851495.325,True,10,851495.3250000001,1749,1749
uflp_orlib,cap132,0,0,penalty,mbde,50,500000,851495.325,True,11,851495.3250000001,1029,1029
uflp_orlib,cap132,0,0,penalty,mbde,50,500000,851495.325,True,12,851495.3250000001,1399,1399
uflp_orlib,cap132,0,0,penalty,mbde,50,500000,851495.325,True,13,851495.3250000001,2014,2014
uflp_orlib,cap132,0,0,penalty,mbde,50,500000,851495.325,True,14,851495.3250000001,1641,1641
uflp_orlib,cap132,0,0,penalty,mbde,50,500000,851495.325,True,15,851495.3250000001,1022,1022
uflp_orlib,cap132,0,0,penalty,mbde,50,500000,851495.325,True,16,851495.3250000001,1604,1604
uflp_orlib,cap132,0,0,penalty,mbde,50,500000,851495.325,True,17,851495.3250000001,1902,1902
uflp_orlib,cap132,0,0,penalty,mbde,50,500000,851495.325,True,18,851495.3250000001,1220,1220
uflp_orlib,cap132,0,0,penalty,mbde,50,500000,851495.325,True,19,851495.3250000001,1244,1244
uflp_orlib,cap132,0,0,penalty,mbde,50,500000,851495.325,True,20,851495.3250000001,1405,1405
uflp_orlib,cap132,0,0,penalty,mbde,50,500000,851495.325,True,21,851495.3250000001,2139,2139
uflp_orlib,cap132,0,0,penalty,mbde,50,500000,851495.325,True,22,851495.3250000001,2003,2003
uflp_orlib,cap132,0,0,penalty,mbde,50,500000,851495.325,True,23,851495.3250000001,2025,2025
uflp_orlib,cap132,0,0,penalty,mbde,50,500000,851495.325,True,24,851495.3250000001,1417,1417
uflp_orlib,cap132,0,0,penalty,mbde,50,500000,851495.325,True,25,851495.3250000001,1672,1672
uflp_orlib,cap132,0,0,penalty,mbde,50,500000,851495.325,True,26,851495.3250000001,1896,1896
uflp_orlib,cap132,0,0,penalty,mbde,50,500000,851495.325,True,27,851495.3250000001,1471,1471
uflp_orlib,cap132,0,0,penalty,mbde,50,500000,851495.325,True,28,851495.3250000001,2155,2155
uflp_orlib,cap132,0,0,penalty,mbde,50,500000,851495.325,True,29,851495.3250000001,1751,1751
uflp_orlib,cap132,0,0,penalty,mbde,50,500000,851495.325,True,30,851495.3250000001,2227,2227
uflp_orlib,cap132,0,0,penalty,ga,50,500000,851495.325,True,0,851495.3250000001,3420,3420
uflp_orlib,cap132,0,0,penalty,ga,50,500000,851495.325,True,1,851495.3250000001,1560,1560
uflp_orlib,cap132,0,0,penalty,ga,50,500000,851495.325,True,2,851495.3250000001,17040,17040
uflp_orlib,cap132,0,0,penalty,ga,50,500000,851495.325,True,3,851495.3250000001,15840,15840
uflp_orlib,cap132,0,0,penalty,ga,50,500000,851495.325,True,4,851495.3250000001,16800,16800
uflp_orlib,cap132,0,0,penalty,ga,50,500000,851495.325,True,5,851495.3250000001,20910,20910
uflp_orlib,cap132,0,0,penalty,ga,50,500000,851495.325,True,6,851495.3250000001,1110,1110
uflp_orlib,cap132,0,0,penalty,ga,50,500000,851495.325,True,7,851495.3250000001,1680,1680
uflp_orlib,cap132,0,0,penalty,ga,50,500000,851495.325,True,8,851495.3250000001,1710,1710
uflp_orlib,cap132,0,0,penalty,ga,50,500000,851495.325,True,9,851495.3250000001,4890,4890
uflp_orlib,cap132,0,0,penalty,ga,50,500000,851495.325,True,10,851495.3250000001,11460,11460
uflp_orlib,cap132,0,0,penalty,ga,50,500000,851495.325,True,11,851495.3250000001,3840,3840
uflp_orlib,cap132,0,0,penalty,ga,50,500000,851495.325,True,12,851495.3250000001,1230,1230
uflp_orlib,cap132,0,0,penalty,ga,50,500000,851495.325,True,13,851495.3250000001,11280,11280
uflp_orlib,cap132,0,0,penalty,ga,50,500000,851495.325,True,14,851495.3250000001,2310,2310
uflp_orlib,cap132,0,0,penalty,ga,50,500000,851495.325,True,15,851495.3250000001,2670,2670
uflp_orlib,cap132,0,0,penalty,ga,50,500000,851495.325,True,16,851495.3250000001,2550,2550
uflp_orlib,cap132,0,0,penalty,ga,50,500000,851495.325,True,17,851495.3250000001,6360,6360
uflp_orlib,cap132,0,0,penalty,ga,50,500000,851495.325,True,18,851495.3250000001,7260,7260
uflp_orlib,cap132,0,0,penalty,ga,50,500000,851495.325,True,19,851495.3250000001,1920,1920
uflp_orlib,cap132,0,0,penalty,ga,50,500000,851495.325,True,20,851495.3250000001,1470,1470
uflp_orlib,cap132,0,0,penalty,ga,50,500000,851495.325,True,21,851495.3250000001,2190,2190
uflp_orlib,cap132,0,0,penalty,ga,50,500000,851495.325,True,22,851495.3250000001,14820,14820
uflp_orlib,cap132,0,0,penalty,ga,50,500000,851495.325,True,23,851495.3250000001,2550,2550
uflp_orlib,cap132,0,0,penalty,ga,50,500000,851495.325,True,24,851495.3250000001,17400,17400
uflp_orlib,cap132,0,0,penalty,ga,50,500000,851495.325,True,25,851495.3250000001,6540,6540
uflp_orlib,cap132,0,0,penalty,ga,50,500000,851495.325,True,26,851495.3250000001,4740,4740
uflp_orlib,cap132,0,0,penalty,ga,50,500000,851495.325,True,27,851495.3250000001,2610,2610
uflp_orlib,cap132,0,0,penalty,ga,50,500000,851495.325,True,28,851495.3250000001,13890,13890
uflp_orlib,cap132,0,0,penalty,ga,50,500000,851495.325,True,29,851495.3250000001,6330,6330
uflp_orlib,cap132,0,0,penalty,ga,50,500000,851495.325,True,30,851495.3250000001,2010,2010
uflp_orlib,cap131,0,0,penalty,ils,50,500000,793439.5625,True,0,793439.5625000001,4808,4808
uflp_orlib,cap131,0,0,penalty,ils,50,500000,793439.5625,True,1,793439.5625000001,4009,4009
uflp_orlib,cap131,0,0,penalty,ils,50,500000,793439.5625,True,2,793439.5625000001,7793,7793
uflp_orlib,cap131,0,0,penalty,ils,50,500000,793439.5625,True,3,793439.5625000001,2164,2164
uflp_orlib,cap131,0,0,penalty,ils,50,500000,793439.5625,True,4,793439.5625000001,12789,12789
uflp_orlib,cap131,0,0,penalty,ils,50,500000,793439.5625,True,5,793439.5625000001,20196,20196
uflp_orlib,cap131,0,0,penalty,ils,50,500000,793439.5625,True,6,793439.5625000001,13173,13173
uflp_orlib,cap131,0,0,penalty,ils,50,500000,793439.5625,True,7,793439.5625000001,32702,32702
uflp_orlib,cap131,0,0,penalty,ils,50,500000,793439.5625,True,8,793439.5625000001,49675,49675
uflp_orlib,cap131,0,0,penalty,ils,50,500000,793439.5625,True,9,793439.5625000001,3221,3221
uflp_orlib,cap131,0,0,penalty,ils,50,500000,793439.5625,True,10,793439.5625000001,8698,8698
uflp_orlib,cap131,0,0,penalty,ils,50,500000,793439.5625,True,11,793439.5625000001,2165,2165
uflp_orlib,cap131,0,0,penalty,ils,50,500000,793439.5625,True,12,793439.5625000001,2337,2337
uflp_orlib,cap131,0,0,penalty,ils,50,500000,793439.5625,True,13,793439.5625000001,1812,1812
uflp_orlib,cap131,0,0,penalty,ils,50,500000,793439.5625,True,14,793439.5625000001,2674,2674
uflp_orlib,cap131,0,0,penalty,ils,50,500000,793439.5625,True,15,793439.5625000001,1853,1853
uflp_orlib,cap131,0,0,penalty,ils,50,500000,793439.5625,True,16,793439.5625000001,20992,20992
uflp_orlib,cap131,0,0,penalty,ils,50,500000,793439.5625,True,17,793439.5625000001,21370,21370
uflp_orlib,cap131,0,0,penalty,ils,50,500000,793439.5625,True,18,793439.5625000001,2505,2505
uflp_orlib,cap131,0,0,penalty,ils,50,500000,793439.5625,True,19,793439.5625000001,7687,7687
uflp_orlib,cap131,0,0,penalty,ils,50,500000,793439.5625,True,20,793439.5625000001,1433,1433
uflp_orlib,cap131,0,0,penalty,ils,50,500000,793439.5625,True,21,793439.5625000001,10225,10225
uflp_orlib,cap131,0,0,penalty,ils,50,500000,793439.5625,True,22,793439.5625000001,27537,27537
uflp_orlib,cap131,0,0,penalty,ils,50,500000,793439.5625,True,23,793439.5625000001,2259,2259
uflp_orlib,cap131,0,0,penalty,ils,50,500000,793439.5625,True,24,793439.5625000001,2273,2273
uflp_orlib,cap131,0,0,penalty,ils,50,500000,793439.5625,True,25,793439.5625000001,2484,2484
uflp_orlib,cap131,0,0,penalty,ils,50,500000,793439.5625,True,26,793439.5625000001,26264,26264
uflp_orlib,cap131,0,0,penalty,ils,50,500000,793439.5625,True,27,793439.5625000001,1855,1855
uflp_orlib,cap131,0,0,penalty,ils,50,500000,793439.5625,True,28,793439.5625000001,1913,1913
uflp_orlib,cap131,0,0,penalty,ils,50,500000,793439.5625,True,29,793439.5625000001,1392,1392
uflp_orlib,cap131,0,0,penalty,ils,50,500000,793439.5625,True,30,793439.5625000001,1995,1995
uflp_orlib,cap133,0,0,penalty,ils,50,500000,893076.7125,True,0,893076.7125,10313,10313
uflp_orlib,cap133,0,0,penalty,ils,50,500000,893076.7125,True,1,893076.7125,9016,9016
uflp_orlib,cap133,0,0,penalty,ils,50,500000,893076.7125,True,2,893076.7125,9513,9513
uflp_orlib,cap133,0,0,penalty,ils,50,500000,893076.7125,True,3,893076.7125,11062,11062
uflp_orlib,cap133,0,0,penalty,ils,50,500000,893076.7125,True,4,893076.7125,2062,2062
uflp_orlib,cap133,0,0,penalty,ils,50,500000,893076.7125,True,5,893076.7125,8231,8231
uflp_orlib,cap133,0,0,penalty,ils,50,500000,893076.7125,True,6,893076.7125,2426,2426
uflp_orlib,cap133,0,0,penalty,ils,50,500000,893076.7125,True,7,893076.7125,6405,6405
uflp_orlib,cap133,0,0,penalty,ils,50,500000,893076.7125,True,8,893076.7125,3925,3925
uflp_orlib,cap133,0,0,penalty,ils,50,500000,893076.7125,True,9,893076.7125,8235,8235
uflp_orlib,cap133,0,0,penalty,ils,50,500000,893076.7125,True,10,893076.7125,8961,8961
uflp_orlib,cap133,0,0,penalty,ils,50,500000,893076.7125,True,11,893076.7125,8281,8281
uflp_orlib,cap133,0,0,penalty,ils,50,500000,893076.7125,True,12,893076.7125,19388,19388
uflp_orlib,cap133,0,0,penalty,ils,50,500000,893076.7125,True,13,893076.7125,3275,3275
uflp_orlib,cap133,0,0,penalty,ils,50,500000,893076.7125,True,14,893076.7125,18243,18243
uflp_orlib,cap133,0,0,penalty,ils,50,500000,893076.7125,True,15,893076.7125,9804,9804
uflp_orlib,cap133,0,0,penalty,ils,50,500000,893076.7125,True,16,893076.7125,4255,4255
uflp_orlib,cap133,0,0,penalty,ils,50,500000,893076.7125,True,17,893076.7125,7470,7470
uflp_orlib,cap133,0,0,penalty,ils,50,500000,893076.7125,True,18,893076.7125,7784,7784
uflp_orlib,cap133,0,0,penalty,ils,50,500000,893076.7125,True,19,893076.7125,4239,4239
uflp_orlib,cap133,0,0,penalty,ils,50,500000,893076.7125,True,20,893076.7125,8167,8167
uflp_orlib,cap133,0,0,penalty,ils,50,500000,893076.7125,True,21,893076.7125,19697,19697
uflp_orlib,cap133,0,0,penalty,ils,50,500000,893076.7125,True,22,893076.7125,8360,8360
uflp_orlib,cap133,0,0,penalty,ils,50,500000,893076.7125,True,23,893076.7125,2851,2851
uflp_orlib,cap133,0,0,penalty,ils,50,500000,893076.7125,True,24,893076.7125,2412,2412
uflp_orlib,cap133,0,0,penalty,ils,50,500000,893076.7125,True,25,893076.7125,5683,5683
uflp_orlib,cap133,0,0,penalty,ils,50,500000,893076.7125,True,26,893076.7125,2613,2613
uflp_orlib,cap133,0,0,penalty,ils,50,500000,893076.7125,True,27,893076.7125,7205,7205
uflp_orlib,cap133,0,0,penalty,ils,50,500000,893076.7125,True,28,893076.7125,9755,9755
uflp_orlib,cap133,0,0,penalty,ils,50,500000,893076.7125,True,29,893076.7125,2786,2786
uflp_orlib,cap133,0,0,penalty,ils,50,500000,893076.7125,True,30,893076.7125,2831,2831
uflp_orlib,cap71,0,0,penalty,bde,16,160000,932615.75,True,0,932615.75,240,240
uflp_orlib,cap71,0,0,penalty,bde,16,160000,932615.75,True,1,932615.75,1320,1320
uflp_orlib,cap71,0,0,penalty,bde,16,160000,932615.75,True,2,932615.75,390,390
uflp_orlib,cap71,0,0,penalty,bde,16,160000,932615.75,True,3,932615.75,300,300
uflp_orlib,cap71,0,0,penalty,bde,16,160000,932615.75,True,4,932615.75,660,660
uflp_orlib,cap71,0,0,penalty,bde,16,160000,932615.75,True,5,932615.75,360,360
uflp_orlib,cap71,0,0,penalty,bde,16,160000,932615.75,True,6,932615.75,270,270
uflp_orlib,cap71,0,0,penalty,bde,16,160000,932615.75,True,7,934199.1375,,160000
uflp_orlib,cap71,0,0,penalty,bde,16,160000,932615.75,True,8,932615.75,420,420
uflp_orlib,cap71,0,0,penalty,bde,16,160000,932615.75,True,9,934199.1375,,160000
uflp_orlib,cap71,0,0,penalty,bde,16,160000,932615.75,True,10,932615.75,540,540
uflp_orlib,cap71,0,0,penalty,bde,16,160000,932615.75,True,11,932615.75,450,450
uflp_orlib,cap71,0,0,penalty,bde,16,160000,932615.75,True,12,932615.75,37020,37020
uflp_orlib,cap71,0,0,penalty,bde,16,160000,932615.75,True,13,932615.75,330,330
uflp_orlib,cap71,0,0,penalty,bde,16,160000,932615.75,True,14,932615.75,450,450
uflp_orlib,cap71,0,0,penalty,bde,16,160000,932615.75,True,15,932615.75,450,450
uflp_orlib,cap71,0,0,penalty,bde,16,160000,932615.75,True,16,932615.75,570,570
uflp_orlib,cap71,0,0,penalty,bde,16,160000,932615.75,True,17,932615.75,720,720
uflp_orlib,cap71,0,0,penalty,bde,16,160000,932615.75,True,18,932615.75,300,300
uflp_orlib,cap71,0,0,penalty,bde,16,160000,932615.75,True,19,932615.75,2550,2550
uflp_orlib,cap71,0,0,penalty,bde,16,160000,932615.75,True,20,932615.75,360,360
uflp_orlib,cap71,0,0,penalty,bde,16,160000,932615.75,True,21,932615.75,420,420
uflp_orlib,cap71,0,0,penalty,bde,16,160000,932615.75,True,22,932615.75,300,300
uflp_orlib,cap71,0,0,penalty,bde,16,160000,932615.75,True,23,932615.75,420,420
uflp_orlib,cap71,0,0,penalty,bde,16,160000,932615.75,True,24,932615.75,510,510
uflp_orlib,cap71,0,0,penalty,bde,16,160000,932615.75,True,25,932615.75,300,300
uflp_orlib,cap71,0,0,penalty,bde,16,160000,932615.75,True,26,932615.75,480,480
uflp_orlib,cap71,0,0,penalty,bde,16,160000,932615.75,True,27,932615.75,330,330
uflp_orlib,cap71,0,0,penalty,bde,16,160000,932615.75,True,28,934199.1375,,160000
uflp_orlib,cap71,0,0,penalty,bde,16,160000,932615.75,True,29,932615.75,300,300
uflp_orlib,cap71,0,0,penalty,bde,16,160000,932615.75,True,30,932615.75,270,270
uflp_orlib,cap132,0,0,penalty,floor,50,500000,851495.325,True,0,851495.3250000001,13985,13985
uflp_orlib,cap132,0,0,penalty,floor,50,500000,851495.325,True,1,851495.3250000001,11664,11664
uflp_orlib,cap132,0,0,penalty,floor,50,500000,851495.325,True,2,851495.3250000001,14312,14312
uflp_orlib,cap132,0,0,penalty,floor,50,500000,851495.325,True,3,851495.3250000001,12808,12808
uflp_orlib,cap132,0,0,penalty,floor,50,500000,851495.325,True,4,851495.3250000001,11850,11850
uflp_orlib,cap132,0,0,penalty,floor,50,500000,851495.325,True,5,851495.3250000001,9398,9398
uflp_orlib,cap132,0,0,penalty,floor,50,500000,851495.325,True,6,851495.3250000001,12726,12726
uflp_orlib,cap132,0,0,penalty,floor,50,500000,851495.325,True,7,851495.3250000001,8445,8445
uflp_orlib,cap132,0,0,penalty,floor,50,500000,851495.325,True,8,851495.3250000001,10937,10937
uflp_orlib,cap132,0,0,penalty,floor,50,500000,851495.325,True,9,851495.3250000001,10486,10486
uflp_orlib,cap132,0,0,penalty,floor,50,500000,851495.325,True,10,851495.3250000001,13541,13541
uflp_orlib,cap132,0,0,penalty,floor,50,500000,851495.325,True,11,851495.3250000001,10954,10954
uflp_orlib,cap132,0,0,penalty,floor,50,500000,851495.325,True,12,851495.3250000001,13392,13392
uflp_orlib,cap132,0,0,penalty,floor,50,500000,851495.325,True,13,851495.3250000001,13245,13245
uflp_orlib,cap132,0,0,penalty,floor,50,500000,851495.325,True,14,851495.3250000001,13506,13506
uflp_orlib,cap132,0,0,penalty,floor,50,500000,851495.325,True,15,851495.3250000001,11082,11082
uflp_orlib,cap132,0,0,penalty,floor,50,500000,851495.325,True,16,851495.3250000001,15360,15360
uflp_orlib,cap132,0,0,penalty,floor,50,500000,851495.325,True,17,851495.3250000001,10967,10967
uflp_orlib,cap132,0,0,penalty,floor,50,500000,851495.325,True,18,851495.3250000001,11127,11127
uflp_orlib,cap132,0,0,penalty,floor,50,500000,851495.325,True,19,851495.3250000001,10461,10461
uflp_orlib,cap132,0,0,penalty,floor,50,500000,851495.325,True,20,851495.3250000001,10381,10381
uflp_orlib,cap132,0,0,penalty,floor,50,500000,851495.325,True,21,851495.3250000001,10710,10710
uflp_orlib,cap132,0,0,penalty,floor,50,500000,851495.325,True,22,851495.3250000001,14184,14184
uflp_orlib,cap132,0,0,penalty,floor,50,500000,851495.325,True,23,851495.3250000001,12369,12369
uflp_orlib,cap132,0,0,penalty,floor,50,500000,851495.325,True,24,851495.3250000001,11379,11379
uflp_orlib,cap132,0,0,penalty,floor,50,500000,851495.325,True,25,851495.3250000001,15435,15435
uflp_orlib,cap132,0,0,penalty,floor,50,500000,851495.325,True,26,851495.3250000001,9109,9109
uflp_orlib,cap132,0,0,penalty,floor,50,500000,851495.325,True,27,851495.3250000001,12810,12810
uflp_orlib,cap132,0,0,penalty,floor,50,500000,851495.325,True,28,851495.3250000001,7672,7672
uflp_orlib,cap132,0,0,penalty,floor,50,500000,851495.325,True,29,851495.3250000001,13549,13549
uflp_orlib,cap132,0,0,penalty,floor,50,500000,851495.325,True,30,851495.3250000001,10937,10937
uflp_orlib,cap101,0,0,penalty,mga,25,250000,796648.4375,True,0,796648.4375000001,2996,2996
uflp_orlib,cap101,0,0,penalty,mga,25,250000,796648.4375,True,1,796648.4375000001,24323,24323
uflp_orlib,cap101,0,0,penalty,mga,25,250000,796648.4375,True,2,796648.4375000001,1461,1461
uflp_orlib,cap101,0,0,penalty,mga,25,250000,796648.4375,True,3,796648.4375000001,4093,4093
uflp_orlib,cap101,0,0,penalty,mga,25,250000,796648.4375,True,4,796648.4375000001,2131,2131
uflp_orlib,cap101,0,0,penalty,mga,25,250000,796648.4375,True,5,796648.4375000001,26023,26023
uflp_orlib,cap101,0,0,penalty,mga,25,250000,796648.4375,True,6,796648.4375000001,438,438
uflp_orlib,cap101,0,0,penalty,mga,25,250000,796648.4375,True,7,796648.4375000001,25774,25774
uflp_orlib,cap101,0,0,penalty,mga,25,250000,796648.4375,True,8,796648.4375000001,68079,68079
uflp_orlib,cap101,0,0,penalty,mga,25,250000,796648.4375,True,9,796648.4375000001,8756,8756
uflp_orlib,cap101,0,0,penalty,mga,25,250000,796648.4375,True,10,796648.4375000001,398,398
uflp_orlib,cap101,0,0,penalty,mga,25,250000,796648.4375,True,11,796648.4375000001,36709,36709
uflp_orlib,cap101,0,0,penalty,mga,25,250000,796648.4375,True,12,796648.4375000001,53721,53721
uflp_orlib,cap101,0,0,penalty,mga,25,250000,796648.4375,True,13,796648.4375000001,5345,5345
uflp_orlib,cap101,0,0,penalty,mga,25,250000,796648.4375,True,14,796648.4375000001,32358,32358
uflp_orlib,cap101,0,0,penalty,mga,25,250000,796648.4375,True,15,796648.4375000001,9080,9080
uflp_orlib,cap101,0,0,penalty,mga,25,250000,796648.4375,True,16,796648.4375000001,276,276
uflp_orlib,cap101,0,0,penalty,mga,25,250000,796648.4375,True,17,796648.4375000001,318,318
uflp_orlib,cap101,0,0,penalty,mga,25,250000,796648.4375,True,18,796648.4375000001,20163,20163
uflp_orlib,cap101,0,0,penalty,mga,25,250000,796648.4375,True,19,796648.4375000001,12451,12451
uflp_orlib,cap101,0,0,penalty,mga,25,250000,796648.4375,True,20,796648.4375000001,43965,43965
uflp_orlib,cap101,0,0,penalty,mga,25,250000,796648.4375,True,21,796648.4375000001,40276,40276
uflp_orlib,cap101,0,0,penalty,mga,25,250000,796648.4375,True,22,796648.4375000001,8399,8399
uflp_orlib,cap101,0,0,penalty,mga,25,250000,796648.4375,True,23,796648.4375000001,42247,42247
uflp_orlib,cap101,0,0,penalty,mga,25,250000,796648.4375,True,24,796648.4375000001,428,428
uflp_orlib,cap101,0,0,penalty,mga,25,250000,796648.4375,True,25,796648.4375000001,9563,9563
uflp_orlib,cap101,0,0,penalty,mga,25,250000,796648.4375,True,26,796648.4375000001,303,303
uflp_orlib,cap101,0,0,penalty,mga,25,250000,796648.4375,True,27,796648.4375000001,40748,40748
uflp_orlib,cap101,0,0,penalty,mga,25,250000,796648.4375,True,28,796648.4375000001,10216,10216
uflp_orlib,cap101,0,0,penalty,mga,25,250000,796648.4375,True,29,796648.4375000001,542,542
uflp_orlib,cap101,0,0,penalty,mga,25,250000,796648.4375,True,30,796648.4375000001,37826,37826
uflp_orlib,cap104,0,0,penalty,bpso,25,250000,928941.75,True,0,928941.7500000001,1680,1680
uflp_orlib,cap104,0,0,penalty,bpso,25,250000,928941.75,True,1,928941.7500000001,34410,34410
uflp_orlib,cap104,0,0,penalty,bpso,25,250000,928941.75,True,2,928941.7500000001,3360,3360
uflp_orlib,cap104,0,0,penalty,bpso,25,250000,928941.75,True,3,928941.7500000001,12030,12030
uflp_orlib,cap104,0,0,penalty,bpso,25,250000,928941.75,True,4,928941.7500000001,57930,57930
uflp_orlib,cap104,0,0,penalty,bpso,25,250000,928941.75,True,5,928941.7500000001,12510,12510
uflp_orlib,cap104,0,0,penalty,bpso,25,250000,928941.75,True,6,928941.7500000001,5700,5700
uflp_orlib,cap104,0,0,penalty,bpso,25,250000,928941.75,True,7,928941.7500000001,4020,4020
uflp_orlib,cap104,0,0,penalty,bpso,25,250000,928941.75,True,8,928941.7500000001,37590,37590
uflp_orlib,cap104,0,0,penalty,bpso,25,250000,928941.75,True,9,928941.7500000001,13740,13740
uflp_orlib,cap104,0,0,penalty,bpso,25,250000,928941.75,True,10,928941.7500000001,42810,42810
uflp_orlib,cap104,0,0,penalty,bpso,25,250000,928941.75,True,11,928941.7500000001,2520,2520
uflp_orlib,cap104,0,0,penalty,bpso,25,250000,928941.75,True,12,928941.7500000001,45690,45690
uflp_orlib,cap104,0,0,penalty,bpso,25,250000,928941.75,True,13,928941.7500000001,1290,1290
uflp_orlib,cap104,0,0,penalty,bpso,25,250000,928941.75,True,14,928941.7500000001,9510,9510
uflp_orlib,cap104,0,0,penalty,bpso,25,250000,928941.75,True,15,928941.7500000001,17130,17130
uflp_orlib,cap104,0,0,penalty,bpso,25,250000,928941.75,True,16,928941.7500000001,17490,17490
uflp_orlib,cap104,0,0,penalty,bpso,25,250000,928941.75,True,17,928941.7500000001,1410,1410
uflp_orlib,cap104,0,0,penalty,bpso,25,250000,928941.75,True,18,928941.7500000001,45870,45870
uflp_orlib,cap104,0,0,penalty,bpso,25,250000,928941.75,True,19,928941.7500000001,3780,3780
uflp_orlib,cap104,0,0,penalty,bpso,25,250000,928941.75,True,20,928941.7500000001,1440,1440
uflp_orlib,cap104,0,0,penalty,bpso,25,250000,928941.75,True,21,928941.7500000001,23190,23190
uflp_orlib,cap104,0,0,penalty,bpso,25,250000,928941.75,True,22,928941.7500000001,64650,64650
uflp_orlib,cap104,0,0,penalty,bpso,25,250000,928941.75,True,23,928941.7500000001,39540,39540
uflp_orlib,cap104,0,0,penalty,bpso,25,250000,928941.75,True,24,928941.7500000001,4260,4260
uflp_orlib,cap104,0,0,penalty,bpso,25,250000,928941.75,True,25,928941.7500000001,1200,1200
uflp_orlib,cap104,0,0,penalty,bpso,25,250000,928941.75,True,26,928941.7500000001,11880,11880
uflp_orlib,cap104,0,0,penalty,bpso,25,250000,928941.75,True,27,928941.7500000001,8040,8040
uflp_orlib,cap104,0,0,penalty,bpso,25,250000,928941.75,True,28,928941.7500000001,22590,22590
uflp_orlib,cap104,0,0,penalty,bpso,25,250000,928941.75,True,29,928941.7500000001,9210,9210
uflp_orlib,cap104,0,0,penalty,bpso,25,250000,928941.75,True,30,928941.7500000001,30840,30840
uflp_orlib,cap73,0,0,penalty,bde,16,160000,1010641.45,True,0,1010641.45,390,390
uflp_orlib,cap73,0,0,penalty,bde,16,160000,1010641.45,True,1,1010641.45,1140,1140
uflp_orlib,cap73,0,0,penalty,bde,16,160000,1010641.45,True,2,1010641.45,480,480
uflp_orlib,cap73,0,0,penalty,bde,16,160000,1010641.45,True,3,1010641.45,420,420
uflp_orlib,cap73,0,0,penalty,bde,16,160000,1010641.45,True,4,1012476.9750000001,,160000
uflp_orlib,cap73,0,0,penalty,bde,16,160000,1010641.45,True,5,1010641.45,420,420
uflp_orlib,cap73,0,0,penalty,bde,16,160000,1010641.45,True,6,1010641.45,390,390
uflp_orlib,cap73,0,0,penalty,bde,16,160000,1010641.45,True,7,1010641.45,7950,7950
uflp_orlib,cap73,0,0,penalty,bde,16,160000,1010641.45,True,8,1010641.45,210,210
uflp_orlib,cap73,0,0,penalty,bde,16,160000,1010641.45,True,9,1010641.45,120,120
uflp_orlib,cap73,0,0,penalty,bde,16,160000,1010641.45,True,10,1012476.9750000001,,160000
uflp_orlib,cap73,0,0,penalty,bde,16,160000,1010641.45,True,11,1010641.45,510,510
uflp_orlib,cap73,0,0,penalty,bde,16,160000,1010641.45,True,12,1010641.45,420,420
uflp_orlib,cap73,0,0,penalty,bde,16,160000,1010641.45,True,13,1010641.45,330,330
uflp_orlib,cap73,0,0,penalty,bde,16,160000,1010641.45,True,14,1010641.45,510,510
uflp_orlib,cap73,0,0,penalty,bde,16,160000,1010641.45,True,15,1010641.45,1440,1440
uflp_orlib,cap73,0,0,penalty,bde,16,160000,1010641.45,True,16,1010641.45,300,300
uflp_orlib,cap73,0,0,penalty,bde,16,160000,1010641.45,True,17,1010641.45,390,390
uflp_orlib,cap73,0,0,penalty,bde,16,160000,1010641.45,True,18,1012476.9750000001,,160000
uflp_orlib,cap73,0,0,penalty,bde,16,160000,1010641.45,True,19,1012476.9750000001,,160000
uflp_orlib,cap73,0,0,penalty,bde,16,160000,1010641.45,True,20,1010641.45,360,360
uflp_orlib,cap73,0,0,penalty,bde,16,160000,1010641.45,True,21,1010641.45,300,300
uflp_orlib,cap73,0,0,penalty,bde,16,160000,1010641.45,True,22,1012476.9750000001,,160000
uflp_orlib,cap73,0,0,penalty,bde,16,160000,1010641.45,True,23,1010641.45,570,570
uflp_orlib,cap73,0,0,penalty,bde,16,160000,1010641.45,True,24,1010641.45,240,240
uflp_orlib,cap73,0,0,penalty,bde,16,160000,1010641.45,True,25,1010641.45,540,540
uflp_orlib,cap73,0,0,penalty,bde,16,160000,1010641.45,True,26,1010641.45,480,480
uflp_orlib,cap73,0,0,penalty,bde,16,160000,1010641.45,True,27,1012476.9750000001,,160000
uflp_orlib,cap73,0,0,penalty,bde,16,160000,1010641.45,True,28,1010641.45,1140,1140
uflp_orlib,cap73,0,0,penalty,bde,16,160000,1010641.45,True,29,1010641.45,630,630
uflp_orlib,cap73,0,0,penalty,bde,16,160000,1010641.45,True,30,1010641.45,300,300
uflp_orlib,cap131,0,0,penalty,ga,50,500000,793439.5625,True,0,793439.5625000001,49500,49500
uflp_orlib,cap131,0,0,penalty,ga,50,500000,793439.5625,True,1,793439.5625000001,2220,2220
uflp_orlib,cap131,0,0,penalty,ga,50,500000,793439.5625,True,2,793439.5625000001,71370,71370
uflp_orlib,cap131,0,0,penalty,ga,50,500000,793439.5625,True,3,793439.5625000001,10230,10230
uflp_orlib,cap131,0,0,penalty,ga,50,500000,793439.5625,True,4,793439.5625000001,4860,4860
uflp_orlib,cap131,0,0,penalty,ga,50,500000,793439.5625,True,5,793439.5625000001,2370,2370
uflp_orlib,cap131,0,0,penalty,ga,50,500000,793439.5625,True,6,793439.5625000001,17910,17910
uflp_orlib,cap131,0,0,penalty,ga,50,500000,793439.5625,True,7,793439.5625000001,5190,5190
uflp_orlib,cap131,0,0,penalty,ga,50,500000,793439.5625,True,8,793439.5625000001,2640,2640
uflp_orlib,cap131,0,0,penalty,ga,50,500000,793439.5625,True,9,793439.5625000001,40350,40350
uflp_orlib,cap131,0,0,penalty,ga,50,500000,793439.5625,True,10,793439.5625000001,10260,10260
uflp_orlib,cap131,0,0,penalty,ga,50,500000,793439.5625,True,11,793439.5625000001,7830,7830
uflp_orlib,cap131,0,0,penalty,ga,50,500000,793439.5625,True,12,793439.5625000001,4410,4410
uflp_orlib,cap131,0,0,penalty,ga,50,500000,793439.5625,True,13,793439.5625000001,840,840
uflp_orlib,cap131,0,0,penalty,ga,50,500000,793439.5625,True,14,793439.5625000001,46500,46500
uflp_orlib,cap131,0,0,penalty,ga,50,500000,793439.5625,True,15,793439.5625000001,4890,4890
uflp_orlib,cap131,0,0,penalty,ga,50,500000,793439.5625,True,16,793439.5625000001,25050,25050
uflp_orlib,cap131,0,0,penalty,ga,50,500000,793439.5625,True,17,793439.5625000001,28620,28620
uflp_orlib,cap131,0,0,penalty,ga,50,500000,793439.5625,True,18,793439.5625000001,2400,2400
uflp_orlib,cap131,0,0,penalty,ga,50,500000,793439.5625,True,19,793439.5625000001,630,630
uflp_orlib,cap131,0,0,penalty,ga,50,500000,793439.5625,True,20,793439.5625000001,2520,2520
uflp_orlib,cap131,0,0,penalty,ga,50,500000,793439.5625,True,21,793439.5625000001,11400,11400
uflp_orlib,cap131,0,0,penalty,ga,50,500000,793439.5625,True,22,793439.5625000001,20880,20880
uflp_orlib,cap131,0,0,penalty,ga,50,500000,793439.5625,True,23,793439.5625000001,19890,19890
uflp_orlib,cap131,0,0,penalty,ga,50,500000,793439.5625,True,24,793439.5625000001,7470,7470
uflp_orlib,cap131,0,0,penalty,ga,50,500000,793439.5625,True,25,793439.5625000001,1170,1170
uflp_orlib,cap131,0,0,penalty,ga,50,500000,793439.5625,True,26,793439.5625000001,26760,26760
uflp_orlib,cap131,0,0,penalty,ga,50,500000,793439.5625,True,27,793439.5625000001,2640,2640
uflp_orlib,cap131,0,0,penalty,ga,50,500000,793439.5625,True,28,793439.5625000001,5490,5490
uflp_orlib,cap131,0,0,penalty,ga,50,500000,793439.5625,True,29,793439.5625000001,17460,17460
uflp_orlib,cap131,0,0,penalty,ga,50,500000,793439.5625,True,30,793439.5625000001,22920,22920
uflp_orlib,cap134,0,0,penalty,ils,50,500000,928941.75,True,0,928941.7500000001,1018,1018
uflp_orlib,cap134,0,0,penalty,ils,50,500000,928941.75,True,1,928941.7500000001,1382,1382
uflp_orlib,cap134,0,0,penalty,ils,50,500000,928941.75,True,2,928941.7500000001,1081,1081
uflp_orlib,cap134,0,0,penalty,ils,50,500000,928941.75,True,3,928941.7500000001,984,984
uflp_orlib,cap134,0,0,penalty,ils,50,500000,928941.75,True,4,928941.7500000001,1365,1365
uflp_orlib,cap134,0,0,penalty,ils,50,500000,928941.75,True,5,928941.7500000001,1187,1187
uflp_orlib,cap134,0,0,penalty,ils,50,500000,928941.75,True,6,928941.7500000001,1378,1378
uflp_orlib,cap134,0,0,penalty,ils,50,500000,928941.75,True,7,928941.7500000001,1180,1180
uflp_orlib,cap134,0,0,penalty,ils,50,500000,928941.75,True,8,928941.7500000001,1250,1250
uflp_orlib,cap134,0,0,penalty,ils,50,500000,928941.75,True,9,928941.7500000001,691,691
uflp_orlib,cap134,0,0,penalty,ils,50,500000,928941.75,True,10,928941.7500000001,1313,1313
uflp_orlib,cap134,0,0,penalty,ils,50,500000,928941.75,True,11,928941.7500000001,882,882
uflp_orlib,cap134,0,0,penalty,ils,50,500000,928941.75,True,12,928941.7500000001,946,946
uflp_orlib,cap134,0,0,penalty,ils,50,500000,928941.75,True,13,928941.7500000001,1194,1194
uflp_orlib,cap134,0,0,penalty,ils,50,500000,928941.75,True,14,928941.7500000001,1245,1245
uflp_orlib,cap134,0,0,penalty,ils,50,500000,928941.75,True,15,928941.7500000001,783,783
uflp_orlib,cap134,0,0,penalty,ils,50,500000,928941.75,True,16,928941.7500000001,1061,1061
uflp_orlib,cap134,0,0,penalty,ils,50,500000,928941.75,True,17,928941.7500000001,709,709
uflp_orlib,cap134,0,0,penalty,ils,50,500000,928941.75,True,18,928941.7500000001,1220,1220
uflp_orlib,cap134,0,0,penalty,ils,50,500000,928941.75,True,19,928941.7500000001,988,988
uflp_orlib,cap134,0,0,penalty,ils,50,500000,928941.75,True,20,928941.7500000001,596,596
uflp_orlib,cap134,0,0,penalty,ils,50,500000,928941.75,True,21,928941.7500000001,956,956
uflp_orlib,cap134,0,0,penalty,ils,50,500000,928941.75,True,22,928941.7500000001,968,968
uflp_orlib,cap134,0,0,penalty,ils,50,500000,928941.75,True,23,928941.7500000001,1125,1125
uflp_orlib,cap134,0,0,penalty,ils,50,500000,928941.75,True,24,928941.7500000001,1180,1180
uflp_orlib,cap134,0,0,penalty,ils,50,500000,928941.75,True,25,928941.7500000001,1298,1298
uflp_orlib,cap134,0,0,penalty,ils,50,500000,928941.75,True,26,928941.7500000001,953,953
uflp_orlib,cap134,0,0,penalty,ils,50,500000,928941.75,True,27,928941.7500000001,1054,1054
uflp_orlib,cap134,0,0,penalty,ils,50,500000,928941.75,True,28,928941.7500000001,705,705
uflp_orlib,cap134,0,0,penalty,ils,50,500000,928941.75,True,29,928941.7500000001,824,824
uflp_orlib,cap134,0,0,penalty,ils,50,500000,928941.75,True,30,928941.7500000001,1229,1229
uflp_orlib,cap131,0,0,penalty,floor,50,500000,793439.5625,True,0,793439.5625000001,25336,25336
uflp_orlib,cap131,0,0,penalty,floor,50,500000,793439.5625,True,1,793439.5625000001,10942,10942
uflp_orlib,cap131,0,0,penalty,floor,50,500000,793439.5625,True,2,793439.5625000001,12287,12287
uflp_orlib,cap131,0,0,penalty,floor,50,500000,793439.5625,True,3,793439.5625000001,12880,12880
uflp_orlib,cap131,0,0,penalty,floor,50,500000,793439.5625,True,4,793439.5625000001,23919,23919
uflp_orlib,cap131,0,0,penalty,floor,50,500000,793439.5625,True,5,793439.5625000001,9427,9427
uflp_orlib,cap131,0,0,penalty,floor,50,500000,793439.5625,True,6,793439.5625000001,26184,26184
uflp_orlib,cap131,0,0,penalty,floor,50,500000,793439.5625,True,7,793439.5625000001,7400,7400
uflp_orlib,cap131,0,0,penalty,floor,50,500000,793439.5625,True,8,793439.5625000001,11579,11579
uflp_orlib,cap131,0,0,penalty,floor,50,500000,793439.5625,True,9,793439.5625000001,8784,8784
uflp_orlib,cap131,0,0,penalty,floor,50,500000,793439.5625,True,10,793439.5625000001,12374,12374
uflp_orlib,cap131,0,0,penalty,floor,50,500000,793439.5625,True,11,793439.5625000001,19110,19110
uflp_orlib,cap131,0,0,penalty,floor,50,500000,793439.5625,True,12,793439.5625000001,12964,12964
uflp_orlib,cap131,0,0,penalty,floor,50,500000,793439.5625,True,13,793439.5625000001,13631,13631
uflp_orlib,cap131,0,0,penalty,floor,50,500000,793439.5625,True,14,793439.5625000001,12082,12082
uflp_orlib,cap131,0,0,penalty,floor,50,500000,793439.5625,True,15,793439.5625000001,11010,11010
uflp_orlib,cap131,0,0,penalty,floor,50,500000,793439.5625,True,16,793439.5625000001,14716,14716
uflp_orlib,cap131,0,0,penalty,floor,50,500000,793439.5625,True,17,793439.5625000001,22360,22360
uflp_orlib,cap131,0,0,penalty,floor,50,500000,793439.5625,True,18,793439.5625000001,25135,25135
uflp_orlib,cap131,0,0,penalty,floor,50,500000,793439.5625,True,19,793439.5625000001,10516,10516
uflp_orlib,cap131,0,0,penalty,floor,50,500000,793439.5625,True,20,793439.5625000001,9660,9660
uflp_orlib,cap131,0,0,penalty,floor,50,500000,793439.5625,True,21,793439.5625000001,12166,12166
uflp_orlib,cap131,0,0,penalty,floor,50,500000,793439.5625,True,22,793439.5625000001,13596,13596
uflp_orlib,cap131,0,0,penalty,floor,50,500000,793439.5625,True,23,793439.5625000001,10946,10946
uflp_orlib,cap131,0,0,penalty,floor,50,500000,793439.5625,True,24,793439.5625000001,10378,10378
uflp_orlib,cap131,0,0,penalty,floor,50,500000,793439.5625,True,25,793439.5625000001,14234,14234
uflp_orlib,cap131,0,0,penalty,floor,50,500000,793439.5625,True,26,793439.5625000001,18489,18489
uflp_orlib,cap131,0,0,penalty,floor,50,500000,793439.5625,True,27,793439.5625000001,22467,22467
uflp_orlib,cap131,0,0,penalty,floor,50,500000,793439.5625,True,28,793439.5625000001,18139,18139
uflp_orlib,cap131,0,0,penalty,floor,50,500000,793439.5625,True,29,793439.5625000001,11703,11703
uflp_orlib,cap131,0,0,penalty,floor,50,500000,793439.5625,True,30,793439.5625000001,11278,11278
uflp_orlib,cap134,0,0,penalty,mga,50,500000,928941.75,True,0,928941.7500000001,644,644
uflp_orlib,cap134,0,0,penalty,mga,50,500000,928941.75,True,1,928941.7500000001,1075,1075
uflp_orlib,cap134,0,0,penalty,mga,50,500000,928941.75,True,2,928941.7500000001,803,803
uflp_orlib,cap134,0,0,penalty,mga,50,500000,928941.75,True,3,928941.7500000001,1069,1069
uflp_orlib,cap134,0,0,penalty,mga,50,500000,928941.75,True,4,928941.7500000001,1007,1007
uflp_orlib,cap134,0,0,penalty,mga,50,500000,928941.75,True,5,928941.7500000001,861,861
uflp_orlib,cap134,0,0,penalty,mga,50,500000,928941.75,True,6,928941.7500000001,648,648
uflp_orlib,cap134,0,0,penalty,mga,50,500000,928941.75,True,7,928941.7500000001,961,961
uflp_orlib,cap134,0,0,penalty,mga,50,500000,928941.75,True,8,928941.7500000001,924,924
uflp_orlib,cap134,0,0,penalty,mga,50,500000,928941.75,True,9,928941.7500000001,1013,1013
uflp_orlib,cap134,0,0,penalty,mga,50,500000,928941.75,True,10,928941.7500000001,1029,1029
uflp_orlib,cap134,0,0,penalty,mga,50,500000,928941.75,True,11,928941.7500000001,886,886
uflp_orlib,cap134,0,0,penalty,mga,50,500000,928941.75,True,12,928941.7500000001,870,870
uflp_orlib,cap134,0,0,penalty,mga,50,500000,928941.75,True,13,928941.7500000001,967,967
uflp_orlib,cap134,0,0,penalty,mga,50,500000,928941.75,True,14,928941.7500000001,1094,1094
uflp_orlib,cap134,0,0,penalty,mga,50,500000,928941.75,True,15,928941.7500000001,685,685
uflp_orlib,cap134,0,0,penalty,mga,50,500000,928941.75,True,16,928941.7500000001,669,669
uflp_orlib,cap134,0,0,penalty,mga,50,500000,928941.75,True,17,928941.7500000001,961,961
uflp_orlib,cap134,0,0,penalty,mga,50,500000,928941.75,True,18,928941.7500000001,654,654
uflp_orlib,cap134,0,0,penalty,mga,50,500000,928941.75,True,19,928941.7500000001,1166,1166
uflp_orlib,cap134,0,0,penalty,mga,50,500000,928941.75,True,20,928941.7500000001,560,560
uflp_orlib,cap134,0,0,penalty,mga,50,500000,928941.75,True,21,928941.7500000001,661,661
uflp_orlib,cap134,0,0,penalty,mga,50,500000,928941.75,True,22,928941.7500000001,926,926
uflp_orlib,cap134,0,0,penalty,mga,50,500000,928941.75,True,23,928941.7500000001,974,974
uflp_orlib,cap134,0,0,penalty,mga,50,500000,928941.75,True,24,928941.7500000001,785,785
uflp_orlib,cap134,0,0,penalty,mga,50,500000,928941.75,True,25,928941.7500000001,1013,1013
uflp_orlib,cap134,0,0,penalty,mga,50,500000,928941.75,True,26,928941.7500000001,918,918
uflp_orlib,cap134,0,0,penalty,mga,50,500000,928941.75,True,27,928941.7500000001,907,907
uflp_orlib,cap134,0,0,penalty,mga,50,500000,928941.75,True,28,928941.7500000001,1277,1277
uflp_orlib,cap134,0,0,penalty,mga,50,500000,928941.75,True,29,928941.7500000001,832,832
uflp_orlib,cap134,0,0,penalty,mga,50,500000,928941.75,True,30,928941.7500000001,1172,1172
uflp_orlib,cap134,0,0,penalty,mbpso,50,500000,928941.75,True,0,928941.7500000001,884,884
uflp_orlib,cap134,0,0,penalty,mbpso,50,500000,928941.75,True,1,928941.7500000001,1126,1126
uflp_orlib,cap134,0,0,penalty,mbpso,50,500000,928941.75,True,2,928941.7500000001,1072,1072
uflp_orlib,cap134,0,0,penalty,mbpso,50,500000,928941.75,True,3,928941.7500000001,772,772
uflp_orlib,cap134,0,0,penalty,mbpso,50,500000,928941.75,True,4,928941.7500000001,642,642
uflp_orlib,cap134,0,0,penalty,mbpso,50,500000,928941.75,True,5,928941.7500000001,1196,1196
uflp_orlib,cap134,0,0,penalty,mbpso,50,500000,928941.75,True,6,928941.7500000001,792,792
uflp_orlib,cap134,0,0,penalty,mbpso,50,500000,928941.75,True,7,928941.7500000001,620,620
uflp_orlib,cap134,0,0,penalty,mbpso,50,500000,928941.75,True,8,928941.7500000001,1302,1302
uflp_orlib,cap134,0,0,penalty,mbpso,50,500000,928941.75,True,9,928941.7500000001,914,914
uflp_orlib,cap134,0,0,penalty,mbpso,50,500000,928941.75,True,10,928941.7500000001,931,931
uflp_orlib,cap134,0,0,penalty,mbpso,50,500000,928941.75,True,11,928941.7500000001,998,998
uflp_orlib,cap134,0,0,penalty,mbpso,50,500000,928941.75,True,12,928941.7500000001,1326,1326
uflp_orlib,cap134,0,0,penalty,mbpso,50,500000,928941.75,True,13,928941.7500000001,1118,1118
uflp_orlib,cap134,0,0,penalty,mbpso,50,500000,928941.75,True,14,928941.7500000001,888,888
uflp_orlib,cap134,0,0,penalty,mbpso,50,500000,928941.75,True,15,928941.7500000001,1016,1016
uflp_orlib,cap134,0,0,penalty,mbpso,50,500000,928941.75,True,16,928941.7500000001,991,991
uflp_orlib,cap134,0,0,penalty,mbpso,50,500000,928941.75,True,17,928941.7500000001,973,973
uflp_orlib,cap134,0,0,penalty,mbpso,50,500000,928941.75,True,18,928941.7500000001,940,940
uflp_orlib,cap134,0,0,penalty,mbpso,50,500000,928941.75,True,19,928941.7500000001,1156,1156
uflp_orlib,cap134,0,0,penalty,mbpso,50,500000,928941.75,True,20,928941.7500000001,728,728
uflp_orlib,cap134,0,0,penalty,mbpso,50,500000,928941.75,True,21,928941.7500000001,807,807
uflp_orlib,cap134,0,0,penalty,mbpso,50,500000,928941.75,True,22,928941.7500000001,827,827
uflp_orlib,cap134,0,0,penalty,mbpso,50,500000,928941.75,True,23,928941.7500000001,603,603
uflp_orlib,cap134,0,0,penalty,mbpso,50,500000,928941.75,True,24,928941.7500000001,942,942
uflp_orlib,cap134,0,0,penalty,mbpso,50,500000,928941.75,True,25,928941.7500000001,979,979
uflp_orlib,cap134,0,0,penalty,mbpso,50,500000,928941.75,True,26,928941.7500000001,1176,1176
uflp_orlib,cap134,0,0,penalty,mbpso,50,500000,928941.75,True,27,928941.7500000001,1202,1202
uflp_orlib,cap134,0,0,penalty,mbpso,50,500000,928941.75,True,28,928941.7500000001,814,814
uflp_orlib,cap134,0,0,penalty,mbpso,50,500000,928941.75,True,29,928941.7500000001,708,708
uflp_orlib,cap134,0,0,penalty,mbpso,50,500000,928941.75,True,30,928941.7500000001,1203,1203
uflp_orlib,cap134,0,0,penalty,mbde,50,500000,928941.75,True,0,928941.7500000001,644,644
uflp_orlib,cap134,0,0,penalty,mbde,50,500000,928941.75,True,1,928941.7500000001,1037,1037
uflp_orlib,cap134,0,0,penalty,mbde,50,500000,928941.75,True,2,928941.7500000001,803,803
uflp_orlib,cap134,0,0,penalty,mbde,50,500000,928941.75,True,3,928941.7500000001,1212,1212
uflp_orlib,cap134,0,0,penalty,mbde,50,500000,928941.75,True,4,928941.7500000001,1307,1307
uflp_orlib,cap134,0,0,penalty,mbde,50,500000,928941.75,True,5,928941.7500000001,1025,1025
uflp_orlib,cap134,0,0,penalty,mbde,50,500000,928941.75,True,6,928941.7500000001,920,920
uflp_orlib,cap134,0,0,penalty,mbde,50,500000,928941.75,True,7,928941.7500000001,961,961
uflp_orlib,cap134,0,0,penalty,mbde,50,500000,928941.75,True,8,928941.7500000001,916,916
uflp_orlib,cap134,0,0,penalty,mbde,50,500000,928941.75,True,9,928941.7500000001,750,750
uflp_orlib,cap134,0,0,penalty,mbde,50,500000,928941.75,True,10,928941.7500000001,1026,1026
uflp_orlib,cap134,0,0,penalty,mbde,50,500000,928941.75,True,11,928941.7500000001,886,886
uflp_orlib,cap134,0,0,penalty,mbde,50,500000,928941.75,True,12,928941.7500000001,866,866
uflp_orlib,cap134,0,0,penalty,mbde,50,500000,928941.75,True,13,928941.7500000001,967,967
uflp_orlib,cap134,0,0,penalty,mbde,50,500000,928941.75,True,14,928941.7500000001,861,861
uflp_orlib,cap134,0,0,penalty,mbde,50,500000,928941.75,True,15,928941.7500000001,1125,1125
uflp_orlib,cap134,0,0,penalty,mbde,50,500000,928941.75,True,16,928941.7500000001,1120,1120
uflp_orlib,cap134,0,0,penalty,mbde,50,500000,928941.75,True,17,928941.7500000001,1031,1031
uflp_orlib,cap134,0,0,penalty,mbde,50,500000,928941.75,True,18,928941.7500000001,640,640
uflp_orlib,cap134,0,0,penalty,mbde,50,500000,928941.75,True,19,928941.7500000001,1166,1166
uflp_orlib,cap134,0,0,penalty,mbde,50,500000,928941.75,True,20,928941.7500000001,655,655
uflp_orlib,cap134,0,0,penalty,mbde,50,500000,928941.75,True,21,928941.7500000001,1132,1132
uflp_orlib,cap134,0,0,penalty,mbde,50,500000,928941.75,True,22,928941.7500000001,1167,1167
uflp_orlib,cap134,0,0,penalty,mbde,50,500000,928941.75,True,23,928941.7500000001,907,907
uflp_orlib,cap134,0,0,penalty,mbde,50,500000,928941.75,True,24,928941.7500000001,1135,1135
uflp_orlib,cap134,0,0,penalty,mbde,50,500000,928941.75,True,25,928941.7500000001,812,812
uflp_orlib,cap134,0,0,penalty,mbde,50,500000,928941.75,True,26,928941.7500000001,985,985
uflp_orlib,cap134,0,0,penalty,mbde,50,500000,928941.75,True,27,928941.7500000001,907,907
uflp_orlib,cap134,0,0,penalty,mbde,50,500000,928941.75,True,28,928941.7500000001,1007,1007
uflp_orlib,cap134,0,0,penalty,mbde,50,500000,928941.75,True,29,928941.7500000001,832,832
uflp_orlib,cap134,0,0,penalty,mbde,50,500000,928941.75,True,30,928941.7500000001,797,797
uflp_orlib,cap134,0,0,penalty,ga,50,500000,928941.75,True,0,928941.7500000001,930,930
uflp_orlib,cap134,0,0,penalty,ga,50,500000,928941.75,True,1,928941.7500000001,6420,6420
uflp_orlib,cap134,0,0,penalty,ga,50,500000,928941.75,True,2,928941.7500000001,5070,5070
uflp_orlib,cap134,0,0,penalty,ga,50,500000,928941.75,True,3,928941.7500000001,15840,15840
uflp_orlib,cap134,0,0,penalty,ga,50,500000,928941.75,True,4,928941.7500000001,4800,4800
uflp_orlib,cap134,0,0,penalty,ga,50,500000,928941.75,True,5,928941.7500000001,20880,20880
uflp_orlib,cap134,0,0,penalty,ga,50,500000,928941.75,True,6,928941.7500000001,840,840
uflp_orlib,cap134,0,0,penalty,ga,50,500000,928941.75,True,7,928941.7500000001,1560,1560
uflp_orlib,cap134,0,0,penalty,ga,50,500000,928941.75,True,8,928941.7500000001,1680,1680
uflp_orlib,cap134,0,0,penalty,ga,50,500000,928941.75,True,9,928941.7500000001,2310,2310
uflp_orlib,cap134,0,0,penalty,ga,50,500000,928941.75,True,10,928941.7500000001,4620,4620
uflp_orlib,cap134,0,0,penalty,ga,50,500000,928941.75,True,11,928941.7500000001,7320,7320
uflp_orlib,cap134,0,0,penalty,ga,50,500000,928941.75,True,12,928941.7500000001,900,900
uflp_orlib,cap134,0,0,penalty,ga,50,500000,928941.75,True,13,928941.7500000001,11280,11280
uflp_orlib,cap134,0,0,penalty,ga,50,500000,928941.75,True,14,928941.7500000001,930,930
uflp_orlib,cap134,0,0,penalty,ga,50,500000,928941.75,True,15,928941.7500000001,3300,3300
uflp_orlib,cap134,0,0,penalty,ga,50,500000,928941.75,True,16,928941.7500000001,4020,4020
uflp_orlib,cap134,0,0,penalty,ga,50,500000,928941.75,True,17,928941.7500000001,5760,5760
uflp_orlib,cap134,0,0,penalty,ga,50,500000,928941.75,True,18,928941.7500000001,810,810
uflp_orlib,cap134,0,0,penalty,ga,50,500000,928941.75,True,19,928941.7500000001,3810,3810
uflp_orlib,cap134,0,0,penalty,ga,50,500000,928941.75,True,20,928941.7500000001,1260,1260
uflp_orlib,cap134,0,0,penalty,ga,50,500000,928941.75,True,21,928941.7500000001,960,960
uflp_orlib,cap134,0,0,penalty,ga,50,500000,928941.75,True,22,928941.7500000001,4470,4470
uflp_orlib,cap134,0,0,penalty,ga,50,500000,928941.75,True,23,928941.7500000001,8910,8910
uflp_orlib,cap134,0,0,penalty,ga,50,500000,928941.75,True,24,928941.7500000001,1080,1080
uflp_orlib,cap134,0,0,penalty,ga,50,500000,928941.75,True,25,928941.7500000001,7620,7620
uflp_orlib,cap134,0,0,penalty,ga,50,500000,928941.75,True,26,928941.7500000001,2370,2370
uflp_orlib,cap134,0,0,penalty,ga,50,500000,928941.75,True,27,928941.7500000001,2160,2160
uflp_orlib,cap134,0,0,penalty,ga,50,500000,928941.75,True,28,928941.7500000001,960,960
uflp_orlib,cap134,0,0,penalty,ga,50,500000,928941.75,True,29,928941.7500000001,3660,3660
uflp_orlib,cap134,0,0,penalty,ga,50,500000,928941.75,True,30,928941.7500000001,2010,2010
uflp_orlib,cap72,0,0,penalty,bde,16,160000,977799.4,True,0,977799.4,720,720
uflp_orlib,cap72,0,0,penalty,bde,16,160000,977799.4,True,1,982711.6000000001,,160000
uflp_orlib,cap72,0,0,penalty,bde,16,160000,977799.4,True,2,977799.4,1080,1080
uflp_orlib,cap72,0,0,penalty,bde,16,160000,977799.4,True,3,977799.4,180,180
uflp_orlib,cap72,0,0,penalty,bde,16,160000,977799.4,True,4,977799.4,240,240
uflp_orlib,cap72,0,0,penalty,bde,16,160000,977799.4,True,5,977799.4,360,360
uflp_orlib,cap72,0,0,penalty,bde,16,160000,977799.4,True,6,977799.4,300,300
uflp_orlib,cap72,0,0,penalty,bde,16,160000,977799.4,True,7,981649.3500000001,,160000
uflp_orlib,cap72,0,0,penalty,bde,16,160000,977799.4,True,8,977799.4,390,390
uflp_orlib,cap72,0,0,penalty,bde,16,160000,977799.4,True,9,977799.4,600,600
uflp_orlib,cap72,0,0,penalty,bde,16,160000,977799.4,True,10,977799.4,420,420
uflp_orlib,cap72,0,0,penalty,bde,16,160000,977799.4,True,11,977799.4,330,330
uflp_orlib,cap72,0,0,penalty,bde,16,160000,977799.4,True,12,977799.4,37020,37020
uflp_orlib,cap72,0,0,penalty,bde,16,160000,977799.4,True,13,977799.4,690,690
uflp_orlib,cap72,0,0,penalty,bde,16,160000,977799.4,True,14,977799.4,600,600
uflp_orlib,cap72,0,0,penalty,bde,16,160000,977799.4,True,15,977799.4,450,450
uflp_orlib,cap72,0,0,penalty,bde,16,160000,977799.4,True,16,977799.4,300,300
uflp_orlib,cap72,0,0,penalty,bde,16,160000,977799.4,True,17,977799.4,390,390
uflp_orlib,cap72,0,0,penalty,bde,16,160000,977799.4,True,18,977799.4,450,450
uflp_orlib,cap72,0,0,penalty,bde,16,160000,977799.4,True,19,977799.4,1980,1980
uflp_orlib,cap72,0,0,penalty,bde,16,160000,977799.4,True,20,977799.4,390,390
uflp_orlib,cap72,0,0,penalty,bde,16,160000,977799.4,True,21,977799.4,450,450
uflp_orlib,cap72,0,0,penalty,bde,16,160000,977799.4,True,22,977799.4,240,240
uflp_orlib,cap72,0,0,penalty,bde,16,160000,977799.4,True,23,977799.4,540,540
uflp_orlib,cap72,0,0,penalty,bde,16,160000,977799.4,True,24,981649.3500000001,,160000
uflp_orlib,cap72,0,0,penalty,bde,16,160000,977799.4,True,25,977799.4,420,420
uflp_orlib,cap72,0,0,penalty,bde,16,160000,977799.4,True,26,977799.4,390,390
uflp_orlib,cap72,0,0,penalty,bde,16,160000,977799.4,True,27,981649.3500000001,,160000
uflp_orlib,cap72,0,0,penalty,bde,16,160000,977799.4,True,28,977799.4,600,600
uflp_orlib,cap72,0,0,penalty,bde,16,160000,977799.4,True,29,981649.3500000001,,160000
uflp_orlib,cap72,0,0,penalty,bde,16,160000,977799.4,True,30,977799.4,450,450
uflp_orlib,cap103,0,0,penalty,mbpso,25,250000,893782.1125,True,0,893782.1125,43432,43432
uflp_orlib,cap103,0,0,penalty,mbpso,25,250000,893782.1125,True,1,893782.1125,20307,20307
uflp_orlib,cap103,0,0,penalty,mbpso,25,250000,893782.1125,True,2,893782.1125,15123,15123
uflp_orlib,cap103,0,0,penalty,mbpso,25,250000,893782.1125,True,3,893782.1125,168684,168684
uflp_orlib,cap103,0,0,penalty,mbpso,25,250000,893782.1125,True,4,893782.1125,8395,8395
uflp_orlib,cap103,0,0,penalty,mbpso,25,250000,893782.1125,True,5,893782.1125,4463,4463
uflp_orlib,cap103,0,0,penalty,mbpso,25,250000,893782.1125,True,6,893782.1125,1843,1843
uflp_orlib,cap103,0,0,penalty,mbpso,25,250000,893782.1125,True,7,893782.1125,617,617
uflp_orlib,cap103,0,0,penalty,mbpso,25,250000,893782.1125,True,8,894801.1625000001,,250000
uflp_orlib,cap103,0,0,penalty,mbpso,25,250000,893782.1125,True,9,893782.1125,77401,77401
uflp_orlib,cap103,0,0,penalty,mbpso,25,250000,893782.1125,True,10,893782.1125,14289,14289
uflp_orlib,cap103,0,0,penalty,mbpso,25,250000,893782.1125,True,11,893782.1125,2681,2681
uflp_orlib,cap103,0,0,penalty,mbpso,25,250000,893782.1125,True,12,894801.1625000001,,250000
uflp_orlib,cap103,0,0,penalty,mbpso,25,250000,893782.1125,True,13,893782.1125,1027,1027
uflp_orlib,cap103,0,0,penalty,mbpso,25,250000,893782.1125,True,14,893782.1125,937,937
uflp_orlib,cap103,0,0,penalty,mbpso,25,250000,893782.1125,True,15,893782.1125,71182,71182
uflp_orlib,cap103,0,0,penalty,mbpso,25,250000,893782.1125,True,16,893782.1125,105855,105855
uflp_orlib,cap103,0,0,penalty,mbpso,25,250000,893782.1125,True,17,893782.1125,382,382
uflp_orlib,cap103,0,0,penalty,mbpso,25,250000,893782.1125,True,18,893782.1125,11466,11466
uflp_orlib,cap103,0,0,penalty,mbpso,25,250000,893782.1125,True,19,893782.1125,721,721
uflp_orlib,cap103,0,0,penalty,mbpso,25,250000,893782.1125,True,20,893782.1125,377,377
uflp_orlib,cap103,0,0,penalty,mbpso,25,250000,893782.1125,True,21,893782.1125,9862,9862
uflp_orlib,cap103,0,0,penalty,mbpso,25,250000,893782.1125,True,22,893782.1125,7766,7766
uflp_orlib,cap103,0,0,penalty,mbpso,25,250000,893782.1125,True,23,893782.1125,689,689
uflp_orlib,cap103,0,0,penalty,mbpso,25,250000,893782.1125,True,24,893782.1125,8066,8066
uflp_orlib,cap103,0,0,penalty,mbpso,25,250000,893782.1125,True,25,893782.1125,920,920
uflp_orlib,cap103,0,0,penalty,mbpso,25,250000,893782.1125,True,26,893782.1125,1366,1366
uflp_orlib,cap103,0,0,penalty,mbpso,25,250000,893782.1125,True,27,893782.1125,27246,27246
uflp_orlib,cap103,0,0,penalty,mbpso,25,250000,893782.1125,True,28,893782.1125,926,926
uflp_orlib,cap103,0,0,penalty,mbpso,25,250000,893782.1125,True,29,893782.1125,402,402
uflp_orlib,cap103,0,0,penalty,mbpso,25,250000,893782.1125,True,30,893782.1125,1095,1095
uflp_orlib,cap102,0,0,penalty,bpso,25,250000,854704.2,True,0,854704.2000000001,750,750
uflp_orlib,cap102,0,0,penalty,bpso,25,250000,854704.2,True,1,854704.2000000001,15060,15060
uflp_orlib,cap102,0,0,penalty,bpso,25,250000,854704.2,True,2,854704.2000000001,12960,12960
uflp_orlib,cap102,0,0,penalty,bpso,25,250000,854704.2,True,3,854704.2000000001,58050,58050
uflp_orlib,cap102,0,0,penalty,bpso,25,250000,854704.2,True,4,854704.2000000001,16650,16650
uflp_orlib,cap102,0,0,penalty,bpso,25,250000,854704.2,True,5,854704.2000000001,2940,2940
uflp_orlib,cap102,0,0,penalty,bpso,25,250000,854704.2,True,6,854704.2000000001,18960,18960
uflp_orlib,cap102,0,0,penalty,bpso,25,250000,854704.2,True,7,854704.2000000001,46830,46830
uflp_orlib,cap102,0,0,penalty,bpso,25,250000,854704.2,True,8,854704.2000000001,54270,54270
uflp_orlib,cap102,0,0,penalty,bpso,25,250000,854704.2,True,9,854704.2000000001,11310,11310
uflp_orlib,cap102,0,0,penalty,bpso,25,250000,854704.2,True,10,854704.2000000001,14340,14340
uflp_orlib,cap102,0,0,penalty,bpso,25,250000,854704.2,True,11,854704.2000000001,7290,7290
uflp_orlib,cap102,0,0,penalty,bpso,25,250000,854704.2,True,12,854704.2000000001,17040,17040
uflp_orlib,cap102,0,0,penalty,bpso,25,250000,854704.2,True,13,854704.2000000001,2220,2220
uflp_orlib,cap102,0,0,penalty,bpso,25,250000,854704.2,True,14,854704.2000000001,26460,26460
uflp_orlib,cap102,0,0,penalty,bpso,25,250000,854704.2,True,15,854704.2000000001,30690,30690
uflp_orlib,cap102,0,0,penalty,bpso,25,250000,854704.2,True,16,854704.2000000001,68880,68880
uflp_orlib,cap102,0,0,penalty,bpso,25,250000,854704.2,True,17,854704.2000000001,46890,46890
uflp_orlib,cap102,0,0,penalty,bpso,25,250000,854704.2,True,18,854704.2000000001,2430,2430
uflp_orlib,cap102,0,0,penalty,bpso,25,250000,854704.2,True,19,854704.2000000001,4950,4950
uflp_orlib,cap102,0,0,penalty,bpso,25,250000,854704.2,True,20,854704.2000000001,124170,124170
uflp_orlib,cap102,0,0,penalty,bpso,25,250000,854704.2,True,21,854704.2000000001,5850,5850
uflp_orlib,cap102,0,0,penalty,bpso,25,250000,854704.2,True,22,854704.2000000001,25680,25680
uflp_orlib,cap102,0,0,penalty,bpso,25,250000,854704.2,True,23,854704.2000000001,43380,43380
uflp_orlib,cap102,0,0,penalty,bpso,25,250000,854704.2,True,24,854704.2000000001,34890,34890
uflp_orlib,cap102,0,0,penalty,bpso,25,250000,854704.2,True,25,854704.2000000001,36630,36630
uflp_orlib,cap102,0,0,penalty,bpso,25,250000,854704.2,True,26,854704.2000000001,34050,34050
uflp_orlib,cap102,0,0,penalty,bpso,25,250000,854704.2,True,27,854704.2000000001,4650,4650
uflp_orlib,cap102,0,0,penalty,bpso,25,250000,854704.2,True,28,854704.2000000001,18900,18900
uflp_orlib,cap102,0,0,penalty,bpso,25,250000,854704.2,True,29,854704.2000000001,36210,36210
uflp_orlib,cap102,0,0,penalty,bpso,25,250000,854704.2,True,30,854704.2000000001,24630,24630
uflp_orlib,cap103,0,0,penalty,mga,25,250000,893782.1125,True,0,893782.1125,57820,57820
uflp_orlib,cap103,0,0,penalty,mga,25,250000,893782.1125,True,1,893782.1125,9876,9876
uflp_orlib,cap103,0,0,penalty,mga,25,250000,893782.1125,True,2,893782.1125,54296,54296
uflp_orlib,cap103,0,0,penalty,mga,25,250000,893782.1125,True,3,893782.1125,10703,10703
uflp_orlib,cap103,0,0,penalty,mga,25,250000,893782.1125,True,4,893782.1125,33158,33158
uflp_orlib,cap103,0,0,penalty,mga,25,250000,893782.1125,True,5,893782.1125,65078,65078
uflp_orlib,cap103,0,0,penalty,mga,25,250000,893782.1125,True,6,893782.1125,17968,17968
uflp_orlib,cap103,0,0,penalty,mga,25,250000,893782.1125,True,7,893782.1125,47963,47963
uflp_orlib,cap103,0,0,penalty,mga,25,250000,893782.1125,True,8,893782.1125,15324,15324
uflp_orlib,cap103,0,0,penalty,mga,25,250000,893782.1125,True,9,893782.1125,14687,14687
uflp_orlib,cap103,0,0,penalty,mga,25,250000,893782.1125,True,10,893782.1125,9614,9614
uflp_orlib,cap103,0,0,penalty,mga,25,250000,893782.1125,True,11,893782.1125,38391,38391
uflp_orlib,cap103,0,0,penalty,mga,25,250000,893782.1125,True,12,893782.1125,77026,77026
uflp_orlib,cap103,0,0,penalty,mga,25,250000,893782.1125,True,13,893782.1125,17077,17077
uflp_orlib,cap103,0,0,penalty,mga,25,250000,893782.1125,True,14,893782.1125,46102,46102
uflp_orlib,cap103,0,0,penalty,mga,25,250000,893782.1125,True,15,893782.1125,103792,103792
uflp_orlib,cap103,0,0,penalty,mga,25,250000,893782.1125,True,16,893782.1125,371,371
uflp_orlib,cap103,0,0,penalty,mga,25,250000,893782.1125,True,17,893782.1125,367,367
uflp_orlib,cap103,0,0,penalty,mga,25,250000,893782.1125,True,18,893782.1125,61583,61583
uflp_orlib,cap103,0,0,penalty,mga,25,250000,893782.1125,True,19,893782.1125,171391,171391
uflp_orlib,cap103,0,0,penalty,mga,25,250000,893782.1125,True,20,893782.1125,40891,40891
uflp_orlib,cap103,0,0,penalty,mga,25,250000,893782.1125,True,21,893782.1125,9616,9616
uflp_orlib,cap103,0,0,penalty,mga,25,250000,893782.1125,True,22,893782.1125,11560,11560
uflp_orlib,cap103,0,0,penalty,mga,25,250000,893782.1125,True,23,893782.1125,62116,62116
uflp_orlib,cap103,0,0,penalty,mga,25,250000,893782.1125,True,24,893782.1125,152414,152414
uflp_orlib,cap103,0,0,penalty,mga,25,250000,893782.1125,True,25,893782.1125,33955,33955
uflp_orlib,cap103,0,0,penalty,mga,25,250000,893782.1125,True,26,893782.1125,20280,20280
uflp_orlib,cap103,0,0,penalty,mga,25,250000,893782.1125,True,27,893782.1125,298,298
uflp_orlib,cap103,0,0,penalty,mga,25,250000,893782.1125,True,28,893782.1125,99219,99219
uflp_orlib,cap103,0,0,penalty,mga,25,250000,893782.1125,True,29,893782.1125,59488,59488
uflp_orlib,cap103,0,0,penalty,mga,25,250000,893782.1125,True,30,893782.1125,1945,1945
uflp_orlib,cap104,0,0,penalty,bde,25,250000,928941.75,True,0,928941.7500000001,68700,68700
uflp_orlib,cap104,0,0,penalty,bde,25,250000,928941.75,True,1,928941.7500000001,242250,242250
uflp_orlib,cap104,0,0,penalty,bde,25,250000,928941.75,True,2,928941.7500000001,218670,218670
uflp_orlib,cap104,0,0,penalty,bde,25,250000,928941.75,True,3,928941.7500000001,193320,193320
uflp_orlib,cap104,0,0,penalty,bde,25,250000,928941.75,True,4,928941.7500000001,480,480
uflp_orlib,cap104,0,0,penalty,bde,25,250000,928941.75,True,5,928941.7500000001,480,480
uflp_orlib,cap104,0,0,penalty,bde,25,250000,928941.75,True,6,928941.7500000001,870,870
uflp_orlib,cap104,0,0,penalty,bde,25,250000,928941.75,True,7,934586.9750000001,,250000
uflp_orlib,cap104,0,0,penalty,bde,25,250000,928941.75,True,8,928941.7500000001,570,570
uflp_orlib,cap104,0,0,penalty,bde,25,250000,928941.75,True,9,928941.7500000001,510,510
uflp_orlib,cap104,0,0,penalty,bde,25,250000,928941.75,True,10,928941.7500000001,1170,1170
uflp_orlib,cap104,0,0,penalty,bde,25,250000,928941.75,True,11,928941.7500000001,660,660
uflp_orlib,cap104,0,0,penalty,bde,25,250000,928941.75,True,12,928941.7500000001,840,840
uflp_orlib,cap104,0,0,penalty,bde,25,250000,928941.75,True,13,928941.7500000001,44370,44370
uflp_orlib,cap104,0,0,penalty,bde,25,250000,928941.75,True,14,928941.7500000001,600,600
uflp_orlib,cap104,0,0,penalty,bde,25,250000,928941.75,True,15,928941.7500000001,570,570
uflp_orlib,cap104,0,0,penalty,bde,25,250000,928941.75,True,16,928941.7500000001,540,540
uflp_orlib,cap104,0,0,penalty,bde,25,250000,928941.75,True,17,928941.7500000001,2280,2280
uflp_orlib,cap104,0,0,penalty,bde,25,250000,928941.75,True,18,928941.7500000001,36510,36510
uflp_orlib,cap104,0,0,penalty,bde,25,250000,928941.75,True,19,928941.7500000001,214740,214740
uflp_orlib,cap104,0,0,penalty,bde,25,250000,928941.75,True,20,928941.7500000001,31830,31830
uflp_orlib,cap104,0,0,penalty,bde,25,250000,928941.75,True,21,928941.7500000001,2940,2940
uflp_orlib,cap104,0,0,penalty,bde,25,250000,928941.75,True,22,928941.7500000001,780,780
uflp_orlib,cap104,0,0,penalty,bde,25,250000,928941.75,True,23,928941.7500000001,78630,78630
uflp_orlib,cap104,0,0,penalty,bde,25,250000,928941.75,True,24,928941.7500000001,750,750
uflp_orlib,cap104,0,0,penalty,bde,25,250000,928941.75,True,25,934586.9750000001,,250000
uflp_orlib,cap104,0,0,penalty,bde,25,250000,928941.75,True,26,928941.7500000001,660,660
uflp_orlib,cap104,0,0,penalty,bde,25,250000,928941.75,True,27,928941.7500000001,600,600
uflp_orlib,cap104,0,0,penalty,bde,25,250000,928941.75,True,28,928941.7500000001,720,720
uflp_orlib,cap104,0,0,penalty,bde,25,250000,928941.75,True,29,928941.7500000001,720,720
uflp_orlib,cap104,0,0,penalty,bde,25,250000,928941.75,True,30,928941.7500000001,79500,79500
uflp_orlib,cap74,0,0,penalty,bde,16,160000,1034976.975,True,0,1034976.9750000001,510,510
uflp_orlib,cap74,0,0,penalty,bde,16,160000,1034976.975,True,1,1037717.0750000001,,160000
uflp_orlib,cap74,0,0,penalty,bde,16,160000,1034976.975,True,2,1037717.0750000001,,160000
uflp_orlib,cap74,0,0,penalty,bde,16,160000,1034976.975,True,3,1034976.9750000001,330,330
uflp_orlib,cap74,0,0,penalty,bde,16,160000,1034976.975,True,4,1034976.9750000001,360,360
uflp_orlib,cap74,0,0,penalty,bde,16,160000,1034976.975,True,5,1034976.9750000001,840,840
uflp_orlib,cap74,0,0,penalty,bde,16,160000,1034976.975,True,6,1034976.9750000001,300,300
uflp_orlib,cap74,0,0,penalty,bde,16,160000,1034976.975,True,7,1034976.9750000001,420,420
uflp_orlib,cap74,0,0,penalty,bde,16,160000,1034976.975,True,8,1034976.9750000001,44760,44760
uflp_orlib,cap74,0,0,penalty,bde,16,160000,1034976.975,True,9,1034976.9750000001,180,180
uflp_orlib,cap74,0,0,penalty,bde,16,160000,1034976.975,True,10,1034976.9750000001,450,450
uflp_orlib,cap74,0,0,penalty,bde,16,160000,1034976.975,True,11,1037717.0750000001,,160000
uflp_orlib,cap74,0,0,penalty,bde,16,160000,1034976.975,True,12,1034976.9750000001,45000,45000
uflp_orlib,cap74,0,0,penalty,bde,16,160000,1034976.975,True,13,1034976.9750000001,480,480
uflp_orlib,cap74,0,0,penalty,bde,16,160000,1034976.975,True,14,1037717.0750000001,,160000
uflp_orlib,cap74,0,0,penalty,bde,16,160000,1034976.975,True,15,1037717.0750000001,,160000
uflp_orlib,cap74,0,0,penalty,bde,16,160000,1034976.975,True,16,1034976.9750000001,37710,37710
uflp_orlib,cap74,0,0,penalty,bde,16,160000,1034976.975,True,17,1034976.9750000001,58140,58140
uflp_orlib,cap74,0,0,penalty,bde,16,160000,1034976.975,True,18,1037717.0750000001,,160000
uflp_orlib,cap74,0,0,penalty,bde,16,160000,1034976.975,True,19,1034976.9750000001,390,390
uflp_orlib,cap74,0,0,penalty,bde,16,160000,1034976.975,True,20,1034976.9750000001,141150,141150
uflp_orlib,cap74,0,0,penalty,bde,16,160000,1034976.975,True,21,1034976.9750000001,140940,140940
uflp_orlib,cap74,0,0,penalty,bde,16,160000,1034976.975,True,22,1034976.9750000001,180,180
uflp_orlib,cap74,0,0,penalty,bde,16,160000,1034976.975,True,23,1034976.9750000001,450,450
uflp_orlib,cap74,0,0,penalty,bde,16,160000,1034976.975,True,24,1034976.9750000001,330,330
uflp_orlib,cap74,0,0,penalty,bde,16,160000,1034976.975,True,25,1037717.0750000001,,160000
uflp_orlib,cap74,0,0,penalty,bde,16,160000,1034976.975,True,26,1034976.9750000001,210,210
uflp_orlib,cap74,0,0,penalty,bde,16,160000,1034976.975,True,27,1034976.9750000001,330,330
uflp_orlib,cap74,0,0,penalty,bde,16,160000,1034976.975,True,28,1034976.9750000001,1140,1140
uflp_orlib,cap74,0,0,penalty,bde,16,160000,1034976.975,True,29,1034976.9750000001,330,330
uflp_orlib,cap74,0,0,penalty,bde,16,160000,1034976.975,True,30,1034976.9750000001,300,300
uflp_orlib,cap134,0,0,penalty,floor,50,500000,928941.75,True,0,928941.7500000001,13872,13872
uflp_orlib,cap134,0,0,penalty,floor,50,500000,928941.75,True,1,928941.7500000001,12929,12929
uflp_orlib,cap134,0,0,penalty,floor,50,500000,928941.75,True,2,928941.7500000001,16160,16160
uflp_orlib,cap134,0,0,penalty,floor,50,500000,928941.75,True,3,928941.7500000001,13597,13597
uflp_orlib,cap134,0,0,penalty,floor,50,500000,928941.75,True,4,928941.7500000001,13556,13556
uflp_orlib,cap134,0,0,penalty,floor,50,500000,928941.75,True,5,928941.7500000001,8823,8823
uflp_orlib,cap134,0,0,penalty,floor,50,500000,928941.75,True,6,928941.7500000001,13603,13603
uflp_orlib,cap134,0,0,penalty,floor,50,500000,928941.75,True,7,928941.7500000001,8238,8238
uflp_orlib,cap134,0,0,penalty,floor,50,500000,928941.75,True,8,928941.7500000001,12447,12447
uflp_orlib,cap134,0,0,penalty,floor,50,500000,928941.75,True,9,928941.7500000001,9575,9575
uflp_orlib,cap134,0,0,penalty,floor,50,500000,928941.75,True,10,928941.7500000001,14217,14217
uflp_orlib,cap134,0,0,penalty,floor,50,500000,928941.75,True,11,928941.7500000001,10618,10618
uflp_orlib,cap134,0,0,penalty,floor,50,500000,928941.75,True,12,928941.7500000001,13122,13122
uflp_orlib,cap134,0,0,penalty,floor,50,500000,928941.75,True,13,928941.7500000001,13976,13976
uflp_orlib,cap134,0,0,penalty,floor,50,500000,928941.75,True,14,928941.7500000001,14898,14898
uflp_orlib,cap134,0,0,penalty,floor,50,500000,928941.75,True,15,928941.7500000001,12566,12566
uflp_orlib,cap134,0,0,penalty,floor,50,500000,928941.75,True,16,928941.7500000001,16454,16454
uflp_orlib,cap134,0,0,penalty,floor,50,500000,928941.75,True,17,928941.7500000001,12256,12256
uflp_orlib,cap134,0,0,penalty,floor,50,500000,928941.75,True,18,928941.7500000001,12885,12885
uflp_orlib,cap134,0,0,penalty,floor,50,500000,928941.75,True,19,928941.7500000001,12215,12215
uflp_orlib,cap134,0,0,penalty,floor,50,500000,928941.75,True,20,928941.7500000001,10862,10862
uflp_orlib,cap134,0,0,penalty,floor,50,500000,928941.75,True,21,928941.7500000001,9747,9747
uflp_orlib,cap134,0,0,penalty,floor,50,500000,928941.75,True,22,928941.7500000001,14924,14924
uflp_orlib,cap134,0,0,penalty,floor,50,500000,928941.75,True,23,928941.7500000001,12890,12890
uflp_orlib,cap134,0,0,penalty,floor,50,500000,928941.75,True,24,928941.7500000001,11305,11305
uflp_orlib,cap134,0,0,penalty,floor,50,500000,928941.75,True,25,928941.7500000001,13328,13328
uflp_orlib,cap134,0,0,penalty,floor,50,500000,928941.75,True,26,928941.7500000001,8589,8589
uflp_orlib,cap134,0,0,penalty,floor,50,500000,928941.75,True,27,928941.7500000001,14461,14461
uflp_orlib,cap134,0,0,penalty,floor,50,500000,928941.75,True,28,928941.7500000001,8225,8225
uflp_orlib,cap134,0,0,penalty,floor,50,500000,928941.75,True,29,928941.7500000001,15265,15265
uflp_orlib,cap134,0,0,penalty,floor,50,500000,928941.75,True,30,928941.7500000001,11580,11580
uflp_orlib,cap133,0,0,penalty,mbpso,50,500000,893076.7125,True,0,893076.7125,13633,13633
uflp_orlib,cap133,0,0,penalty,mbpso,50,500000,893076.7125,True,1,893076.7125,3845,3845
uflp_orlib,cap133,0,0,penalty,mbpso,50,500000,893076.7125,True,2,893076.7125,55661,55661
uflp_orlib,cap133,0,0,penalty,mbpso,50,500000,893076.7125,True,3,893076.7125,6089,6089
uflp_orlib,cap133,0,0,penalty,mbpso,50,500000,893076.7125,True,4,893076.7125,8043,8043
uflp_orlib,cap133,0,0,penalty,mbpso,50,500000,893076.7125,True,5,893076.7125,1234,1234
uflp_orlib,cap133,0,0,penalty,mbpso,50,500000,893076.7125,True,6,893076.7125,49101,49101
uflp_orlib,cap133,0,0,penalty,mbpso,50,500000,893076.7125,True,7,893076.7125,9776,9776
uflp_orlib,cap133,0,0,penalty,mbpso,50,500000,893076.7125,True,8,893076.7125,1980,1980
uflp_orlib,cap133,0,0,penalty,mbpso,50,500000,893076.7125,True,9,893076.7125,14113,14113
uflp_orlib,cap133,0,0,penalty,mbpso,50,500000,893076.7125,True,10,893076.7125,7665,7665
uflp_orlib,cap133,0,0,penalty,mbpso,50,500000,893076.7125,True,11,893076.7125,7109,7109
uflp_orlib,cap133,0,0,penalty,mbpso,50,500000,893076.7125,True,12,893076.7125,8779,8779
uflp_orlib,cap133,0,0,penalty,mbpso,50,500000,893076.7125,True,13,893076.7125,25094,25094
uflp_orlib,cap133,0,0,penalty,mbpso,50,500000,893076.7125,True,14,893076.7125,4754,4754
uflp_orlib,cap133,0,0,penalty,mbpso,50,500000,893076.7125,True,15,893076.7125,54149,54149
uflp_orlib,cap133,0,0,penalty,mbpso,50,500000,893076.7125,True,16,893076.7125,6739,6739
uflp_orlib,cap133,0,0,penalty,mbpso,50,500000,893076.7125,True,17,893076.7125,58476,58476
uflp_orlib,cap133,0,0,penalty,mbpso,50,500000,893076.7125,True,18,893076.7125,3399,3399
uflp_orlib,cap133,0,0,penalty,mbpso,50,500000,893076.7125,True,19,893076.7125,20917,20917
uflp_orlib,cap133,0,0,penalty,mbpso,50,500000,893076.7125,True,20,893076.7125,7039,7039
uflp_orlib,cap133,0,0,penalty,mbpso,50,500000,893076.7125,True,21,893076.7125,7914,7914
uflp_orlib,cap133,0,0,penalty,mbpso,50,500000,893076.7125,True,22,894095.7625000001,,500000
uflp_orlib,cap133,0,0,penalty,mbpso,50,500000,893076.7125,True,23,893076.7125,10855,10855
uflp_orlib,cap133,0,0,penalty,mbpso,50,500000,893076.7125,True,24,893076.7125,4559,4559
uflp_orlib,cap133,0,0,penalty,mbpso,50,500000,893076.7125,True,25,893076.7125,13826,13826
uflp_orlib,cap133,0,0,penalty,mbpso,50,500000,893076.7125,True,26,893076.7125,6281,6281
uflp_orlib,cap133,0,0,penalty,mbpso,50,500000,893076.7125,True,27,893076.7125,3013,3013
uflp_orlib,cap133,0,0,penalty,mbpso,50,500000,893076.7125,True,28,893076.7125,5954,5954
uflp_orlib,cap133,0,0,penalty,mbpso,50,500000,893076.7125,True,29,893076.7125,20749,20749
uflp_orlib,cap133,0,0,penalty,mbpso,50,500000,893076.7125,True,30,893076.7125,15455,15455
uflp_orlib,cap73,0,0,penalty,mbde,16,160000,1010641.45,True,0,1012476.9750000001,,160000
uflp_orlib,cap73,0,0,penalty,mbde,16,160000,1010641.45,True,1,1010641.45,722,722
uflp_orlib,cap73,0,0,penalty,mbde,16,160000,1010641.45,True,2,1010641.45,179,179
uflp_orlib,cap73,0,0,penalty,mbde,16,160000,1010641.45,True,3,1010641.45,149,149
uflp_orlib,cap73,0,0,penalty,mbde,16,160000,1010641.45,True,4,1010641.45,724,724
uflp_orlib,cap73,0,0,penalty,mbde,16,160000,1010641.45,True,5,1012476.9750000001,,160000
uflp_orlib,cap73,0,0,penalty,mbde,16,160000,1010641.45,True,6,1010641.45,181,181
uflp_orlib,cap73,0,0,penalty,mbde,16,160000,1010641.45,True,7,1012476.9750000001,,160000
uflp_orlib,cap73,0,0,penalty,mbde,16,160000,1010641.45,True,8,1010641.45,156,156
uflp_orlib,cap73,0,0,penalty,mbde,16,160000,1010641.45,True,9,1010641.45,915,915
uflp_orlib,cap73,0,0,penalty,mbde,16,160000,1010641.45,True,10,1012476.9750000001,,160000
uflp_orlib,cap73,0,0,penalty,mbde,16,160000,1010641.45,True,11,1010641.45,144,144
uflp_orlib,cap73,0,0,penalty,mbde,16,160000,1010641.45,True,12,1012476.9750000001,,160000
uflp_orlib,cap73,0,0,penalty,mbde,16,160000,1010641.45,True,13,1012476.9750000001,,160000
uflp_orlib,cap73,0,0,penalty,mbde,16,160000,1010641.45,True,14,1012476.9750000001,,160000
uflp_orlib,cap73,0,0,penalty,mbde,16,160000,1010641.45,True,15,1010641.45,197,197
uflp_orlib,cap73,0,0,penalty,mbde,16,160000,1010641.45,True,16,1010641.45,158,158
uflp_orlib,cap73,0,0,penalty,mbde,16,160000,1010641.45,True,17,1012476.9750000001,,160000
uflp_orlib,cap73,0,0,penalty,mbde,16,160000,1010641.45,True,18,1012476.9750000001,,160000
uflp_orlib,cap73,0,0,penalty,mbde,16,160000,1010641.45,True,19,1012476.9750000001,,160000
uflp_orlib,cap73,0,0,penalty,mbde,16,160000,1010641.45,True,20,1010641.45,218,218
uflp_orlib,cap73,0,0,penalty,mbde,16,160000,1010641.45,True,21,1010641.45,147,147
uflp_orlib,cap73,0,0,penalty,mbde,16,160000,1010641.45,True,22,1010641.45,176,176
uflp_orlib,cap73,0,0,penalty,mbde,16,160000,1010641.45,True,23,1012476.9750000001,,160000
uflp_orlib,cap73,0,0,penalty,mbde,16,160000,1010641.45,True,24,1010641.45,171,171
uflp_orlib,cap73,0,0,penalty,mbde,16,160000,1010641.45,True,25,1010641.45,1027,1027
uflp_orlib,cap73,0,0,penalty,mbde,16,160000,1010641.45,True,26,1012476.9750000001,,160000
uflp_orlib,cap73,0,0,penalty,mbde,16,160000,1010641.45,True,27,1010641.45,1012,1012
uflp_orlib,cap73,0,0,penalty,mbde,16,160000,1010641.45,True,28,1012476.9750000001,,160000
uflp_orlib,cap73,0,0,penalty,mbde,16,160000,1010641.45,True,29,1010641.45,168,168
uflp_orlib,cap73,0,0,penalty,mbde,16,160000,1010641.45,True,30,1012476.9750000001,,160000
uflp_orlib,cap103,0,0,penalty,bpso,25,250000,893782.1125,True,0,894801.1625000001,,250000
uflp_orlib,cap103,0,0,penalty,bpso,25,250000,893782.1125,True,1,893782.1125,91890,91890
uflp_orlib,cap103,0,0,penalty,bpso,25,250000,893782.1125,True,2,893782.1125,50940,50940
uflp_orlib,cap103,0,0,penalty,bpso,25,250000,893782.1125,True,3,893782.1125,54210,54210
uflp_orlib,cap103,0,0,penalty,bpso,25,250000,893782.1125,True,4,893782.1125,41190,41190
uflp_orlib,cap103,0,0,penalty,bpso,25,250000,893782.1125,True,5,893782.1125,12570,12570
uflp_orlib,cap103,0,0,penalty,bpso,25,250000,893782.1125,True,6,893782.1125,13260,13260
uflp_orlib,cap103,0,0,penalty,bpso,25,250000,893782.1125,True,7,893782.1125,840,840
uflp_orlib,cap103,0,0,penalty,bpso,25,250000,893782.1125,True,8,893782.1125,95760,95760
uflp_orlib,cap103,0,0,penalty,bpso,25,250000,893782.1125,True,9,893782.1125,35580,35580
uflp_orlib,cap103,0,0,penalty,bpso,25,250000,893782.1125,True,10,893782.1125,30690,30690
uflp_orlib,cap103,0,0,penalty,bpso,25,250000,893782.1125,True,11,893782.1125,38190,38190
uflp_orlib,cap103,0,0,penalty,bpso,25,250000,893782.1125,True,12,893782.1125,57810,57810
uflp_orlib,cap103,0,0,penalty,bpso,25,250000,893782.1125,True,13,893782.1125,59790,59790
uflp_orlib,cap103,0,0,penalty,bpso,25,250000,893782.1125,True,14,893782.1125,13860,13860
uflp_orlib,cap103,0,0,penalty,bpso,25,250000,893782.1125,True,15,893782.1125,39120,39120
uflp_orlib,cap103,0,0,penalty,bpso,25,250000,893782.1125,True,16,893782.1125,46350,46350
uflp_orlib,cap103,0,0,penalty,bpso,25,250000,893782.1125,True,17,893782.1125,36750,36750
uflp_orlib,cap103,0,0,penalty,bpso,25,250000,893782.1125,True,18,893782.1125,17070,17070
uflp_orlib,cap103,0,0,penalty,bpso,25,250000,893782.1125,True,19,894801.1625000001,,250000
uflp_orlib,cap103,0,0,penalty,bpso,25,250000,893782.1125,True,20,893782.1125,3510,3510
uflp_orlib,cap103,0,0,penalty,bpso,25,250000,893782.1125,True,21,893782.1125,25980,25980
uflp_orlib,cap103,0,0,penalty,bpso,25,250000,893782.1125,True,22,893782.1125,102930,102930
uflp_orlib,cap103,0,0,penalty,bpso,25,250000,893782.1125,True,23,893782.1125,45720,45720
uflp_orlib,cap103,0,0,penalty,bpso,25,250000,893782.1125,True,24,893782.1125,29220,29220
uflp_orlib,cap103,0,0,penalty,bpso,25,250000,893782.1125,True,25,893782.1125,35700,35700
uflp_orlib,cap103,0,0,penalty,bpso,25,250000,893782.1125,True,26,893782.1125,148650,148650
uflp_orlib,cap103,0,0,penalty,bpso,25,250000,893782.1125,True,27,893782.1125,29400,29400
uflp_orlib,cap103,0,0,penalty,bpso,25,250000,893782.1125,True,28,893782.1125,30450,30450
uflp_orlib,cap103,0,0,penalty,bpso,25,250000,893782.1125,True,29,893782.1125,67830,67830
uflp_orlib,cap103,0,0,penalty,bpso,25,250000,893782.1125,True,30,894801.1625000001,,250000
uflp_orlib,cap133,0,0,penalty,floor,50,500000,893076.7125,True,0,893076.7125,13439,13439
uflp_orlib,cap133,0,0,penalty,floor,50,500000,893076.7125,True,1,893076.7125,37518,37518
uflp_orlib,cap133,0,0,penalty,floor,50,500000,893076.7125,True,2,893076.7125,44582,44582
uflp_orlib,cap133,0,0,penalty,floor,50,500000,893076.7125,True,3,893076.7125,87522,87522
uflp_orlib,cap133,0,0,penalty,floor,50,500000,893076.7125,True,4,893076.7125,36203,36203
uflp_orlib,cap133,0,0,penalty,floor,50,500000,893076.7125,True,5,893076.7125,8800,8800
uflp_orlib,cap133,0,0,penalty,floor,50,500000,893076.7125,True,6,893076.7125,12421,12421
uflp_orlib,cap133,0,0,penalty,floor,50,500000,893076.7125,True,7,893076.7125,7990,7990
uflp_orlib,cap133,0,0,penalty,floor,50,500000,893076.7125,True,8,893076.7125,47655,47655
uflp_orlib,cap133,0,0,penalty,floor,50,500000,893076.7125,True,9,893076.7125,28088,28088
uflp_orlib,cap133,0,0,penalty,floor,50,500000,893076.7125,True,10,893076.7125,26130,26130
uflp_orlib,cap133,0,0,penalty,floor,50,500000,893076.7125,True,11,893076.7125,10344,10344
uflp_orlib,cap133,0,0,penalty,floor,50,500000,893076.7125,True,12,893076.7125,66695,66695
uflp_orlib,cap133,0,0,penalty,floor,50,500000,893076.7125,True,13,893076.7125,37813,37813
uflp_orlib,cap133,0,0,penalty,floor,50,500000,893076.7125,True,14,893076.7125,65313,65313
uflp_orlib,cap133,0,0,penalty,floor,50,500000,893076.7125,True,15,893076.7125,11553,11553
uflp_orlib,cap133,0,0,penalty,floor,50,500000,893076.7125,True,16,893076.7125,15350,15350
uflp_orlib,cap133,0,0,penalty,floor,50,500000,893076.7125,True,17,893076.7125,11491,11491
uflp_orlib,cap133,0,0,penalty,floor,50,500000,893076.7125,True,18,893076.7125,26141,26141
uflp_orlib,cap133,0,0,penalty,floor,50,500000,893076.7125,True,19,893076.7125,86916,86916
uflp_orlib,cap133,0,0,penalty,floor,50,500000,893076.7125,True,20,893076.7125,27790,27790
uflp_orlib,cap133,0,0,penalty,floor,50,500000,893076.7125,True,21,893076.7125,83630,83630
uflp_orlib,cap133,0,0,penalty,floor,50,500000,893076.7125,True,22,893076.7125,13709,13709
uflp_orlib,cap133,0,0,penalty,floor,50,500000,893076.7125,True,23,893076.7125,51483,51483
uflp_orlib,cap133,0,0,penalty,floor,50,500000,893076.7125,True,24,893076.7125,60892,60892
uflp_orlib,cap133,0,0,penalty,floor,50,500000,893076.7125,True,25,893076.7125,25342,25342
uflp_orlib,cap133,0,0,penalty,floor,50,500000,893076.7125,True,26,893076.7125,39275,39275
uflp_orlib,cap133,0,0,penalty,floor,50,500000,893076.7125,True,27,893076.7125,36940,36940
uflp_orlib,cap133,0,0,penalty,floor,50,500000,893076.7125,True,28,893076.7125,7902,7902
uflp_orlib,cap133,0,0,penalty,floor,50,500000,893076.7125,True,29,893076.7125,91949,91949
uflp_orlib,cap133,0,0,penalty,floor,50,500000,893076.7125,True,30,893076.7125,10365,10365
uflp_orlib,cap101,0,0,penalty,bpso,25,250000,796648.4375,True,0,796648.4375000001,31290,31290
uflp_orlib,cap101,0,0,penalty,bpso,25,250000,796648.4375,True,1,796648.4375000001,1020,1020
uflp_orlib,cap101,0,0,penalty,bpso,25,250000,796648.4375,True,2,796648.4375000001,48390,48390
uflp_orlib,cap101,0,0,penalty,bpso,25,250000,796648.4375,True,3,796648.4375000001,23940,23940
uflp_orlib,cap101,0,0,penalty,bpso,25,250000,796648.4375,True,4,796648.4375000001,72840,72840
uflp_orlib,cap101,0,0,penalty,bpso,25,250000,796648.4375,True,5,796648.4375000001,5070,5070
uflp_orlib,cap101,0,0,penalty,bpso,25,250000,796648.4375,True,6,796648.4375000001,51630,51630
uflp_orlib,cap101,0,0,penalty,bpso,25,250000,796648.4375,True,7,796648.4375000001,54660,54660
uflp_orlib,cap101,0,0,penalty,bpso,25,250000,796648.4375,True,8,796648.4375000001,69060,69060
uflp_orlib,cap101,0,0,penalty,bpso,25,250000,796648.4375,True,9,796648.4375000001,89550,89550
uflp_orlib,cap101,0,0,penalty,bpso,25,250000,796648.4375,True,10,796648.4375000001,41850,41850
uflp_orlib,cap101,0,0,penalty,bpso,25,250000,796648.4375,True,11,796648.4375000001,34740,34740
uflp_orlib,cap101,0,0,penalty,bpso,25,250000,796648.4375,True,12,796648.4375000001,62370,62370
uflp_orlib,cap101,0,0,penalty,bpso,25,250000,796648.4375,True,13,796648.4375000001,72390,72390
uflp_orlib,cap101,0,0,penalty,bpso,25,250000,796648.4375,True,14,796648.4375000001,2520,2520
uflp_orlib,cap101,0,0,penalty,bpso,25,250000,796648.4375,True,15,796648.4375000001,36870,36870
uflp_orlib,cap101,0,0,penalty,bpso,25,250000,796648.4375,True,16,796648.4375000001,3630,3630
uflp_orlib,cap101,0,0,penalty,bpso,25,250000,796648.4375,True,17,796648.4375000001,19890,19890
uflp_orlib,cap101,0,0,penalty,bpso,25,250000,796648.4375,True,18,796648.4375000001,45060,45060
uflp_orlib,cap101,0,0,penalty,bpso,25,250000,796648.4375,True,19,796648.4375000001,4860,4860
uflp_orlib,cap101,0,0,penalty,bpso,25,250000,796648.4375,True,20,797508.7250000001,,250000
uflp_orlib,cap101,0,0,penalty,bpso,25,250000,796648.4375,True,21,797508.7250000001,,250000
uflp_orlib,cap101,0,0,penalty,bpso,25,250000,796648.4375,True,22,796648.4375000001,20520,20520
uflp_orlib,cap101,0,0,penalty,bpso,25,250000,796648.4375,True,23,796648.4375000001,28590,28590
uflp_orlib,cap101,0,0,penalty,bpso,25,250000,796648.4375,True,24,797508.7250000001,,250000
uflp_orlib,cap101,0,0,penalty,bpso,25,250000,796648.4375,True,25,796648.4375000001,2730,2730
uflp_orlib,cap101,0,0,penalty,bpso,25,250000,796648.4375,True,26,796648.4375000001,40260,40260
uflp_orlib,cap101,0,0,penalty,bpso,25,250000,796648.4375,True,27,796648.4375000001,87030,87030
uflp_orlib,cap101,0,0,penalty,bpso,25,250000,796648.4375,True,28,796648.4375000001,79680,79680
uflp_orlib,cap101,0,0,penalty,bpso,25,250000,796648.4375,True,29,796648.4375000001,12030,12030
uflp_orlib,cap101,0,0,penalty,bpso,25,250000,796648.4375,True,30,796648.4375000001,20490,20490
uflp_orlib,cap102,0,0,penalty,bde,25,250000,854704.2,True,0,855971.7500000001,,250000
uflp_orlib,cap102,0,0,penalty,bde,25,250000,854704.2,True,1,854704.2000000001,1800,1800
uflp_orlib,cap102,0,0,penalty,bde,25,250000,854704.2,True,2,856287.5875000001,,250000
uflp_orlib,cap102,0,0,penalty,bde,25,250000,854704.2,True,3,854704.2000000001,8490,8490
uflp_orlib,cap102,0,0,penalty,bde,25,250000,854704.2,True,4,854704.2000000001,97590,97590
uflp_orlib,cap102,0,0,penalty,bde,25,250000,854704.2,True,5,855971.7500000001,,250000
uflp_orlib,cap102,0,0,penalty,bde,25,250000,854704.2,True,6,854704.2000000001,900,900
uflp_orlib,cap102,0,0,penalty,bde,25,250000,854704.2,True,7,854704.2000000001,960,960
uflp_orlib,cap102,0,0,penalty,bde,25,250000,854704.2,True,8,854704.2000000001,1590,1590
uflp_orlib,cap102,0,0,penalty,bde,25,250000,854704.2,True,9,855971.7500000001,,250000
uflp_orlib,cap102,0,0,penalty,bde,25,250000,854704.2,True,10,856287.5875000001,,250000
uflp_orlib,cap102,0,0,penalty,bde,25,250000,854704.2,True,11,854704.2000000001,2280,2280
uflp_orlib,cap102,0,0,penalty,bde,25,250000,854704.2,True,12,854704.2000000001,750,750
uflp_orlib,cap102,0,0,penalty,bde,25,250000,854704.2,True,13,854704.2000000001,61590,61590
uflp_orlib,cap102,0,0,penalty,bde,25,250000,854704.2,True,14,856287.5875000001,,250000
uflp_orlib,cap102,0,0,penalty,bde,25,250000,854704.2,True,15,856287.5875000001,,250000
uflp_orlib,cap102,0,0,penalty,bde,25,250000,854704.2,True,16,854704.2000000001,1200,1200
uflp_orlib,cap102,0,0,penalty,bde,25,250000,854704.2,True,17,854704.2000000001,1110,1110
uflp_orlib,cap102,0,0,penalty,bde,25,250000,854704.2,True,18,856879.1625000001,,250000
uflp_orlib,cap102,0,0,penalty,bde,25,250000,854704.2,True,19,854704.2000000001,1650,1650
uflp_orlib,cap102,0,0,penalty,bde,25,250000,854704.2,True,20,855971.7500000001,,250000
uflp_orlib,cap102,0,0,penalty,bde,25,250000,854704.2,True,21,854704.2000000001,720,720
uflp_orlib,cap102,0,0,penalty,bde,25,250000,854704.2,True,22,854704.2000000001,1200,1200
uflp_orlib,cap102,0,0,penalty,bde,25,250000,854704.2,True,23,854704.2000000001,1740,1740
uflp_orlib,cap102,0,0,penalty,bde,25,250000,854704.2,True,24,854704.2000000001,630,630
uflp_orlib,cap102,0,0,penalty,bde,25,250000,854704.2,True,25,856879.1625000001,,250000
uflp_orlib,cap102,0,0,penalty,bde,25,250000,854704.2,True,26,854704.2000000001,1140,1140
uflp_orlib,cap102,0,0,penalty,bde,25,250000,854704.2,True,27,854704.2000000001,780,780
uflp_orlib,cap102,0,0,penalty,bde,25,250000,854704.2,True,28,854704.2000000001,27420,27420
uflp_orlib,cap102,0,0,penalty,bde,25,250000,854704.2,True,29,854704.2000000001,510,510
uflp_orlib,cap102,0,0,penalty,bde,25,250000,854704.2,True,30,854704.2000000001,600,600
uflp_orlib,cap133,0,0,penalty,ga,50,500000,893076.7125,True,0,893076.7125,129990,129990
uflp_orlib,cap133,0,0,penalty,ga,50,500000,893076.7125,True,1,893076.7125,3480,3480
uflp_orlib,cap133,0,0,penalty,ga,50,500000,893076.7125,True,2,893076.7125,14010,14010
uflp_orlib,cap133,0,0,penalty,ga,50,500000,893076.7125,True,3,893076.7125,1290,1290
uflp_orlib,cap133,0,0,penalty,ga,50,500000,893076.7125,True,4,893076.7125,176580,176580
uflp_orlib,cap133,0,0,penalty,ga,50,500000,893076.7125,True,5,893076.7125,60240,60240
uflp_orlib,cap133,0,0,penalty,ga,50,500000,893076.7125,True,6,893076.7125,90570,90570
uflp_orlib,cap133,0,0,penalty,ga,50,500000,893076.7125,True,7,893076.7125,104160,104160
uflp_orlib,cap133,0,0,penalty,ga,50,500000,893076.7125,True,8,893076.7125,67920,67920
uflp_orlib,cap133,0,0,penalty,ga,50,500000,893076.7125,True,9,893076.7125,1260,1260
uflp_orlib,cap133,0,0,penalty,ga,50,500000,893076.7125,True,10,893076.7125,35790,35790
uflp_orlib,cap133,0,0,penalty,ga,50,500000,893076.7125,True,11,893782.1125,,500000
uflp_orlib,cap133,0,0,penalty,ga,50,500000,893076.7125,True,12,893076.7125,34260,34260
uflp_orlib,cap133,0,0,penalty,ga,50,500000,893076.7125,True,13,893076.7125,112590,112590
uflp_orlib,cap133,0,0,penalty,ga,50,500000,893076.7125,True,14,893076.7125,146250,146250
uflp_orlib,cap133,0,0,penalty,ga,50,500000,893076.7125,True,15,893076.7125,37740,37740
uflp_orlib,cap133,0,0,penalty,ga,50,500000,893076.7125,True,16,893076.7125,66600,66600
uflp_orlib,cap133,0,0,penalty,ga,50,500000,893076.7125,True,17,893076.7125,128520,128520
uflp_orlib,cap133,0,0,penalty,ga,50,500000,893076.7125,True,18,893076.7125,80760,80760
uflp_orlib,cap133,0,0,penalty,ga,50,500000,893076.7125,True,19,893076.7125,195720,195720
uflp_orlib,cap133,0,0,penalty,ga,50,500000,893076.7125,True,20,893076.7125,92130,92130
uflp_orlib,cap133,0,0,penalty,ga,50,500000,893076.7125,True,21,893076.7125,990,990
uflp_orlib,cap133,0,0,penalty,ga,50,500000,893076.7125,True,22,893076.7125,6180,6180
uflp_orlib,cap133,0,0,penalty,ga,50,500000,893076.7125,True,23,893076.7125,3030,3030
uflp_orlib,cap133,0,0,penalty,ga,50,500000,893076.7125,True,24,893076.7125,43410,43410
uflp_orlib,cap133,0,0,penalty,ga,50,500000,893076.7125,True,25,893076.7125,6540,6540
uflp_orlib,cap133,0,0,penalty,ga,50,500000,893076.7125,True,26,893076.7125,4740,4740
uflp_orlib,cap133,0,0,penalty,ga,50,500000,893076.7125,True,27,893076.7125,48780,48780
uflp_orlib,cap133,0,0,penalty,ga,50,500000,893076.7125,True,28,893076.7125,23190,23190
uflp_orlib,cap133,0,0,penalty,ga,50,500000,893076.7125,True,29,893076.7125,132750,132750
uflp_orlib,cap133,0,0,penalty,ga,50,500000,893076.7125,True,30,893076.7125,1140,1140
uflp_orlib,cap101,0,0,penalty,bde,25,250000,796648.4375,True,0,796648.4375000001,510,510
uflp_orlib,cap101,0,0,penalty,bde,25,250000,796648.4375,True,1,797508.7250000001,,250000
uflp_orlib,cap101,0,0,penalty,bde,25,250000,796648.4375,True,2,797508.7250000001,,250000
uflp_orlib,cap101,0,0,penalty,bde,25,250000,796648.4375,True,3,796648.4375000001,1980,1980
uflp_orlib,cap101,0,0,penalty,bde,25,250000,796648.4375,True,4,796648.4375000001,780,780
uflp_orlib,cap101,0,0,penalty,bde,25,250000,796648.4375,True,5,796648.4375000001,630,630
uflp_orlib,cap101,0,0,penalty,bde,25,250000,796648.4375,True,6,796648.4375000001,600,600
uflp_orlib,cap101,0,0,penalty,bde,25,250000,796648.4375,True,7,796648.4375000001,244500,244500
uflp_orlib,cap101,0,0,penalty,bde,25,250000,796648.4375,True,8,796648.4375000001,83730,83730
uflp_orlib,cap101,0,0,penalty,bde,25,250000,796648.4375,True,9,796648.4375000001,600,600
uflp_orlib,cap101,0,0,penalty,bde,25,250000,796648.4375,True,10,796648.4375000001,1680,1680
uflp_orlib,cap101,0,0,penalty,bde,25,250000,796648.4375,True,11,799144.6875000001,,250000
uflp_orlib,cap101,0,0,penalty,bde,25,250000,796648.4375,True,12,797508.7250000001,,250000
uflp_orlib,cap101,0,0,penalty,bde,25,250000,796648.4375,True,13,797508.7250000001,,250000
uflp_orlib,cap101,0,0,penalty,bde,25,250000,796648.4375,True,14,796648.4375000001,630,630
uflp_orlib,cap101,0,0,penalty,bde,25,250000,796648.4375,True,15,797508.7250000001,,250000
uflp_orlib,cap101,0,0,penalty,bde,25,250000,796648.4375,True,16,796648.4375000001,480,480
uflp_orlib,cap101,0,0,penalty,bde,25,250000,796648.4375,True,17,796648.4375000001,900,900
uflp_orlib,cap101,0,0,penalty,bde,25,250000,796648.4375,True,18,796648.4375000001,780,780
uflp_orlib,cap101,0,0,penalty,bde,25,250000,796648.4375,True,19,800004.9750000001,,250000
uflp_orlib,cap101,0,0,penalty,bde,25,250000,796648.4375,True,20,796648.4375000001,1140,1140
uflp_orlib,cap101,0,0,penalty,bde,25,250000,796648.4375,True,21,796648.4375000001,390,390
uflp_orlib,cap101,0,0,penalty,bde,25,250000,796648.4375,True,22,796648.4375000001,1140,1140
uflp_orlib,cap101,0,0,penalty,bde,25,250000,796648.4375,True,23,796648.4375000001,570,570
uflp_orlib,cap101,0,0,penalty,bde,25,250000,796648.4375,True,24,796648.4375000001,600,600
uflp_orlib,cap101,0,0,penalty,bde,25,250000,796648.4375,True,25,796648.4375000001,510,510
uflp_orlib,cap101,0,0,penalty,bde,25,250000,796648.4375,True,26,797508.7250000001,,250000
uflp_orlib,cap101,0,0,penalty,bde,25,250000,796648.4375,True,27,796648.4375000001,360,360
uflp_orlib,cap101,0,0,penalty,bde,25,250000,796648.4375,True,28,796648.4375000001,480,480
uflp_orlib,cap101,0,0,penalty,bde,25,250000,796648.4375,True,29,797508.7250000001,,250000
uflp_orlib,cap101,0,0,penalty,bde,25,250000,796648.4375,True,30,797508.7250000001,,250000
uflp_orlib,cap103,0,0,penalty,mbde,25,250000,893782.1125,True,0,895027.1875000001,,250000
uflp_orlib,cap103,0,0,penalty,mbde,25,250000,893782.1125,True,1,894008.1375000001,,250000
uflp_orlib,cap103,0,0,penalty,mbde,25,250000,893782.1125,True,2,894008.1375000001,,250000
uflp_orlib,cap103,0,0,penalty,mbde,25,250000,893782.1125,True,3,894801.1625000001,,250000
uflp_orlib,cap103,0,0,penalty,mbde,25,250000,893782.1125,True,4,895027.1875000001,,250000
uflp_orlib,cap103,0,0,penalty,mbde,25,250000,893782.1125,True,5,894801.1625000001,,250000
uflp_orlib,cap103,0,0,penalty,mbde,25,250000,893782.1125,True,6,894008.1375000001,,250000
uflp_orlib,cap103,0,0,penalty,mbde,25,250000,893782.1125,True,7,894801.1625000001,,250000
uflp_orlib,cap103,0,0,penalty,mbde,25,250000,893782.1125,True,8,894801.1625000001,,250000
uflp_orlib,cap103,0,0,penalty,mbde,25,250000,893782.1125,True,9,895027.1875000001,,250000
uflp_orlib,cap103,0,0,penalty,mbde,25,250000,893782.1125,True,10,894801.1625000001,,250000
uflp_orlib,cap103,0,0,penalty,mbde,25,250000,893782.1125,True,11,895027.1875000001,,250000
uflp_orlib,cap103,0,0,penalty,mbde,25,250000,893782.1125,True,12,895027.1875000001,,250000
uflp_orlib,cap103,0,0,penalty,mbde,25,250000,893782.1125,True,13,895027.1875000001,,250000
uflp_orlib,cap103,0,0,penalty,mbde,25,250000,893782.1125,True,14,893782.1125,269,269
uflp_orlib,cap103,0,0,penalty,mbde,25,250000,893782.1125,True,15,895027.1875000001,,250000
uflp_orlib,cap103,0,0,penalty,mbde,25,250000,893782.1125,True,16,894801.1625000001,,250000
uflp_orlib,cap103,0,0,penalty,mbde,25,250000,893782.1125,True,17,893782.1125,367,367
uflp_orlib,cap103,0,0,penalty,mbde,25,250000,893782.1125,True,18,894801.1625000001,,250000
uflp_orlib,cap103,0,0,penalty,mbde,25,250000,893782.1125,True,19,894008.1375000001,,250000
uflp_orlib,cap103,0,0,penalty,mbde,25,250000,893782.1125,True,20,894008.1375000001,,250000
uflp_orlib,cap103,0,0,penalty,mbde,25,250000,893782.1125,True,21,894801.1625000001,,250000
uflp_orlib,cap103,0,0,penalty,mbde,25,250000,893782.1125,True,22,894801.1625000001,,250000
uflp_orlib,cap103,0,0,penalty,mbde,25,250000,893782.1125,True,23,893782.1125,397,397
uflp_orlib,cap103,0,0,penalty,mbde,25,250000,893782.1125,True,24,894801.1625000001,,250000
uflp_orlib,cap103,0,0,penalty,mbde,25,250000,893782.1125,True,25,894801.1625000001,,250000
uflp_orlib,cap103,0,0,penalty,mbde,25,250000,893782.1125,True,26,893782.1125,4367,4367
uflp_orlib,cap103,0,0,penalty,mbde,25,250000,893782.1125,True,27,893782.1125,367,367
uflp_orlib,cap103,0,0,penalty,mbde,25,250000,893782.1125,True,28,894801.1625000001,,250000
uflp_orlib,cap103,0,0,penalty,mbde,25,250000,893782.1125,True,29,894801.1625000001,,250000
uflp_orlib,cap103,0,0,penalty,mbde,25,250000,893782.1125,True,30,893782.1125,376,376
uflp_orlib,cap134,0,0,penalty,bde,50,500000,928941.75,True,0,928941.7500000001,1860,1860
uflp_orlib,cap134,0,0,penalty,bde,50,500000,928941.75,True,1,928941.7500000001,162600,162600
uflp_orlib,cap134,0,0,penalty,bde,50,500000,928941.75,True,2,928941.7500000001,225840,225840
uflp_orlib,cap134,0,0,penalty,bde,50,500000,928941.75,True,3,928941.7500000001,1020,1020
uflp_orlib,cap134,0,0,penalty,bde,50,500000,928941.75,True,4,928941.7500000001,930,930
uflp_orlib,cap134,0,0,penalty,bde,50,500000,928941.75,True,5,928941.7500000001,285600,285600
uflp_orlib,cap134,0,0,penalty,bde,50,500000,928941.75,True,6,928941.7500000001,1050,1050
uflp_orlib,cap134,0,0,penalty,bde,50,500000,928941.75,True,7,928941.7500000001,314160,314160
uflp_orlib,cap134,0,0,penalty,bde,50,500000,928941.75,True,8,928941.7500000001,1110,1110
uflp_orlib,cap134,0,0,penalty,bde,50,500000,928941.75,True,9,928941.7500000001,23940,23940
uflp_orlib,cap134,0,0,penalty,bde,50,500000,928941.75,True,10,934586.9750000001,,500000
uflp_orlib,cap134,0,0,penalty,bde,50,500000,928941.75,True,11,928941.7500000001,31860,31860
uflp_orlib,cap134,0,0,penalty,bde,50,500000,928941.75,True,12,928941.7500000001,461910,461910
uflp_orlib,cap134,0,0,penalty,bde,50,500000,928941.75,True,13,928941.7500000001,194790,194790
uflp_orlib,cap134,0,0,penalty,bde,50,500000,928941.75,True,14,929477.5625000001,,500000
uflp_orlib,cap134,0,0,penalty,bde,50,500000,928941.75,True,15,928941.7500000001,209040,209040
uflp_orlib,cap134,0,0,penalty,bde,50,500000,928941.75,True,16,928941.7500000001,1050,1050
uflp_orlib,cap134,0,0,penalty,bde,50,500000,928941.75,True,17,928941.7500000001,36930,36930
uflp_orlib,cap134,0,0,penalty,bde,50,500000,928941.75,True,18,928941.7500000001,68700,68700
uflp_orlib,cap134,0,0,penalty,bde,50,500000,928941.75,True,19,928941.7500000001,3510,3510
uflp_orlib,cap134,0,0,penalty,bde,50,500000,928941.75,True,20,928941.7500000001,419880,419880
uflp_orlib,cap134,0,0,penalty,bde,50,500000,928941.75,True,21,928941.7500000001,26940,26940
uflp_orlib,cap134,0,0,penalty,bde,50,500000,928941.75,True,22,928941.7500000001,243000,243000
uflp_orlib,cap134,0,0,penalty,bde,50,500000,928941.75,True,23,928941.7500000001,153360,153360
uflp_orlib,cap134,0,0,penalty,bde,50,500000,928941.75,True,24,928941.7500000001,39270,39270
uflp_orlib,cap134,0,0,penalty,bde,50,500000,928941.75,True,25,928941.7500000001,1380,1380
uflp_orlib,cap134,0,0,penalty,bde,50,500000,928941.75,True,26,928941.7500000001,45390,45390
uflp_orlib,cap134,0,0,penalty,bde,50,500000,928941.75,True,27,928941.7500000001,840,840
uflp_orlib,cap134,0,0,penalty,bde,50,500000,928941.75,True,28,928941.7500000001,116610,116610
uflp_orlib,cap134,0,0,penalty,bde,50,500000,928941.75,True,29,928941.7500000001,299700,299700
uflp_orlib,cap134,0,0,penalty,bde,50,500000,928941.75,True,30,929477.5625000001,,500000
uflp_orlib,cap103,0,0,penalty,bde,25,250000,893782.1125,True,0,893782.1125,630,630
uflp_orlib,cap103,0,0,penalty,bde,25,250000,893782.1125,True,1,893782.1125,570,570
uflp_orlib,cap103,0,0,penalty,bde,25,250000,893782.1125,True,2,893782.1125,540,540
uflp_orlib,cap103,0,0,penalty,bde,25,250000,893782.1125,True,3,894008.1375000001,,250000
uflp_orlib,cap103,0,0,penalty,bde,25,250000,893782.1125,True,4,894801.1625000001,,250000
uflp_orlib,cap103,0,0,penalty,bde,25,250000,893782.1125,True,5,894801.1625000001,,250000
uflp_orlib,cap103,0,0,penalty,bde,25,250000,893782.1125,True,6,893782.1125,570,570
uflp_orlib,cap103,0,0,penalty,bde,25,250000,893782.1125,True,7,893782.1125,570,570
uflp_orlib,cap103,0,0,penalty,bde,25,250000,893782.1125,True,8,894801.1625000001,,250000
uflp_orlib,cap103,0,0,penalty,bde,25,250000,893782.1125,True,9,894801.1625000001,,250000
uflp_orlib,cap103,0,0,penalty,bde,25,250000,893782.1125,True,10,894801.1625000001,,250000
uflp_orlib,cap103,0,0,penalty,bde,25,250000,893782.1125,True,11,894008.1375000001,,250000
uflp_orlib,cap103,0,0,penalty,bde,25,250000,893782.1125,True,12,895027.1875000001,,250000
uflp_orlib,cap103,0,0,penalty,bde,25,250000,893782.1125,True,13,894008.1375000001,,250000
uflp_orlib,cap103,0,0,penalty,bde,25,250000,893782.1125,True,14,893782.1125,570,570
uflp_orlib,cap103,0,0,penalty,bde,25,250000,893782.1125,True,15,893782.1125,660,660
uflp_orlib,cap103,0,0,penalty,bde,25,250000,893782.1125,True,16,894008.1375000001,,250000
uflp_orlib,cap103,0,0,penalty,bde,25,250000,893782.1125,True,17,893782.1125,450,450
uflp_orlib,cap103,0,0,penalty,bde,25,250000,893782.1125,True,18,894801.1625000001,,250000
uflp_orlib,cap103,0,0,penalty,bde,25,250000,893782.1125,True,19,893782.1125,450,450
uflp_orlib,cap103,0,0,penalty,bde,25,250000,893782.1125,True,20,894008.1375000001,,250000
uflp_orlib,cap103,0,0,penalty,bde,25,250000,893782.1125,True,21,895027.1875000001,,250000
uflp_orlib,cap103,0,0,penalty,bde,25,250000,893782.1125,True,22,894008.1375000001,,250000
uflp_orlib,cap103,0,0,penalty,bde,25,250000,893782.1125,True,23,894801.1625000001,,250000
uflp_orlib,cap103,0,0,penalty,bde,25,250000,893782.1125,True,24,894801.1625000001,,250000
uflp_orlib,cap103,0,0,penalty,bde,25,250000,893782.1125,True,25,894008.1375000001,,250000
uflp_orlib,cap103,0,0,penalty,bde,25,250000,893782.1125,True,26,893782.1125,570,570
uflp_orlib,cap103,0,0,penalty,bde,25,250000,893782.1125,True,27,893782.1125,390,390
uflp_orlib,cap103,0,0,penalty,bde,25,250000,893782.1125,True,28,894008.1375000001,,250000
uflp_orlib,cap103,0,0,penalty,bde,25,250000,893782.1125,True,29,893782.1125,330,330
uflp_orlib,cap103,0,0,penalty,bde,25,250000,893782.1125,True,30,893782.1125,450,450
uflp_orlib,cap101,0,0,penalty,mbde,25,250000,796648.4375,True,0,797508.7250000001,,250000
uflp_orlib,cap101,0,0,penalty,mbde,25,250000,796648.4375,True,1,797508.7250000001,,250000
uflp_orlib,cap101,0,0,penalty,mbde,25,250000,796648.4375,True,2,797508.7250000001,,250000
uflp_orlib,cap101,0,0,penalty,mbde,25,250000,796648.4375,True,3,796648.4375000001,324,324
uflp_orlib,cap101,0,0,penalty,mbde,25,250000,796648.4375,True,4,796648.4375000001,351,351
uflp_orlib,cap101,0,0,penalty,mbde,25,250000,796648.4375,True,5,797508.7250000001,,250000
uflp_orlib,cap101,0,0,penalty,mbde,25,250000,796648.4375,True,6,796648.4375000001,2890,2890
uflp_orlib,cap101,0,0,penalty,mbde,25,250000,796648.4375,True,7,797508.7250000001,,250000
uflp_orlib,cap101,0,0,penalty,mbde,25,250000,796648.4375,True,8,797508.7250000001,,250000
uflp_orlib,cap101,0,0,penalty,mbde,25,250000,796648.4375,True,9,797508.7250000001,,250000
uflp_orlib,cap101,0,0,penalty,mbde,25,250000,796648.4375,True,10,796648.4375000001,314,314
uflp_orlib,cap101,0,0,penalty,mbde,25,250000,796648.4375,True,11,797508.7250000001,,250000
uflp_orlib,cap101,0,0,penalty,mbde,25,250000,796648.4375,True,12,797508.7250000001,,250000
uflp_orlib,cap101,0,0,penalty,mbde,25,250000,796648.4375,True,13,797508.7250000001,,250000
uflp_orlib,cap101,0,0,penalty,mbde,25,250000,796648.4375,True,14,797508.7250000001,,250000
uflp_orlib,cap101,0,0,penalty,mbde,25,250000,796648.4375,True,15,797508.7250000001,,250000
uflp_orlib,cap101,0,0,penalty,mbde,25,250000,796648.4375,True,16,796648.4375000001,403,403
uflp_orlib,cap101,0,0,penalty,mbde,25,250000,796648.4375,True,17,796648.4375000001,318,318
uflp_orlib,cap101,0,0,penalty,mbde,25,250000,796648.4375,True,18,797508.7250000001,,250000
uflp_orlib,cap101,0,0,penalty,mbde,25,250000,796648.4375,True,19,797508.7250000001,,250000
uflp_orlib,cap101,0,0,penalty,mbde,25,250000,796648.4375,True,20,796648.4375000001,546,546
uflp_orlib,cap101,0,0,penalty,mbde,25,250000,796648.4375,True,21,796648.4375000001,507,507
uflp_orlib,cap101,0,0,penalty,mbde,25,250000,796648.4375,True,22,796648.4375000001,2524,2524
uflp_orlib,cap101,0,0,penalty,mbde,25,250000,796648.4375,True,23,796648.4375000001,446,446
uflp_orlib,cap101,0,0,penalty,mbde,25,250000,796648.4375,True,24,796648.4375000001,2989,2989
uflp_orlib,cap101,0,0,penalty,mbde,25,250000,796648.4375,True,25,796648.4375000001,3052,3052
uflp_orlib,cap101,0,0,penalty,mbde,25,250000,796648.4375,True,26,797508.7250000001,,250000
uflp_orlib,cap101,0,0,penalty,mbde,25,250000,796648.4375,True,27,797508.7250000001,,250000
uflp_orlib,cap101,0,0,penalty,mbde,25,250000,796648.4375,True,28,797508.7250000001,,250000
uflp_orlib,cap101,0,0,penalty,mbde,25,250000,796648.4375,True,29,796648.4375000001,479,479
uflp_orlib,cap101,0,0,penalty,mbde,25,250000,796648.4375,True,30,797508.7250000001,,250000
uflp_orlib,cap131,0,0,penalty,mga,50,500000,793439.5625,True,0,793439.5625000001,1293,1293
uflp_orlib,cap131,0,0,penalty,mga,50,500000,793439.5625,True,1,793439.5625000001,389294,389294
uflp_orlib,cap131,0,0,penalty,mga,50,500000,793439.5625,True,2,793439.5625000001,1811,1811
uflp_orlib,cap131,0,0,penalty,mga,50,500000,793439.5625,True,3,793439.5625000001,2171,2171
uflp_orlib,cap131,0,0,penalty,mga,50,500000,793439.5625,True,4,793439.5625000001,2184,2184
uflp_orlib,cap131,0,0,penalty,mga,50,500000,793439.5625,True,5,793439.5625000001,2086,2086
uflp_orlib,cap131,0,0,penalty,mga,50,500000,793439.5625,True,6,794299.8500000001,,500000
uflp_orlib,cap131,0,0,penalty,mga,50,500000,793439.5625,True,7,793439.5625000001,2314,2314
uflp_orlib,cap131,0,0,penalty,mga,50,500000,793439.5625,True,8,793439.5625000001,1523,1523
uflp_orlib,cap131,0,0,penalty,mga,50,500000,793439.5625,True,9,794299.8500000001,,500000
uflp_orlib,cap131,0,0,penalty,mga,50,500000,793439.5625,True,10,793439.5625000001,200899,200899
uflp_orlib,cap131,0,0,penalty,mga,50,500000,793439.5625,True,11,793439.5625000001,82920,82920
uflp_orlib,cap131,0,0,penalty,mga,50,500000,793439.5625,True,12,794299.8500000001,,500000
uflp_orlib,cap131,0,0,penalty,mga,50,500000,793439.5625,True,13,794299.8500000001,,500000
uflp_orlib,cap131,0,0,penalty,mga,50,500000,793439.5625,True,14,793439.5625000001,1115,1115
uflp_orlib,cap131,0,0,penalty,mga,50,500000,793439.5625,True,15,793439.5625000001,1912,1912
uflp_orlib,cap131,0,0,penalty,mga,50,500000,793439.5625,True,16,793439.5625000001,489347,489347
uflp_orlib,cap131,0,0,penalty,mga,50,500000,793439.5625,True,17,793439.5625000001,2878,2878
uflp_orlib,cap131,0,0,penalty,mga,50,500000,793439.5625,True,18,793439.5625000001,1681,1681
uflp_orlib,cap131,0,0,penalty,mga,50,500000,793439.5625,True,19,793439.5625000001,1658,1658
uflp_orlib,cap131,0,0,penalty,mga,50,500000,793439.5625,True,20,794299.8500000001,,500000
uflp_orlib,cap131,0,0,penalty,mga,50,500000,793439.5625,True,21,793439.5625000001,2222,2222
uflp_orlib,cap131,0,0,penalty,mga,50,500000,793439.5625,True,22,793439.5625000001,2190,2190
uflp_orlib,cap131,0,0,penalty,mga,50,500000,793439.5625,True,23,793439.5625000001,104014,104014
uflp_orlib,cap131,0,0,penalty,mga,50,500000,793439.5625,True,24,793439.5625000001,2148,2148
uflp_orlib,cap131,0,0,penalty,mga,50,500000,793439.5625,True,25,793439.5625000001,2712,2712
uflp_orlib,cap131,0,0,penalty,mga,50,500000,793439.5625,True,26,794299.8500000001,,500000
uflp_orlib,cap131,0,0,penalty,mga,50,500000,793439.5625,True,27,793439.5625000001,254991,254991
uflp_orlib,cap131,0,0,penalty,mga,50,500000,793439.5625,True,28,794299.8500000001,,500000
uflp_orlib,cap131,0,0,penalty,mga,50,500000,793439.5625,True,29,794299.8500000001,,500000
uflp_orlib,cap131,0,0,penalty,mga,50,500000,793439.5625,True,30,793439.5625000001,51154,51154
uflp_orlib,cap131,0,0,penalty,mbde,50,500000,793439.5625,True,0,794299.8500000001,,500000
uflp_orlib,cap131,0,0,penalty,mbde,50,500000,793439.5625,True,1,793439.5625000001,1324,1324
uflp_orlib,cap131,0,0,penalty,mbde,50,500000,793439.5625,True,2,793439.5625000001,2387,2387
uflp_orlib,cap131,0,0,penalty,mbde,50,500000,793439.5625,True,3,794299.8500000001,,500000
uflp_orlib,cap131,0,0,penalty,mbde,50,500000,793439.5625,True,4,794299.8500000001,,500000
uflp_orlib,cap131,0,0,penalty,mbde,50,500000,793439.5625,True,5,793439.5625000001,2225,2225
uflp_orlib,cap131,0,0,penalty,mbde,50,500000,793439.5625,True,6,793439.5625000001,1976,1976
uflp_orlib,cap131,0,0,penalty,mbde,50,500000,793439.5625,True,7,793439.5625000001,2107,2107
uflp_orlib,cap131,0,0,penalty,mbde,50,500000,793439.5625,True,8,793439.5625000001,2013,2013
uflp_orlib,cap131,0,0,penalty,mbde,50,500000,793439.5625,True,9,793439.5625000001,11915,11915
uflp_orlib,cap131,0,0,penalty,mbde,50,500000,793439.5625,True,10,794299.8500000001,,500000
uflp_orlib,cap131,0,0,penalty,mbde,50,500000,793439.5625,True,11,794299.8500000001,,500000
uflp_orlib,cap131,0,0,penalty,mbde,50,500000,793439.5625,True,12,794299.8500000001,,500000
uflp_orlib,cap131,0,0,penalty,mbde,50,500000,793439.5625,True,13,794299.8500000001,,500000
uflp_orlib,cap131,0,0,penalty,mbde,50,500000,793439.5625,True,14,793439.5625000001,1876,1876
uflp_orlib,cap131,0,0,penalty,mbde,50,500000,793439.5625,True,15,793439.5625000001,1540,1540
uflp_orlib,cap131,0,0,penalty,mbde,50,500000,793439.5625,True,16,794299.8500000001,,500000
uflp_orlib,cap131,0,0,penalty,mbde,50,500000,793439.5625,True,17,794299.8500000001,,500000
uflp_orlib,cap131,0,0,penalty,mbde,50,500000,793439.5625,True,18,793439.5625000001,1681,1681
uflp_orlib,cap131,0,0,penalty,mbde,50,500000,793439.5625,True,19,793439.5625000001,2059,2059
uflp_orlib,cap131,0,0,penalty,mbde,50,500000,793439.5625,True,20,794299.8500000001,,500000
uflp_orlib,cap131,0,0,penalty,mbde,50,500000,793439.5625,True,21,793439.5625000001,2222,2222
uflp_orlib,cap131,0,0,penalty,mbde,50,500000,793439.5625,True,22,794299.8500000001,,500000
uflp_orlib,cap131,0,0,penalty,mbde,50,500000,793439.5625,True,23,793439.5625000001,2686,2686
uflp_orlib,cap131,0,0,penalty,mbde,50,500000,793439.5625,True,24,793439.5625000001,2148,2148
uflp_orlib,cap131,0,0,penalty,mbde,50,500000,793439.5625,True,25,794299.8500000001,,500000
uflp_orlib,cap131,0,0,penalty,mbde,50,500000,793439.5625,True,26,794299.8500000001,,500000
uflp_orlib,cap131,0,0,penalty,mbde,50,500000,793439.5625,True,27,794299.8500000001,,500000
uflp_orlib,cap131,0,0,penalty,mbde,50,500000,793439.5625,True,28,793439.5625000001,2696,2696
uflp_orlib,cap131,0,0,penalty,mbde,50,500000,793439.5625,True,29,793439.5625000001,11573,11573
uflp_orlib,cap131,0,0,penalty,mbde,50,500000,793439.5625,True,30,794299.8500000001,,500000
uflp_orlib,cap134,0,0,penalty,bpso,50,500000,928941.75,True,0,928941.7500000001,66840,66840
uflp_orlib,cap134,0,0,penalty,bpso,50,500000,928941.75,True,1,929477.5625000001,,500000
uflp_orlib,cap134,0,0,penalty,bpso,50,500000,928941.75,True,2,928941.7500000001,107580,107580
uflp_orlib,cap134,0,0,penalty,bpso,50,500000,928941.75,True,3,934586.9750000001,,500000
uflp_orlib,cap134,0,0,penalty,bpso,50,500000,928941.75,True,4,928941.7500000001,129510,129510
uflp_orlib,cap134,0,0,penalty,bpso,50,500000,928941.75,True,5,928941.7500000001,165570,165570
uflp_orlib,cap134,0,0,penalty,bpso,50,500000,928941.75,True,6,928941.7500000001,94050,94050
uflp_orlib,cap134,0,0,penalty,bpso,50,500000,928941.75,True,7,928941.7500000001,155250,155250
uflp_orlib,cap134,0,0,penalty,bpso,50,500000,928941.75,True,8,928941.7500000001,116610,116610
uflp_orlib,cap134,0,0,penalty,bpso,50,500000,928941.75,True,9,928941.7500000001,110850,110850
uflp_orlib,cap134,0,0,penalty,bpso,50,500000,928941.75,True,10,929477.5625000001,,500000
uflp_orlib,cap134,0,0,penalty,bpso,50,500000,928941.75,True,11,928941.7500000001,11610,11610
uflp_orlib,cap134,0,0,penalty,bpso,50,500000,928941.75,True,12,934586.9750000001,,500000
uflp_orlib,cap134,0,0,penalty,bpso,50,500000,928941.75,True,13,931507.55,,500000
uflp_orlib,cap134,0,0,penalty,bpso,50,500000,928941.75,True,14,928941.7500000001,48660,48660
uflp_orlib,cap134,0,0,penalty,bpso,50,500000,928941.75,True,15,928941.7500000001,102780,102780
uflp_orlib,cap134,0,0,penalty,bpso,50,500000,928941.75,True,16,928941.7500000001,99450,99450
uflp_orlib,cap134,0,0,penalty,bpso,50,500000,928941.75,True,17,928941.7500000001,144540,144540
uflp_orlib,cap134,0,0,penalty,bpso,50,500000,928941.75,True,18,928941.7500000001,108540,108540
uflp_orlib,cap134,0,0,penalty,bpso,50,500000,928941.75,True,19,935122.7875000001,,500000
uflp_orlib,cap134,0,0,penalty,bpso,50,500000,928941.75,True,20,928941.7500000001,100290,100290
uflp_orlib,cap134,0,0,penalty,bpso,50,500000,928941.75,True,21,928941.7500000001,54720,54720
uflp_orlib,cap134,0,0,penalty,bpso,50,500000,928941.75,True,22,929477.5625000001,,500000
uflp_orlib,cap134,0,0,penalty,bpso,50,500000,928941.75,True,23,929477.5625000001,,500000
uflp_orlib,cap134,0,0,penalty,bpso,50,500000,928941.75,True,24,928941.7500000001,163080,163080
uflp_orlib,cap134,0,0,penalty,bpso,50,500000,928941.75,True,25,928941.7500000001,119490,119490
uflp_orlib,cap134,0,0,penalty,bpso,50,500000,928941.75,True,26,928941.7500000001,148410,148410
uflp_orlib,cap134,0,0,penalty,bpso,50,500000,928941.75,True,27,928941.7500000001,108870,108870
uflp_orlib,cap134,0,0,penalty,bpso,50,500000,928941.75,True,28,928941.7500000001,52470,52470
uflp_orlib,cap134,0,0,penalty,bpso,50,500000,928941.75,True,29,928941.7500000001,194520,194520
uflp_orlib,cap134,0,0,penalty,bpso,50,500000,928941.75,True,30,928941.7500000001,127950,127950
uflp_orlib,cap133,0,0,penalty,mga,50,500000,893076.7125,True,0,893782.1125,,500000
uflp_orlib,cap133,0,0,penalty,mga,50,500000,893076.7125,True,1,893782.1125,,500000
uflp_orlib,cap133,0,0,penalty,mga,50,500000,893076.7125,True,2,893076.7125,89483,89483
uflp_orlib,cap133,0,0,penalty,mga,50,500000,893076.7125,True,3,893782.1125,,500000
uflp_orlib,cap133,0,0,penalty,mga,50,500000,893076.7125,True,4,893076.7125,1085,1085
uflp_orlib,cap133,0,0,penalty,mga,50,500000,893076.7125,True,5,893076.7125,357772,357772
uflp_orlib,cap133,0,0,penalty,mga,50,500000,893076.7125,True,6,893076.7125,443980,443980
uflp_orlib,cap133,0,0,penalty,mga,50,500000,893076.7125,True,7,893782.1125,,500000
uflp_orlib,cap133,0,0,penalty,mga,50,500000,893076.7125,True,8,894095.7625000001,,500000
uflp_orlib,cap133,0,0,penalty,mga,50,500000,893076.7125,True,9,893782.1125,,500000
uflp_orlib,cap133,0,0,penalty,mga,50,500000,893076.7125,True,10,893076.7125,496581,496581
uflp_orlib,cap133,0,0,penalty,mga,50,500000,893076.7125,True,11,894801.1625000001,,500000
uflp_orlib,cap133,0,0,penalty,mga,50,500000,893076.7125,True,12,893076.7125,435577,435577
uflp_orlib,cap133,0,0,penalty,mga,50,500000,893076.7125,True,13,893782.1125,,500000
uflp_orlib,cap133,0,0,penalty,mga,50,500000,893076.7125,True,14,893782.1125,,500000
uflp_orlib,cap133,0,0,penalty,mga,50,500000,893076.7125,True,15,893076.7125,147456,147456
uflp_orlib,cap133,0,0,penalty,mga,50,500000,893076.7125,True,16,893782.1125,,500000
uflp_orlib,cap133,0,0,penalty,mga,50,500000,893076.7125,True,17,894801.1625000001,,500000
uflp_orlib,cap133,0,0,penalty,mga,50,500000,893076.7125,True,18,894801.1625000001,,500000
uflp_orlib,cap133,0,0,penalty,mga,50,500000,893076.7125,True,19,893782.1125,,500000
uflp_orlib,cap133,0,0,penalty,mga,50,500000,893076.7125,True,20,893782.1125,,500000
uflp_orlib,cap133,0,0,penalty,mga,50,500000,893076.7125,True,21,893782.1125,,500000
uflp_orlib,cap133,0,0,penalty,mga,50,500000,893076.7125,True,22,894801.1625000001,,500000
uflp_orlib,cap133,0,0,penalty,mga,50,500000,893076.7125,True,23,893076.7125,186573,186573
uflp_orlib,cap133,0,0,penalty,mga,50,500000,893076.7125,True,24,893076.7125,191198,191198
uflp_orlib,cap133,0,0,penalty,mga,50,500000,893076.7125,True,25,893782.1125,,500000
uflp_orlib,cap133,0,0,penalty,mga,50,500000,893076.7125,True,26,893782.1125,,500000
uflp_orlib,cap133,0,0,penalty,mga,50,500000,893076.7125,True,27,893782.1125,,500000
uflp_orlib,cap133,0,0,penalty,mga,50,500000,893076.7125,True,28,893076.7125,302188,302188
uflp_orlib,cap133,0,0,penalty,mga,50,500000,893076.7125,True,29,893782.1125,,500000
uflp_orlib,cap133,0,0,penalty,mga,50,500000,893076.7125,True,30,893782.1125,,500000
uflp_orlib,cap132,0,0,penalty,bde,50,500000,851495.325,True,0,851495.3250000001,340350,340350
uflp_orlib,cap132,0,0,penalty,bde,50,500000,851495.325,True,1,854704.2000000001,,500000
uflp_orlib,cap132,0,0,penalty,bde,50,500000,851495.325,True,2,851670.125,,500000
uflp_orlib,cap132,0,0,penalty,bde,50,500000,851495.325,True,3,851495.3250000001,351000,351000
uflp_orlib,cap132,0,0,penalty,bde,50,500000,851495.325,True,4,851495.3250000001,136140,136140
uflp_orlib,cap132,0,0,penalty,bde,50,500000,851495.325,True,5,851495.3250000001,103500,103500
uflp_orlib,cap132,0,0,penalty,bde,50,500000,851495.325,True,6,851495.3250000001,191160,191160
uflp_orlib,cap132,0,0,penalty,bde,50,500000,851495.325,True,7,851495.3250000001,314160,314160
uflp_orlib,cap132,0,0,penalty,bde,50,500000,851495.325,True,8,851495.3250000001,460530,460530
uflp_orlib,cap132,0,0,penalty,bde,50,500000,851495.325,True,9,851495.3250000001,142410,142410
uflp_orlib,cap132,0,0,penalty,bde,50,500000,851495.325,True,10,851495.3250000001,17040,17040
uflp_orlib,cap132,0,0,penalty,bde,50,500000,851495.325,True,11,851495.3250000001,66990,66990
uflp_orlib,cap132,0,0,penalty,bde,50,500000,851495.325,True,12,851495.3250000001,461910,461910
uflp_orlib,cap132,0,0,penalty,bde,50,500000,851495.325,True,13,851495.3250000001,57720,57720
uflp_orlib,cap132,0,0,penalty,bde,50,500000,851495.325,True,14,851495.3250000001,112470,112470
uflp_orlib,cap132,0,0,penalty,bde,50,500000,851495.325,True,15,851495.3250000001,431790,431790
uflp_orlib,cap132,0,0,penalty,bde,50,500000,851495.325,True,16,851495.3250000001,168870,168870
uflp_orlib,cap132,0,0,penalty,bde,50,500000,851495.325,True,17,851495.3250000001,231480,231480
uflp_orlib,cap132,0,0,penalty,bde,50,500000,851495.325,True,18,851495.3250000001,239640,239640
uflp_orlib,cap132,0,0,penalty,bde,50,500000,851495.325,True,19,851495.3250000001,175980,175980
uflp_orlib,cap132,0,0,penalty,bde,50,500000,851495.325,True,20,851495.3250000001,419880,419880
uflp_orlib,cap132,0,0,penalty,bde,50,500000,851495.325,True,21,851495.3250000001,146580,146580
uflp_orlib,cap132,0,0,penalty,bde,50,500000,851495.325,True,22,851495.3250000001,204930,204930
uflp_orlib,cap132,0,0,penalty,bde,50,500000,851495.325,True,23,851495.3250000001,483870,483870
uflp_orlib,cap132,0,0,penalty,bde,50,500000,851495.325,True,24,851495.3250000001,61080,61080
uflp_orlib,cap132,0,0,penalty,bde,50,500000,851495.325,True,25,851495.3250000001,198660,198660
uflp_orlib,cap132,0,0,penalty,bde,50,500000,851495.325,True,26,851495.3250000001,148080,148080
uflp_orlib,cap132,0,0,penalty,bde,50,500000,851495.325,True,27,851670.125,,500000
uflp_orlib,cap132,0,0,penalty,bde,50,500000,851495.325,True,28,851495.3250000001,116610,116610
uflp_orlib,cap132,0,0,penalty,bde,50,500000,851495.325,True,29,851495.3250000001,299700,299700
uflp_orlib,cap132,0,0,penalty,bde,50,500000,851495.325,True,30,852151.5875,,500000
uflp_orlib,cap133,0,0,penalty,mbde,50,500000,893076.7125,True,0,894801.1625000001,,500000
uflp_orlib,cap133,0,0,penalty,mbde,50,500000,893076.7125,True,1,894095.7625000001,,500000
uflp_orlib,cap133,0,0,penalty,mbde,50,500000,893076.7125,True,2,893782.1125,,500000
uflp_orlib,cap133,0,0,penalty,mbde,50,500000,893076.7125,True,3,893782.1125,,500000
uflp_orlib,cap133,0,0,penalty,mbde,50,500000,893076.7125,True,4,893076.7125,1085,1085
uflp_orlib,cap133,0,0,penalty,mbde,50,500000,893076.7125,True,5,893782.1125,,500000
uflp_orlib,cap133,0,0,penalty,mbde,50,500000,893076.7125,True,6,894095.7625000001,,500000
uflp_orlib,cap133,0,0,penalty,mbde,50,500000,893076.7125,True,7,894801.1625000001,,500000
uflp_orlib,cap133,0,0,penalty,mbde,50,500000,893076.7125,True,8,894801.1625000001,,500000
uflp_orlib,cap133,0,0,penalty,mbde,50,500000,893076.7125,True,9,894801.1625000001,,500000
uflp_orlib,cap133,0,0,penalty,mbde,50,500000,893076.7125,True,10,893076.7125,1438,1438
uflp_orlib,cap133,0,0,penalty,mbde,50,500000,893076.7125,True,11,894801.1625000001,,500000
uflp_orlib,cap133,0,0,penalty,mbde,50,500000,893076.7125,True,12,894801.1625000001,,500000
uflp_orlib,cap133,0,0,penalty,mbde,50,500000,893076.7125,True,13,894801.1625000001,,500000
uflp_orlib,cap133,0,0,penalty,mbde,50,500000,893076.7125,True,14,894801.1625000001,,500000
uflp_orlib,cap133,0,0,penalty,mbde,50,500000,893076.7125,True,15,893076.7125,1515,1515
uflp_orlib,cap133,0,0,penalty,mbde,50,500000,893076.7125,True,16,893782.1125,,500000
uflp_orlib,cap133,0,0,penalty,mbde,50,500000,893076.7125,True,17,894801.1625000001,,500000
uflp_orlib,cap133,0,0,penalty,mbde,50,500000,893076.7125,True,18,894801.1625000001,,500000
uflp_orlib,cap133,0,0,penalty,mbde,50,500000,893076.7125,True,19,893782.1125,,500000
uflp_orlib,cap133,0,0,penalty,mbde,50,500000,893076.7125,True,20,894801.1625000001,,500000
uflp_orlib,cap133,0,0,penalty,mbde,50,500000,893076.7125,True,21,894095.7625000001,,500000
uflp_orlib,cap133,0,0,penalty,mbde,50,500000,893076.7125,True,22,894801.1625000001,,500000
uflp_orlib,cap133,0,0,penalty,mbde,50,500000,893076.7125,True,23,894801.1625000001,,500000
uflp_orlib,cap133,0,0,penalty,mbde,50,500000,893076.7125,True,24,893782.1125,,500000
uflp_orlib,cap133,0,0,penalty,mbde,50,500000,893076.7125,True,25,893782.1125,,500000
uflp_orlib,cap133,0,0,penalty,mbde,50,500000,893076.7125,True,26,894801.1625000001,,500000
uflp_orlib,cap133,0,0,penalty,mbde,50,500000,893076.7125,True,27,894801.1625000001,,500000
uflp_orlib,cap133,0,0,penalty,mbde,50,500000,893076.7125,True,28,894801.1625000001,,500000
uflp_orlib,cap133,0,0,penalty,mbde,50,500000,893076.7125,True,29,894801.1625000001,,500000
uflp_orlib,cap133,0,0,penalty,mbde,50,500000,893076.7125,True,30,894801.1625000001,,500000
uflp_orlib,cap132,0,0,penalty,bpso,50,500000,851495.325,True,0,852762.8750000001,,500000
uflp_orlib,cap132,0,0,penalty,bpso,50,500000,851495.325,True,1,851495.3250000001,187050,187050
uflp_orlib,cap132,0,0,penalty,bpso,50,500000,851495.325,True,2,855955.9,,500000
uflp_orlib,cap132,0,0,penalty,bpso,50,500000,851495.325,True,3,851670.125,,500000
uflp_orlib,cap132,0,0,penalty,bpso,50,500000,851495.325,True,4,851495.3250000001,129300,129300
uflp_orlib,cap132,0,0,penalty,bpso,50,500000,851495.325,True,5,852151.5875,,500000
uflp_orlib,cap132,0,0,penalty,bpso,50,500000,851495.325,True,6,851495.3250000001,245970,245970
uflp_orlib,cap132,0,0,penalty,bpso,50,500000,851495.325,True,7,851670.125,,500000
uflp_orlib,cap132,0,0,penalty,bpso,50,500000,851495.325,True,8,851495.3250000001,187920,187920
uflp_orlib,cap132,0,0,penalty,bpso,50,500000,851495.325,True,9,852762.8750000001,,500000
uflp_orlib,cap132,0,0,penalty,bpso,50,500000,851495.325,True,10,851670.125,,500000
uflp_orlib,cap132,0,0,penalty,bpso,50,500000,851495.325,True,11,852151.5875,,500000
uflp_orlib,cap132,0,0,penalty,bpso,50,500000,851495.325,True,12,851495.3250000001,273150,273150
uflp_orlib,cap132,0,0,penalty,bpso,50,500000,851495.325,True,13,851495.3250000001,147390,147390
uflp_orlib,cap132,0,0,penalty,bpso,50,500000,851495.325,True,14,851495.3250000001,128790,128790
uflp_orlib,cap132,0,0,penalty,bpso,50,500000,851495.325,True,15,851495.3250000001,85110,85110
uflp_orlib,cap132,0,0,penalty,bpso,50,500000,851495.325,True,16,851495.3250000001,104280,104280
uflp_orlib,cap132,0,0,penalty,bpso,50,500000,851495.325,True,17,851495.3250000001,155070,155070
uflp_orlib,cap132,0,0,penalty,bpso,50,500000,851495.325,True,18,851495.3250000001,132180,132180
uflp_orlib,cap132,0,0,penalty,bpso,50,500000,851495.325,True,19,851495.3250000001,185910,185910
uflp_orlib,cap132,0,0,penalty,bpso,50,500000,851495.325,True,20,851495.3250000001,254850,254850
uflp_orlib,cap132,0,0,penalty,bpso,50,500000,851495.325,True,21,851495.3250000001,218970,218970
uflp_orlib,cap132,0,0,penalty,bpso,50,500000,851495.325,True,22,851495.3250000001,224550,224550
uflp_orlib,cap132,0,0,penalty,bpso,50,500000,851495.325,True,23,851495.3250000001,118140,118140
uflp_orlib,cap132,0,0,penalty,bpso,50,500000,851495.325,True,24,851495.3250000001,132690,132690
uflp_orlib,cap132,0,0,penalty,bpso,50,500000,851495.325,True,25,851495.3250000001,284070,284070
uflp_orlib,cap132,0,0,penalty,bpso,50,500000,851495.325,True,26,852326.3875,,500000
uflp_orlib,cap132,0,0,penalty,bpso,50,500000,851495.325,True,27,851670.125,,500000
uflp_orlib,cap132,0,0,penalty,bpso,50,500000,851495.325,True,28,851495.3250000001,196440,196440
uflp_orlib,cap132,0,0,penalty,bpso,50,500000,851495.325,True,29,851495.3250000001,167430,167430
uflp_orlib,cap132,0,0,penalty,bpso,50,500000,851495.325,True,30,851495.3250000001,151260,151260
uflp_orlib,cap133,0,0,penalty,bde,50,500000,893076.7125,True,0,893782.1125,,500000
uflp_orlib,cap133,0,0,penalty,bde,50,500000,893076.7125,True,1,893076.7125,1290,1290
uflp_orlib,cap133,0,0,penalty,bde,50,500000,893076.7125,True,2,893782.1125,,500000
uflp_orlib,cap133,0,0,penalty,bde,50,500000,893076.7125,True,3,894095.7625000001,,500000
uflp_orlib,cap133,0,0,penalty,bde,50,500000,893076.7125,True,4,893782.1125,,500000
uflp_orlib,cap133,0,0,penalty,bde,50,500000,893076.7125,True,5,894801.1625000001,,500000
uflp_orlib,cap133,0,0,penalty,bde,50,500000,893076.7125,True,6,893782.1125,,500000
uflp_orlib,cap133,0,0,penalty,bde,50,500000,893076.7125,True,7,893076.7125,360090,360090
uflp_orlib,cap133,0,0,penalty,bde,50,500000,893076.7125,True,8,893076.7125,460530,460530
uflp_orlib,cap133,0,0,penalty,bde,50,500000,893076.7125,True,9,893076.7125,23940,23940
uflp_orlib,cap133,0,0,penalty,bde,50,500000,893076.7125,True,10,893782.1125,,500000
uflp_orlib,cap133,0,0,penalty,bde,50,500000,893076.7125,True,11,893782.1125,,500000
uflp_orlib,cap133,0,0,penalty,bde,50,500000,893076.7125,True,12,894801.1625000001,,500000
uflp_orlib,cap133,0,0,penalty,bde,50,500000,893076.7125,True,13,893782.1125,,500000
uflp_orlib,cap133,0,0,penalty,bde,50,500000,893076.7125,True,14,894752.0250000001,,500000
uflp_orlib,cap133,0,0,penalty,bde,50,500000,893076.7125,True,15,893782.1125,,500000
uflp_orlib,cap133,0,0,penalty,bde,50,500000,893076.7125,True,16,894801.1625000001,,500000
uflp_orlib,cap133,0,0,penalty,bde,50,500000,893076.7125,True,17,894801.1625000001,,500000
uflp_orlib,cap133,0,0,penalty,bde,50,500000,893076.7125,True,18,894095.7625000001,,500000
uflp_orlib,cap133,0,0,penalty,bde,50,500000,893076.7125,True,19,893782.1125,,500000
uflp_orlib,cap133,0,0,penalty,bde,50,500000,893076.7125,True,20,893076.7125,419880,419880
uflp_orlib,cap133,0,0,penalty,bde,50,500000,893076.7125,True,21,894095.7625000001,,500000
uflp_orlib,cap133,0,0,penalty,bde,50,500000,893076.7125,True,22,893782.1125,,500000
uflp_orlib,cap133,0,0,penalty,bde,50,500000,893076.7125,True,23,893782.1125,,500000
uflp_orlib,cap133,0,0,penalty,bde,50,500000,893076.7125,True,24,893782.1125,,500000
uflp_orlib,cap133,0,0,penalty,bde,50,500000,893076.7125,True,25,893782.1125,,500000
uflp_orlib,cap133,0,0,penalty,bde,50,500000,893076.7125,True,26,894801.1625000001,,500000
uflp_orlib,cap133,0,0,penalty,bde,50,500000,893076.7125,True,27,894801.1625000001,,500000
uflp_orlib,cap133,0,0,penalty,bde,50,500000,893076.7125,True,28,894095.7625000001,,500000
uflp_orlib,cap133,0,0,penalty,bde,50,500000,893076.7125,True,29,894801.1625000001,,500000
uflp_orlib,cap133,0,0,penalty,bde,50,500000,893076.7125,True,30,894801.1625000001,,500000
uflp_orlib,cap131,0,0,penalty,bde,50,500000,793439.5625,True,0,793439.5625000001,8130,8130
uflp_orlib,cap131,0,0,penalty,bde,50,500000,793439.5625,True,1,796648.4375000001,,500000
uflp_orlib,cap131,0,0,penalty,bde,50,500000,793439.5625,True,2,793439.5625000001,33840,33840
uflp_orlib,cap131,0,0,penalty,bde,50,500000,793439.5625,True,3,794299.8500000001,,500000
uflp_orlib,cap131,0,0,penalty,bde,50,500000,793439.5625,True,4,793439.5625000001,75060,75060
uflp_orlib,cap131,0,0,penalty,bde,50,500000,793439.5625,True,5,794299.8500000001,,500000
uflp_orlib,cap131,0,0,penalty,bde,50,500000,793439.5625,True,6,794299.8500000001,,500000
uflp_orlib,cap131,0,0,penalty,bde,50,500000,793439.5625,True,7,793439.5625000001,52440,52440
uflp_orlib,cap131,0,0,penalty,bde,50,500000,793439.5625,True,8,793439.5625000001,14880,14880
uflp_orlib,cap131,0,0,penalty,bde,50,500000,793439.5625,True,9,794299.8500000001,,500000
uflp_orlib,cap131,0,0,penalty,bde,50,500000,793439.5625,True,10,797763.8500000001,,500000
uflp_orlib,cap131,0,0,penalty,bde,50,500000,793439.5625,True,11,797508.7250000001,,500000
uflp_orlib,cap131,0,0,penalty,bde,50,500000,793439.5625,True,12,794299.8500000001,,500000
uflp_orlib,cap131,0,0,penalty,bde,50,500000,793439.5625,True,13,794299.8500000001,,500000
uflp_orlib,cap131,0,0,penalty,bde,50,500000,793439.5625,True,14,794299.8500000001,,500000
uflp_orlib,cap131,0,0,penalty,bde,50,500000,793439.5625,True,15,795883.2375,,500000
uflp_orlib,cap131,0,0,penalty,bde,50,500000,793439.5625,True,16,794299.8500000001,,500000
uflp_orlib,cap131,0,0,penalty,bde,50,500000,793439.5625,True,17,794299.8500000001,,500000
uflp_orlib,cap131,0,0,penalty,bde,50,500000,793439.5625,True,18,793439.5625000001,238140,238140
uflp_orlib,cap131,0,0,penalty,bde,50,500000,793439.5625,True,19,794299.8500000001,,500000
uflp_orlib,cap131,0,0,penalty,bde,50,500000,793439.5625,True,20,794299.8500000001,,500000
uflp_orlib,cap131,0,0,penalty,bde,50,500000,793439.5625,True,21,793439.5625000001,146580,146580
uflp_orlib,cap131,0,0,penalty,bde,50,500000,793439.5625,True,22,794299.8500000001,,500000
uflp_orlib,cap131,0,0,penalty,bde,50,500000,793439.5625,True,23,794299.8500000001,,500000
uflp_orlib,cap131,0,0,penalty,bde,50,500000,793439.5625,True,24,793439.5625000001,171150,171150
uflp_orlib,cap131,0,0,penalty,bde,50,500000,793439.5625,True,25,794299.8500000001,,500000
uflp_orlib,cap131,0,0,penalty,bde,50,500000,793439.5625,True,26,793439.5625000001,16530,16530
uflp_orlib,cap131,0,0,penalty,bde,50,500000,793439.5625,True,27,793439.5625000001,402900,402900
uflp_orlib,cap131,0,0,penalty,bde,50,500000,793439.5625,True,28,794299.8500000001,,500000
uflp_orlib,cap131,0,0,penalty,bde,50,500000,793439.5625,True,29,794299.8500000001,,500000
uflp_orlib,cap131,0,0,penalty,bde,50,500000,793439.5625,True,30,794159.3500000001,,500000
uflp_orlib,cap133,0,0,penalty,bpso,50,500000,893076.7125,True,0,893076.7125,160080,160080
uflp_orlib,cap133,0,0,penalty,bpso,50,500000,893076.7125,True,1,893782.1125,,500000
uflp_orlib,cap133,0,0,penalty,bpso,50,500000,893076.7125,True,2,893782.1125,,500000
uflp_orlib,cap133,0,0,penalty,bpso,50,500000,893076.7125,True,3,893782.1125,,500000
uflp_orlib,cap133,0,0,penalty,bpso,50,500000,893076.7125,True,4,894752.0250000001,,500000
uflp_orlib,cap133,0,0,penalty,bpso,50,500000,893076.7125,True,5,894095.7625000001,,500000
uflp_orlib,cap133,0,0,penalty,bpso,50,500000,893076.7125,True,6,893251.5125,,500000
uflp_orlib,cap133,0,0,penalty,bpso,50,500000,893076.7125,True,7,894801.1625000001,,500000
uflp_orlib,cap133,0,0,penalty,bpso,50,500000,893076.7125,True,8,893782.1125,,500000
uflp_orlib,cap133,0,0,penalty,bpso,50,500000,893076.7125,True,9,895407.925,,500000
uflp_orlib,cap133,0,0,penalty,bpso,50,500000,893076.7125,True,10,893732.9750000001,,500000
uflp_orlib,cap133,0,0,penalty,bpso,50,500000,893076.7125,True,11,893782.1125,,500000
uflp_orlib,cap133,0,0,penalty,bpso,50,500000,893076.7125,True,12,893076.7125,155790,155790
uflp_orlib,cap133,0,0,penalty,bpso,50,500000,893076.7125,True,13,894388.875,,500000
uflp_orlib,cap133,0,0,penalty,bpso,50,500000,893076.7125,True,14,893782.1125,,500000
uflp_orlib,cap133,0,0,penalty,bpso,50,500000,893076.7125,True,15,898226.7625,,500000
uflp_orlib,cap133,0,0,penalty,bpso,50,500000,893076.7125,True,16,893782.1125,,500000
uflp_orlib,cap133,0,0,penalty,bpso,50,500000,893076.7125,True,17,893076.7125,95460,95460
uflp_orlib,cap133,0,0,penalty,bpso,50,500000,893076.7125,True,18,893782.1125,,500000
uflp_orlib,cap133,0,0,penalty,bpso,50,500000,893076.7125,True,19,894801.1625000001,,500000
uflp_orlib,cap133,0,0,penalty,bpso,50,500000,893076.7125,True,20,893956.9124999999,,500000
uflp_orlib,cap133,0,0,penalty,bpso,50,500000,893076.7125,True,21,893076.7125,78780,78780
uflp_orlib,cap133,0,0,penalty,bpso,50,500000,893076.7125,True,22,893782.1125,,500000
uflp_orlib,cap133,0,0,penalty,bpso,50,500000,893076.7125,True,23,894388.875,,500000
uflp_orlib,cap133,0,0,penalty,bpso,50,500000,893076.7125,True,24,893732.9750000001,,500000
uflp_orlib,cap133,0,0,penalty,bpso,50,500000,893076.7125,True,25,894388.875,,500000
uflp_orlib,cap133,0,0,penalty,bpso,50,500000,893076.7125,True,26,893251.5125,,500000
uflp_orlib,cap133,0,0,penalty,bpso,50,500000,893076.7125,True,27,893076.7125,150210,150210
uflp_orlib,cap133,0,0,penalty,bpso,50,500000,893076.7125,True,28,894388.875,,500000
uflp_orlib,cap133,0,0,penalty,bpso,50,500000,893076.7125,True,29,893782.1125,,500000
uflp_orlib,cap133,0,0,penalty,bpso,50,500000,893076.7125,True,30,893782.1125,,500000
uflp_orlib,cap131,0,0,penalty,bpso,50,500000,793439.5625,True,0,793439.5625000001,99030,99030
uflp_orlib,cap131,0,0,penalty,bpso,50,500000,793439.5625,True,1,794159.3500000001,,500000
uflp_orlib,cap131,0,0,penalty,bpso,50,500000,793439.5625,True,2,793439.5625000001,119190,119190
uflp_orlib,cap131,0,0,penalty,bpso,50,500000,793439.5625,True,3,793439.5625000001,63570,63570
uflp_orlib,cap131,0,0,penalty,bpso,50,500000,793439.5625,True,4,794299.8500000001,,500000
uflp_orlib,cap131,0,0,penalty,bpso,50,500000,793439.5625,True,5,793439.5625000001,135570,135570
uflp_orlib,cap131,0,0,penalty,bpso,50,500000,793439.5625,True,6,796152.1499999999,,500000
uflp_orlib,cap131,0,0,penalty,bpso,50,500000,793439.5625,True,7,796152.1499999999,,500000
uflp_orlib,cap131,0,0,penalty,bpso,50,500000,793439.5625,True,8,793439.5625000001,271980,271980
uflp_orlib,cap131,0,0,penalty,bpso,50,500000,793439.5625,True,9,793439.5625000001,83670,83670
uflp_orlib,cap131,0,0,penalty,bpso,50,500000,793439.5625,True,10,793439.5625000001,121650,121650
uflp_orlib,cap131,0,0,penalty,bpso,50,500000,793439.5625,True,11,794159.3500000001,,500000
uflp_orlib,cap131,0,0,penalty,bpso,50,500000,793439.5625,True,12,794159.3500000001,,500000
uflp_orlib,cap131,0,0,penalty,bpso,50,500000,793439.5625,True,13,799947.4750000001,,500000
uflp_orlib,cap131,0,0,penalty,bpso,50,500000,793439.5625,True,14,793439.5625000001,163950,163950
uflp_orlib,cap131,0,0,penalty,bpso,50,500000,793439.5625,True,15,795291.8624999999,,500000
uflp_orlib,cap131,0,0,penalty,bpso,50,500000,793439.5625,True,16,796648.4375000001,,500000
uflp_orlib,cap131,0,0,penalty,bpso,50,500000,793439.5625,True,17,793439.5625000001,80400,80400
uflp_orlib,cap131,0,0,penalty,bpso,50,500000,793439.5625,True,18,794299.8500000001,,500000
uflp_orlib,cap131,0,0,penalty,bpso,50,500000,793439.5625,True,19,794299.8500000001,,500000
uflp_orlib,cap131,0,0,penalty,bpso,50,500000,793439.5625,True,20,794299.8500000001,,500000
uflp_orlib,cap131,0,0,penalty,bpso,50,500000,793439.5625,True,21,796152.1499999999,,500000
uflp_orlib,cap131,0,0,penalty,bpso,50,500000,793439.5625,True,22,794299.8500000001,,500000
uflp_orlib,cap131,0,0,penalty,bpso,50,500000,793439.5625,True,23,794299.8500000001,,500000
uflp_orlib,cap131,0,0,penalty,bpso,50,500000,793439.5625,True,24,794299.8500000001,,500000
uflp_orlib,cap131,0,0,penalty,bpso,50,500000,793439.5625,True,25,793439.5625000001,58590,58590
uflp_orlib,cap131,0,0,penalty,bpso,50,500000,793439.5625,True,26,793439.5625000001,225660,225660
uflp_orlib,cap131,0,0,penalty,bpso,50,500000,793439.5625,True,27,795883.2375,,500000
uflp_orlib,cap131,0,0,penalty,bpso,50,500000,793439.5625,True,28,793439.5625000001,205410,205410
uflp_orlib,cap131,0,0,penalty,bpso,50,500000,793439.5625,True,29,797788.1125,,500000
uflp_orlib,cap131,0,0,penalty,bpso,50,500000,793439.5625,True,30,794299.8500000001,,500000
