family,tag,n,idx,decoder,method,dim,budget,f_opt,exact,seed,best,ftt,fes
knapsack,uncorrelated,30,1,penalty,ils,30,300000,-11046,True,0,-11046,10193,10193
knapsack,uncorrelated,30,1,penalty,ils,30,300000,-11046,True,1,-11046,5020,5020
knapsack,uncorrelated,30,1,penalty,ils,30,300000,-11046,True,2,-11046,4507,4507
knapsack,uncorrelated,30,1,penalty,ils,30,300000,-11046,True,3,-11046,13702,13702
knapsack,uncorrelated,30,1,penalty,ils,30,300000,-11046,True,4,-11046,12681,12681
knapsack,uncorrelated,30,1,penalty,ils,30,300000,-11046,True,5,-11046,7862,7862
knapsack,uncorrelated,30,1,penalty,ils,30,300000,-11046,True,6,-11046,7661,7661
knapsack,uncorrelated,30,1,penalty,ils,30,300000,-11046,True,7,-11046,1760,1760
knapsack,uncorrelated,30,1,penalty,ils,30,300000,-11046,True,8,-11046,1769,1769
knapsack,uncorrelated,30,1,penalty,ils,30,300000,-11046,True,9,-11046,4556,4556
knapsack,uncorrelated,30,1,penalty,ils,30,300000,-11046,True,10,-11046,45772,45772
knapsack,uncorrelated,30,1,penalty,ils,30,300000,-11046,True,11,-11046,3584,3584
knapsack,uncorrelated,30,1,penalty,ils,30,300000,-11046,True,12,-11046,9426,9426
knapsack,uncorrelated,30,1,penalty,ils,30,300000,-11046,True,13,-11046,27167,27167
knapsack,uncorrelated,30,1,penalty,ils,30,300000,-11046,True,14,-11046,747,747
knapsack,uncorrelated,30,1,penalty,ils,30,300000,-11046,True,15,-11046,25625,25625
knapsack,uncorrelated,30,1,penalty,ils,30,300000,-11046,True,16,-11046,1393,1393
knapsack,uncorrelated,30,1,penalty,ils,30,300000,-11046,True,17,-11046,14602,14602
knapsack,uncorrelated,30,1,penalty,ils,30,300000,-11046,True,18,-11046,4837,4837
knapsack,uncorrelated,30,1,penalty,ils,30,300000,-11046,True,19,-11046,2260,2260
knapsack,uncorrelated,30,1,penalty,ils,30,300000,-11046,True,20,-11046,12012,12012
knapsack,uncorrelated,30,1,penalty,ils,30,300000,-11046,True,21,-11046,14625,14625
knapsack,uncorrelated,30,1,penalty,ils,30,300000,-11046,True,22,-11046,28151,28151
knapsack,uncorrelated,30,1,penalty,ils,30,300000,-11046,True,23,-11046,4508,4508
knapsack,uncorrelated,30,1,penalty,ils,30,300000,-11046,True,24,-11046,1611,1611
knapsack,uncorrelated,30,1,penalty,ils,30,300000,-11046,True,25,-11046,3671,3671
knapsack,uncorrelated,30,1,penalty,ils,30,300000,-11046,True,26,-11046,6010,6010
knapsack,uncorrelated,30,1,penalty,ils,30,300000,-11046,True,27,-11046,3229,3229
knapsack,uncorrelated,30,1,penalty,ils,30,300000,-11046,True,28,-11046,2992,2992
knapsack,uncorrelated,30,1,penalty,ils,30,300000,-11046,True,29,-11046,6435,6435
knapsack,uncorrelated,30,1,penalty,ils,30,300000,-11046,True,30,-11046,12039,12039
knapsack,uncorrelated,30,0,penalty,ils,30,300000,-11556,True,0,-11556,12571,12571
knapsack,uncorrelated,30,0,penalty,ils,30,300000,-11556,True,1,-11556,34632,34632
knapsack,uncorrelated,30,0,penalty,ils,30,300000,-11556,True,2,-11556,106128,106128
knapsack,uncorrelated,30,0,penalty,ils,30,300000,-11556,True,3,-11556,48526,48526
knapsack,uncorrelated,30,0,penalty,ils,30,300000,-11556,True,4,-11556,3419,3419
knapsack,uncorrelated,30,0,penalty,ils,30,300000,-11556,True,5,-11556,48549,48549
knapsack,uncorrelated,30,0,penalty,ils,30,300000,-11556,True,6,-11556,10920,10920
knapsack,uncorrelated,30,0,penalty,ils,30,300000,-11556,True,7,-11556,14554,14554
knapsack,uncorrelated,30,0,penalty,ils,30,300000,-11556,True,8,-11556,116916,116916
knapsack,uncorrelated,30,0,penalty,ils,30,300000,-11556,True,9,-11556,13361,13361
knapsack,uncorrelated,30,0,penalty,ils,30,300000,-11556,True,10,-11556,110749,110749
knapsack,uncorrelated,30,0,penalty,ils,30,300000,-11556,True,11,-11556,31826,31826
knapsack,uncorrelated,30,0,penalty,ils,30,300000,-11556,True,12,-11556,31569,31569
knapsack,uncorrelated,30,0,penalty,ils,30,300000,-11556,True,13,-11556,5635,5635
knapsack,uncorrelated,30,0,penalty,ils,30,300000,-11556,True,14,-11556,44539,44539
knapsack,uncorrelated,30,0,penalty,ils,30,300000,-11556,True,15,-11556,27107,27107
knapsack,uncorrelated,30,0,penalty,ils,30,300000,-11556,True,16,-11556,7131,7131
knapsack,uncorrelated,30,0,penalty,ils,30,300000,-11556,True,17,-11556,26300,26300
knapsack,uncorrelated,30,0,penalty,ils,30,300000,-11556,True,18,-11556,20879,20879
knapsack,uncorrelated,30,0,penalty,ils,30,300000,-11556,True,19,-11556,5435,5435
knapsack,uncorrelated,30,0,penalty,ils,30,300000,-11556,True,20,-11556,3151,3151
knapsack,uncorrelated,30,0,penalty,ils,30,300000,-11556,True,21,-11556,7596,7596
knapsack,uncorrelated,30,0,penalty,ils,30,300000,-11556,True,22,-11556,32004,32004
knapsack,uncorrelated,30,0,penalty,ils,30,300000,-11556,True,23,-11556,18631,18631
knapsack,uncorrelated,30,0,penalty,ils,30,300000,-11556,True,24,-11556,2812,2812
knapsack,uncorrelated,30,0,penalty,ils,30,300000,-11556,True,25,-11556,5172,5172
knapsack,uncorrelated,30,0,penalty,ils,30,300000,-11556,True,26,-11556,18101,18101
knapsack,uncorrelated,30,0,penalty,ils,30,300000,-11556,True,27,-11556,7599,7599
knapsack,uncorrelated,30,0,penalty,ils,30,300000,-11556,True,28,-11556,10177,10177
knapsack,uncorrelated,30,0,penalty,ils,30,300000,-11556,True,29,-11556,10782,10782
knapsack,uncorrelated,30,0,penalty,ils,30,300000,-11556,True,30,-11556,19589,19589
knapsack,uncorrelated,30,3,penalty,ils,30,300000,-12061,True,0,-12061,27734,27734
knapsack,uncorrelated,30,3,penalty,ils,30,300000,-12061,True,1,-12061,197190,197190
knapsack,uncorrelated,30,3,penalty,ils,30,300000,-12061,True,2,-12061,39046,39046
knapsack,uncorrelated,30,3,penalty,ils,30,300000,-12061,True,3,-12061,32692,32692
knapsack,uncorrelated,30,3,penalty,ils,30,300000,-12061,True,4,-12061,47101,47101
knapsack,uncorrelated,30,3,penalty,ils,30,300000,-12061,True,5,-12061,27442,27442
knapsack,uncorrelated,30,3,penalty,ils,30,300000,-12061,True,6,-12061,10432,10432
knapsack,uncorrelated,30,3,penalty,ils,30,300000,-12061,True,7,-12061,76637,76637
knapsack,uncorrelated,30,3,penalty,ils,30,300000,-12061,True,8,-12061,3536,3536
knapsack,uncorrelated,30,3,penalty,ils,30,300000,-12061,True,9,-12061,7243,7243
knapsack,uncorrelated,30,3,penalty,ils,30,300000,-12061,True,10,-12061,18142,18142
knapsack,uncorrelated,30,3,penalty,ils,30,300000,-12061,True,11,-12061,12571,12571
knapsack,uncorrelated,30,3,penalty,ils,30,300000,-12061,True,12,-12061,2461,2461
knapsack,uncorrelated,30,3,penalty,ils,30,300000,-12061,True,13,-12061,20953,20953
knapsack,uncorrelated,30,3,penalty,ils,30,300000,-12061,True,14,-12061,9637,9637
knapsack,uncorrelated,30,3,penalty,ils,30,300000,-12061,True,15,-12061,48448,48448
knapsack,uncorrelated,30,3,penalty,ils,30,300000,-12061,True,16,-12061,24666,24666
knapsack,uncorrelated,30,3,penalty,ils,30,300000,-12061,True,17,-12061,151396,151396
knapsack,uncorrelated,30,3,penalty,ils,30,300000,-12061,True,18,-12061,5293,5293
knapsack,uncorrelated,30,3,penalty,ils,30,300000,-12061,True,19,-12061,10968,10968
knapsack,uncorrelated,30,3,penalty,ils,30,300000,-12061,True,20,-12061,8009,8009
knapsack,uncorrelated,30,3,penalty,ils,30,300000,-12061,True,21,-12061,55444,55444
knapsack,uncorrelated,30,3,penalty,ils,30,300000,-12061,True,22,-12061,42369,42369
knapsack,uncorrelated,30,3,penalty,ils,30,300000,-12061,True,23,-12061,13592,13592
knapsack,uncorrelated,30,3,penalty,ils,30,300000,-12061,True,24,-12061,84623,84623
knapsack,uncorrelated,30,3,penalty,ils,30,300000,-12061,True,25,-12061,5102,5102
knapsack,uncorrelated,30,3,penalty,ils,30,300000,-12061,True,26,-12061,3674,3674
knapsack,uncorrelated,30,3,penalty,ils,30,300000,-12061,True,27,-12061,102257,102257
knapsack,uncorrelated,30,3,penalty,ils,30,300000,-12061,True,28,-12061,32267,32267
knapsack,uncorrelated,30,3,penalty,ils,30,300000,-12061,True,29,-12061,2293,2293
knapsack,uncorrelated,30,3,penalty,ils,30,300000,-12061,True,30,-12061,3548,3548
knapsack,uncorrelated,30,4,penalty,ils,30,300000,-11877,True,0,-11877,186131,186131
knapsack,uncorrelated,30,4,penalty,ils,30,300000,-11877,True,1,-11877,30210,30210
knapsack,uncorrelated,30,4,penalty,ils,30,300000,-11877,True,2,-11877,42367,42367
knapsack,uncorrelated,30,4,penalty,ils,30,300000,-11877,True,3,-11877,7104,7104
knapsack,uncorrelated,30,4,penalty,ils,30,300000,-11877,True,4,-11877,33912,33912
knapsack,uncorrelated,30,4,penalty,ils,30,300000,-11877,True,5,-11877,22270,22270
knapsack,uncorrelated,30,4,penalty,ils,30,300000,-11877,True,6,-11877,38224,38224
knapsack,uncorrelated,30,4,penalty,ils,30,300000,-11877,True,7,-11877,44414,44414
knapsack,uncorrelated,30,4,penalty,ils,30,300000,-11877,True,8,-11846,,300000
knapsack,uncorrelated,30,4,penalty,ils,30,300000,-11877,True,9,-11877,94505,94505
knapsack,uncorrelated,30,4,penalty,ils,30,300000,-11877,True,10,-11877,75831,75831
knapsack,uncorrelated,30,4,penalty,ils,30,300000,-11877,True,11,-11877,240629,240629
knapsack,uncorrelated,30,4,penalty,ils,30,300000,-11877,True,12,-11877,35626,35626
knapsack,uncorrelated,30,4,penalty,ils,30,300000,-11877,True,13,-11877,97837,97837
knapsack,uncorrelated,30,4,penalty,ils,30,300000,-11877,True,14,-11877,121002,121002
knapsack,uncorrelated,30,4,penalty,ils,30,300000,-11877,True,15,-11877,29431,29431
knapsack,uncorrelated,30,4,penalty,ils,30,300000,-11877,True,16,-11877,94358,94358
knapsack,uncorrelated,30,4,penalty,ils,30,300000,-11877,True,17,-11877,21219,21219
knapsack,uncorrelated,30,4,penalty,ils,30,300000,-11877,True,18,-11877,19319,19319
knapsack,uncorrelated,30,4,penalty,ils,30,300000,-11877,True,19,-11877,19706,19706
knapsack,uncorrelated,30,4,penalty,ils,30,300000,-11877,True,20,-11877,30288,30288
knapsack,uncorrelated,30,4,penalty,ils,30,300000,-11877,True,21,-11877,45798,45798
knapsack,uncorrelated,30,4,penalty,ils,30,300000,-11877,True,22,-11877,171273,171273
knapsack,uncorrelated,30,4,penalty,ils,30,300000,-11877,True,23,-11877,154200,154200
knapsack,uncorrelated,30,4,penalty,ils,30,300000,-11877,True,24,-11877,9541,9541
knapsack,uncorrelated,30,4,penalty,ils,30,300000,-11877,True,25,-11877,111380,111380
knapsack,uncorrelated,30,4,penalty,ils,30,300000,-11877,True,26,-11877,19569,19569
knapsack,uncorrelated,30,4,penalty,ils,30,300000,-11877,True,27,-11877,52007,52007
knapsack,uncorrelated,30,4,penalty,ils,30,300000,-11877,True,28,-11877,40970,40970
knapsack,uncorrelated,30,4,penalty,ils,30,300000,-11877,True,29,-11877,7142,7142
knapsack,uncorrelated,30,4,penalty,ils,30,300000,-11877,True,30,-11877,4867,4867
knapsack,uncorrelated,30,2,penalty,ils,30,300000,-12472,True,0,-12418,,300000
knapsack,uncorrelated,30,2,penalty,ils,30,300000,-12472,True,1,-12418,,300000
knapsack,uncorrelated,30,2,penalty,ils,30,300000,-12472,True,2,-12418,,300000
knapsack,uncorrelated,30,2,penalty,ils,30,300000,-12472,True,3,-12472,25048,25048
knapsack,uncorrelated,30,2,penalty,ils,30,300000,-12472,True,4,-12472,129226,129226
knapsack,uncorrelated,30,2,penalty,ils,30,300000,-12472,True,5,-12418,,300000
knapsack,uncorrelated,30,2,penalty,ils,30,300000,-12472,True,6,-12418,,300000
knapsack,uncorrelated,30,2,penalty,ils,30,300000,-12472,True,7,-12472,25326,25326
knapsack,uncorrelated,30,2,penalty,ils,30,300000,-12472,True,8,-12472,18369,18369
knapsack,uncorrelated,30,2,penalty,ils,30,300000,-12472,True,9,-12472,168593,168593
knapsack,uncorrelated,30,2,penalty,ils,30,300000,-12472,True,10,-12472,177684,177684
knapsack,uncorrelated,30,2,penalty,ils,30,300000,-12472,True,11,-12418,,300000
knapsack,uncorrelated,30,2,penalty,ils,30,300000,-12472,True,12,-12418,,300000
knapsack,uncorrelated,30,2,penalty,ils,30,300000,-12472,True,13,-12472,72968,72968
knapsack,uncorrelated,30,2,penalty,ils,30,300000,-12472,True,14,-12472,6769,6769
knapsack,uncorrelated,30,2,penalty,ils,30,300000,-12472,True,15,-12472,37228,37228
knapsack,uncorrelated,30,2,penalty,ils,30,300000,-12472,True,16,-12472,18587,18587
knapsack,uncorrelated,30,2,penalty,ils,30,300000,-12472,True,17,-12472,33688,33688
knapsack,uncorrelated,30,2,penalty,ils,30,300000,-12472,True,18,-12472,154739,154739
knapsack,uncorrelated,30,2,penalty,ils,30,300000,-12472,True,19,-12472,28155,28155
knapsack,uncorrelated,30,2,penalty,ils,30,300000,-12472,True,20,-12418,,300000
knapsack,uncorrelated,30,2,penalty,ils,30,300000,-12472,True,21,-12472,86278,86278
knapsack,uncorrelated,30,2,penalty,ils,30,300000,-12472,True,22,-12472,105517,105517
knapsack,uncorrelated,30,2,penalty,ils,30,300000,-12472,True,23,-12418,,300000
knapsack,uncorrelated,30,2,penalty,ils,30,300000,-12472,True,24,-12472,26604,26604
knapsack,uncorrelated,30,2,penalty,ils,30,300000,-12472,True,25,-12472,24294,24294
knapsack,uncorrelated,30,2,penalty,ils,30,300000,-12472,True,26,-12472,47762,47762
knapsack,uncorrelated,30,2,penalty,ils,30,300000,-12472,True,27,-12472,224227,224227
knapsack,uncorrelated,30,2,penalty,ils,30,300000,-12472,True,28,-12472,147938,147938
knapsack,uncorrelated,30,2,penalty,ils,30,300000,-12472,True,29,-12418,,300000
knapsack,uncorrelated,30,2,penalty,ils,30,300000,-12472,True,30,-12472,20745,20745
knapsack,uncorrelated,30,0,penalty,floor,30,300000,-11556,True,0,-11556,67112,67112
knapsack,uncorrelated,30,0,penalty,floor,30,300000,-11556,True,1,-11496,,300000
knapsack,uncorrelated,30,0,penalty,floor,30,300000,-11556,True,2,-11447,,300000
knapsack,uncorrelated,30,0,penalty,floor,30,300000,-11556,True,3,-11556,82671,82671
knapsack,uncorrelated,30,0,penalty,floor,30,300000,-11556,True,4,-11496,,300000
knapsack,uncorrelated,30,0,penalty,floor,30,300000,-11556,True,5,-11496,,300000
knapsack,uncorrelated,30,0,penalty,floor,30,300000,-11556,True,6,-11496,,300000
knapsack,uncorrelated,30,0,penalty,floor,30,300000,-11556,True,7,-11556,179107,179107
knapsack,uncorrelated,30,0,penalty,floor,30,300000,-11556,True,8,-11556,16494,16494
knapsack,uncorrelated,30,0,penalty,floor,30,300000,-11556,True,9,-11396,,300000
knapsack,uncorrelated,30,0,penalty,floor,30,300000,-11556,True,10,-11438,,300000
knapsack,uncorrelated,30,0,penalty,floor,30,300000,-11556,True,11,-11496,,300000
knapsack,uncorrelated,30,0,penalty,floor,30,300000,-11556,True,12,-11556,212340,212340
knapsack,uncorrelated,30,0,penalty,floor,30,300000,-11556,True,13,-11350,,300000
knapsack,uncorrelated,30,0,penalty,floor,30,300000,-11556,True,14,-11556,135780,135780
knapsack,uncorrelated,30,0,penalty,floor,30,300000,-11556,True,15,-11556,81510,81510
knapsack,uncorrelated,30,0,penalty,floor,30,300000,-11556,True,16,-11447,,300000
knapsack,uncorrelated,30,0,penalty,floor,30,300000,-11556,True,17,-11496,,300000
knapsack,uncorrelated,30,0,penalty,floor,30,300000,-11556,True,18,-11556,174108,174108
knapsack,uncorrelated,30,0,penalty,floor,30,300000,-11556,True,19,-11556,168506,168506
knapsack,uncorrelated,30,0,penalty,floor,30,300000,-11556,True,20,-11556,30634,30634
knapsack,uncorrelated,30,0,penalty,floor,30,300000,-11556,True,21,-11556,8106,8106
knapsack,uncorrelated,30,0,penalty,floor,30,300000,-11556,True,22,-11556,79865,79865
knapsack,uncorrelated,30,0,penalty,floor,30,300000,-11556,True,23,-11556,215279,215279
knapsack,uncorrelated,30,0,penalty,floor,30,300000,-11556,True,24,-11556,79897,79897
knapsack,uncorrelated,30,0,penalty,floor,30,300000,-11556,True,25,-11556,52360,52360
knapsack,uncorrelated,30,0,penalty,floor,30,300000,-11556,True,26,-11350,,300000
knapsack,uncorrelated,30,0,penalty,floor,30,300000,-11556,True,27,-11556,108233,108233
knapsack,uncorrelated,30,0,penalty,floor,30,300000,-11556,True,28,-11496,,300000
knapsack,uncorrelated,30,0,penalty,floor,30,300000,-11556,True,29,-11312,,300000
knapsack,uncorrelated,30,0,penalty,floor,30,300000,-11556,True,30,-11396,,300000
knapsack,uncorrelated,30,1,penalty,floor,30,300000,-11046,True,0,-11046,133077,133077
knapsack,uncorrelated,30,1,penalty,floor,30,300000,-11046,True,1,-11046,60388,60388
knapsack,uncorrelated,30,1,penalty,floor,30,300000,-11046,True,2,-11046,212107,212107
knapsack,uncorrelated,30,1,penalty,floor,30,300000,-11046,True,3,-10916,,300000
knapsack,uncorrelated,30,1,penalty,floor,30,300000,-11046,True,4,-10916,,300000
knapsack,uncorrelated,30,1,penalty,floor,30,300000,-11046,True,5,-11046,274702,274702
knapsack,uncorrelated,30,1,penalty,floor,30,300000,-11046,True,6,-10916,,300000
knapsack,uncorrelated,30,1,penalty,floor,30,300000,-11046,True,7,-11046,35524,35524
knapsack,uncorrelated,30,1,penalty,floor,30,300000,-11046,True,8,-11046,192244,192244
knapsack,uncorrelated,30,1,penalty,floor,30,300000,-11046,True,9,-10916,,300000
knapsack,uncorrelated,30,1,penalty,floor,30,300000,-11046,True,10,-10916,,300000
knapsack,uncorrelated,30,1,penalty,floor,30,300000,-11046,True,11,-10916,,300000
knapsack,uncorrelated,30,1,penalty,floor,30,300000,-11046,True,12,-10916,,300000
knapsack,uncorrelated,30,1,penalty,floor,30,300000,-11046,True,13,-11046,75957,75957
knapsack,uncorrelated,30,1,penalty,floor,30,300000,-11046,True,14,-10916,,300000
knapsack,uncorrelated,30,1,penalty,floor,30,300000,-11046,True,15,-11046,149549,149549
knapsack,uncorrelated,30,1,penalty,floor,30,300000,-11046,True,16,-10916,,300000
knapsack,uncorrelated,30,1,penalty,floor,30,300000,-11046,True,17,-10916,,300000
knapsack,uncorrelated,30,1,penalty,floor,30,300000,-11046,True,18,-11046,7971,7971
knapsack,uncorrelated,30,1,penalty,floor,30,300000,-11046,True,19,-10916,,300000
knapsack,uncorrelated,30,1,penalty,floor,30,300000,-11046,True,20,-11046,168746,168746
knapsack,uncorrelated,30,1,penalty,floor,30,300000,-11046,True,21,-11046,263716,263716
knapsack,uncorrelated,30,1,penalty,floor,30,300000,-11046,True,22,-10916,,300000
knapsack,uncorrelated,30,1,penalty,floor,30,300000,-11046,True,23,-10916,,300000
knapsack,uncorrelated,30,1,penalty,floor,30,300000,-11046,True,24,-10916,,300000
knapsack,uncorrelated,30,1,penalty,floor,30,300000,-11046,True,25,-11046,154126,154126
knapsack,uncorrelated,30,1,penalty,floor,30,300000,-11046,True,26,-10916,,300000
knapsack,uncorrelated,30,1,penalty,floor,30,300000,-11046,True,27,-10916,,300000
knapsack,uncorrelated,30,1,penalty,floor,30,300000,-11046,True,28,-10916,,300000
knapsack,uncorrelated,30,1,penalty,floor,30,300000,-11046,True,29,-10916,,300000
knapsack,uncorrelated,30,1,penalty,floor,30,300000,-11046,True,30,-11046,201958,201958
knapsack,uncorrelated,30,2,penalty,floor,30,300000,-12472,True,0,-12290,,300000
knapsack,uncorrelated,30,2,penalty,floor,30,300000,-12472,True,1,-12472,32068,32068
knapsack,uncorrelated,30,2,penalty,floor,30,300000,-12472,True,2,-12122,,300000
knapsack,uncorrelated,30,2,penalty,floor,30,300000,-12472,True,3,-12029,,300000
knapsack,uncorrelated,30,2,penalty,floor,30,300000,-12472,True,4,-12131,,300000
knapsack,uncorrelated,30,2,penalty,floor,30,300000,-12472,True,5,-12155,,300000
knapsack,uncorrelated,30,2,penalty,floor,30,300000,-12472,True,6,-12128,,300000
knapsack,uncorrelated,30,2,penalty,floor,30,300000,-12472,True,7,-12110,,300000
knapsack,uncorrelated,30,2,penalty,floor,30,300000,-12472,True,8,-12177,,300000
knapsack,uncorrelated,30,2,penalty,floor,30,300000,-12472,True,9,-12108,,300000
knapsack,uncorrelated,30,2,penalty,floor,30,300000,-12472,True,10,-12194,,300000
knapsack,uncorrelated,30,2,penalty,floor,30,300000,-12472,True,11,-12271,,300000
knapsack,uncorrelated,30,2,penalty,floor,30,300000,-12472,True,12,-12348,,300000
knapsack,uncorrelated,30,2,penalty,floor,30,300000,-12472,True,13,-12472,222003,222003
knapsack,uncorrelated,30,2,penalty,floor,30,300000,-12472,True,14,-12199,,300000
knapsack,uncorrelated,30,2,penalty,floor,30,300000,-12472,True,15,-12472,266406,266406
knapsack,uncorrelated,30,2,penalty,floor,30,300000,-12472,True,16,-12238,,300000
knapsack,uncorrelated,30,2,penalty,floor,30,300000,-12472,True,17,-12472,182499,182499
knapsack,uncorrelated,30,2,penalty,floor,30,300000,-12472,True,18,-12166,,300000
knapsack,uncorrelated,30,2,penalty,floor,30,300000,-12472,True,19,-12219,,300000
knapsack,uncorrelated,30,2,penalty,floor,30,300000,-12472,True,20,-12271,,300000
knapsack,uncorrelated,30,2,penalty,floor,30,300000,-12472,True,21,-12472,271618,271618
knapsack,uncorrelated,30,2,penalty,floor,30,300000,-12472,True,22,-12327,,300000
knapsack,uncorrelated,30,2,penalty,floor,30,300000,-12472,True,23,-12472,255473,255473
knapsack,uncorrelated,30,2,penalty,floor,30,300000,-12472,True,24,-12327,,300000
knapsack,uncorrelated,30,2,penalty,floor,30,300000,-12472,True,25,-12327,,300000
knapsack,uncorrelated,30,2,penalty,floor,30,300000,-12472,True,26,-12271,,300000
knapsack,uncorrelated,30,2,penalty,floor,30,300000,-12472,True,27,-12056,,300000
knapsack,uncorrelated,30,2,penalty,floor,30,300000,-12472,True,28,-12472,204381,204381
knapsack,uncorrelated,30,2,penalty,floor,30,300000,-12472,True,29,-12472,483,483
knapsack,uncorrelated,30,2,penalty,floor,30,300000,-12472,True,30,-12348,,300000
knapsack,uncorrelated,30,3,penalty,floor,30,300000,-12061,True,0,-11915,,300000
knapsack,uncorrelated,30,3,penalty,floor,30,300000,-12061,True,1,-11984,,300000
knapsack,uncorrelated,30,3,penalty,floor,30,300000,-12061,True,2,-11763,,300000
knapsack,uncorrelated,30,3,penalty,floor,30,300000,-12061,True,3,-11984,,300000
knapsack,uncorrelated,30,3,penalty,floor,30,300000,-12061,True,4,-11984,,300000
knapsack,uncorrelated,30,3,penalty,floor,30,300000,-12061,True,5,-12061,235584,235584
knapsack,uncorrelated,30,3,penalty,floor,30,300000,-12061,True,6,-11984,,300000
knapsack,uncorrelated,30,3,penalty,floor,30,300000,-12061,True,7,-11878,,300000
knapsack,uncorrelated,30,3,penalty,floor,30,300000,-12061,True,8,-11818,,300000
knapsack,uncorrelated,30,3,penalty,floor,30,300000,-12061,True,9,-11916,,300000
knapsack,uncorrelated,30,3,penalty,floor,30,300000,-12061,True,10,-12061,27583,27583
knapsack,uncorrelated,30,3,penalty,floor,30,300000,-12061,True,11,-12061,222358,222358
knapsack,uncorrelated,30,3,penalty,floor,30,300000,-12061,True,12,-11837,,300000
knapsack,uncorrelated,30,3,penalty,floor,30,300000,-12061,True,13,-11837,,300000
knapsack,uncorrelated,30,3,penalty,floor,30,300000,-12061,True,14,-11916,,300000
knapsack,uncorrelated,30,3,penalty,floor,30,300000,-12061,True,15,-11984,,300000
knapsack,uncorrelated,30,3,penalty,floor,30,300000,-12061,True,16,-11984,,300000
knapsack,uncorrelated,30,3,penalty,floor,30,300000,-12061,True,17,-12061,204323,204323
knapsack,uncorrelated,30,3,penalty,floor,30,300000,-12061,True,18,-11984,,300000
knapsack,uncorrelated,30,3,penalty,floor,30,300000,-12061,True,19,-11916,,300000
knapsack,uncorrelated,30,3,penalty,floor,30,300000,-12061,True,20,-12061,44850,44850
knapsack,uncorrelated,30,3,penalty,floor,30,300000,-12061,True,21,-11915,,300000
knapsack,uncorrelated,30,3,penalty,floor,30,300000,-12061,True,22,-11984,,300000
knapsack,uncorrelated,30,3,penalty,floor,30,300000,-12061,True,23,-11800,,300000
knapsack,uncorrelated,30,3,penalty,floor,30,300000,-12061,True,24,-11984,,300000
knapsack,uncorrelated,30,3,penalty,floor,30,300000,-12061,True,25,-11687,,300000
knapsack,uncorrelated,30,3,penalty,floor,30,300000,-12061,True,26,-11881,,300000
knapsack,uncorrelated,30,3,penalty,floor,30,300000,-12061,True,27,-11904,,300000
knapsack,uncorrelated,30,3,penalty,floor,30,300000,-12061,True,28,-11984,,300000
knapsack,uncorrelated,30,3,penalty,floor,30,300000,-12061,True,29,-11915,,300000
knapsack,uncorrelated,30,3,penalty,floor,30,300000,-12061,True,30,-12061,219316,219316
knapsack,uncorrelated,30,4,penalty,floor,30,300000,-11877,True,0,-11788,,300000
knapsack,uncorrelated,30,4,penalty,floor,30,300000,-11877,True,1,-11660,,300000
knapsack,uncorrelated,30,4,penalty,floor,30,300000,-11877,True,2,-11623,,300000
knapsack,uncorrelated,30,4,penalty,floor,30,300000,-11877,True,3,-11662,,300000
knapsack,uncorrelated,30,4,penalty,floor,30,300000,-11877,True,4,-11537,,300000
knapsack,uncorrelated,30,4,penalty,floor,30,300000,-11877,True,5,-11457,,300000
knapsack,uncorrelated,30,4,penalty,floor,30,300000,-11877,True,6,-11669,,300000
knapsack,uncorrelated,30,4,penalty,floor,30,300000,-11877,True,7,-11613,,300000
knapsack,uncorrelated,30,4,penalty,floor,30,300000,-11877,True,8,-11624,,300000
knapsack,uncorrelated,30,4,penalty,floor,30,300000,-11877,True,9,-11574,,300000
knapsack,uncorrelated,30,4,penalty,floor,30,300000,-11877,True,10,-11736,,300000
knapsack,uncorrelated,30,4,penalty,floor,30,300000,-11877,True,11,-11686,,300000
knapsack,uncorrelated,30,4,penalty,floor,30,300000,-11877,True,12,-11688,,300000
knapsack,uncorrelated,30,4,penalty,floor,30,300000,-11877,True,13,-11832,,300000
knapsack,uncorrelated,30,4,penalty,floor,30,300000,-11877,True,14,-11613,,300000
knapsack,uncorrelated,30,4,penalty,floor,30,300000,-11877,True,15,-11626,,300000
knapsack,uncorrelated,30,4,penalty,floor,30,300000,-11877,True,16,-11625,,300000
knapsack,uncorrelated,30,4,penalty,floor,30,300000,-11877,True,17,-11643,,300000
knapsack,uncorrelated,30,4,penalty,floor,30,300000,-11877,True,18,-11719,,300000
knapsack,uncorrelated,30,4,penalty,floor,30,300000,-11877,True,19,-11688,,300000
knapsack,uncorrelated,30,4,penalty,floor,30,300000,-11877,True,20,-11846,,300000
knapsack,uncorrelated,30,4,penalty,floor,30,300000,-11877,True,21,-11674,,300000
knapsack,uncorrelated,30,4,penalty,floor,30,300000,-11877,True,22,-11740,,300000
knapsack,uncorrelated,30,4,penalty,floor,30,300000,-11877,True,23,-11528,,300000
knapsack,uncorrelated,30,4,penalty,floor,30,300000,-11877,True,24,-11573,,300000
knapsack,uncorrelated,30,4,penalty,floor,30,300000,-11877,True,25,-11705,,300000
knapsack,uncorrelated,30,4,penalty,floor,30,300000,-11877,True,26,-11624,,300000
knapsack,uncorrelated,30,4,penalty,floor,30,300000,-11877,True,27,-11705,,300000
knapsack,uncorrelated,30,4,penalty,floor,30,300000,-11877,True,28,-11742,,300000
knapsack,uncorrelated,30,4,penalty,floor,30,300000,-11877,True,29,-11794,,300000
knapsack,uncorrelated,30,4,penalty,floor,30,300000,-11877,True,30,-11651,,300000
knapsack,strongly,30,0,penalty,ils,30,300000,-8083,True,0,-8083,29191,29191
knapsack,strongly,30,0,penalty,ils,30,300000,-8083,True,1,-8079,,300000
knapsack,strongly,30,0,penalty,ils,30,300000,-8083,True,2,-8083,33756,33756
knapsack,strongly,30,0,penalty,ils,30,300000,-8083,True,3,-8083,1054,1054
knapsack,strongly,30,0,penalty,ils,30,300000,-8083,True,4,-8083,5441,5441
knapsack,strongly,30,0,penalty,ils,30,300000,-8083,True,5,-8083,4423,4423
knapsack,strongly,30,0,penalty,ils,30,300000,-8083,True,6,-8083,14035,14035
knapsack,strongly,30,0,penalty,ils,30,300000,-8083,True,7,-8083,6710,6710
knapsack,strongly,30,0,penalty,ils,30,300000,-8083,True,8,-8083,13224,13224
knapsack,strongly,30,0,penalty,ils,30,300000,-8083,True,9,-8083,5355,5355
knapsack,strongly,30,0,penalty,ils,30,300000,-8083,True,10,-8083,8155,8155
knapsack,strongly,30,0,penalty,ils,30,300000,-8083,True,11,-8083,8444,8444
knapsack,strongly,30,0,penalty,ils,30,300000,-8083,True,12,-8083,10525,10525
knapsack,strongly,30,0,penalty,ils,30,300000,-8083,True,13,-8083,18336,18336
knapsack,strongly,30,0,penalty,ils,30,300000,-8083,True,14,-8083,9539,9539
knapsack,strongly,30,0,penalty,ils,30,300000,-8083,True,15,-8083,4588,4588
knapsack,strongly,30,0,penalty,ils,30,300000,-8083,True,16,-8083,2819,2819
knapsack,strongly,30,0,penalty,ils,30,300000,-8083,True,17,-8083,224980,224980
knapsack,strongly,30,0,penalty,ils,30,300000,-8083,True,18,-8083,1794,1794
knapsack,strongly,30,0,penalty,ils,30,300000,-8083,True,19,-8083,6425,6425
knapsack,strongly,30,0,penalty,ils,30,300000,-8083,True,20,-8083,12453,12453
knapsack,strongly,30,0,penalty,ils,30,300000,-8083,True,21,-8083,1402,1402
knapsack,strongly,30,0,penalty,ils,30,300000,-8083,True,22,-8083,1260,1260
knapsack,strongly,30,0,penalty,ils,30,300000,-8083,True,23,-8083,3510,3510
knapsack,strongly,30,0,penalty,ils,30,300000,-8083,True,24,-8083,6339,6339
knapsack,strongly,30,0,penalty,ils,30,300000,-8083,True,25,-8083,5573,5573
knapsack,strongly,30,0,penalty,ils,30,300000,-8083,True,26,-8083,13563,13563
knapsack,strongly,30,0,penalty,ils,30,300000,-8083,True,27,-8083,23133,23133
knapsack,strongly,30,0,penalty,ils,30,300000,-8083,True,28,-8083,16471,16471
knapsack,strongly,30,0,penalty,ils,30,300000,-8083,True,29,-8083,44576,44576
knapsack,strongly,30,0,penalty,ils,30,300000,-8083,True,30,-8083,3238,3238
knapsack,strongly,30,0,penalty,floor,30,300000,-8083,True,0,-7981,,300000
knapsack,strongly,30,0,penalty,floor,30,300000,-8083,True,1,-7969,,300000
knapsack,strongly,30,0,penalty,floor,30,300000,-8083,True,2,-8050,,300000
knapsack,strongly,30,0,penalty,floor,30,300000,-8083,True,3,-7983,,300000
knapsack,strongly,30,0,penalty,floor,30,300000,-8083,True,4,-7968,,300000
knapsack,strongly,30,0,penalty,floor,30,300000,-8083,True,5,-8079,,300000
knapsack,strongly,30,0,penalty,floor,30,300000,-8083,True,6,-8002,,300000
knapsack,strongly,30,0,penalty,floor,30,300000,-8083,True,7,-7983,,300000
knapsack,strongly,30,0,penalty,floor,30,300000,-8083,True,8,-7973,,300000
knapsack,strongly,30,0,penalty,floor,30,300000,-8083,True,9,-7975,,300000
knapsack,strongly,30,0,penalty,floor,30,300000,-8083,True,10,-7982,,300000
knapsack,strongly,30,0,penalty,floor,30,300000,-8083,True,11,-8044,,300000
knapsack,strongly,30,0,penalty,floor,30,300000,-8083,True,12,-7978,,300000
knapsack,strongly,30,0,penalty,floor,30,300000,-8083,True,13,-7982,,300000
knapsack,strongly,30,0,penalty,floor,30,300000,-8083,True,14,-8083,14825,14825
knapsack,strongly,30,0,penalty,floor,30,300000,-8083,True,15,-7959,,300000
knapsack,strongly,30,0,penalty,floor,30,300000,-8083,True,16,-7983,,300000
knapsack,strongly,30,0,penalty,floor,30,300000,-8083,True,17,-7936,,300000
knapsack,strongly,30,0,penalty,floor,30,300000,-8083,True,18,-7983,,300000
knapsack,strongly,30,0,penalty,floor,30,300000,-8083,True,19,-7974,,300000
knapsack,strongly,30,0,penalty,floor,30,300000,-8083,True,20,-8043,,300000
knapsack,strongly,30,0,penalty,floor,30,300000,-8083,True,21,-8053,,300000
knapsack,strongly,30,0,penalty,floor,30,300000,-8083,True,22,-7983,,300000
knapsack,strongly,30,0,penalty,floor,30,300000,-8083,True,23,-8015,,300000
knapsack,strongly,30,0,penalty,floor,30,300000,-8083,True,24,-7981,,300000
knapsack,strongly,30,0,penalty,floor,30,300000,-8083,True,25,-8066,,300000
knapsack,strongly,30,0,penalty,floor,30,300000,-8083,True,26,-7969,,300000
knapsack,strongly,30,0,penalty,floor,30,300000,-8083,True,27,-8043,,300000
knapsack,strongly,30,0,penalty,floor,30,300000,-8083,True,28,-7967,,300000
knapsack,strongly,30,0,penalty,floor,30,300000,-8083,True,29,-8012,,300000
knapsack,strongly,30,0,penalty,floor,30,300000,-8083,True,30,-7963,,300000
knapsack,uncorrelated,50,3,penalty,ils,50,500000,-19627,True,0,-19597,,500000
knapsack,uncorrelated,50,3,penalty,ils,50,500000,-19627,True,1,-19578,,500000
knapsack,uncorrelated,50,3,penalty,ils,50,500000,-19627,True,2,-19627,363285,363285
knapsack,uncorrelated,50,3,penalty,ils,50,500000,-19627,True,3,-19578,,500000
knapsack,uncorrelated,50,3,penalty,ils,50,500000,-19627,True,4,-19627,491310,491310
knapsack,uncorrelated,50,3,penalty,ils,50,500000,-19627,True,5,-19564,,500000
knapsack,uncorrelated,50,3,penalty,ils,50,500000,-19627,True,6,-19627,260392,260392
knapsack,uncorrelated,50,3,penalty,ils,50,500000,-19627,True,7,-19627,122074,122074
knapsack,uncorrelated,50,3,penalty,ils,50,500000,-19627,True,8,-19597,,500000
knapsack,uncorrelated,50,3,penalty,ils,50,500000,-19627,True,9,-19627,269492,269492
knapsack,uncorrelated,50,3,penalty,ils,50,500000,-19627,True,10,-19578,,500000
knapsack,uncorrelated,50,3,penalty,ils,50,500000,-19627,True,11,-19627,56153,56153
knapsack,uncorrelated,50,3,penalty,ils,50,500000,-19627,True,12,-19578,,500000
knapsack,uncorrelated,50,3,penalty,ils,50,500000,-19627,True,13,-19627,302123,302123
knapsack,uncorrelated,50,3,penalty,ils,50,500000,-19627,True,14,-19578,,500000
knapsack,uncorrelated,50,3,penalty,ils,50,500000,-19627,True,15,-19597,,500000
knapsack,uncorrelated,50,3,penalty,ils,50,500000,-19627,True,16,-19627,276233,276233
knapsack,uncorrelated,50,3,penalty,ils,50,500000,-19627,True,17,-19627,274378,274378
knapsack,uncorrelated,50,3,penalty,ils,50,500000,-19627,True,18,-19627,178455,178455
knapsack,uncorrelated,50,3,penalty,ils,50,500000,-19627,True,19,-19627,381553,381553
knapsack,uncorrelated,50,3,penalty,ils,50,500000,-19627,True,20,-19578,,500000
knapsack,uncorrelated,50,3,penalty,ils,50,500000,-19627,True,21,-19578,,500000
knapsack,uncorrelated,50,3,penalty,ils,50,500000,-19627,True,22,-19578,,500000
knapsack,uncorrelated,50,3,penalty,ils,50,500000,-19627,True,23,-19578,,500000
knapsack,uncorrelated,50,3,penalty,ils,50,500000,-19627,True,24,-19627,262799,262799
knapsack,uncorrelated,50,3,penalty,ils,50,500000,-19627,True,25,-19578,,500000
knapsack,uncorrelated,50,3,penalty,ils,50,500000,-19627,True,26,-19591,,500000
knapsack,uncorrelated,50,3,penalty,ils,50,500000,-19627,True,27,-19627,363379,363379
knapsack,uncorrelated,50,3,penalty,ils,50,500000,-19627,True,28,-19597,,500000
knapsack,uncorrelated,50,3,penalty,ils,50,500000,-19627,True,29,-19627,110025,110025
knapsack,uncorrelated,50,3,penalty,ils,50,500000,-19627,True,30,-19578,,500000
knapsack,uncorrelated,50,4,penalty,ils,50,500000,-20974,True,0,-20905,,500000
knapsack,uncorrelated,50,4,penalty,ils,50,500000,-20974,True,1,-20974,238215,238215
knapsack,uncorrelated,50,4,penalty,ils,50,500000,-20974,True,2,-20974,443407,443407
knapsack,uncorrelated,50,4,penalty,ils,50,500000,-20974,True,3,-20974,70116,70116
knapsack,uncorrelated,50,4,penalty,ils,50,500000,-20974,True,4,-20844,,500000
knapsack,uncorrelated,50,4,penalty,ils,50,500000,-20974,True,5,-20905,,500000
knapsack,uncorrelated,50,4,penalty,ils,50,500000,-20974,True,6,-20974,112183,112183
knapsack,uncorrelated,50,4,penalty,ils,50,500000,-20974,True,7,-20909,,500000
knapsack,uncorrelated,50,4,penalty,ils,50,500000,-20974,True,8,-20832,,500000
knapsack,uncorrelated,50,4,penalty,ils,50,500000,-20974,True,9,-20905,,500000
knapsack,uncorrelated,50,4,penalty,ils,50,500000,-20974,True,10,-20927,,500000
knapsack,uncorrelated,50,4,penalty,ils,50,500000,-20974,True,11,-20974,136253,136253
knapsack,uncorrelated,50,4,penalty,ils,50,500000,-20974,True,12,-20974,366336,366336
knapsack,uncorrelated,50,4,penalty,ils,50,500000,-20974,True,13,-20802,,500000
knapsack,uncorrelated,50,4,penalty,ils,50,500000,-20974,True,14,-20911,,500000
knapsack,uncorrelated,50,4,penalty,ils,50,500000,-20974,True,15,-20927,,500000
knapsack,uncorrelated,50,4,penalty,ils,50,500000,-20974,True,16,-20812,,500000
knapsack,uncorrelated,50,4,penalty,ils,50,500000,-20974,True,17,-20974,389435,389435
knapsack,uncorrelated,50,4,penalty,ils,50,500000,-20974,True,18,-20905,,500000
knapsack,uncorrelated,50,4,penalty,ils,50,500000,-20974,True,19,-20927,,500000
knapsack,uncorrelated,50,4,penalty,ils,50,500000,-20974,True,20,-20927,,500000
knapsack,uncorrelated,50,4,penalty,ils,50,500000,-20974,True,21,-20974,317659,317659
knapsack,uncorrelated,50,4,penalty,ils,50,500000,-20974,True,22,-20927,,500000
knapsack,uncorrelated,50,4,penalty,ils,50,500000,-20974,True,23,-20974,378109,378109
knapsack,uncorrelated,50,4,penalty,ils,50,500000,-20974,True,24,-20905,,500000
knapsack,uncorrelated,50,4,penalty,ils,50,500000,-20974,True,25,-20929,,500000
knapsack,uncorrelated,50,4,penalty,ils,50,500000,-20974,True,26,-20905,,500000
knapsack,uncorrelated,50,4,penalty,ils,50,500000,-20974,True,27,-20927,,500000
knapsack,uncorrelated,50,4,penalty,ils,50,500000,-20974,True,28,-20909,,500000
knapsack,uncorrelated,50,4,penalty,ils,50,500000,-20974,True,29,-20974,202014,202014
knapsack,uncorrelated,50,4,penalty,ils,50,500000,-20974,True,30,-20974,484243,484243
knapsack,strongly,30,1,penalty,floor,30,300000,-8991,True,0,-8875,,300000
knapsack,strongly,30,1,penalty,floor,30,300000,-8991,True,1,-8867,,300000
knapsack,strongly,30,1,penalty,floor,30,300000,-8991,True,2,-8890,,300000
knapsack,strongly,30,1,penalty,floor,30,300000,-8991,True,3,-8889,,300000
knapsack,strongly,30,1,penalty,floor,30,300000,-8991,True,4,-8890,,300000
knapsack,strongly,30,1,penalty,floor,30,300000,-8991,True,5,-8889,,300000
knapsack,strongly,30,1,penalty,floor,30,300000,-8991,True,6,-8884,,300000
knapsack,strongly,30,1,penalty,floor,30,300000,-8991,True,7,-8885,,300000
knapsack,strongly,30,1,penalty,floor,30,300000,-8991,True,8,-8879,,300000
knapsack,strongly,30,1,penalty,floor,30,300000,-8991,True,9,-8884,,300000
knapsack,strongly,30,1,penalty,floor,30,300000,-8991,True,10,-8891,,300000
knapsack,strongly,30,1,penalty,floor,30,300000,-8991,True,11,-8987,,300000
knapsack,strongly,30,1,penalty,floor,30,300000,-8991,True,12,-8891,,300000
knapsack,strongly,30,1,penalty,floor,30,300000,-8991,True,13,-8889,,300000
knapsack,strongly,30,1,penalty,floor,30,300000,-8991,True,14,-8890,,300000
knapsack,strongly,30,1,penalty,floor,30,300000,-8991,True,15,-8888,,300000
knapsack,strongly,30,1,penalty,floor,30,300000,-8991,True,16,-8888,,300000
knapsack,strongly,30,1,penalty,floor,30,300000,-8991,True,17,-8890,,300000
knapsack,strongly,30,1,penalty,floor,30,300000,-8991,True,18,-8889,,300000
knapsack,strongly,30,1,penalty,floor,30,300000,-8991,True,19,-8879,,300000
knapsack,strongly,30,1,penalty,floor,30,300000,-8991,True,20,-8970,,300000
knapsack,strongly,30,1,penalty,floor,30,300000,-8991,True,21,-8883,,300000
knapsack,strongly,30,1,penalty,floor,30,300000,-8991,True,22,-8888,,300000
knapsack,strongly,30,1,penalty,floor,30,300000,-8991,True,23,-8888,,300000
knapsack,strongly,30,1,penalty,floor,30,300000,-8991,True,24,-8891,,300000
knapsack,strongly,30,1,penalty,floor,30,300000,-8991,True,25,-8882,,300000
knapsack,strongly,30,1,penalty,floor,30,300000,-8991,True,26,-8891,,300000
knapsack,strongly,30,1,penalty,floor,30,300000,-8991,True,27,-8882,,300000
knapsack,strongly,30,1,penalty,floor,30,300000,-8991,True,28,-8884,,300000
knapsack,strongly,30,1,penalty,floor,30,300000,-8991,True,29,-8890,,300000
knapsack,strongly,30,1,penalty,floor,30,300000,-8991,True,30,-8860,,300000
knapsack,uncorrelated,50,1,penalty,ils,50,500000,-21287,True,0,-21274,,500000
knapsack,uncorrelated,50,1,penalty,ils,50,500000,-21287,True,1,-21195,,500000
knapsack,uncorrelated,50,1,penalty,ils,50,500000,-21287,True,2,-21287,195739,195739
knapsack,uncorrelated,50,1,penalty,ils,50,500000,-21287,True,3,-21195,,500000
knapsack,uncorrelated,50,1,penalty,ils,50,500000,-21287,True,4,-21244,,500000
knapsack,uncorrelated,50,1,penalty,ils,50,500000,-21287,True,5,-21274,,500000
knapsack,uncorrelated,50,1,penalty,ils,50,500000,-21287,True,6,-21136,,500000
knapsack,uncorrelated,50,1,penalty,ils,50,500000,-21287,True,7,-21274,,500000
knapsack,uncorrelated,50,1,penalty,ils,50,500000,-21287,True,8,-21195,,500000
knapsack,uncorrelated,50,1,penalty,ils,50,500000,-21287,True,9,-21206,,500000
knapsack,uncorrelated,50,1,penalty,ils,50,500000,-21287,True,10,-21287,487719,487719
knapsack,uncorrelated,50,1,penalty,ils,50,500000,-21287,True,11,-21203,,500000
knapsack,uncorrelated,50,1,penalty,ils,50,500000,-21287,True,12,-21136,,500000
knapsack,uncorrelated,50,1,penalty,ils,50,500000,-21287,True,13,-21274,,500000
knapsack,uncorrelated,50,1,penalty,ils,50,500000,-21287,True,14,-21274,,500000
knapsack,uncorrelated,50,1,penalty,ils,50,500000,-21287,True,15,-21135,,500000
knapsack,uncorrelated,50,1,penalty,ils,50,500000,-21287,True,16,-21287,106139,106139
knapsack,uncorrelated,50,1,penalty,ils,50,500000,-21287,True,17,-21203,,500000
knapsack,uncorrelated,50,1,penalty,ils,50,500000,-21287,True,18,-21135,,500000
knapsack,uncorrelated,50,1,penalty,ils,50,500000,-21287,True,19,-21274,,500000
knapsack,uncorrelated,50,1,penalty,ils,50,500000,-21287,True,20,-21274,,500000
knapsack,uncorrelated,50,1,penalty,ils,50,500000,-21287,True,21,-21274,,500000
knapsack,uncorrelated,50,1,penalty,ils,50,500000,-21287,True,22,-21203,,500000
knapsack,uncorrelated,50,1,penalty,ils,50,500000,-21287,True,23,-21287,425835,425835
knapsack,uncorrelated,50,1,penalty,ils,50,500000,-21287,True,24,-21287,440448,440448
knapsack,uncorrelated,50,1,penalty,ils,50,500000,-21287,True,25,-21274,,500000
knapsack,uncorrelated,50,1,penalty,ils,50,500000,-21287,True,26,-21274,,500000
knapsack,uncorrelated,50,1,penalty,ils,50,500000,-21287,True,27,-21206,,500000
knapsack,uncorrelated,50,1,penalty,ils,50,500000,-21287,True,28,-21274,,500000
knapsack,uncorrelated,50,1,penalty,ils,50,500000,-21287,True,29,-21274,,500000
knapsack,uncorrelated,50,1,penalty,ils,50,500000,-21287,True,30,-21274,,500000
knapsack,uncorrelated,50,1,penalty,floor,50,500000,-21287,True,0,-20561,,500000
knapsack,uncorrelated,50,1,penalty,floor,50,500000,-21287,True,1,-20213,,500000
knapsack,uncorrelated,50,1,penalty,floor,50,500000,-21287,True,2,-20723,,500000
knapsack,uncorrelated,50,1,penalty,floor,50,500000,-21287,True,3,-20302,,500000
knapsack,uncorrelated,50,1,penalty,floor,50,500000,-21287,True,4,-20549,,500000
knapsack,uncorrelated,50,1,penalty,floor,50,500000,-21287,True,5,-20423,,500000
knapsack,uncorrelated,50,1,penalty,floor,50,500000,-21287,True,6,-20392,,500000
knapsack,uncorrelated,50,1,penalty,floor,50,500000,-21287,True,7,-20649,,500000
knapsack,uncorrelated,50,1,penalty,floor,50,500000,-21287,True,8,-20326,,500000
knapsack,uncorrelated,50,1,penalty,floor,50,500000,-21287,True,9,-20479,,500000
knapsack,uncorrelated,50,1,penalty,floor,50,500000,-21287,True,10,-20312,,500000
knapsack,uncorrelated,50,1,penalty,floor,50,500000,-21287,True,11,-20041,,500000
knapsack,uncorrelated,50,1,penalty,floor,50,500000,-21287,True,12,-20372,,500000
knapsack,uncorrelated,50,1,penalty,floor,50,500000,-21287,True,13,-20685,,500000
knapsack,uncorrelated,50,1,penalty,floor,50,500000,-21287,True,14,-20147,,500000
knapsack,uncorrelated,50,1,penalty,floor,50,500000,-21287,True,15,-20511,,500000
knapsack,uncorrelated,50,1,penalty,floor,50,500000,-21287,True,16,-20505,,500000
knapsack,uncorrelated,50,1,penalty,floor,50,500000,-21287,True,17,-20281,,500000
knapsack,uncorrelated,50,1,penalty,floor,50,500000,-21287,True,18,-20055,,500000
knapsack,uncorrelated,50,1,penalty,floor,50,500000,-21287,True,19,-20680,,500000
knapsack,uncorrelated,50,1,penalty,floor,50,500000,-21287,True,20,-20584,,500000
knapsack,uncorrelated,50,1,penalty,floor,50,500000,-21287,True,21,-20479,,500000
knapsack,uncorrelated,50,1,penalty,floor,50,500000,-21287,True,22,-20213,,500000
knapsack,uncorrelated,50,1,penalty,floor,50,500000,-21287,True,23,-20511,,500000
knapsack,uncorrelated,50,1,penalty,floor,50,500000,-21287,True,24,-20645,,500000
knapsack,uncorrelated,50,1,penalty,floor,50,500000,-21287,True,25,-20283,,500000
knapsack,uncorrelated,50,1,penalty,floor,50,500000,-21287,True,26,-20307,,500000
knapsack,uncorrelated,50,1,penalty,floor,50,500000,-21287,True,27,-20153,,500000
knapsack,uncorrelated,50,1,penalty,floor,50,500000,-21287,True,28,-20226,,500000
knapsack,uncorrelated,50,1,penalty,floor,50,500000,-21287,True,29,-20158,,500000
knapsack,uncorrelated,50,1,penalty,floor,50,500000,-21287,True,30,-20833,,500000
knapsack,uncorrelated,50,4,penalty,floor,50,500000,-20974,True,0,-20110,,500000
knapsack,uncorrelated,50,4,penalty,floor,50,500000,-20974,True,1,-20471,,500000
knapsack,uncorrelated,50,4,penalty,floor,50,500000,-20974,True,2,-20524,,500000
knapsack,uncorrelated,50,4,penalty,floor,50,500000,-20974,True,3,-20546,,500000
knapsack,uncorrelated,50,4,penalty,floor,50,500000,-20974,True,4,-20442,,500000
knapsack,uncorrelated,50,4,penalty,floor,50,500000,-20974,True,5,-20101,,500000
knapsack,uncorrelated,50,4,penalty,floor,50,500000,-20974,True,6,-20148,,500000
knapsack,uncorrelated,50,4,penalty,floor,50,500000,-20974,True,7,-20291,,500000
knapsack,uncorrelated,50,4,penalty,floor,50,500000,-20974,True,8,-20279,,500000
knapsack,uncorrelated,50,4,penalty,floor,50,500000,-20974,True,9,-20400,,500000
knapsack,uncorrelated,50,4,penalty,floor,50,500000,-20974,True,10,-20188,,500000
knapsack,uncorrelated,50,4,penalty,floor,50,500000,-20974,True,11,-20561,,500000
knapsack,uncorrelated,50,4,penalty,floor,50,500000,-20974,True,12,-20300,,500000
knapsack,uncorrelated,50,4,penalty,floor,50,500000,-20974,True,13,-19996,,500000
knapsack,uncorrelated,50,4,penalty,floor,50,500000,-20974,True,14,-20617,,500000
knapsack,uncorrelated,50,4,penalty,floor,50,500000,-20974,True,15,-20351,,500000
knapsack,uncorrelated,50,4,penalty,floor,50,500000,-20974,True,16,-20412,,500000
knapsack,uncorrelated,50,4,penalty,floor,50,500000,-20974,True,17,-20509,,500000
knapsack,uncorrelated,50,4,penalty,floor,50,500000,-20974,True,18,-20001,,500000
knapsack,uncorrelated,50,4,penalty,floor,50,500000,-20974,True,19,-20625,,500000
knapsack,uncorrelated,50,4,penalty,floor,50,500000,-20974,True,20,-20422,,500000
knapsack,uncorrelated,50,4,penalty,floor,50,500000,-20974,True,21,-20088,,500000
knapsack,uncorrelated,50,4,penalty,floor,50,500000,-20974,True,22,-20013,,500000
knapsack,uncorrelated,50,4,penalty,floor,50,500000,-20974,True,23,-20666,,500000
knapsack,uncorrelated,50,4,penalty,floor,50,500000,-20974,True,24,-20303,,500000
knapsack,uncorrelated,50,4,penalty,floor,50,500000,-20974,True,25,-19995,,500000
knapsack,uncorrelated,50,4,penalty,floor,50,500000,-20974,True,26,-20355,,500000
knapsack,uncorrelated,50,4,penalty,floor,50,500000,-20974,True,27,-20010,,500000
knapsack,uncorrelated,50,4,penalty,floor,50,500000,-20974,True,28,-20300,,500000
knapsack,uncorrelated,50,4,penalty,floor,50,500000,-20974,True,29,-20365,,500000
knapsack,uncorrelated,50,4,penalty,floor,50,500000,-20974,True,30,-20577,,500000
knapsack,uncorrelated,50,0,penalty,floor,50,500000,-18961,True,0,-18537,,500000
knapsack,uncorrelated,50,0,penalty,floor,50,500000,-18961,True,1,-18179,,500000
knapsack,uncorrelated,50,0,penalty,floor,50,500000,-18961,True,2,-18174,,500000
knapsack,uncorrelated,50,0,penalty,floor,50,500000,-18961,True,3,-18549,,500000
knapsack,uncorrelated,50,0,penalty,floor,50,500000,-18961,True,4,-18407,,500000
knapsack,uncorrelated,50,0,penalty,floor,50,500000,-18961,True,5,-18022,,500000
knapsack,uncorrelated,50,0,penalty,floor,50,500000,-18961,True,6,-18288,,500000
knapsack,uncorrelated,50,0,penalty,floor,50,500000,-18961,True,7,-18360,,500000
knapsack,uncorrelated,50,0,penalty,floor,50,500000,-18961,True,8,-18097,,500000
knapsack,uncorrelated,50,0,penalty,floor,50,500000,-18961,True,9,-18228,,500000
knapsack,uncorrelated,50,0,penalty,floor,50,500000,-18961,True,10,-18449,,500000
knapsack,uncorrelated,50,0,penalty,floor,50,500000,-18961,True,11,-18112,,500000
knapsack,uncorrelated,50,0,penalty,floor,50,500000,-18961,True,12,-18775,,500000
knapsack,uncorrelated,50,0,penalty,floor,50,500000,-18961,True,13,-18460,,500000
knapsack,uncorrelated,50,0,penalty,floor,50,500000,-18961,True,14,-18666,,500000
knapsack,uncorrelated,50,0,penalty,floor,50,500000,-18961,True,15,-18594,,500000
knapsack,uncorrelated,50,0,penalty,floor,50,500000,-18961,True,16,-18457,,500000
knapsack,uncorrelated,50,0,penalty,floor,50,500000,-18961,True,17,-18657,,500000
knapsack,uncorrelated,50,0,penalty,floor,50,500000,-18961,True,18,-18088,,500000
knapsack,uncorrelated,50,0,penalty,floor,50,500000,-18961,True,19,-18302,,500000
knapsack,uncorrelated,50,0,penalty,floor,50,500000,-18961,True,20,-18046,,500000
knapsack,uncorrelated,50,0,penalty,floor,50,500000,-18961,True,21,-18597,,500000
knapsack,uncorrelated,50,0,penalty,floor,50,500000,-18961,True,22,-18686,,500000
knapsack,uncorrelated,50,0,penalty,floor,50,500000,-18961,True,23,-18318,,500000
knapsack,uncorrelated,50,0,penalty,floor,50,500000,-18961,True,24,-18327,,500000
knapsack,uncorrelated,50,0,penalty,floor,50,500000,-18961,True,25,-18565,,500000
knapsack,uncorrelated,50,0,penalty,floor,50,500000,-18961,True,26,-18426,,500000
knapsack,uncorrelated,50,0,penalty,floor,50,500000,-18961,True,27,-18422,,500000
knapsack,uncorrelated,50,0,penalty,floor,50,500000,-18961,True,28,-18563,,500000
knapsack,uncorrelated,50,0,penalty,floor,50,500000,-18961,True,29,-18462,,500000
knapsack,uncorrelated,50,0,penalty,floor,50,500000,-18961,True,30,-18259,,500000
knapsack,uncorrelated,50,3,penalty,floor,50,500000,-19627,True,0,-18528,,500000
knapsack,uncorrelated,50,3,penalty,floor,50,500000,-19627,True,1,-17957,,500000
knapsack,uncorrelated,50,3,penalty,floor,50,500000,-19627,True,2,-18805,,500000
knapsack,uncorrelated,50,3,penalty,floor,50,500000,-19627,True,3,-18337,,500000
knapsack,uncorrelated,50,3,penalty,floor,50,500000,-19627,True,4,-18246,,500000
knapsack,uncorrelated,50,3,penalty,floor,50,500000,-19627,True,5,-18601,,500000
knapsack,uncorrelated,50,3,penalty,floor,50,500000,-19627,True,6,-18652,,500000
knapsack,uncorrelated,50,3,penalty,floor,50,500000,-19627,True,7,-18783,,500000
knapsack,uncorrelated,50,3,penalty,floor,50,500000,-19627,True,8,-18438,,500000
knapsack,uncorrelated,50,3,penalty,floor,50,500000,-19627,True,9,-18716,,500000
knapsack,uncorrelated,50,3,penalty,floor,50,500000,-19627,True,10,-19025,,500000
knapsack,uncorrelated,50,3,penalty,floor,50,500000,-19627,True,11,-18191,,500000
knapsack,uncorrelated,50,3,penalty,floor,50,500000,-19627,True,12,-18318,,500000
knapsack,uncorrelated,50,3,penalty,floor,50,500000,-19627,True,13,-18171,,500000
knapsack,uncorrelated,50,3,penalty,floor,50,500000,-19627,True,14,-18554,,500000
knapsack,uncorrelated,50,3,penalty,floor,50,500000,-19627,True,15,-19462,,500000
knapsack,uncorrelated,50,3,penalty,floor,50,500000,-19627,True,16,-18538,,500000
knapsack,uncorrelated,50,3,penalty,floor,50,500000,-19627,True,17,-18612,,500000
knapsack,uncorrelated,50,3,penalty,floor,50,500000,-19627,True,18,-18267,,500000
knapsack,uncorrelated,50,3,penalty,floor,50,500000,-19627,True,19,-18774,,500000
knapsack,uncorrelated,50,3,penalty,floor,50,500000,-19627,True,20,-18176,,500000
knapsack,uncorrelated,50,3,penalty,floor,50,500000,-19627,True,21,-17999,,500000
knapsack,uncorrelated,50,3,penalty,floor,50,500000,-19627,True,22,-18293,,500000
knapsack,uncorrelated,50,3,penalty,floor,50,500000,-19627,True,23,-18759,,500000
knapsack,uncorrelated,50,3,penalty,floor,50,500000,-19627,True,24,-18657,,500000
knapsack,uncorrelated,50,3,penalty,floor,50,500000,-19627,True,25,-18282,,500000
knapsack,uncorrelated,50,3,penalty,floor,50,500000,-19627,True,26,-18825,,500000
knapsack,uncorrelated,50,3,penalty,floor,50,500000,-19627,True,27,-18807,,500000
knapsack,uncorrelated,50,3,penalty,floor,50,500000,-19627,True,28,-18150,,500000
knapsack,uncorrelated,50,3,penalty,floor,50,500000,-19627,True,29,-18300,,500000
knapsack,uncorrelated,50,3,penalty,floor,50,500000,-19627,True,30,-18127,,500000
knapsack,uncorrelated,50,2,penalty,floor,50,500000,-18831,True,0,-17928,,500000
knapsack,uncorrelated,50,2,penalty,floor,50,500000,-18831,True,1,-17624,,500000
knapsack,uncorrelated,50,2,penalty,floor,50,500000,-18831,True,2,-18309,,500000
knapsack,uncorrelated,50,2,penalty,floor,50,500000,-18831,True,3,-18302,,500000
knapsack,uncorrelated,50,2,penalty,floor,50,500000,-18831,True,4,-17992,,500000
knapsack,uncorrelated,50,2,penalty,floor,50,500000,-18831,True,5,-18122,,500000
knapsack,uncorrelated,50,2,penalty,floor,50,500000,-18831,True,6,-17926,,500000
knapsack,uncorrelated,50,2,penalty,floor,50,500000,-18831,True,7,-18024,,500000
knapsack,uncorrelated,50,2,penalty,floor,50,500000,-18831,True,8,-18002,,500000
knapsack,uncorrelated,50,2,penalty,floor,50,500000,-18831,True,9,-17889,,500000
knapsack,uncorrelated,50,2,penalty,floor,50,500000,-18831,True,10,-18341,,500000
knapsack,uncorrelated,50,2,penalty,floor,50,500000,-18831,True,11,-18008,,500000
knapsack,uncorrelated,50,2,penalty,floor,50,500000,-18831,True,12,-17878,,500000
knapsack,uncorrelated,50,2,penalty,floor,50,500000,-18831,True,13,-18090,,500000
knapsack,uncorrelated,50,2,penalty,floor,50,500000,-18831,True,14,-17981,,500000
knapsack,uncorrelated,50,2,penalty,floor,50,500000,-18831,True,15,-17900,,500000
knapsack,uncorrelated,50,2,penalty,floor,50,500000,-18831,True,16,-17573,,500000
knapsack,uncorrelated,50,2,penalty,floor,50,500000,-18831,True,17,-17918,,500000
knapsack,uncorrelated,50,2,penalty,floor,50,500000,-18831,True,18,-18228,,500000
knapsack,uncorrelated,50,2,penalty,floor,50,500000,-18831,True,19,-18122,,500000
knapsack,uncorrelated,50,2,penalty,floor,50,500000,-18831,True,20,-18246,,500000
knapsack,uncorrelated,50,2,penalty,floor,50,500000,-18831,True,21,-18112,,500000
knapsack,uncorrelated,50,2,penalty,floor,50,500000,-18831,True,22,-18063,,500000
knapsack,uncorrelated,50,2,penalty,floor,50,500000,-18831,True,23,-17818,,500000
knapsack,uncorrelated,50,2,penalty,floor,50,500000,-18831,True,24,-18338,,500000
knapsack,uncorrelated,50,2,penalty,floor,50,500000,-18831,True,25,-18174,,500000
knapsack,uncorrelated,50,2,penalty,floor,50,500000,-18831,True,26,-17819,,500000
knapsack,uncorrelated,50,2,penalty,floor,50,500000,-18831,True,27,-17793,,500000
knapsack,uncorrelated,50,2,penalty,floor,50,500000,-18831,True,28,-17808,,500000
knapsack,uncorrelated,50,2,penalty,floor,50,500000,-18831,True,29,-18060,,500000
knapsack,uncorrelated,50,2,penalty,floor,50,500000,-18831,True,30,-18284,,500000
knapsack,uncorrelated,50,0,penalty,ils,50,500000,-18961,True,0,-18942,,500000
knapsack,uncorrelated,50,0,penalty,ils,50,500000,-18961,True,1,-18942,,500000
knapsack,uncorrelated,50,0,penalty,ils,50,500000,-18961,True,2,-18924,,500000
knapsack,uncorrelated,50,0,penalty,ils,50,500000,-18961,True,3,-18942,,500000
knapsack,uncorrelated,50,0,penalty,ils,50,500000,-18961,True,4,-18908,,500000
knapsack,uncorrelated,50,0,penalty,ils,50,500000,-18961,True,5,-18759,,500000
knapsack,uncorrelated,50,0,penalty,ils,50,500000,-18961,True,6,-18942,,500000
knapsack,uncorrelated,50,0,penalty,ils,50,500000,-18961,True,7,-18942,,500000
knapsack,uncorrelated,50,0,penalty,ils,50,500000,-18961,True,8,-18940,,500000
knapsack,uncorrelated,50,0,penalty,ils,50,500000,-18961,True,9,-18942,,500000
knapsack,uncorrelated,50,0,penalty,ils,50,500000,-18961,True,10,-18924,,500000
knapsack,uncorrelated,50,0,penalty,ils,50,500000,-18961,True,11,-18942,,500000
knapsack,uncorrelated,50,0,penalty,ils,50,500000,-18961,True,12,-18842,,500000
knapsack,uncorrelated,50,0,penalty,ils,50,500000,-18961,True,13,-18868,,500000
knapsack,uncorrelated,50,0,penalty,ils,50,500000,-18961,True,14,-18908,,500000
knapsack,uncorrelated,50,0,penalty,ils,50,500000,-18961,True,15,-18938,,500000
knapsack,uncorrelated,50,0,penalty,ils,50,500000,-18961,True,16,-18942,,500000
knapsack,uncorrelated,50,0,penalty,ils,50,500000,-18961,True,17,-18942,,500000
knapsack,uncorrelated,50,0,penalty,ils,50,500000,-18961,True,18,-18958,,500000
knapsack,uncorrelated,50,0,penalty,ils,50,500000,-18961,True,19,-18940,,500000
knapsack,uncorrelated,50,0,penalty,ils,50,500000,-18961,True,20,-18908,,500000
knapsack,uncorrelated,50,0,penalty,ils,50,500000,-18961,True,21,-18938,,500000
knapsack,uncorrelated,50,0,penalty,ils,50,500000,-18961,True,22,-18940,,500000
knapsack,uncorrelated,50,0,penalty,ils,50,500000,-18961,True,23,-18908,,500000
knapsack,uncorrelated,50,0,penalty,ils,50,500000,-18961,True,24,-18908,,500000
knapsack,uncorrelated,50,0,penalty,ils,50,500000,-18961,True,25,-18940,,500000
knapsack,uncorrelated,50,0,penalty,ils,50,500000,-18961,True,26,-18940,,500000
knapsack,uncorrelated,50,0,penalty,ils,50,500000,-18961,True,27,-18921,,500000
knapsack,uncorrelated,50,0,penalty,ils,50,500000,-18961,True,28,-18940,,500000
knapsack,uncorrelated,50,0,penalty,ils,50,500000,-18961,True,29,-18940,,500000
knapsack,uncorrelated,50,0,penalty,ils,50,500000,-18961,True,30,-18961,138942,138942
knapsack,uncorrelated,50,2,penalty,ils,50,500000,-18831,True,0,-18720,,500000
knapsack,uncorrelated,50,2,penalty,ils,50,500000,-18831,True,1,-18712,,500000
knapsack,uncorrelated,50,2,penalty,ils,50,500000,-18831,True,2,-18809,,500000
knapsack,uncorrelated,50,2,penalty,ils,50,500000,-18831,True,3,-18720,,500000
knapsack,uncorrelated,50,2,penalty,ils,50,500000,-18831,True,4,-18720,,500000
knapsack,uncorrelated,50,2,penalty,ils,50,500000,-18831,True,5,-18720,,500000
knapsack,uncorrelated,50,2,penalty,ils,50,500000,-18831,True,6,-18641,,500000
knapsack,uncorrelated,50,2,penalty,ils,50,500000,-18831,True,7,-18720,,500000
knapsack,uncorrelated,50,2,penalty,ils,50,500000,-18831,True,8,-18809,,500000
knapsack,uncorrelated,50,2,penalty,ils,50,500000,-18831,True,9,-18720,,500000
knapsack,uncorrelated,50,2,penalty,ils,50,500000,-18831,True,10,-18720,,500000
knapsack,uncorrelated,50,2,penalty,ils,50,500000,-18831,True,11,-18720,,500000
knapsack,uncorrelated,50,2,penalty,ils,50,500000,-18831,True,12,-18724,,500000
knapsack,uncorrelated,50,2,penalty,ils,50,500000,-18831,True,13,-18720,,500000
knapsack,uncorrelated,50,2,penalty,ils,50,500000,-18831,True,14,-18720,,500000
knapsack,uncorrelated,50,2,penalty,ils,50,500000,-18831,True,15,-18809,,500000
knapsack,uncorrelated,50,2,penalty,ils,50,500000,-18831,True,16,-18720,,500000
knapsack,uncorrelated,50,2,penalty,ils,50,500000,-18831,True,17,-18720,,500000
knapsack,uncorrelated,50,2,penalty,ils,50,500000,-18831,True,18,-18809,,500000
knapsack,uncorrelated,50,2,penalty,ils,50,500000,-18831,True,19,-18809,,500000
knapsack,uncorrelated,50,2,penalty,ils,50,500000,-18831,True,20,-18720,,500000
knapsack,uncorrelated,50,2,penalty,ils,50,500000,-18831,True,21,-18720,,500000
knapsack,uncorrelated,50,2,penalty,ils,50,500000,-18831,True,22,-18720,,500000
knapsack,uncorrelated,50,2,penalty,ils,50,500000,-18831,True,23,-18720,,500000
knapsack,uncorrelated,50,2,penalty,ils,50,500000,-18831,True,24,-18720,,500000
knapsack,uncorrelated,50,2,penalty,ils,50,500000,-18831,True,25,-18809,,500000
knapsack,uncorrelated,50,2,penalty,ils,50,500000,-18831,True,26,-18720,,500000
knapsack,uncorrelated,50,2,penalty,ils,50,500000,-18831,True,27,-18720,,500000
knapsack,uncorrelated,50,2,penalty,ils,50,500000,-18831,True,28,-18720,,500000
knapsack,uncorrelated,50,2,penalty,ils,50,500000,-18831,True,29,-18720,,500000
knapsack,uncorrelated,50,2,penalty,ils,50,500000,-18831,True,30,-18720,,500000
knapsack,strongly,30,1,penalty,ils,30,300000,-8991,True,0,-8989,,300000
knapsack,strongly,30,1,penalty,ils,30,300000,-8991,True,1,-8891,,300000
knapsack,strongly,30,1,penalty,ils,30,300000,-8991,True,2,-8989,,300000
knapsack,strongly,30,1,penalty,ils,30,300000,-8991,True,3,-8989,,300000
knapsack,strongly,30,1,penalty,ils,30,300000,-8991,True,4,-8991,105143,105143
knapsack,strongly,30,1,penalty,ils,30,300000,-8991,True,5,-8991,143800,143800
knapsack,strongly,30,1,penalty,ils,30,300000,-8991,True,6,-8989,,300000
knapsack,strongly,30,1,penalty,ils,30,300000,-8991,True,7,-8991,26140,26140
knapsack,strongly,30,1,penalty,ils,30,300000,-8991,True,8,-8987,,300000
knapsack,strongly,30,1,penalty,ils,30,300000,-8991,True,9,-8987,,300000
knapsack,strongly,30,1,penalty,ils,30,300000,-8991,True,10,-8991,42138,42138
knapsack,strongly,30,1,penalty,ils,30,300000,-8991,True,11,-8989,,300000
knapsack,strongly,30,1,penalty,ils,30,300000,-8991,True,12,-8991,29701,29701
knapsack,strongly,30,1,penalty,ils,30,300000,-8991,True,13,-8991,5624,5624
knapsack,strongly,30,1,penalty,ils,30,300000,-8991,True,14,-8989,,300000
knapsack,strongly,30,1,penalty,ils,30,300000,-8991,True,15,-8991,84659,84659
knapsack,strongly,30,1,penalty,ils,30,300000,-8991,True,16,-8989,,300000
knapsack,strongly,30,1,penalty,ils,30,300000,-8991,True,17,-8989,,300000
knapsack,strongly,30,1,penalty,ils,30,300000,-8991,True,18,-8991,10278,10278
knapsack,strongly,30,1,penalty,ils,30,300000,-8991,True,19,-8991,57898,57898
knapsack,strongly,30,1,penalty,ils,30,300000,-8991,True,20,-8991,93290,93290
knapsack,strongly,30,1,penalty,ils,30,300000,-8991,True,21,-8991,103305,103305
knapsack,strongly,30,1,penalty,ils,30,300000,-8991,True,22,-8991,10574,10574
knapsack,strongly,30,1,penalty,ils,30,300000,-8991,True,23,-8989,,300000
knapsack,strongly,30,1,penalty,ils,30,300000,-8991,True,24,-8991,48635,48635
knapsack,strongly,30,1,penalty,ils,30,300000,-8991,True,25,-8989,,300000
knapsack,strongly,30,1,penalty,ils,30,300000,-8991,True,26,-8991,11186,11186
knapsack,strongly,30,1,penalty,ils,30,300000,-8991,True,27,-8989,,300000
knapsack,strongly,30,1,penalty,ils,30,300000,-8991,True,28,-8989,,300000
knapsack,strongly,30,1,penalty,ils,30,300000,-8991,True,29,-8891,,300000
knapsack,strongly,30,1,penalty,ils,30,300000,-8991,True,30,-8991,288534,288534
knapsack,strongly,30,2,penalty,ils,30,300000,-8236,True,0,-8236,104090,104090
knapsack,strongly,30,2,penalty,ils,30,300000,-8236,True,1,-8236,106392,106392
knapsack,strongly,30,2,penalty,ils,30,300000,-8236,True,2,-8236,19516,19516
knapsack,strongly,30,2,penalty,ils,30,300000,-8236,True,3,-8236,93302,93302
knapsack,strongly,30,2,penalty,ils,30,300000,-8236,True,4,-8231,,300000
knapsack,strongly,30,2,penalty,ils,30,300000,-8236,True,5,-8231,,300000
knapsack,strongly,30,2,penalty,ils,30,300000,-8236,True,6,-8236,62412,62412
knapsack,strongly,30,2,penalty,ils,30,300000,-8236,True,7,-8236,54528,54528
knapsack,strongly,30,2,penalty,ils,30,300000,-8236,True,8,-8231,,300000
knapsack,strongly,30,2,penalty,ils,30,300000,-8236,True,9,-8236,89705,89705
knapsack,strongly,30,2,penalty,ils,30,300000,-8236,True,10,-8236,44152,44152
knapsack,strongly,30,2,penalty,ils,30,300000,-8236,True,11,-8236,49940,49940
knapsack,strongly,30,2,penalty,ils,30,300000,-8236,True,12,-8231,,300000
knapsack,strongly,30,2,penalty,ils,30,300000,-8236,True,13,-8231,,300000
knapsack,strongly,30,2,penalty,ils,30,300000,-8236,True,14,-8231,,300000
knapsack,strongly,30,2,penalty,ils,30,300000,-8236,True,15,-8236,121174,121174
knapsack,strongly,30,2,penalty,ils,30,300000,-8236,True,16,-8231,,300000
knapsack,strongly,30,2,penalty,ils,30,300000,-8236,True,17,-8236,16543,16543
knapsack,strongly,30,2,penalty,ils,30,300000,-8236,True,18,-8231,,300000
knapsack,strongly,30,2,penalty,ils,30,300000,-8236,True,19,-8236,266351,266351
knapsack,strongly,30,2,penalty,ils,30,300000,-8236,True,20,-8236,134869,134869
knapsack,strongly,30,2,penalty,ils,30,300000,-8236,True,21,-8236,28265,28265
knapsack,strongly,30,2,penalty,ils,30,300000,-8236,True,22,-8236,61031,61031
knapsack,strongly,30,2,penalty,ils,30,300000,-8236,True,23,-8236,48550,48550
knapsack,strongly,30,2,penalty,ils,30,300000,-8236,True,24,-8236,9219,9219
knapsack,strongly,30,2,penalty,ils,30,300000,-8236,True,25,-8236,3826,3826
knapsack,strongly,30,2,penalty,ils,30,300000,-8236,True,26,-8236,40630,40630
knapsack,strongly,30,2,penalty,ils,30,300000,-8236,True,27,-8236,200406,200406
knapsack,strongly,30,2,penalty,ils,30,300000,-8236,True,28,-8236,59694,59694
knapsack,strongly,30,2,penalty,ils,30,300000,-8236,True,29,-8236,142927,142927
knapsack,strongly,30,2,penalty,ils,30,300000,-8236,True,30,-8236,97004,97004
knapsack,strongly,30,4,penalty,ils,30,300000,-10913,True,0,-10913,47437,47437
knapsack,strongly,30,4,penalty,ils,30,300000,-10913,True,1,-10913,11528,11528
knapsack,strongly,30,4,penalty,ils,30,300000,-10913,True,2,-10912,,300000
knapsack,strongly,30,4,penalty,ils,30,300000,-10913,True,3,-10912,,300000
knapsack,strongly,30,4,penalty,ils,30,300000,-10913,True,4,-10913,21357,21357
knapsack,strongly,30,4,penalty,ils,30,300000,-10913,True,5,-10913,63670,63670
knapsack,strongly,30,4,penalty,ils,30,300000,-10913,True,6,-10913,28320,28320
knapsack,strongly,30,4,penalty,ils,30,300000,-10913,True,7,-10913,50456,50456
knapsack,strongly,30,4,penalty,ils,30,300000,-10913,True,8,-10913,48233,48233
knapsack,strongly,30,4,penalty,ils,30,300000,-10913,True,9,-10913,298150,298150
knapsack,strongly,30,4,penalty,ils,30,300000,-10913,True,10,-10913,15978,15978
knapsack,strongly,30,4,penalty,ils,30,300000,-10913,True,11,-10913,5756,5756
knapsack,strongly,30,4,penalty,ils,30,300000,-10913,True,12,-10913,79778,79778
knapsack,strongly,30,4,penalty,ils,30,300000,-10913,True,13,-10908,,300000
knapsack,strongly,30,4,penalty,ils,30,300000,-10913,True,14,-10913,43398,43398
knapsack,strongly,30,4,penalty,ils,30,300000,-10913,True,15,-10913,39475,39475
knapsack,strongly,30,4,penalty,ils,30,300000,-10913,True,16,-10913,13722,13722
knapsack,strongly,30,4,penalty,ils,30,300000,-10913,True,17,-10913,26158,26158
knapsack,strongly,30,4,penalty,ils,30,300000,-10913,True,18,-10912,,300000
knapsack,strongly,30,4,penalty,ils,30,300000,-10913,True,19,-10909,,300000
knapsack,strongly,30,4,penalty,ils,30,300000,-10913,True,20,-10913,14296,14296
knapsack,strongly,30,4,penalty,ils,30,300000,-10913,True,21,-10913,7747,7747
knapsack,strongly,30,4,penalty,ils,30,300000,-10913,True,22,-10909,,300000
knapsack,strongly,30,4,penalty,ils,30,300000,-10913,True,23,-10913,3134,3134
knapsack,strongly,30,4,penalty,ils,30,300000,-10913,True,24,-10913,46761,46761
knapsack,strongly,30,4,penalty,ils,30,300000,-10913,True,25,-10913,115016,115016
knapsack,strongly,30,4,penalty,ils,30,300000,-10913,True,26,-10813,,300000
knapsack,strongly,30,4,penalty,ils,30,300000,-10913,True,27,-10913,19334,19334
knapsack,strongly,30,4,penalty,ils,30,300000,-10913,True,28,-10913,56854,56854
knapsack,strongly,30,4,penalty,ils,30,300000,-10913,True,29,-10913,142110,142110
knapsack,strongly,30,4,penalty,ils,30,300000,-10913,True,30,-10913,26682,26682
knapsack,strongly,30,2,penalty,floor,30,300000,-8236,True,0,-8133,,300000
knapsack,strongly,30,2,penalty,floor,30,300000,-8236,True,1,-8136,,300000
knapsack,strongly,30,2,penalty,floor,30,300000,-8236,True,2,-8135,,300000
knapsack,strongly,30,2,penalty,floor,30,300000,-8236,True,3,-8105,,300000
knapsack,strongly,30,2,penalty,floor,30,300000,-8236,True,4,-8230,,300000
knapsack,strongly,30,2,penalty,floor,30,300000,-8236,True,5,-8106,,300000
knapsack,strongly,30,2,penalty,floor,30,300000,-8236,True,6,-8133,,300000
knapsack,strongly,30,2,penalty,floor,30,300000,-8236,True,7,-8051,,300000
knapsack,strongly,30,2,penalty,floor,30,300000,-8236,True,8,-8033,,300000
knapsack,strongly,30,2,penalty,floor,30,300000,-8236,True,9,-8100,,300000
knapsack,strongly,30,2,penalty,floor,30,300000,-8236,True,10,-8079,,300000
knapsack,strongly,30,2,penalty,floor,30,300000,-8236,True,11,-8036,,300000
knapsack,strongly,30,2,penalty,floor,30,300000,-8236,True,12,-8032,,300000
knapsack,strongly,30,2,penalty,floor,30,300000,-8236,True,13,-8107,,300000
knapsack,strongly,30,2,penalty,floor,30,300000,-8236,True,14,-8107,,300000
knapsack,strongly,30,2,penalty,floor,30,300000,-8236,True,15,-8120,,300000
knapsack,strongly,30,2,penalty,floor,30,300000,-8236,True,16,-8116,,300000
knapsack,strongly,30,2,penalty,floor,30,300000,-8236,True,17,-8118,,300000
knapsack,strongly,30,2,penalty,floor,30,300000,-8236,True,18,-8034,,300000
knapsack,strongly,30,2,penalty,floor,30,300000,-8236,True,19,-8102,,300000
knapsack,strongly,30,2,penalty,floor,30,300000,-8236,True,20,-8108,,300000
knapsack,strongly,30,2,penalty,floor,30,300000,-8236,True,21,-8036,,300000
knapsack,strongly,30,2,penalty,floor,30,300000,-8236,True,22,-8089,,300000
knapsack,strongly,30,2,penalty,floor,30,300000,-8236,True,23,-8049,,300000
knapsack,strongly,30,2,penalty,floor,30,300000,-8236,True,24,-8119,,300000
knapsack,strongly,30,2,penalty,floor,30,300000,-8236,True,25,-8068,,300000
knapsack,strongly,30,2,penalty,floor,30,300000,-8236,True,26,-8033,,300000
knapsack,strongly,30,2,penalty,floor,30,300000,-8236,True,27,-8117,,300000
knapsack,strongly,30,2,penalty,floor,30,300000,-8236,True,28,-8030,,300000
knapsack,strongly,30,2,penalty,floor,30,300000,-8236,True,29,-8033,,300000
knapsack,strongly,30,2,penalty,floor,30,300000,-8236,True,30,-8032,,300000
knapsack,strongly,30,3,penalty,floor,30,300000,-10407,True,0,-10303,,300000
knapsack,strongly,30,3,penalty,floor,30,300000,-10407,True,1,-10290,,300000
knapsack,strongly,30,3,penalty,floor,30,300000,-10407,True,2,-10290,,300000
knapsack,strongly,30,3,penalty,floor,30,300000,-10407,True,3,-10308,,300000
knapsack,strongly,30,3,penalty,floor,30,300000,-10407,True,4,-10294,,300000
knapsack,strongly,30,3,penalty,floor,30,300000,-10407,True,5,-10300,,300000
knapsack,strongly,30,3,penalty,floor,30,300000,-10407,True,6,-10308,,300000
knapsack,strongly,30,3,penalty,floor,30,300000,-10407,True,7,-10308,,300000
knapsack,strongly,30,3,penalty,floor,30,300000,-10407,True,8,-10308,,300000
knapsack,strongly,30,3,penalty,floor,30,300000,-10407,True,9,-10299,,300000
knapsack,strongly,30,3,penalty,floor,30,300000,-10407,True,10,-10279,,300000
knapsack,strongly,30,3,penalty,floor,30,300000,-10407,True,11,-10301,,300000
knapsack,strongly,30,3,penalty,floor,30,300000,-10407,True,12,-10305,,300000
knapsack,strongly,30,3,penalty,floor,30,300000,-10407,True,13,-10309,,300000
knapsack,strongly,30,3,penalty,floor,30,300000,-10407,True,14,-10309,,300000
knapsack,strongly,30,3,penalty,floor,30,300000,-10407,True,15,-10303,,300000
knapsack,strongly,30,3,penalty,floor,30,300000,-10407,True,16,-10303,,300000
knapsack,strongly,30,3,penalty,floor,30,300000,-10407,True,17,-10307,,300000
knapsack,strongly,30,3,penalty,floor,30,300000,-10407,True,18,-10305,,300000
knapsack,strongly,30,3,penalty,floor,30,300000,-10407,True,19,-10302,,300000
knapsack,strongly,30,3,penalty,floor,30,300000,-10407,True,20,-10306,,300000
knapsack,strongly,30,3,penalty,floor,30,300000,-10407,True,21,-10270,,300000
knapsack,strongly,30,3,penalty,floor,30,300000,-10407,True,22,-10309,,300000
knapsack,strongly,30,3,penalty,floor,30,300000,-10407,True,23,-10307,,300000
knapsack,strongly,30,3,penalty,floor,30,300000,-10407,True,24,-10305,,300000
knapsack,strongly,30,3,penalty,floor,30,300000,-10407,True,25,-10300,,300000
knapsack,strongly,30,3,penalty,floor,30,300000,-10407,True,26,-10298,,300000
knapsack,strongly,30,3,penalty,floor,30,300000,-10407,True,27,-10306,,300000
knapsack,strongly,30,3,penalty,floor,30,300000,-10407,True,28,-10304,,300000
knapsack,strongly,30,3,penalty,floor,30,300000,-10407,True,29,-10305,,300000
knapsack,strongly,30,3,penalty,floor,30,300000,-10407,True,30,-10306,,300000
knapsack,strongly,30,3,penalty,ils,30,300000,-10407,True,0,-10407,4618,4618
knapsack,strongly,30,3,penalty,ils,30,300000,-10407,True,1,-10309,,300000
knapsack,strongly,30,3,penalty,ils,30,300000,-10407,True,2,-10309,,300000
knapsack,strongly,30,3,penalty,ils,30,300000,-10407,True,3,-10309,,300000
knapsack,strongly,30,3,penalty,ils,30,300000,-10407,True,4,-10309,,300000
knapsack,strongly,30,3,penalty,ils,30,300000,-10407,True,5,-10309,,300000
knapsack,strongly,30,3,penalty,ils,30,300000,-10407,True,6,-10309,,300000
knapsack,strongly,30,3,penalty,ils,30,300000,-10407,True,7,-10309,,300000
knapsack,strongly,30,3,penalty,ils,30,300000,-10407,True,8,-10309,,300000
knapsack,strongly,30,3,penalty,ils,30,300000,-10407,True,9,-10309,,300000
knapsack,strongly,30,3,penalty,ils,30,300000,-10407,True,10,-10407,19501,19501
knapsack,strongly,30,3,penalty,ils,30,300000,-10407,True,11,-10309,,300000
knapsack,strongly,30,3,penalty,ils,30,300000,-10407,True,12,-10309,,300000
knapsack,strongly,30,3,penalty,ils,30,300000,-10407,True,13,-10309,,300000
knapsack,strongly,30,3,penalty,ils,30,300000,-10407,True,14,-10309,,300000
knapsack,strongly,30,3,penalty,ils,30,300000,-10407,True,15,-10309,,300000
knapsack,strongly,30,3,penalty,ils,30,300000,-10407,True,16,-10309,,300000
knapsack,strongly,30,3,penalty,ils,30,300000,-10407,True,17,-10407,187135,187135
knapsack,strongly,30,3,penalty,ils,30,300000,-10407,True,18,-10309,,300000
knapsack,strongly,30,3,penalty,ils,30,300000,-10407,True,19,-10308,,300000
knapsack,strongly,30,3,penalty,ils,30,300000,-10407,True,20,-10407,41104,41104
knapsack,strongly,30,3,penalty,ils,30,300000,-10407,True,21,-10309,,300000
knapsack,strongly,30,3,penalty,ils,30,300000,-10407,True,22,-10309,,300000
knapsack,strongly,30,3,penalty,ils,30,300000,-10407,True,23,-10309,,300000
knapsack,strongly,30,3,penalty,ils,30,300000,-10407,True,24,-10309,,300000
knapsack,strongly,30,3,penalty,ils,30,300000,-10407,True,25,-10309,,300000
knapsack,strongly,30,3,penalty,ils,30,300000,-10407,True,26,-10407,156104,156104
knapsack,strongly,30,3,penalty,ils,30,300000,-10407,True,27,-10309,,300000
knapsack,strongly,30,3,penalty,ils,30,300000,-10407,True,28,-10309,,300000
knapsack,strongly,30,3,penalty,ils,30,300000,-10407,True,29,-10309,,300000
knapsack,strongly,30,3,penalty,ils,30,300000,-10407,True,30,-10309,,300000
knapsack,strongly,30,4,penalty,floor,30,300000,-10913,True,0,-10907,,300000
knapsack,strongly,30,4,penalty,floor,30,300000,-10913,True,1,-10813,,300000
knapsack,strongly,30,4,penalty,floor,30,300000,-10913,True,2,-10812,,300000
knapsack,strongly,30,4,penalty,floor,30,300000,-10913,True,3,-10813,,300000
knapsack,strongly,30,4,penalty,floor,30,300000,-10913,True,4,-10812,,300000
knapsack,strongly,30,4,penalty,floor,30,300000,-10913,True,5,-10899,,300000
knapsack,strongly,30,4,penalty,floor,30,300000,-10913,True,6,-10895,,300000
knapsack,strongly,30,4,penalty,floor,30,300000,-10913,True,7,-10811,,300000
knapsack,strongly,30,4,penalty,floor,30,300000,-10913,True,8,-10889,,300000
knapsack,strongly,30,4,penalty,floor,30,300000,-10913,True,9,-10912,,300000
knapsack,strongly,30,4,penalty,floor,30,300000,-10913,True,10,-10813,,300000
knapsack,strongly,30,4,penalty,floor,30,300000,-10913,True,11,-10902,,300000
knapsack,strongly,30,4,penalty,floor,30,300000,-10913,True,12,-10910,,300000
knapsack,strongly,30,4,penalty,floor,30,300000,-10913,True,13,-10877,,300000
knapsack,strongly,30,4,penalty,floor,30,300000,-10913,True,14,-10886,,300000
knapsack,strongly,30,4,penalty,floor,30,300000,-10913,True,15,-10845,,300000
knapsack,strongly,30,4,penalty,floor,30,300000,-10913,True,16,-10904,,300000
knapsack,strongly,30,4,penalty,floor,30,300000,-10913,True,17,-10838,,300000
knapsack,strongly,30,4,penalty,floor,30,300000,-10913,True,18,-10896,,300000
knapsack,strongly,30,4,penalty,floor,30,300000,-10913,True,19,-10813,,300000
knapsack,strongly,30,4,penalty,floor,30,300000,-10913,True,20,-10813,,300000
knapsack,strongly,30,4,penalty,floor,30,300000,-10913,True,21,-10826,,300000
knapsack,strongly,30,4,penalty,floor,30,300000,-10913,True,22,-10825,,300000
knapsack,strongly,30,4,penalty,floor,30,300000,-10913,True,23,-10841,,300000
knapsack,strongly,30,4,penalty,floor,30,300000,-10913,True,24,-10813,,300000
knapsack,strongly,30,4,penalty,floor,30,300000,-10913,True,25,-10813,,300000
knapsack,strongly,30,4,penalty,floor,30,300000,-10913,True,26,-10897,,300000
knapsack,strongly,30,4,penalty,floor,30,300000,-10913,True,27,-10812,,300000
knapsack,strongly,30,4,penalty,floor,30,300000,-10913,True,28,-10810,,300000
knapsack,strongly,30,4,penalty,floor,30,300000,-10913,True,29,-10908,,300000
knapsack,strongly,30,4,penalty,floor,30,300000,-10913,True,30,-10812,,300000
knapsack,strongly,50,4,penalty,ils,50,500000,-17847,True,0,-17846,,500000
knapsack,strongly,50,4,penalty,ils,50,500000,-17847,True,1,-17847,48901,48901
knapsack,strongly,50,4,penalty,ils,50,500000,-17847,True,2,-17847,10267,10267
knapsack,strongly,50,4,penalty,ils,50,500000,-17847,True,3,-17847,210218,210218
knapsack,strongly,50,4,penalty,ils,50,500000,-17847,True,4,-17847,20059,20059
knapsack,strongly,50,4,penalty,ils,50,500000,-17847,True,5,-17847,207848,207848
knapsack,strongly,50,4,penalty,ils,50,500000,-17847,True,6,-17847,230449,230449
knapsack,strongly,50,4,penalty,ils,50,500000,-17847,True,7,-17847,274129,274129
knapsack,strongly,50,4,penalty,ils,50,500000,-17847,True,8,-17747,,500000
knapsack,strongly,50,4,penalty,ils,50,500000,-17847,True,9,-17847,210185,210185
knapsack,strongly,50,4,penalty,ils,50,500000,-17847,True,10,-17847,18937,18937
knapsack,strongly,50,4,penalty,ils,50,500000,-17847,True,11,-17847,266168,266168
knapsack,strongly,50,4,penalty,ils,50,500000,-17847,True,12,-17847,54611,54611
knapsack,strongly,50,4,penalty,ils,50,500000,-17847,True,13,-17847,210570,210570
knapsack,strongly,50,4,penalty,ils,50,500000,-17847,True,14,-17847,10561,10561
knapsack,strongly,50,4,penalty,ils,50,500000,-17847,True,15,-17847,266289,266289
knapsack,strongly,50,4,penalty,ils,50,500000,-17847,True,16,-17847,18679,18679
knapsack,strongly,50,4,penalty,ils,50,500000,-17847,True,17,-17847,46405,46405
knapsack,strongly,50,4,penalty,ils,50,500000,-17847,True,18,-17847,252450,252450
knapsack,strongly,50,4,penalty,ils,50,500000,-17847,True,19,-17847,92787,92787
knapsack,strongly,50,4,penalty,ils,50,500000,-17847,True,20,-17847,145905,145905
knapsack,strongly,50,4,penalty,ils,50,500000,-17847,True,21,-17847,462317,462317
knapsack,strongly,50,4,penalty,ils,50,500000,-17847,True,22,-17847,26211,26211
knapsack,strongly,50,4,penalty,ils,50,500000,-17847,True,23,-17846,,500000
knapsack,strongly,50,4,penalty,ils,50,500000,-17847,True,24,-17847,283514,283514
knapsack,strongly,50,4,penalty,ils,50,500000,-17847,True,25,-17847,35909,35909
knapsack,strongly,50,4,penalty,ils,50,500000,-17847,True,26,-17847,206624,206624
knapsack,strongly,50,4,penalty,ils,50,500000,-17847,True,27,-17847,26406,26406
knapsack,strongly,50,4,penalty,ils,50,500000,-17847,True,28,-17846,,500000
knapsack,strongly,50,4,penalty,ils,50,500000,-17847,True,29,-17846,,500000
knapsack,strongly,50,4,penalty,ils,50,500000,-17847,True,30,-17847,93761,93761
knapsack,strongly,50,3,penalty,ils,50,500000,-16824,True,0,-16824,401278,401278
knapsack,strongly,50,3,penalty,ils,50,500000,-16824,True,1,-16824,150403,150403
knapsack,strongly,50,3,penalty,ils,50,500000,-16824,True,2,-16824,154981,154981
knapsack,strongly,50,3,penalty,ils,50,500000,-16824,True,3,-16824,323515,323515
knapsack,strongly,50,3,penalty,ils,50,500000,-16824,True,4,-16822,,500000
knapsack,strongly,50,3,penalty,ils,50,500000,-16824,True,5,-16824,380824,380824
knapsack,strongly,50,3,penalty,ils,50,500000,-16824,True,6,-16824,99730,99730
knapsack,strongly,50,3,penalty,ils,50,500000,-16824,True,7,-16824,256793,256793
knapsack,strongly,50,3,penalty,ils,50,500000,-16824,True,8,-16824,132307,132307
knapsack,strongly,50,3,penalty,ils,50,500000,-16824,True,9,-16824,39326,39326
knapsack,strongly,50,3,penalty,ils,50,500000,-16824,True,10,-16824,207255,207255
knapsack,strongly,50,3,penalty,ils,50,500000,-16824,True,11,-16823,,500000
knapsack,strongly,50,3,penalty,ils,50,500000,-16824,True,12,-16824,18337,18337
knapsack,strongly,50,3,penalty,ils,50,500000,-16824,True,13,-16724,,500000
knapsack,strongly,50,3,penalty,ils,50,500000,-16824,True,14,-16824,65338,65338
knapsack,strongly,50,3,penalty,ils,50,500000,-16824,True,15,-16724,,500000
knapsack,strongly,50,3,penalty,ils,50,500000,-16824,True,16,-16823,,500000
knapsack,strongly,50,3,penalty,ils,50,500000,-16824,True,17,-16724,,500000
knapsack,strongly,50,3,penalty,ils,50,500000,-16824,True,18,-16824,85558,85558
knapsack,strongly,50,3,penalty,ils,50,500000,-16824,True,19,-16724,,500000
knapsack,strongly,50,3,penalty,ils,50,500000,-16824,True,20,-16824,129806,129806
knapsack,strongly,50,3,penalty,ils,50,500000,-16824,True,21,-16824,152732,152732
knapsack,strongly,50,3,penalty,ils,50,500000,-16824,True,22,-16824,68703,68703
knapsack,strongly,50,3,penalty,ils,50,500000,-16824,True,23,-16724,,500000
knapsack,strongly,50,3,penalty,ils,50,500000,-16824,True,24,-16824,203306,203306
knapsack,strongly,50,3,penalty,ils,50,500000,-16824,True,25,-16823,,500000
knapsack,strongly,50,3,penalty,ils,50,500000,-16824,True,26,-16824,368128,368128
knapsack,strongly,50,3,penalty,ils,50,500000,-16824,True,27,-16723,,500000
knapsack,strongly,50,3,penalty,ils,50,500000,-16824,True,28,-16823,,500000
knapsack,strongly,50,3,penalty,ils,50,500000,-16824,True,29,-16823,,500000
knapsack,strongly,50,3,penalty,ils,50,500000,-16824,True,30,-16824,57522,57522
knapsack,strongly,50,1,penalty,ils,50,500000,-16379,True,0,-16379,30337,30337
knapsack,strongly,50,1,penalty,ils,50,500000,-16379,True,1,-16379,339495,339495
knapsack,strongly,50,1,penalty,ils,50,500000,-16379,True,2,-16379,356890,356890
knapsack,strongly,50,1,penalty,ils,50,500000,-16379,True,3,-16279,,500000
knapsack,strongly,50,1,penalty,ils,50,500000,-16379,True,4,-16279,,500000
knapsack,strongly,50,1,penalty,ils,50,500000,-16379,True,5,-16279,,500000
knapsack,strongly,50,1,penalty,ils,50,500000,-16379,True,6,-16379,137619,137619
knapsack,strongly,50,1,penalty,ils,50,500000,-16379,True,7,-16279,,500000
knapsack,strongly,50,1,penalty,ils,50,500000,-16379,True,8,-16379,256140,256140
knapsack,strongly,50,1,penalty,ils,50,500000,-16379,True,9,-16279,,500000
knapsack,strongly,50,1,penalty,ils,50,500000,-16379,True,10,-16279,,500000
knapsack,strongly,50,1,penalty,ils,50,500000,-16379,True,11,-16379,76610,76610
knapsack,strongly,50,1,penalty,ils,50,500000,-16379,True,12,-16379,5301,5301
knapsack,strongly,50,1,penalty,ils,50,500000,-16379,True,13,-16379,126583,126583
knapsack,strongly,50,1,penalty,ils,50,500000,-16379,True,14,-16378,,500000
knapsack,strongly,50,1,penalty,ils,50,500000,-16379,True,15,-16378,,500000
knapsack,strongly,50,1,penalty,ils,50,500000,-16379,True,16,-16279,,500000
knapsack,strongly,50,1,penalty,ils,50,500000,-16379,True,17,-16379,279155,279155
knapsack,strongly,50,1,penalty,ils,50,500000,-16379,True,18,-16279,,500000
knapsack,strongly,50,1,penalty,ils,50,500000,-16379,True,19,-16379,270422,270422
knapsack,strongly,50,1,penalty,ils,50,500000,-16379,True,20,-16279,,500000
knapsack,strongly,50,1,penalty,ils,50,500000,-16379,True,21,-16373,,500000
knapsack,strongly,50,1,penalty,ils,50,500000,-16379,True,22,-16279,,500000
knapsack,strongly,50,1,penalty,ils,50,500000,-16379,True,23,-16379,481141,481141
knapsack,strongly,50,1,penalty,ils,50,500000,-16379,True,24,-16279,,500000
knapsack,strongly,50,1,penalty,ils,50,500000,-16379,True,25,-16379,258489,258489
knapsack,strongly,50,1,penalty,ils,50,500000,-16379,True,26,-16379,380871,380871
knapsack,strongly,50,1,penalty,ils,50,500000,-16379,True,27,-16279,,500000
knapsack,strongly,50,1,penalty,ils,50,500000,-16379,True,28,-16379,342839,342839
knapsack,strongly,50,1,penalty,ils,50,500000,-16379,True,29,-16279,,500000
knapsack,strongly,50,1,penalty,ils,50,500000,-16379,True,30,-16279,,500000
knapsack,uncorrelated,80,2,penalty,ils,80,800000,-32328,True,0,-32245,,800000
knapsack,uncorrelated,80,2,penalty,ils,80,800000,-32328,True,1,-32328,492005,492005
knapsack,uncorrelated,80,2,penalty,ils,80,800000,-32328,True,2,-32328,729693,729693
knapsack,uncorrelated,80,2,penalty,ils,80,800000,-32328,True,3,-32328,764048,764048
knapsack,uncorrelated,80,2,penalty,ils,80,800000,-32328,True,4,-32163,,800000
knapsack,uncorrelated,80,2,penalty,ils,80,800000,-32328,True,5,-32328,615458,615458
knapsack,uncorrelated,80,2,penalty,ils,80,800000,-32328,True,6,-32251,,800000
knapsack,uncorrelated,80,2,penalty,ils,80,800000,-32328,True,7,-32328,130426,130426
knapsack,uncorrelated,80,2,penalty,ils,80,800000,-32328,True,8,-32328,397944,397944
knapsack,uncorrelated,80,2,penalty,ils,80,800000,-32328,True,9,-32168,,800000
knapsack,uncorrelated,80,2,penalty,ils,80,800000,-32328,True,10,-32328,105066,105066
knapsack,uncorrelated,80,2,penalty,ils,80,800000,-32328,True,11,-32224,,800000
knapsack,uncorrelated,80,2,penalty,ils,80,800000,-32328,True,12,-32168,,800000
knapsack,uncorrelated,80,2,penalty,ils,80,800000,-32328,True,13,-32328,415212,415212
knapsack,uncorrelated,80,2,penalty,ils,80,800000,-32328,True,14,-32245,,800000
knapsack,uncorrelated,80,2,penalty,ils,80,800000,-32328,True,15,-32328,362900,362900
knapsack,uncorrelated,80,2,penalty,ils,80,800000,-32328,True,16,-32328,504664,504664
knapsack,uncorrelated,80,2,penalty,ils,80,800000,-32328,True,17,-32328,163258,163258
knapsack,uncorrelated,80,2,penalty,ils,80,800000,-32328,True,18,-32328,717269,717269
knapsack,uncorrelated,80,2,penalty,ils,80,800000,-32328,True,19,-32328,178124,178124
knapsack,uncorrelated,80,2,penalty,ils,80,800000,-32328,True,20,-32168,,800000
knapsack,uncorrelated,80,2,penalty,ils,80,800000,-32328,True,21,-32178,,800000
knapsack,uncorrelated,80,2,penalty,ils,80,800000,-32328,True,22,-32168,,800000
knapsack,uncorrelated,80,2,penalty,ils,80,800000,-32328,True,23,-32168,,800000
knapsack,uncorrelated,80,2,penalty,ils,80,800000,-32328,True,24,-32181,,800000
knapsack,uncorrelated,80,2,penalty,ils,80,800000,-32328,True,25,-32168,,800000
knapsack,uncorrelated,80,2,penalty,ils,80,800000,-32328,True,26,-32328,438389,438389
knapsack,uncorrelated,80,2,penalty,ils,80,800000,-32328,True,27,-32168,,800000
knapsack,uncorrelated,80,2,penalty,ils,80,800000,-32328,True,28,-32168,,800000
knapsack,uncorrelated,80,2,penalty,ils,80,800000,-32328,True,29,-32245,,800000
knapsack,uncorrelated,80,2,penalty,ils,80,800000,-32328,True,30,-32328,642022,642022
knapsack,strongly,50,0,penalty,floor,50,500000,-16940,True,0,-16494,,500000
knapsack,strongly,50,0,penalty,floor,50,500000,-16940,True,1,-16538,,500000
knapsack,strongly,50,0,penalty,floor,50,500000,-16940,True,2,-16523,,500000
knapsack,strongly,50,0,penalty,floor,50,500000,-16940,True,3,-16538,,500000
knapsack,strongly,50,0,penalty,floor,50,500000,-16940,True,4,-16537,,500000
knapsack,strongly,50,0,penalty,floor,50,500000,-16940,True,5,-16630,,500000
knapsack,strongly,50,0,penalty,floor,50,500000,-16940,True,6,-16628,,500000
knapsack,strongly,50,0,penalty,floor,50,500000,-16940,True,7,-16528,,500000
knapsack,strongly,50,0,penalty,floor,50,500000,-16940,True,8,-16521,,500000
knapsack,strongly,50,0,penalty,floor,50,500000,-16940,True,9,-16615,,500000
knapsack,strongly,50,0,penalty,floor,50,500000,-16940,True,10,-16537,,500000
knapsack,strongly,50,0,penalty,floor,50,500000,-16940,True,11,-16613,,500000
knapsack,strongly,50,0,penalty,floor,50,500000,-16940,True,12,-16539,,500000
knapsack,strongly,50,0,penalty,floor,50,500000,-16940,True,13,-16625,,500000
knapsack,strongly,50,0,penalty,floor,50,500000,-16940,True,14,-16564,,500000
knapsack,strongly,50,0,penalty,floor,50,500000,-16940,True,15,-16721,,500000
knapsack,strongly,50,0,penalty,floor,50,500000,-16940,True,16,-16622,,500000
knapsack,strongly,50,0,penalty,floor,50,500000,-16940,True,17,-16540,,500000
knapsack,strongly,50,0,penalty,floor,50,500000,-16940,True,18,-16534,,500000
knapsack,strongly,50,0,penalty,floor,50,500000,-16940,True,19,-16512,,500000
knapsack,strongly,50,0,penalty,floor,50,500000,-16940,True,20,-16640,,500000
knapsack,strongly,50,0,penalty,floor,50,500000,-16940,True,21,-16440,,500000
knapsack,strongly,50,0,penalty,floor,50,500000,-16940,True,22,-16533,,500000
knapsack,strongly,50,0,penalty,floor,50,500000,-16940,True,23,-16598,,500000
knapsack,strongly,50,0,penalty,floor,50,500000,-16940,True,24,-16539,,500000
knapsack,strongly,50,0,penalty,floor,50,500000,-16940,True,25,-16522,,500000
knapsack,strongly,50,0,penalty,floor,50,500000,-16940,True,26,-16540,,500000
knapsack,strongly,50,0,penalty,floor,50,500000,-16940,True,27,-16632,,500000
knapsack,strongly,50,0,penalty,floor,50,500000,-16940,True,28,-16503,,500000
knapsack,strongly,50,0,penalty,floor,50,500000,-16940,True,29,-16540,,500000
knapsack,strongly,50,0,penalty,floor,50,500000,-16940,True,30,-16631,,500000
knapsack,strongly,50,0,penalty,ils,50,500000,-16940,True,0,-16840,,500000
knapsack,strongly,50,0,penalty,ils,50,500000,-16940,True,1,-16915,,500000
knapsack,strongly,50,0,penalty,ils,50,500000,-16940,True,2,-16936,,500000
knapsack,strongly,50,0,penalty,ils,50,500000,-16940,True,3,-16840,,500000
knapsack,strongly,50,0,penalty,ils,50,500000,-16940,True,4,-16840,,500000
knapsack,strongly,50,0,penalty,ils,50,500000,-16940,True,5,-16940,109337,109337
knapsack,strongly,50,0,penalty,ils,50,500000,-16940,True,6,-16933,,500000
knapsack,strongly,50,0,penalty,ils,50,500000,-16940,True,7,-16840,,500000
knapsack,strongly,50,0,penalty,ils,50,500000,-16940,True,8,-16840,,500000
knapsack,strongly,50,0,penalty,ils,50,500000,-16940,True,9,-16937,,500000
knapsack,strongly,50,0,penalty,ils,50,500000,-16940,True,10,-16840,,500000
knapsack,strongly,50,0,penalty,ils,50,500000,-16940,True,11,-16840,,500000
knapsack,strongly,50,0,penalty,ils,50,500000,-16940,True,12,-16933,,500000
knapsack,strongly,50,0,penalty,ils,50,500000,-16940,True,13,-16939,,500000
knapsack,strongly,50,0,penalty,ils,50,500000,-16940,True,14,-16915,,500000
knapsack,strongly,50,0,penalty,ils,50,500000,-16940,True,15,-16939,,500000
knapsack,strongly,50,0,penalty,ils,50,500000,-16940,True,16,-16937,,500000
knapsack,strongly,50,0,penalty,ils,50,500000,-16940,True,17,-16933,,500000
knapsack,strongly,50,0,penalty,ils,50,500000,-16940,True,18,-16840,,500000
knapsack,strongly,50,0,penalty,ils,50,500000,-16940,True,19,-16840,,500000
knapsack,strongly,50,0,penalty,ils,50,500000,-16940,True,20,-16915,,500000
knapsack,strongly,50,0,penalty,ils,50,500000,-16940,True,21,-16915,,500000
knapsack,strongly,50,0,penalty,ils,50,500000,-16940,True,22,-16840,,500000
knapsack,strongly,50,0,penalty,ils,50,500000,-16940,True,23,-16840,,500000
knapsack,strongly,50,0,penalty,ils,50,500000,-16940,True,24,-16937,,500000
knapsack,strongly,50,0,penalty,ils,50,500000,-16940,True,25,-16939,,500000
knapsack,strongly,50,0,penalty,ils,50,500000,-16940,True,26,-16840,,500000
knapsack,strongly,50,0,penalty,ils,50,500000,-16940,True,27,-16939,,500000
knapsack,strongly,50,0,penalty,ils,50,500000,-16940,True,28,-16940,295648,295648
knapsack,strongly,50,0,penalty,ils,50,500000,-16940,True,29,-16840,,500000
knapsack,strongly,50,0,penalty,ils,50,500000,-16940,True,30,-16840,,500000
knapsack,strongly,50,1,penalty,floor,50,500000,-16379,True,0,-16134,,500000
knapsack,strongly,50,1,penalty,floor,50,500000,-16379,True,1,-16169,,500000
knapsack,strongly,50,1,penalty,floor,50,500000,-16379,True,2,-16157,,500000
knapsack,strongly,50,1,penalty,floor,50,500000,-16379,True,3,-16079,,500000
knapsack,strongly,50,1,penalty,floor,50,500000,-16379,True,4,-16169,,500000
knapsack,strongly,50,1,penalty,floor,50,500000,-16379,True,5,-16074,,500000
knapsack,strongly,50,1,penalty,floor,50,500000,-16379,True,6,-16173,,500000
knapsack,strongly,50,1,penalty,floor,50,500000,-16379,True,7,-16177,,500000
knapsack,strongly,50,1,penalty,floor,50,500000,-16379,True,8,-16176,,500000
knapsack,strongly,50,1,penalty,floor,50,500000,-16379,True,9,-16251,,500000
knapsack,strongly,50,1,penalty,floor,50,500000,-16379,True,10,-16176,,500000
knapsack,strongly,50,1,penalty,floor,50,500000,-16379,True,11,-16078,,500000
knapsack,strongly,50,1,penalty,floor,50,500000,-16379,True,12,-16135,,500000
knapsack,strongly,50,1,penalty,floor,50,500000,-16379,True,13,-16079,,500000
knapsack,strongly,50,1,penalty,floor,50,500000,-16379,True,14,-16172,,500000
knapsack,strongly,50,1,penalty,floor,50,500000,-16379,True,15,-16162,,500000
knapsack,strongly,50,1,penalty,floor,50,500000,-16379,True,16,-16177,,500000
knapsack,strongly,50,1,penalty,floor,50,500000,-16379,True,17,-16175,,500000
knapsack,strongly,50,1,penalty,floor,50,500000,-16379,True,18,-16168,,500000
knapsack,strongly,50,1,penalty,floor,50,500000,-16379,True,19,-16237,,500000
knapsack,strongly,50,1,penalty,floor,50,500000,-16379,True,20,-16074,,500000
knapsack,strongly,50,1,penalty,floor,50,500000,-16379,True,21,-16168,,500000
knapsack,strongly,50,1,penalty,floor,50,500000,-16379,True,22,-16172,,500000
knapsack,strongly,50,1,penalty,floor,50,500000,-16379,True,23,-16168,,500000
knapsack,strongly,50,1,penalty,floor,50,500000,-16379,True,24,-16233,,500000
knapsack,strongly,50,1,penalty,floor,50,500000,-16379,True,25,-16179,,500000
knapsack,strongly,50,1,penalty,floor,50,500000,-16379,True,26,-16167,,500000
knapsack,strongly,50,1,penalty,floor,50,500000,-16379,True,27,-16134,,500000
knapsack,strongly,50,1,penalty,floor,50,500000,-16379,True,28,-16175,,500000
knapsack,strongly,50,1,penalty,floor,50,500000,-16379,True,29,-16164,,500000
knapsack,strongly,50,1,penalty,floor,50,500000,-16379,True,30,-16136,,500000
knapsack,strongly,50,2,penalty,floor,50,500000,-16778,True,0,-16466,,500000
knapsack,strongly,50,2,penalty,floor,50,500000,-16778,True,1,-16477,,500000
knapsack,strongly,50,2,penalty,floor,50,500000,-16778,True,2,-16418,,500000
knapsack,strongly,50,2,penalty,floor,50,500000,-16778,True,3,-16456,,500000
knapsack,strongly,50,2,penalty,floor,50,500000,-16778,True,4,-16378,,500000
knapsack,strongly,50,2,penalty,floor,50,500000,-16778,True,5,-16471,,500000
knapsack,strongly,50,2,penalty,floor,50,500000,-16778,True,6,-16406,,500000
knapsack,strongly,50,2,penalty,floor,50,500000,-16778,True,7,-16457,,500000
knapsack,strongly,50,2,penalty,floor,50,500000,-16778,True,8,-16468,,500000
knapsack,strongly,50,2,penalty,floor,50,500000,-16778,True,9,-16473,,500000
knapsack,strongly,50,2,penalty,floor,50,500000,-16778,True,10,-16462,,500000
knapsack,strongly,50,2,penalty,floor,50,500000,-16778,True,11,-16472,,500000
knapsack,strongly,50,2,penalty,floor,50,500000,-16778,True,12,-16478,,500000
knapsack,strongly,50,2,penalty,floor,50,500000,-16778,True,13,-16478,,500000
knapsack,strongly,50,2,penalty,floor,50,500000,-16778,True,14,-16442,,500000
knapsack,strongly,50,2,penalty,floor,50,500000,-16778,True,15,-16477,,500000
knapsack,strongly,50,2,penalty,floor,50,500000,-16778,True,16,-16571,,500000
knapsack,strongly,50,2,penalty,floor,50,500000,-16778,True,17,-16378,,500000
knapsack,strongly,50,2,penalty,floor,50,500000,-16778,True,18,-16478,,500000
knapsack,strongly,50,2,penalty,floor,50,500000,-16778,True,19,-16472,,500000
knapsack,strongly,50,2,penalty,floor,50,500000,-16778,True,20,-16476,,500000
knapsack,strongly,50,2,penalty,floor,50,500000,-16778,True,21,-16468,,500000
knapsack,strongly,50,2,penalty,floor,50,500000,-16778,True,22,-16469,,500000
knapsack,strongly,50,2,penalty,floor,50,500000,-16778,True,23,-16476,,500000
knapsack,strongly,50,2,penalty,floor,50,500000,-16778,True,24,-16468,,500000
knapsack,strongly,50,2,penalty,floor,50,500000,-16778,True,25,-16465,,500000
knapsack,strongly,50,2,penalty,floor,50,500000,-16778,True,26,-16467,,500000
knapsack,strongly,50,2,penalty,floor,50,500000,-16778,True,27,-16476,,500000
knapsack,strongly,50,2,penalty,floor,50,500000,-16778,True,28,-16467,,500000
knapsack,strongly,50,2,penalty,floor,50,500000,-16778,True,29,-16477,,500000
knapsack,strongly,50,2,penalty,floor,50,500000,-16778,True,30,-16374,,500000
knapsack,strongly,50,2,penalty,ils,50,500000,-16778,True,0,-16678,,500000
knapsack,strongly,50,2,penalty,ils,50,500000,-16778,True,1,-16678,,500000
knapsack,strongly,50,2,penalty,ils,50,500000,-16778,True,2,-16678,,500000
knapsack,strongly,50,2,penalty,ils,50,500000,-16778,True,3,-16772,,500000
knapsack,strongly,50,2,penalty,ils,50,500000,-16778,True,4,-16678,,500000
knapsack,strongly,50,2,penalty,ils,50,500000,-16778,True,5,-16678,,500000
knapsack,strongly,50,2,penalty,ils,50,500000,-16778,True,6,-16678,,500000
knapsack,strongly,50,2,penalty,ils,50,500000,-16778,True,7,-16678,,500000
knapsack,strongly,50,2,penalty,ils,50,500000,-16778,True,8,-16678,,500000
knapsack,strongly,50,2,penalty,ils,50,500000,-16778,True,9,-16678,,500000
knapsack,strongly,50,2,penalty,ils,50,500000,-16778,True,10,-16775,,500000
knapsack,strongly,50,2,penalty,ils,50,500000,-16778,True,11,-16677,,500000
knapsack,strongly,50,2,penalty,ils,50,500000,-16778,True,12,-16678,,500000
knapsack,strongly,50,2,penalty,ils,50,500000,-16778,True,13,-16678,,500000
knapsack,strongly,50,2,penalty,ils,50,500000,-16778,True,14,-16678,,500000
knapsack,strongly,50,2,penalty,ils,50,500000,-16778,True,15,-16678,,500000
knapsack,strongly,50,2,penalty,ils,50,500000,-16778,True,16,-16678,,500000
knapsack,strongly,50,2,penalty,ils,50,500000,-16778,True,17,-16678,,500000
knapsack,strongly,50,2,penalty,ils,50,500000,-16778,True,18,-16578,,500000
knapsack,strongly,50,2,penalty,ils,50,500000,-16778,True,19,-16677,,500000
knapsack,strongly,50,2,penalty,ils,50,500000,-16778,True,20,-16678,,500000
knapsack,strongly,50,2,penalty,ils,50,500000,-16778,True,21,-16678,,500000
knapsack,strongly,50,2,penalty,ils,50,500000,-16778,True,22,-16678,,500000
knapsack,strongly,50,2,penalty,ils,50,500000,-16778,True,23,-16678,,500000
knapsack,strongly,50,2,penalty,ils,50,500000,-16778,True,24,-16678,,500000
knapsack,strongly,50,2,penalty,ils,50,500000,-16778,True,25,-16678,,500000
knapsack,strongly,50,2,penalty,ils,50,500000,-16778,True,26,-16678,,500000
knapsack,strongly,50,2,penalty,ils,50,500000,-16778,True,27,-16678,,500000
knapsack,strongly,50,2,penalty,ils,50,500000,-16778,True,28,-16772,,500000
knapsack,strongly,50,2,penalty,ils,50,500000,-16778,True,29,-16678,,500000
knapsack,strongly,50,2,penalty,ils,50,500000,-16778,True,30,-16678,,500000
knapsack,strongly,50,3,penalty,floor,50,500000,-16824,True,0,-16518,,500000
knapsack,strongly,50,3,penalty,floor,50,500000,-16824,True,1,-16519,,500000
knapsack,strongly,50,3,penalty,floor,50,500000,-16824,True,2,-16516,,500000
knapsack,strongly,50,3,penalty,floor,50,500000,-16824,True,3,-16619,,500000
knapsack,strongly,50,3,penalty,floor,50,500000,-16824,True,4,-16524,,500000
knapsack,strongly,50,3,penalty,floor,50,500000,-16824,True,5,-16520,,500000
knapsack,strongly,50,3,penalty,floor,50,500000,-16824,True,6,-16590,,500000
knapsack,strongly,50,3,penalty,floor,50,500000,-16824,True,7,-16602,,500000
knapsack,strongly,50,3,penalty,floor,50,500000,-16824,True,8,-16520,,500000
knapsack,strongly,50,3,penalty,floor,50,500000,-16824,True,9,-16521,,500000
knapsack,strongly,50,3,penalty,floor,50,500000,-16824,True,10,-16621,,500000
knapsack,strongly,50,3,penalty,floor,50,500000,-16824,True,11,-16524,,500000
knapsack,strongly,50,3,penalty,floor,50,500000,-16824,True,12,-16515,,500000
knapsack,strongly,50,3,penalty,floor,50,500000,-16824,True,13,-16518,,500000
knapsack,strongly,50,3,penalty,floor,50,500000,-16824,True,14,-16530,,500000
knapsack,strongly,50,3,penalty,floor,50,500000,-16824,True,15,-16614,,500000
knapsack,strongly,50,3,penalty,floor,50,500000,-16824,True,16,-16580,,500000
knapsack,strongly,50,3,penalty,floor,50,500000,-16824,True,17,-16524,,500000
knapsack,strongly,50,3,penalty,floor,50,500000,-16824,True,18,-16620,,500000
knapsack,strongly,50,3,penalty,floor,50,500000,-16824,True,19,-16522,,500000
knapsack,strongly,50,3,penalty,floor,50,500000,-16824,True,20,-16522,,500000
knapsack,strongly,50,3,penalty,floor,50,500000,-16824,True,21,-16520,,500000
knapsack,strongly,50,3,penalty,floor,50,500000,-16824,True,22,-16614,,500000
knapsack,strongly,50,3,penalty,floor,50,500000,-16824,True,23,-16717,,500000
knapsack,strongly,50,3,penalty,floor,50,500000,-16824,True,24,-16524,,500000
knapsack,strongly,50,3,penalty,floor,50,500000,-16824,True,25,-16608,,500000
knapsack,strongly,50,3,penalty,floor,50,500000,-16824,True,26,-16523,,500000
knapsack,strongly,50,3,penalty,floor,50,500000,-16824,True,27,-16524,,500000
knapsack,strongly,50,3,penalty,floor,50,500000,-16824,True,28,-16622,,500000
knapsack,strongly,50,3,penalty,floor,50,500000,-16824,True,29,-16523,,500000
knapsack,strongly,50,3,penalty,floor,50,500000,-16824,True,30,-16594,,500000
knapsack,uncorrelated,80,1,penalty,ils,80,800000,-32981,True,0,-32846,,800000
knapsack,uncorrelated,80,1,penalty,ils,80,800000,-32981,True,1,-32981,248512,248512
knapsack,uncorrelated,80,1,penalty,ils,80,800000,-32981,True,2,-32817,,800000
knapsack,uncorrelated,80,1,penalty,ils,80,800000,-32981,True,3,-32875,,800000
knapsack,uncorrelated,80,1,penalty,ils,80,800000,-32981,True,4,-32713,,800000
knapsack,uncorrelated,80,1,penalty,ils,80,800000,-32981,True,5,-32981,733664,733664
knapsack,uncorrelated,80,1,penalty,ils,80,800000,-32981,True,6,-32981,595882,595882
knapsack,uncorrelated,80,1,penalty,ils,80,800000,-32981,True,7,-32850,,800000
knapsack,uncorrelated,80,1,penalty,ils,80,800000,-32981,True,8,-32875,,800000
knapsack,uncorrelated,80,1,penalty,ils,80,800000,-32981,True,9,-32870,,800000
knapsack,uncorrelated,80,1,penalty,ils,80,800000,-32981,True,10,-32850,,800000
knapsack,uncorrelated,80,1,penalty,ils,80,800000,-32981,True,11,-32981,286125,286125
knapsack,uncorrelated,80,1,penalty,ils,80,800000,-32981,True,12,-32850,,800000
knapsack,uncorrelated,80,1,penalty,ils,80,800000,-32981,True,13,-32850,,800000
knapsack,uncorrelated,80,1,penalty,ils,80,800000,-32981,True,14,-32850,,800000
knapsack,uncorrelated,80,1,penalty,ils,80,800000,-32981,True,15,-32981,526720,526720
knapsack,uncorrelated,80,1,penalty,ils,80,800000,-32981,True,16,-32806,,800000
knapsack,uncorrelated,80,1,penalty,ils,80,800000,-32981,True,17,-32850,,800000
knapsack,uncorrelated,80,1,penalty,ils,80,800000,-32981,True,18,-32981,699668,699668
knapsack,uncorrelated,80,1,penalty,ils,80,800000,-32981,True,19,-32840,,800000
knapsack,uncorrelated,80,1,penalty,ils,80,800000,-32981,True,20,-32850,,800000
knapsack,uncorrelated,80,1,penalty,ils,80,800000,-32981,True,21,-32834,,800000
knapsack,uncorrelated,80,1,penalty,ils,80,800000,-32981,True,22,-32981,739883,739883
knapsack,uncorrelated,80,1,penalty,ils,80,800000,-32981,True,23,-32981,271605,271605
knapsack,uncorrelated,80,1,penalty,ils,80,800000,-32981,True,24,-32981,207659,207659
knapsack,uncorrelated,80,1,penalty,ils,80,800000,-32981,True,25,-32850,,800000
knapsack,uncorrelated,80,1,penalty,ils,80,800000,-32981,True,26,-32846,,800000
knapsack,uncorrelated,80,1,penalty,ils,80,800000,-32981,True,27,-32850,,800000
knapsack,uncorrelated,80,1,penalty,ils,80,800000,-32981,True,28,-32981,231969,231969
knapsack,uncorrelated,80,1,penalty,ils,80,800000,-32981,True,29,-32748,,800000
knapsack,uncorrelated,80,1,penalty,ils,80,800000,-32981,True,30,-32981,470997,470997
knapsack,strongly,50,4,penalty,floor,50,500000,-17847,True,0,-17545,,500000
knapsack,strongly,50,4,penalty,floor,50,500000,-17847,True,1,-17542,,500000
knapsack,strongly,50,4,penalty,floor,50,500000,-17847,True,2,-17534,,500000
knapsack,strongly,50,4,penalty,floor,50,500000,-17847,True,3,-17636,,500000
knapsack,strongly,50,4,penalty,floor,50,500000,-17847,True,4,-17532,,500000
knapsack,strongly,50,4,penalty,floor,50,500000,-17847,True,5,-17641,,500000
knapsack,strongly,50,4,penalty,floor,50,500000,-17847,True,6,-17513,,500000
knapsack,strongly,50,4,penalty,floor,50,500000,-17847,True,7,-17610,,500000
knapsack,strongly,50,4,penalty,floor,50,500000,-17847,True,8,-17527,,500000
knapsack,strongly,50,4,penalty,floor,50,500000,-17847,True,9,-17547,,500000
knapsack,strongly,50,4,penalty,floor,50,500000,-17847,True,10,-17544,,500000
knapsack,strongly,50,4,penalty,floor,50,500000,-17847,True,11,-17539,,500000
knapsack,strongly,50,4,penalty,floor,50,500000,-17847,True,12,-17534,,500000
knapsack,strongly,50,4,penalty,floor,50,500000,-17847,True,13,-17538,,500000
knapsack,strongly,50,4,penalty,floor,50,500000,-17847,True,14,-17546,,500000
knapsack,strongly,50,4,penalty,floor,50,500000,-17847,True,15,-17545,,500000
knapsack,strongly,50,4,penalty,floor,50,500000,-17847,True,16,-17618,,500000
knapsack,strongly,50,4,penalty,floor,50,500000,-17847,True,17,-17527,,500000
knapsack,strongly,50,4,penalty,floor,50,500000,-17847,True,18,-17547,,500000
knapsack,strongly,50,4,penalty,floor,50,500000,-17847,True,19,-17547,,500000
knapsack,strongly,50,4,penalty,floor,50,500000,-17847,True,20,-17630,,500000
knapsack,strongly,50,4,penalty,floor,50,500000,-17847,True,21,-17627,,500000
knapsack,strongly,50,4,penalty,floor,50,500000,-17847,True,22,-17541,,500000
knapsack,strongly,50,4,penalty,floor,50,500000,-17847,True,23,-17547,,500000
knapsack,strongly,50,4,penalty,floor,50,500000,-17847,True,24,-17543,,500000
knapsack,strongly,50,4,penalty,floor,50,500000,-17847,True,25,-17533,,500000
knapsack,strongly,50,4,penalty,floor,50,500000,-17847,True,26,-17543,,500000
knapsack,strongly,50,4,penalty,floor,50,500000,-17847,True,27,-17612,,500000
knapsack,strongly,50,4,penalty,floor,50,500000,-17847,True,28,-17547,,500000
knapsack,strongly,50,4,penalty,floor,50,500000,-17847,True,29,-17643,,500000
knapsack,strongly,50,4,penalty,floor,50,500000,-17847,True,30,-17546,,500000
knapsack,uncorrelated,80,1,penalty,floor,80,800000,-32981,True,0,-29193,,800000
knapsack,uncorrelated,80,1,penalty,floor,80,800000,-32981,True,1,-29190,,800000
knapsack,uncorrelated,80,1,penalty,floor,80,800000,-32981,True,2,-29060,,800000
knapsack,uncorrelated,80,1,penalty,floor,80,800000,-32981,True,3,-29728,,800000
knapsack,uncorrelated,80,1,penalty,floor,80,800000,-32981,True,4,-29972,,800000
knapsack,uncorrelated,80,1,penalty,floor,80,800000,-32981,True,5,-29311,,800000
knapsack,uncorrelated,80,1,penalty,floor,80,800000,-32981,True,6,-29747,,800000
knapsack,uncorrelated,80,1,penalty,floor,80,800000,-32981,True,7,-30001,,800000
knapsack,uncorrelated,80,1,penalty,floor,80,800000,-32981,True,8,-30026,,800000
knapsack,uncorrelated,80,1,penalty,floor,80,800000,-32981,True,9,-28778,,800000
knapsack,uncorrelated,80,1,penalty,floor,80,800000,-32981,True,10,-29673,,800000
knapsack,uncorrelated,80,1,penalty,floor,80,800000,-32981,True,11,-29668,,800000
knapsack,uncorrelated,80,1,penalty,floor,80,800000,-32981,True,12,-30240,,800000
knapsack,uncorrelated,80,1,penalty,floor,80,800000,-32981,True,13,-29726,,800000
knapsack,uncorrelated,80,1,penalty,floor,80,800000,-32981,True,14,-30053,,800000
knapsack,uncorrelated,80,1,penalty,floor,80,800000,-32981,True,15,-30250,,800000
knapsack,uncorrelated,80,1,penalty,floor,80,800000,-32981,True,16,-30093,,800000
knapsack,uncorrelated,80,1,penalty,floor,80,800000,-32981,True,17,-31650,,800000
knapsack,uncorrelated,80,1,penalty,floor,80,800000,-32981,True,18,-30169,,800000
knapsack,uncorrelated,80,1,penalty,floor,80,800000,-32981,True,19,-30013,,800000
knapsack,uncorrelated,80,1,penalty,floor,80,800000,-32981,True,20,-29938,,800000
knapsack,uncorrelated,80,1,penalty,floor,80,800000,-32981,True,21,-30498,,800000
knapsack,uncorrelated,80,1,penalty,floor,80,800000,-32981,True,22,-30034,,800000
knapsack,uncorrelated,80,1,penalty,floor,80,800000,-32981,True,23,-30040,,800000
knapsack,uncorrelated,80,1,penalty,floor,80,800000,-32981,True,24,-29049,,800000
knapsack,uncorrelated,80,1,penalty,floor,80,800000,-32981,True,25,-29850,,800000
knapsack,uncorrelated,80,1,penalty,floor,80,800000,-32981,True,26,-29025,,800000
knapsack,uncorrelated,80,1,penalty,floor,80,800000,-32981,True,27,-29605,,800000
knapsack,uncorrelated,80,1,penalty,floor,80,800000,-32981,True,28,-29581,,800000
knapsack,uncorrelated,80,1,penalty,floor,80,800000,-32981,True,29,-30416,,800000
knapsack,uncorrelated,80,1,penalty,floor,80,800000,-32981,True,30,-29534,,800000
knapsack,uncorrelated,80,0,penalty,floor,80,800000,-35386,True,0,-32722,,800000
knapsack,uncorrelated,80,0,penalty,floor,80,800000,-35386,True,1,-32721,,800000
knapsack,uncorrelated,80,0,penalty,floor,80,800000,-35386,True,2,-32626,,800000
knapsack,uncorrelated,80,0,penalty,floor,80,800000,-35386,True,3,-32985,,800000
knapsack,uncorrelated,80,0,penalty,floor,80,800000,-35386,True,4,-31852,,800000
knapsack,uncorrelated,80,0,penalty,floor,80,800000,-35386,True,5,-33192,,800000
knapsack,uncorrelated,80,0,penalty,floor,80,800000,-35386,True,6,-32116,,800000
knapsack,uncorrelated,80,0,penalty,floor,80,800000,-35386,True,7,-32496,,800000
knapsack,uncorrelated,80,0,penalty,floor,80,800000,-35386,True,8,-32629,,800000
knapsack,uncorrelated,80,0,penalty,floor,80,800000,-35386,True,9,-32306,,800000
knapsack,uncorrelated,80,0,penalty,floor,80,800000,-35386,True,10,-32626,,800000
knapsack,uncorrelated,80,0,penalty,floor,80,800000,-35386,True,11,-31544,,800000
knapsack,uncorrelated,80,0,penalty,floor,80,800000,-35386,True,12,-32150,,800000
knapsack,uncorrelated,80,0,penalty,floor,80,800000,-35386,True,13,-31313,,800000
knapsack,uncorrelated,80,0,penalty,floor,80,800000,-35386,True,14,-32386,,800000
knapsack,uncorrelated,80,0,penalty,floor,80,800000,-35386,True,15,-32683,,800000
knapsack,uncorrelated,80,0,penalty,floor,80,800000,-35386,True,16,-32644,,800000
knapsack,uncorrelated,80,0,penalty,floor,80,800000,-35386,True,17,-31431,,800000
knapsack,uncorrelated,80,0,penalty,floor,80,800000,-35386,True,18,-32018,,800000
knapsack,uncorrelated,80,0,penalty,floor,80,800000,-35386,True,19,-32808,,800000
knapsack,uncorrelated,80,0,penalty,floor,80,800000,-35386,True,20,-31913,,800000
knapsack,uncorrelated,80,0,penalty,floor,80,800000,-35386,True,21,-32373,,800000
knapsack,uncorrelated,80,0,penalty,floor,80,800000,-35386,True,22,-33079,,800000
knapsack,uncorrelated,80,0,penalty,floor,80,800000,-35386,True,23,-31502,,800000
knapsack,uncorrelated,80,0,penalty,floor,80,800000,-35386,True,24,-31828,,800000
knapsack,uncorrelated,80,0,penalty,floor,80,800000,-35386,True,25,-33062,,800000
knapsack,uncorrelated,80,0,penalty,floor,80,800000,-35386,True,26,-32631,,800000
knapsack,uncorrelated,80,0,penalty,floor,80,800000,-35386,True,27,-32244,,800000
knapsack,uncorrelated,80,0,penalty,floor,80,800000,-35386,True,28,-32906,,800000
knapsack,uncorrelated,80,0,penalty,floor,80,800000,-35386,True,29,-33698,,800000
knapsack,uncorrelated,80,0,penalty,floor,80,800000,-35386,True,30,-32112,,800000
knapsack,uncorrelated,80,3,penalty,floor,80,800000,-32404,True,0,-29525,,800000
knapsack,uncorrelated,80,3,penalty,floor,80,800000,-32404,True,1,-29468,,800000
knapsack,uncorrelated,80,3,penalty,floor,80,800000,-32404,True,2,-28984,,800000
knapsack,uncorrelated,80,3,penalty,floor,80,800000,-32404,True,3,-29060,,800000
knapsack,uncorrelated,80,3,penalty,floor,80,800000,-32404,True,4,-29734,,800000
knapsack,uncorrelated,80,3,penalty,floor,80,800000,-32404,True,5,-29541,,800000
knapsack,uncorrelated,80,3,penalty,floor,80,800000,-32404,True,6,-29492,,800000
knapsack,uncorrelated,80,3,penalty,floor,80,800000,-32404,True,7,-29044,,800000
knapsack,uncorrelated,80,3,penalty,floor,80,800000,-32404,True,8,-29649,,800000
knapsack,uncorrelated,80,3,penalty,floor,80,800000,-32404,True,9,-29803,,800000
knapsack,uncorrelated,80,3,penalty,floor,80,800000,-32404,True,10,-29072,,800000
knapsack,uncorrelated,80,3,penalty,floor,80,800000,-32404,True,11,-30000,,800000
knapsack,uncorrelated,80,3,penalty,floor,80,800000,-32404,True,12,-30080,,800000
knapsack,uncorrelated,80,3,penalty,floor,80,800000,-32404,True,13,-29678,,800000
knapsack,uncorrelated,80,3,penalty,floor,80,800000,-32404,True,14,-29926,,800000
knapsack,uncorrelated,80,3,penalty,floor,80,800000,-32404,True,15,-29179,,800000
knapsack,uncorrelated,80,3,penalty,floor,80,800000,-32404,True,16,-29803,,800000
knapsack,uncorrelated,80,3,penalty,floor,80,800000,-32404,True,17,-28940,,800000
knapsack,uncorrelated,80,3,penalty,floor,80,800000,-32404,True,18,-28905,,800000
knapsack,uncorrelated,80,3,penalty,floor,80,800000,-32404,True,19,-29283,,800000
knapsack,uncorrelated,80,3,penalty,floor,80,800000,-32404,True,20,-30191,,800000
knapsack,uncorrelated,80,3,penalty,floor,80,800000,-32404,True,21,-28995,,800000
knapsack,uncorrelated,80,3,penalty,floor,80,800000,-32404,True,22,-28884,,800000
knapsack,uncorrelated,80,3,penalty,floor,80,800000,-32404,True,23,-29270,,800000
knapsack,uncorrelated,80,3,penalty,floor,80,800000,-32404,True,24,-29378,,800000
knapsack,uncorrelated,80,3,penalty,floor,80,800000,-32404,True,25,-29812,,800000
knapsack,uncorrelated,80,3,penalty,floor,80,800000,-32404,True,26,-29459,,800000
knapsack,uncorrelated,80,3,penalty,floor,80,800000,-32404,True,27,-29114,,800000
knapsack,uncorrelated,80,3,penalty,floor,80,800000,-32404,True,28,-29476,,800000
knapsack,uncorrelated,80,3,penalty,floor,80,800000,-32404,True,29,-30558,,800000
knapsack,uncorrelated,80,3,penalty,floor,80,800000,-32404,True,30,-29306,,800000
knapsack,uncorrelated,80,2,penalty,floor,80,800000,-32328,True,0,-29302,,800000
knapsack,uncorrelated,80,2,penalty,floor,80,800000,-32328,True,1,-29337,,800000
knapsack,uncorrelated,80,2,penalty,floor,80,800000,-32328,True,2,-28542,,800000
knapsack,uncorrelated,80,2,penalty,floor,80,800000,-32328,True,3,-29039,,800000
knapsack,uncorrelated,80,2,penalty,floor,80,800000,-32328,True,4,-28979,,800000
knapsack,uncorrelated,80,2,penalty,floor,80,800000,-32328,True,5,-29836,,800000
knapsack,uncorrelated,80,2,penalty,floor,80,800000,-32328,True,6,-29603,,800000
knapsack,uncorrelated,80,2,penalty,floor,80,800000,-32328,True,7,-30027,,800000
knapsack,uncorrelated,80,2,penalty,floor,80,800000,-32328,True,8,-28757,,800000
knapsack,uncorrelated,80,2,penalty,floor,80,800000,-32328,True,9,-30019,,800000
knapsack,uncorrelated,80,2,penalty,floor,80,800000,-32328,True,10,-29720,,800000
knapsack,uncorrelated,80,2,penalty,floor,80,800000,-32328,True,11,-29735,,800000
knapsack,uncorrelated,80,2,penalty,floor,80,800000,-32328,True,12,-29235,,800000
knapsack,uncorrelated,80,2,penalty,floor,80,800000,-32328,True,13,-28838,,800000
knapsack,uncorrelated,80,2,penalty,floor,80,800000,-32328,True,14,-29260,,800000
knapsack,uncorrelated,80,2,penalty,floor,80,800000,-32328,True,15,-29189,,800000
knapsack,uncorrelated,80,2,penalty,floor,80,800000,-32328,True,16,-30043,,800000
knapsack,uncorrelated,80,2,penalty,floor,80,800000,-32328,True,17,-29484,,800000
knapsack,uncorrelated,80,2,penalty,floor,80,800000,-32328,True,18,-29642,,800000
knapsack,uncorrelated,80,2,penalty,floor,80,800000,-32328,True,19,-30037,,800000
knapsack,uncorrelated,80,2,penalty,floor,80,800000,-32328,True,20,-30659,,800000
knapsack,uncorrelated,80,2,penalty,floor,80,800000,-32328,True,21,-29204,,800000
knapsack,uncorrelated,80,2,penalty,floor,80,800000,-32328,True,22,-29096,,800000
knapsack,uncorrelated,80,2,penalty,floor,80,800000,-32328,True,23,-29180,,800000
knapsack,uncorrelated,80,2,penalty,floor,80,800000,-32328,True,24,-29056,,800000
knapsack,uncorrelated,80,2,penalty,floor,80,800000,-32328,True,25,-29464,,800000
knapsack,uncorrelated,80,2,penalty,floor,80,800000,-32328,True,26,-29527,,800000
knapsack,uncorrelated,80,2,penalty,floor,80,800000,-32328,True,27,-29825,,800000
knapsack,uncorrelated,80,2,penalty,floor,80,800000,-32328,True,28,-28900,,800000
knapsack,uncorrelated,80,2,penalty,floor,80,800000,-32328,True,29,-30591,,800000
knapsack,uncorrelated,80,2,penalty,floor,80,800000,-32328,True,30,-29509,,800000
knapsack,uncorrelated,80,4,penalty,floor,80,800000,-34121,True,0,-30695,,800000
knapsack,uncorrelated,80,4,penalty,floor,80,800000,-34121,True,1,-30531,,800000
knapsack,uncorrelated,80,4,penalty,floor,80,800000,-34121,True,2,-30773,,800000
knapsack,uncorrelated,80,4,penalty,floor,80,800000,-34121,True,3,-31006,,800000
knapsack,uncorrelated,80,4,penalty,floor,80,800000,-34121,True,4,-31131,,800000
knapsack,uncorrelated,80,4,penalty,floor,80,800000,-34121,True,5,-31795,,800000
knapsack,uncorrelated,80,4,penalty,floor,80,800000,-34121,True,6,-30915,,800000
knapsack,uncorrelated,80,4,penalty,floor,80,800000,-34121,True,7,-31339,,800000
knapsack,uncorrelated,80,4,penalty,floor,80,800000,-34121,True,8,-31670,,800000
knapsack,uncorrelated,80,4,penalty,floor,80,800000,-34121,True,9,-30510,,800000
knapsack,uncorrelated,80,4,penalty,floor,80,800000,-34121,True,10,-30606,,800000
knapsack,uncorrelated,80,4,penalty,floor,80,800000,-34121,True,11,-31527,,800000
knapsack,uncorrelated,80,4,penalty,floor,80,800000,-34121,True,12,-31592,,800000
knapsack,uncorrelated,80,4,penalty,floor,80,800000,-34121,True,13,-31061,,800000
knapsack,uncorrelated,80,4,penalty,floor,80,800000,-34121,True,14,-31242,,800000
knapsack,uncorrelated,80,4,penalty,floor,80,800000,-34121,True,15,-31283,,800000
knapsack,uncorrelated,80,4,penalty,floor,80,800000,-34121,True,16,-30571,,800000
knapsack,uncorrelated,80,4,penalty,floor,80,800000,-34121,True,17,-30756,,800000
knapsack,uncorrelated,80,4,penalty,floor,80,800000,-34121,True,18,-31108,,800000
knapsack,uncorrelated,80,4,penalty,floor,80,800000,-34121,True,19,-31382,,800000
knapsack,uncorrelated,80,4,penalty,floor,80,800000,-34121,True,20,-30661,,800000
knapsack,uncorrelated,80,4,penalty,floor,80,800000,-34121,True,21,-30675,,800000
knapsack,uncorrelated,80,4,penalty,floor,80,800000,-34121,True,22,-31226,,800000
knapsack,uncorrelated,80,4,penalty,floor,80,800000,-34121,True,23,-31010,,800000
knapsack,uncorrelated,80,4,penalty,floor,80,800000,-34121,True,24,-30542,,800000
knapsack,uncorrelated,80,4,penalty,floor,80,800000,-34121,True,25,-32193,,800000
knapsack,uncorrelated,80,4,penalty,floor,80,800000,-34121,True,26,-31354,,800000
knapsack,uncorrelated,80,4,penalty,floor,80,800000,-34121,True,27,-30582,,800000
knapsack,uncorrelated,80,4,penalty,floor,80,800000,-34121,True,28,-30987,,800000
knapsack,uncorrelated,80,4,penalty,floor,80,800000,-34121,True,29,-30952,,800000
knapsack,uncorrelated,80,4,penalty,floor,80,800000,-34121,True,30,-30669,,800000
knapsack,uncorrelated,80,3,penalty,ils,80,800000,-32404,True,0,-32257,,800000
knapsack,uncorrelated,80,3,penalty,ils,80,800000,-32404,True,1,-32196,,800000
knapsack,uncorrelated,80,3,penalty,ils,80,800000,-32404,True,2,-32306,,800000
knapsack,uncorrelated,80,3,penalty,ils,80,800000,-32404,True,3,-32241,,800000
knapsack,uncorrelated,80,3,penalty,ils,80,800000,-32404,True,4,-32202,,800000
knapsack,uncorrelated,80,3,penalty,ils,80,800000,-32404,True,5,-32251,,800000
knapsack,uncorrelated,80,3,penalty,ils,80,800000,-32404,True,6,-32343,,800000
knapsack,uncorrelated,80,3,penalty,ils,80,800000,-32404,True,7,-32226,,800000
knapsack,uncorrelated,80,3,penalty,ils,80,800000,-32404,True,8,-32239,,800000
knapsack,uncorrelated,80,3,penalty,ils,80,800000,-32404,True,9,-32219,,800000
knapsack,uncorrelated,80,3,penalty,ils,80,800000,-32404,True,10,-32238,,800000
knapsack,uncorrelated,80,3,penalty,ils,80,800000,-32404,True,11,-32341,,800000
knapsack,uncorrelated,80,3,penalty,ils,80,800000,-32404,True,12,-32138,,800000
knapsack,uncorrelated,80,3,penalty,ils,80,800000,-32404,True,13,-32249,,800000
knapsack,uncorrelated,80,3,penalty,ils,80,800000,-32404,True,14,-32221,,800000
knapsack,uncorrelated,80,3,penalty,ils,80,800000,-32404,True,15,-32215,,800000
knapsack,uncorrelated,80,3,penalty,ils,80,800000,-32404,True,16,-32176,,800000
knapsack,uncorrelated,80,3,penalty,ils,80,800000,-32404,True,17,-32097,,800000
knapsack,uncorrelated,80,3,penalty,ils,80,800000,-32404,True,18,-32160,,800000
knapsack,uncorrelated,80,3,penalty,ils,80,800000,-32404,True,19,-32269,,800000
knapsack,uncorrelated,80,3,penalty,ils,80,800000,-32404,True,20,-32297,,800000
knapsack,uncorrelated,80,3,penalty,ils,80,800000,-32404,True,21,-32130,,800000
knapsack,uncorrelated,80,3,penalty,ils,80,800000,-32404,True,22,-32258,,800000
knapsack,uncorrelated,80,3,penalty,ils,80,800000,-32404,True,23,-32156,,800000
knapsack,uncorrelated,80,3,penalty,ils,80,800000,-32404,True,24,-32199,,800000
knapsack,uncorrelated,80,3,penalty,ils,80,800000,-32404,True,25,-32277,,800000
knapsack,uncorrelated,80,3,penalty,ils,80,800000,-32404,True,26,-32238,,800000
knapsack,uncorrelated,80,3,penalty,ils,80,800000,-32404,True,27,-32235,,800000
knapsack,uncorrelated,80,3,penalty,ils,80,800000,-32404,True,28,-32280,,800000
knapsack,uncorrelated,80,3,penalty,ils,80,800000,-32404,True,29,-32145,,800000
knapsack,uncorrelated,80,3,penalty,ils,80,800000,-32404,True,30,-32324,,800000
knapsack,uncorrelated,80,4,penalty,ils,80,800000,-34121,True,0,-33798,,800000
knapsack,uncorrelated,80,4,penalty,ils,80,800000,-34121,True,1,-33995,,800000
knapsack,uncorrelated,80,4,penalty,ils,80,800000,-34121,True,2,-33989,,800000
knapsack,uncorrelated,80,4,penalty,ils,80,800000,-34121,True,3,-33851,,800000
knapsack,uncorrelated,80,4,penalty,ils,80,800000,-34121,True,4,-33741,,800000
knapsack,uncorrelated,80,4,penalty,ils,80,800000,-34121,True,5,-33798,,800000
knapsack,uncorrelated,80,4,penalty,ils,80,800000,-34121,True,6,-33842,,800000
knapsack,uncorrelated,80,4,penalty,ils,80,800000,-34121,True,7,-33793,,800000
knapsack,uncorrelated,80,4,penalty,ils,80,800000,-34121,True,8,-33989,,800000
knapsack,uncorrelated,80,4,penalty,ils,80,800000,-34121,True,9,-33831,,800000
knapsack,uncorrelated,80,4,penalty,ils,80,800000,-34121,True,10,-33989,,800000
knapsack,uncorrelated,80,4,penalty,ils,80,800000,-34121,True,11,-33745,,800000
knapsack,uncorrelated,80,4,penalty,ils,80,800000,-34121,True,12,-33989,,800000
knapsack,uncorrelated,80,4,penalty,ils,80,800000,-34121,True,13,-33842,,800000
knapsack,uncorrelated,80,4,penalty,ils,80,800000,-34121,True,14,-33989,,800000
knapsack,uncorrelated,80,4,penalty,ils,80,800000,-34121,True,15,-34057,,800000
knapsack,uncorrelated,80,4,penalty,ils,80,800000,-34121,True,16,-33660,,800000
knapsack,uncorrelated,80,4,penalty,ils,80,800000,-34121,True,17,-33999,,800000
knapsack,uncorrelated,80,4,penalty,ils,80,800000,-34121,True,18,-33999,,800000
knapsack,uncorrelated,80,4,penalty,ils,80,800000,-34121,True,19,-33936,,800000
knapsack,uncorrelated,80,4,penalty,ils,80,800000,-34121,True,20,-33989,,800000
knapsack,uncorrelated,80,4,penalty,ils,80,800000,-34121,True,21,-33868,,800000
knapsack,uncorrelated,80,4,penalty,ils,80,800000,-34121,True,22,-33831,,800000
knapsack,uncorrelated,80,4,penalty,ils,80,800000,-34121,True,23,-33513,,800000
knapsack,uncorrelated,80,4,penalty,ils,80,800000,-34121,True,24,-33989,,800000
knapsack,uncorrelated,80,4,penalty,ils,80,800000,-34121,True,25,-33815,,800000
knapsack,uncorrelated,80,4,penalty,ils,80,800000,-34121,True,26,-33954,,800000
knapsack,uncorrelated,80,4,penalty,ils,80,800000,-34121,True,27,-33749,,800000
knapsack,uncorrelated,80,4,penalty,ils,80,800000,-34121,True,28,-33611,,800000
knapsack,uncorrelated,80,4,penalty,ils,80,800000,-34121,True,29,-33635,,800000
knapsack,uncorrelated,80,4,penalty,ils,80,800000,-34121,True,30,-33989,,800000
knapsack,uncorrelated,80,0,penalty,ils,80,800000,-35386,True,0,-35252,,800000
knapsack,uncorrelated,80,0,penalty,ils,80,800000,-35386,True,1,-35252,,800000
knapsack,uncorrelated,80,0,penalty,ils,80,800000,-35386,True,2,-35099,,800000
knapsack,uncorrelated,80,0,penalty,ils,80,800000,-35386,True,3,-35252,,800000
knapsack,uncorrelated,80,0,penalty,ils,80,800000,-35386,True,4,-35217,,800000
knapsack,uncorrelated,80,0,penalty,ils,80,800000,-35386,True,5,-35252,,800000
knapsack,uncorrelated,80,0,penalty,ils,80,800000,-35386,True,6,-35217,,800000
knapsack,uncorrelated,80,0,penalty,ils,80,800000,-35386,True,7,-35273,,800000
knapsack,uncorrelated,80,0,penalty,ils,80,800000,-35386,True,8,-35050,,800000
knapsack,uncorrelated,80,0,penalty,ils,80,800000,-35386,True,9,-35373,,800000
knapsack,uncorrelated,80,0,penalty,ils,80,800000,-35386,True,10,-35295,,800000
knapsack,uncorrelated,80,0,penalty,ils,80,800000,-35386,True,11,-35328,,800000
knapsack,uncorrelated,80,0,penalty,ils,80,800000,-35386,True,12,-35252,,800000
knapsack,uncorrelated,80,0,penalty,ils,80,800000,-35386,True,13,-35278,,800000
knapsack,uncorrelated,80,0,penalty,ils,80,800000,-35386,True,14,-35252,,800000
knapsack,uncorrelated,80,0,penalty,ils,80,800000,-35386,True,15,-35252,,800000
knapsack,uncorrelated,80,0,penalty,ils,80,800000,-35386,True,16,-35099,,800000
knapsack,uncorrelated,80,0,penalty,ils,80,800000,-35386,True,17,-35227,,800000
knapsack,uncorrelated,80,0,penalty,ils,80,800000,-35386,True,18,-35367,,800000
knapsack,uncorrelated,80,0,penalty,ils,80,800000,-35386,True,19,-35367,,800000
knapsack,uncorrelated,80,0,penalty,ils,80,800000,-35386,True,20,-35252,,800000
knapsack,uncorrelated,80,0,penalty,ils,80,800000,-35386,True,21,-35217,,800000
knapsack,uncorrelated,80,0,penalty,ils,80,800000,-35386,True,22,-35252,,800000
knapsack,uncorrelated,80,0,penalty,ils,80,800000,-35386,True,23,-35367,,800000
knapsack,uncorrelated,80,0,penalty,ils,80,800000,-35386,True,24,-35328,,800000
knapsack,uncorrelated,80,0,penalty,ils,80,800000,-35386,True,25,-35295,,800000
knapsack,uncorrelated,80,0,penalty,ils,80,800000,-35386,True,26,-35336,,800000
knapsack,uncorrelated,80,0,penalty,ils,80,800000,-35386,True,27,-35252,,800000
knapsack,uncorrelated,80,0,penalty,ils,80,800000,-35386,True,28,-35017,,800000
knapsack,uncorrelated,80,0,penalty,ils,80,800000,-35386,True,29,-35217,,800000
knapsack,uncorrelated,80,0,penalty,ils,80,800000,-35386,True,30,-35227,,800000
knapsack,inverse,30,0,penalty,ils,30,300000,-9094,True,0,-9091,,300000
knapsack,inverse,30,0,penalty,ils,30,300000,-9094,True,1,-9094,200125,200125
knapsack,inverse,30,0,penalty,ils,30,300000,-9094,True,2,-9094,96726,96726
knapsack,inverse,30,0,penalty,ils,30,300000,-9094,True,3,-9094,11172,11172
knapsack,inverse,30,0,penalty,ils,30,300000,-9094,True,4,-9094,55457,55457
knapsack,inverse,30,0,penalty,ils,30,300000,-9094,True,5,-9094,133155,133155
knapsack,inverse,30,0,penalty,ils,30,300000,-9094,True,6,-8994,,300000
knapsack,inverse,30,0,penalty,ils,30,300000,-9094,True,7,-9091,,300000
knapsack,inverse,30,0,penalty,ils,30,300000,-9094,True,8,-9094,113337,113337
knapsack,inverse,30,0,penalty,ils,30,300000,-9094,True,9,-9091,,300000
knapsack,inverse,30,0,penalty,ils,30,300000,-9094,True,10,-9094,83695,83695
knapsack,inverse,30,0,penalty,ils,30,300000,-9094,True,11,-8992,,300000
knapsack,inverse,30,0,penalty,ils,30,300000,-9094,True,12,-9094,233550,233550
knapsack,inverse,30,0,penalty,ils,30,300000,-9094,True,13,-8994,,300000
knapsack,inverse,30,0,penalty,ils,30,300000,-9094,True,14,-9088,,300000
knapsack,inverse,30,0,penalty,ils,30,300000,-9094,True,15,-9094,73978,73978
knapsack,inverse,30,0,penalty,ils,30,300000,-9094,True,16,-9092,,300000
knapsack,inverse,30,0,penalty,ils,30,300000,-9094,True,17,-9094,67229,67229
knapsack,inverse,30,0,penalty,ils,30,300000,-9094,True,18,-9079,,300000
knapsack,inverse,30,0,penalty,ils,30,300000,-9094,True,19,-9094,112767,112767
knapsack,inverse,30,0,penalty,ils,30,300000,-9094,True,20,-9094,273255,273255
knapsack,inverse,30,0,penalty,ils,30,300000,-9094,True,21,-9088,,300000
knapsack,inverse,30,0,penalty,ils,30,300000,-9094,True,22,-8994,,300000
knapsack,inverse,30,0,penalty,ils,30,300000,-9094,True,23,-9094,52083,52083
knapsack,inverse,30,0,penalty,ils,30,300000,-9094,True,24,-9091,,300000
knapsack,inverse,30,0,penalty,ils,30,300000,-9094,True,25,-9091,,300000
knapsack,inverse,30,0,penalty,ils,30,300000,-9094,True,26,-9094,121243,121243
knapsack,inverse,30,0,penalty,ils,30,300000,-9094,True,27,-9088,,300000
knapsack,inverse,30,0,penalty,ils,30,300000,-9094,True,28,-9091,,300000
knapsack,inverse,30,0,penalty,ils,30,300000,-9094,True,29,-8994,,300000
knapsack,inverse,30,0,penalty,ils,30,300000,-9094,True,30,-9091,,300000
knapsack,inverse,30,0,penalty,floor,30,300000,-9094,True,0,-8982,,300000
knapsack,inverse,30,0,penalty,floor,30,300000,-9094,True,1,-8993,,300000
knapsack,inverse,30,0,penalty,floor,30,300000,-9094,True,2,-9058,,300000
knapsack,inverse,30,0,penalty,floor,30,300000,-9094,True,3,-8987,,300000
knapsack,inverse,30,0,penalty,floor,30,300000,-9094,True,4,-8966,,300000
knapsack,inverse,30,0,penalty,floor,30,300000,-9094,True,5,-8985,,300000
knapsack,inverse,30,0,penalty,floor,30,300000,-9094,True,6,-8980,,300000
knapsack,inverse,30,0,penalty,floor,30,300000,-9094,True,7,-8968,,300000
knapsack,inverse,30,0,penalty,floor,30,300000,-9094,True,8,-8982,,300000
knapsack,inverse,30,0,penalty,floor,30,300000,-9094,True,9,-8994,,300000
knapsack,inverse,30,0,penalty,floor,30,300000,-9094,True,10,-8990,,300000
knapsack,inverse,30,0,penalty,floor,30,300000,-9094,True,11,-8974,,300000
knapsack,inverse,30,0,penalty,floor,30,300000,-9094,True,12,-8893,,300000
knapsack,inverse,30,0,penalty,floor,30,300000,-9094,True,13,-8953,,300000
knapsack,inverse,30,0,penalty,floor,30,300000,-9094,True,14,-8980,,300000
knapsack,inverse,30,0,penalty,floor,30,300000,-9094,True,15,-8993,,300000
knapsack,inverse,30,0,penalty,floor,30,300000,-9094,True,16,-8994,,300000
knapsack,inverse,30,0,penalty,floor,30,300000,-9094,True,17,-8992,,300000
knapsack,inverse,30,0,penalty,floor,30,300000,-9094,True,18,-8958,,300000
knapsack,inverse,30,0,penalty,floor,30,300000,-9094,True,19,-8992,,300000
knapsack,inverse,30,0,penalty,floor,30,300000,-9094,True,20,-8988,,300000
knapsack,inverse,30,0,penalty,floor,30,300000,-9094,True,21,-9022,,300000
knapsack,inverse,30,0,penalty,floor,30,300000,-9094,True,22,-8978,,300000
knapsack,inverse,30,0,penalty,floor,30,300000,-9094,True,23,-8994,,300000
knapsack,inverse,30,0,penalty,floor,30,300000,-9094,True,24,-8994,,300000
knapsack,inverse,30,0,penalty,floor,30,300000,-9094,True,25,-8987,,300000
knapsack,inverse,30,0,penalty,floor,30,300000,-9094,True,26,-8992,,300000
knapsack,inverse,30,0,penalty,floor,30,300000,-9094,True,27,-8990,,300000
knapsack,inverse,30,0,penalty,floor,30,300000,-9094,True,28,-8976,,300000
knapsack,inverse,30,0,penalty,floor,30,300000,-9094,True,29,-8994,,300000
knapsack,inverse,30,0,penalty,floor,30,300000,-9094,True,30,-8977,,300000
knapsack,inverse,30,1,penalty,ils,30,300000,-7107,True,0,-7107,87309,87309
knapsack,inverse,30,1,penalty,ils,30,300000,-7107,True,1,-7107,31405,31405
knapsack,inverse,30,1,penalty,ils,30,300000,-7107,True,2,-7061,,300000
knapsack,inverse,30,1,penalty,ils,30,300000,-7107,True,3,-7107,196302,196302
knapsack,inverse,30,1,penalty,ils,30,300000,-7107,True,4,-7067,,300000
knapsack,inverse,30,1,penalty,ils,30,300000,-7107,True,5,-7067,,300000
knapsack,inverse,30,1,penalty,ils,30,300000,-7107,True,6,-7107,133493,133493
knapsack,inverse,30,1,penalty,ils,30,300000,-7107,True,7,-7066,,300000
knapsack,inverse,30,1,penalty,ils,30,300000,-7107,True,8,-7067,,300000
knapsack,inverse,30,1,penalty,ils,30,300000,-7107,True,9,-7107,16247,16247
knapsack,inverse,30,1,penalty,ils,30,300000,-7107,True,10,-7107,77655,77655
knapsack,inverse,30,1,penalty,ils,30,300000,-7107,True,11,-7066,,300000
knapsack,inverse,30,1,penalty,ils,30,300000,-7107,True,12,-7107,143469,143469
knapsack,inverse,30,1,penalty,ils,30,300000,-7107,True,13,-7107,105070,105070
knapsack,inverse,30,1,penalty,ils,30,300000,-7107,True,14,-7107,176852,176852
knapsack,inverse,30,1,penalty,ils,30,300000,-7107,True,15,-7107,90576,90576
knapsack,inverse,30,1,penalty,ils,30,300000,-7107,True,16,-7107,200138,200138
knapsack,inverse,30,1,penalty,ils,30,300000,-7107,True,17,-7068,,300000
knapsack,inverse,30,1,penalty,ils,30,300000,-7107,True,18,-7107,85696,85696
knapsack,inverse,30,1,penalty,ils,30,300000,-7107,True,19,-7107,49637,49637
knapsack,inverse,30,1,penalty,ils,30,300000,-7107,True,20,-7107,61446,61446
knapsack,inverse,30,1,penalty,ils,30,300000,-7107,True,21,-7063,,300000
knapsack,inverse,30,1,penalty,ils,30,300000,-7107,True,22,-7107,101297,101297
knapsack,inverse,30,1,penalty,ils,30,300000,-7107,True,23,-7066,,300000
knapsack,inverse,30,1,penalty,ils,30,300000,-7107,True,24,-7107,123681,123681
knapsack,inverse,30,1,penalty,ils,30,300000,-7107,True,25,-7107,22615,22615
knapsack,inverse,30,1,penalty,ils,30,300000,-7107,True,26,-7107,45338,45338
knapsack,inverse,30,1,penalty,ils,30,300000,-7107,True,27,-7107,72659,72659
knapsack,inverse,30,1,penalty,ils,30,300000,-7107,True,28,-7078,,300000
knapsack,inverse,30,1,penalty,ils,30,300000,-7107,True,29,-7068,,300000
knapsack,inverse,30,1,penalty,ils,30,300000,-7107,True,30,-7068,,300000
knapsack,inverse,30,1,penalty,floor,30,300000,-7107,True,0,-6994,,300000
knapsack,inverse,30,1,penalty,floor,30,300000,-7107,True,1,-6956,,300000
knapsack,inverse,30,1,penalty,floor,30,300000,-7107,True,2,-7028,,300000
knapsack,inverse,30,1,penalty,floor,30,300000,-7107,True,3,-6968,,300000
knapsack,inverse,30,1,penalty,floor,30,300000,-7107,True,4,-7057,,300000
knapsack,inverse,30,1,penalty,floor,30,300000,-7107,True,5,-6966,,300000
knapsack,inverse,30,1,penalty,floor,30,300000,-7107,True,6,-6955,,300000
knapsack,inverse,30,1,penalty,floor,30,300000,-7107,True,7,-6964,,300000
knapsack,inverse,30,1,penalty,floor,30,300000,-7107,True,8,-7031,,300000
knapsack,inverse,30,1,penalty,floor,30,300000,-7107,True,9,-6967,,300000
knapsack,inverse,30,1,penalty,floor,30,300000,-7107,True,10,-7021,,300000
knapsack,inverse,30,1,penalty,floor,30,300000,-7107,True,11,-6965,,300000
knapsack,inverse,30,1,penalty,floor,30,300000,-7107,True,12,-6968,,300000
knapsack,inverse,30,1,penalty,floor,30,300000,-7107,True,13,-7034,,300000
knapsack,inverse,30,1,penalty,floor,30,300000,-7107,True,14,-6963,,300000
knapsack,inverse,30,1,penalty,floor,30,300000,-7107,True,15,-6968,,300000
knapsack,inverse,30,1,penalty,floor,30,300000,-7107,True,16,-6957,,300000
knapsack,inverse,30,1,penalty,floor,30,300000,-7107,True,17,-7019,,300000
knapsack,inverse,30,1,penalty,floor,30,300000,-7107,True,18,-7013,,300000
knapsack,inverse,30,1,penalty,floor,30,300000,-7107,True,19,-7007,,300000
knapsack,inverse,30,1,penalty,floor,30,300000,-7107,True,20,-7050,,300000
knapsack,inverse,30,1,penalty,floor,30,300000,-7107,True,21,-6962,,300000
knapsack,inverse,30,1,penalty,floor,30,300000,-7107,True,22,-7064,,300000
knapsack,inverse,30,1,penalty,floor,30,300000,-7107,True,23,-7042,,300000
knapsack,inverse,30,1,penalty,floor,30,300000,-7107,True,24,-7047,,300000
knapsack,inverse,30,1,penalty,floor,30,300000,-7107,True,25,-7011,,300000
knapsack,inverse,30,1,penalty,floor,30,300000,-7107,True,26,-7051,,300000
knapsack,inverse,30,1,penalty,floor,30,300000,-7107,True,27,-7052,,300000
knapsack,inverse,30,1,penalty,floor,30,300000,-7107,True,28,-6994,,300000
knapsack,inverse,30,1,penalty,floor,30,300000,-7107,True,29,-7049,,300000
knapsack,inverse,30,1,penalty,floor,30,300000,-7107,True,30,-7066,,300000
knapsack,strongly,80,0,penalty,ils,80,800000,-24176,True,0,-24175,,800000
knapsack,strongly,80,0,penalty,ils,80,800000,-24176,True,1,-24175,,800000
knapsack,strongly,80,0,penalty,ils,80,800000,-24176,True,2,-24176,375896,375896
knapsack,strongly,80,0,penalty,ils,80,800000,-24176,True,3,-24076,,800000
knapsack,strongly,80,0,penalty,ils,80,800000,-24176,True,4,-24175,,800000
knapsack,strongly,80,0,penalty,ils,80,800000,-24176,True,5,-24176,118520,118520
knapsack,strongly,80,0,penalty,ils,80,800000,-24176,True,6,-24076,,800000
knapsack,strongly,80,0,penalty,ils,80,800000,-24176,True,7,-24175,,800000
knapsack,strongly,80,0,penalty,ils,80,800000,-24176,True,8,-24176,211875,211875
knapsack,strongly,80,0,penalty,ils,80,800000,-24176,True,9,-24175,,800000
knapsack,strongly,80,0,penalty,ils,80,800000,-24176,True,10,-24176,53595,53595
knapsack,strongly,80,0,penalty,ils,80,800000,-24176,True,11,-24175,,800000
knapsack,strongly,80,0,penalty,ils,80,800000,-24176,True,12,-24176,322268,322268
knapsack,strongly,80,0,penalty,ils,80,800000,-24176,True,13,-24173,,800000
knapsack,strongly,80,0,penalty,ils,80,800000,-24176,True,14,-24175,,800000
knapsack,strongly,80,0,penalty,ils,80,800000,-24176,True,15,-24176,580973,580973
knapsack,strongly,80,0,penalty,ils,80,800000,-24176,True,16,-24176,129796,129796
knapsack,strongly,80,0,penalty,ils,80,800000,-24176,True,17,-24076,,800000
knapsack,strongly,80,0,penalty,ils,80,800000,-24176,True,18,-24176,211435,211435
knapsack,strongly,80,0,penalty,ils,80,800000,-24176,True,19,-24175,,800000
knapsack,strongly,80,0,penalty,ils,80,800000,-24176,True,20,-24176,331149,331149
knapsack,strongly,80,0,penalty,ils,80,800000,-24176,True,21,-24174,,800000
knapsack,strongly,80,0,penalty,ils,80,800000,-24176,True,22,-24076,,800000
knapsack,strongly,80,0,penalty,ils,80,800000,-24176,True,23,-24176,44023,44023
knapsack,strongly,80,0,penalty,ils,80,800000,-24176,True,24,-24176,300396,300396
knapsack,strongly,80,0,penalty,ils,80,800000,-24176,True,25,-24172,,800000
knapsack,strongly,80,0,penalty,ils,80,800000,-24176,True,26,-24176,618150,618150
knapsack,strongly,80,0,penalty,ils,80,800000,-24176,True,27,-24175,,800000
knapsack,strongly,80,0,penalty,ils,80,800000,-24176,True,28,-24076,,800000
knapsack,strongly,80,0,penalty,ils,80,800000,-24176,True,29,-24176,662897,662897
knapsack,strongly,80,0,penalty,ils,80,800000,-24176,True,30,-24175,,800000
knapsack,inverse,30,2,penalty,ils,30,300000,-8757,True,0,-8757,30590,30590
knapsack,inverse,30,2,penalty,ils,30,300000,-8757,True,1,-8756,,300000
knapsack,inverse,30,2,penalty,ils,30,300000,-8757,True,2,-8756,,300000
knapsack,inverse,30,2,penalty,ils,30,300000,-8757,True,3,-8757,130435,130435
knapsack,inverse,30,2,penalty,ils,30,300000,-8757,True,4,-8757,128480,128480
knapsack,inverse,30,2,penalty,ils,30,300000,-8757,True,5,-8757,35045,35045
knapsack,inverse,30,2,penalty,ils,30,300000,-8757,True,6,-8757,59500,59500
knapsack,inverse,30,2,penalty,ils,30,300000,-8757,True,7,-8757,21560,21560
knapsack,inverse,30,2,penalty,ils,30,300000,-8757,True,8,-8757,112816,112816
knapsack,inverse,30,2,penalty,ils,30,300000,-8757,True,9,-8757,127015,127015
knapsack,inverse,30,2,penalty,ils,30,300000,-8757,True,10,-8756,,300000
knapsack,inverse,30,2,penalty,ils,30,300000,-8757,True,11,-8757,141279,141279
knapsack,inverse,30,2,penalty,ils,30,300000,-8757,True,12,-8757,80426,80426
knapsack,inverse,30,2,penalty,ils,30,300000,-8757,True,13,-8757,73708,73708
knapsack,inverse,30,2,penalty,ils,30,300000,-8757,True,14,-8757,96204,96204
knapsack,inverse,30,2,penalty,ils,30,300000,-8757,True,15,-8757,47815,47815
knapsack,inverse,30,2,penalty,ils,30,300000,-8757,True,16,-8757,29934,29934
knapsack,inverse,30,2,penalty,ils,30,300000,-8757,True,17,-8757,19654,19654
knapsack,inverse,30,2,penalty,ils,30,300000,-8757,True,18,-8757,17752,17752
knapsack,inverse,30,2,penalty,ils,30,300000,-8757,True,19,-8757,45302,45302
knapsack,inverse,30,2,penalty,ils,30,300000,-8757,True,20,-8756,,300000
knapsack,inverse,30,2,penalty,ils,30,300000,-8757,True,21,-8757,25942,25942
knapsack,inverse,30,2,penalty,ils,30,300000,-8757,True,22,-8757,110930,110930
knapsack,inverse,30,2,penalty,ils,30,300000,-8757,True,23,-8757,41984,41984
knapsack,inverse,30,2,penalty,ils,30,300000,-8757,True,24,-8757,29427,29427
knapsack,inverse,30,2,penalty,ils,30,300000,-8757,True,25,-8756,,300000
knapsack,inverse,30,2,penalty,ils,30,300000,-8757,True,26,-8757,213276,213276
knapsack,inverse,30,2,penalty,ils,30,300000,-8757,True,27,-8757,44745,44745
knapsack,inverse,30,2,penalty,ils,30,300000,-8757,True,28,-8757,25825,25825
knapsack,inverse,30,2,penalty,ils,30,300000,-8757,True,29,-8757,53845,53845
knapsack,inverse,30,2,penalty,ils,30,300000,-8757,True,30,-8757,29915,29915
knapsack,inverse,30,2,penalty,floor,30,300000,-8757,True,0,-8656,,300000
knapsack,inverse,30,2,penalty,floor,30,300000,-8757,True,1,-8655,,300000
knapsack,inverse,30,2,penalty,floor,30,300000,-8757,True,2,-8673,,300000
knapsack,inverse,30,2,penalty,floor,30,300000,-8757,True,3,-8734,,300000
knapsack,inverse,30,2,penalty,floor,30,300000,-8757,True,4,-8657,,300000
knapsack,inverse,30,2,penalty,floor,30,300000,-8757,True,5,-8749,,300000
knapsack,inverse,30,2,penalty,floor,30,300000,-8757,True,6,-8752,,300000
knapsack,inverse,30,2,penalty,floor,30,300000,-8757,True,7,-8738,,300000
knapsack,inverse,30,2,penalty,floor,30,300000,-8757,True,8,-8656,,300000
knapsack,inverse,30,2,penalty,floor,30,300000,-8757,True,9,-8668,,300000
knapsack,inverse,30,2,penalty,floor,30,300000,-8757,True,10,-8657,,300000
knapsack,inverse,30,2,penalty,floor,30,300000,-8757,True,11,-8726,,300000
knapsack,inverse,30,2,penalty,floor,30,300000,-8757,True,12,-8656,,300000
knapsack,inverse,30,2,penalty,floor,30,300000,-8757,True,13,-8743,,300000
knapsack,inverse,30,2,penalty,floor,30,300000,-8757,True,14,-8657,,300000
knapsack,inverse,30,2,penalty,floor,30,300000,-8757,True,15,-8709,,300000
knapsack,inverse,30,2,penalty,floor,30,300000,-8757,True,16,-8719,,300000
knapsack,inverse,30,2,penalty,floor,30,300000,-8757,True,17,-8757,53982,53982
knapsack,inverse,30,2,penalty,floor,30,300000,-8757,True,18,-8756,,300000
knapsack,inverse,30,2,penalty,floor,30,300000,-8757,True,19,-8656,,300000
knapsack,inverse,30,2,penalty,floor,30,300000,-8757,True,20,-8685,,300000
knapsack,inverse,30,2,penalty,floor,30,300000,-8757,True,21,-8711,,300000
knapsack,inverse,30,2,penalty,floor,30,300000,-8757,True,22,-8753,,300000
knapsack,inverse,30,2,penalty,floor,30,300000,-8757,True,23,-8757,237361,237361
knapsack,inverse,30,2,penalty,floor,30,300000,-8757,True,24,-8755,,300000
knapsack,inverse,30,2,penalty,floor,30,300000,-8757,True,25,-8656,,300000
knapsack,inverse,30,2,penalty,floor,30,300000,-8757,True,26,-8734,,300000
knapsack,inverse,30,2,penalty,floor,30,300000,-8757,True,27,-8659,,300000
knapsack,inverse,30,2,penalty,floor,30,300000,-8757,True,28,-8657,,300000
knapsack,inverse,30,2,penalty,floor,30,300000,-8757,True,29,-8656,,300000
knapsack,inverse,30,2,penalty,floor,30,300000,-8757,True,30,-8711,,300000
knapsack,strongly,80,0,penalty,floor,80,800000,-24176,True,0,-23373,,800000
knapsack,strongly,80,0,penalty,floor,80,800000,-24176,True,1,-23372,,800000
knapsack,strongly,80,0,penalty,floor,80,800000,-24176,True,2,-23465,,800000
knapsack,strongly,80,0,penalty,floor,80,800000,-24176,True,3,-23345,,800000
knapsack,strongly,80,0,penalty,floor,80,800000,-24176,True,4,-23360,,800000
knapsack,strongly,80,0,penalty,floor,80,800000,-24176,True,5,-23446,,800000
knapsack,strongly,80,0,penalty,floor,80,800000,-24176,True,6,-23361,,800000
knapsack,strongly,80,0,penalty,floor,80,800000,-24176,True,7,-23375,,800000
knapsack,strongly,80,0,penalty,floor,80,800000,-24176,True,8,-23368,,800000
knapsack,strongly,80,0,penalty,floor,80,800000,-24176,True,9,-23372,,800000
knapsack,strongly,80,0,penalty,floor,80,800000,-24176,True,10,-23353,,800000
knapsack,strongly,80,0,penalty,floor,80,800000,-24176,True,11,-23374,,800000
knapsack,strongly,80,0,penalty,floor,80,800000,-24176,True,12,-23364,,800000
knapsack,strongly,80,0,penalty,floor,80,800000,-24176,True,13,-23276,,800000
knapsack,strongly,80,0,penalty,floor,80,800000,-24176,True,14,-23464,,800000
knapsack,strongly,80,0,penalty,floor,80,800000,-24176,True,15,-23276,,800000
knapsack,strongly,80,0,penalty,floor,80,800000,-24176,True,16,-23275,,800000
knapsack,strongly,80,0,penalty,floor,80,800000,-24176,True,17,-23276,,800000
knapsack,strongly,80,0,penalty,floor,80,800000,-24176,True,18,-23366,,800000
knapsack,strongly,80,0,penalty,floor,80,800000,-24176,True,19,-23420,,800000
knapsack,strongly,80,0,penalty,floor,80,800000,-24176,True,20,-23559,,800000
knapsack,strongly,80,0,penalty,floor,80,800000,-24176,True,21,-23368,,800000
knapsack,strongly,80,0,penalty,floor,80,800000,-24176,True,22,-23357,,800000
knapsack,strongly,80,0,penalty,floor,80,800000,-24176,True,23,-23469,,800000
knapsack,strongly,80,0,penalty,floor,80,800000,-24176,True,24,-23471,,800000
knapsack,strongly,80,0,penalty,floor,80,800000,-24176,True,25,-23468,,800000
knapsack,strongly,80,0,penalty,floor,80,800000,-24176,True,26,-23371,,800000
knapsack,strongly,80,0,penalty,floor,80,800000,-24176,True,27,-23366,,800000
knapsack,strongly,80,0,penalty,floor,80,800000,-24176,True,28,-23276,,800000
knapsack,strongly,80,0,penalty,floor,80,800000,-24176,True,29,-23364,,800000
knapsack,strongly,80,0,penalty,floor,80,800000,-24176,True,30,-23276,,800000
knapsack,inverse,30,3,penalty,ils,30,300000,-9053,True,0,-9042,,300000
knapsack,inverse,30,3,penalty,ils,30,300000,-9053,True,1,-9053,50785,50785
knapsack,inverse,30,3,penalty,ils,30,300000,-9053,True,2,-8954,,300000
knapsack,inverse,30,3,penalty,ils,30,300000,-9053,True,3,-9036,,300000
knapsack,inverse,30,3,penalty,ils,30,300000,-9053,True,4,-9053,40614,40614
knapsack,inverse,30,3,penalty,ils,30,300000,-9053,True,5,-9049,,300000
knapsack,inverse,30,3,penalty,ils,30,300000,-9053,True,6,-8954,,300000
knapsack,inverse,30,3,penalty,ils,30,300000,-9053,True,7,-9053,81989,81989
knapsack,inverse,30,3,penalty,ils,30,300000,-9053,True,8,-9053,172605,172605
knapsack,inverse,30,3,penalty,ils,30,300000,-9053,True,9,-8954,,300000
knapsack,inverse,30,3,penalty,ils,30,300000,-9053,True,10,-9053,35780,35780
knapsack,inverse,30,3,penalty,ils,30,300000,-9053,True,11,-8954,,300000
knapsack,inverse,30,3,penalty,ils,30,300000,-9053,True,12,-8954,,300000
knapsack,inverse,30,3,penalty,ils,30,300000,-9053,True,13,-9053,144982,144982
knapsack,inverse,30,3,penalty,ils,30,300000,-9053,True,14,-9053,259676,259676
knapsack,inverse,30,3,penalty,ils,30,300000,-9053,True,15,-8954,,300000
knapsack,inverse,30,3,penalty,ils,30,300000,-9053,True,16,-9047,,300000
knapsack,inverse,30,3,penalty,ils,30,300000,-9053,True,17,-9053,298498,298498
knapsack,inverse,30,3,penalty,ils,30,300000,-9053,True,18,-9050,,300000
knapsack,inverse,30,3,penalty,ils,30,300000,-9053,True,19,-8954,,300000
knapsack,inverse,30,3,penalty,ils,30,300000,-9053,True,20,-9053,233351,233351
knapsack,inverse,30,3,penalty,ils,30,300000,-9053,True,21,-9053,97377,97377
knapsack,inverse,30,3,penalty,ils,30,300000,-9053,True,22,-8954,,300000
knapsack,inverse,30,3,penalty,ils,30,300000,-9053,True,23,-8954,,300000
knapsack,inverse,30,3,penalty,ils,30,300000,-9053,True,24,-8954,,300000
knapsack,inverse,30,3,penalty,ils,30,300000,-9053,True,25,-8954,,300000
knapsack,inverse,30,3,penalty,ils,30,300000,-9053,True,26,-9050,,300000
knapsack,inverse,30,3,penalty,ils,30,300000,-9053,True,27,-8954,,300000
knapsack,inverse,30,3,penalty,ils,30,300000,-9053,True,28,-9053,239511,239511
knapsack,inverse,30,3,penalty,ils,30,300000,-9053,True,29,-9036,,300000
knapsack,inverse,30,3,penalty,ils,30,300000,-9053,True,30,-8954,,300000
knapsack,inverse,30,3,penalty,floor,30,300000,-9053,True,0,-8953,,300000
knapsack,inverse,30,3,penalty,floor,30,300000,-9053,True,1,-8944,,300000
knapsack,inverse,30,3,penalty,floor,30,300000,-9053,True,2,-8984,,300000
knapsack,inverse,30,3,penalty,floor,30,300000,-9053,True,3,-8953,,300000
knapsack,inverse,30,3,penalty,floor,30,300000,-9053,True,4,-8954,,300000
knapsack,inverse,30,3,penalty,floor,30,300000,-9053,True,5,-8953,,300000
knapsack,inverse,30,3,penalty,floor,30,300000,-9053,True,6,-8952,,300000
knapsack,inverse,30,3,penalty,floor,30,300000,-9053,True,7,-8954,,300000
knapsack,inverse,30,3,penalty,floor,30,300000,-9053,True,8,-8954,,300000
knapsack,inverse,30,3,penalty,floor,30,300000,-9053,True,9,-8949,,300000
knapsack,inverse,30,3,penalty,floor,30,300000,-9053,True,10,-8954,,300000
knapsack,inverse,30,3,penalty,floor,30,300000,-9053,True,11,-8940,,300000
knapsack,inverse,30,3,penalty,floor,30,300000,-9053,True,12,-8952,,300000
knapsack,inverse,30,3,penalty,floor,30,300000,-9053,True,13,-8954,,300000
knapsack,inverse,30,3,penalty,floor,30,300000,-9053,True,14,-8937,,300000
knapsack,inverse,30,3,penalty,floor,30,300000,-9053,True,15,-9006,,300000
knapsack,inverse,30,3,penalty,floor,30,300000,-9053,True,16,-8954,,300000
knapsack,inverse,30,3,penalty,floor,30,300000,-9053,True,17,-8953,,300000
knapsack,inverse,30,3,penalty,floor,30,300000,-9053,True,18,-8975,,300000
knapsack,inverse,30,3,penalty,floor,30,300000,-9053,True,19,-8949,,300000
knapsack,inverse,30,3,penalty,floor,30,300000,-9053,True,20,-8977,,300000
knapsack,inverse,30,3,penalty,floor,30,300000,-9053,True,21,-8951,,300000
knapsack,inverse,30,3,penalty,floor,30,300000,-9053,True,22,-8953,,300000
knapsack,inverse,30,3,penalty,floor,30,300000,-9053,True,23,-8953,,300000
knapsack,inverse,30,3,penalty,floor,30,300000,-9053,True,24,-8946,,300000
knapsack,inverse,30,3,penalty,floor,30,300000,-9053,True,25,-8952,,300000
knapsack,inverse,30,3,penalty,floor,30,300000,-9053,True,26,-8954,,300000
knapsack,inverse,30,3,penalty,floor,30,300000,-9053,True,27,-8939,,300000
knapsack,inverse,30,3,penalty,floor,30,300000,-9053,True,28,-8954,,300000
knapsack,inverse,30,3,penalty,floor,30,300000,-9053,True,29,-8947,,300000
knapsack,inverse,30,3,penalty,floor,30,300000,-9053,True,30,-8949,,300000
knapsack,inverse,30,4,penalty,ils,30,300000,-7385,True,0,-7385,126320,126320
knapsack,inverse,30,4,penalty,ils,30,300000,-7385,True,1,-7317,,300000
knapsack,inverse,30,4,penalty,ils,30,300000,-7385,True,2,-7320,,300000
knapsack,inverse,30,4,penalty,ils,30,300000,-7385,True,3,-7385,199115,199115
knapsack,inverse,30,4,penalty,ils,30,300000,-7385,True,4,-7299,,300000
knapsack,inverse,30,4,penalty,ils,30,300000,-7385,True,5,-7385,79668,79668
knapsack,inverse,30,4,penalty,ils,30,300000,-7385,True,6,-7321,,300000
knapsack,inverse,30,4,penalty,ils,30,300000,-7385,True,7,-7385,118635,118635
knapsack,inverse,30,4,penalty,ils,30,300000,-7385,True,8,-7344,,300000
knapsack,inverse,30,4,penalty,ils,30,300000,-7385,True,9,-7311,,300000
knapsack,inverse,30,4,penalty,ils,30,300000,-7385,True,10,-7321,,300000
knapsack,inverse,30,4,penalty,ils,30,300000,-7385,True,11,-7385,74501,74501
knapsack,inverse,30,4,penalty,ils,30,300000,-7385,True,12,-7385,61923,61923
knapsack,inverse,30,4,penalty,ils,30,300000,-7385,True,13,-7320,,300000
knapsack,inverse,30,4,penalty,ils,30,300000,-7385,True,14,-7385,188762,188762
knapsack,inverse,30,4,penalty,ils,30,300000,-7385,True,15,-7320,,300000
knapsack,inverse,30,4,penalty,ils,30,300000,-7385,True,16,-7385,272616,272616
knapsack,inverse,30,4,penalty,ils,30,300000,-7385,True,17,-7320,,300000
knapsack,inverse,30,4,penalty,ils,30,300000,-7385,True,18,-7317,,300000
knapsack,inverse,30,4,penalty,ils,30,300000,-7385,True,19,-7385,242155,242155
knapsack,inverse,30,4,penalty,ils,30,300000,-7385,True,20,-7385,189924,189924
knapsack,inverse,30,4,penalty,ils,30,300000,-7385,True,21,-7317,,300000
knapsack,inverse,30,4,penalty,ils,30,300000,-7385,True,22,-7321,,300000
knapsack,inverse,30,4,penalty,ils,30,300000,-7385,True,23,-7321,,300000
knapsack,inverse,30,4,penalty,ils,30,300000,-7385,True,24,-7376,,300000
knapsack,inverse,30,4,penalty,ils,30,300000,-7385,True,25,-7385,72563,72563
knapsack,inverse,30,4,penalty,ils,30,300000,-7385,True,26,-7385,125056,125056
knapsack,inverse,30,4,penalty,ils,30,300000,-7385,True,27,-7320,,300000
knapsack,inverse,30,4,penalty,ils,30,300000,-7385,True,28,-7385,181463,181463
knapsack,inverse,30,4,penalty,ils,30,300000,-7385,True,29,-7315,,300000
knapsack,inverse,30,4,penalty,ils,30,300000,-7385,True,30,-7317,,300000
knapsack,inverse,30,4,penalty,floor,30,300000,-7385,True,0,-7232,,300000
knapsack,inverse,30,4,penalty,floor,30,300000,-7385,True,1,-7295,,300000
knapsack,inverse,30,4,penalty,floor,30,300000,-7385,True,2,-7221,,300000
knapsack,inverse,30,4,penalty,floor,30,300000,-7385,True,3,-7221,,300000
knapsack,inverse,30,4,penalty,floor,30,300000,-7385,True,4,-7217,,300000
knapsack,inverse,30,4,penalty,floor,30,300000,-7385,True,5,-7220,,300000
knapsack,inverse,30,4,penalty,floor,30,300000,-7385,True,6,-7210,,300000
knapsack,inverse,30,4,penalty,floor,30,300000,-7385,True,7,-7290,,300000
knapsack,inverse,30,4,penalty,floor,30,300000,-7385,True,8,-7317,,300000
knapsack,inverse,30,4,penalty,floor,30,300000,-7385,True,9,-7210,,300000
knapsack,inverse,30,4,penalty,floor,30,300000,-7385,True,10,-7214,,300000
knapsack,inverse,30,4,penalty,floor,30,300000,-7385,True,11,-7217,,300000
knapsack,inverse,30,4,penalty,floor,30,300000,-7385,True,12,-7182,,300000
knapsack,inverse,30,4,penalty,floor,30,300000,-7385,True,13,-7219,,300000
knapsack,inverse,30,4,penalty,floor,30,300000,-7385,True,14,-7266,,300000
knapsack,inverse,30,4,penalty,floor,30,300000,-7385,True,15,-7219,,300000
knapsack,inverse,30,4,penalty,floor,30,300000,-7385,True,16,-7212,,300000
knapsack,inverse,30,4,penalty,floor,30,300000,-7385,True,17,-7213,,300000
knapsack,inverse,30,4,penalty,floor,30,300000,-7385,True,18,-7317,,300000
knapsack,inverse,30,4,penalty,floor,30,300000,-7385,True,19,-7304,,300000
knapsack,inverse,30,4,penalty,floor,30,300000,-7385,True,20,-7220,,300000
knapsack,inverse,30,4,penalty,floor,30,300000,-7385,True,21,-7214,,300000
knapsack,inverse,30,4,penalty,floor,30,300000,-7385,True,22,-7219,,300000
knapsack,inverse,30,4,penalty,floor,30,300000,-7385,True,23,-7242,,300000
knapsack,inverse,30,4,penalty,floor,30,300000,-7385,True,24,-7344,,300000
knapsack,inverse,30,4,penalty,floor,30,300000,-7385,True,25,-7214,,300000
knapsack,inverse,30,4,penalty,floor,30,300000,-7385,True,26,-7308,,300000
knapsack,inverse,30,4,penalty,floor,30,300000,-7385,True,27,-7220,,300000
knapsack,inverse,30,4,penalty,floor,30,300000,-7385,True,28,-7302,,300000
knapsack,inverse,30,4,penalty,floor,30,300000,-7385,True,29,-7220,,300000
knapsack,inverse,30,4,penalty,floor,30,300000,-7385,True,30,-7305,,300000
knapsack,strongly,80,1,penalty,floor,80,800000,-26770,True,0,-26070,,800000
knapsack,strongly,80,1,penalty,floor,80,800000,-26770,True,1,-26068,,800000
knapsack,strongly,80,1,penalty,floor,80,800000,-26770,True,2,-26159,,800000
knapsack,strongly,80,1,penalty,floor,80,800000,-26770,True,3,-26165,,800000
knapsack,strongly,80,1,penalty,floor,80,800000,-26770,True,4,-26057,,800000
knapsack,strongly,80,1,penalty,floor,80,800000,-26770,True,5,-26153,,800000
knapsack,strongly,80,1,penalty,floor,80,800000,-26770,True,6,-26104,,800000
knapsack,strongly,80,1,penalty,floor,80,800000,-26770,True,7,-26166,,800000
knapsack,strongly,80,1,penalty,floor,80,800000,-26770,True,8,-26065,,800000
knapsack,strongly,80,1,penalty,floor,80,800000,-26770,True,9,-26064,,800000
knapsack,strongly,80,1,penalty,floor,80,800000,-26770,True,10,-26064,,800000
knapsack,strongly,80,1,penalty,floor,80,800000,-26770,True,11,-26255,,800000
knapsack,strongly,80,1,penalty,floor,80,800000,-26770,True,12,-26068,,800000
knapsack,strongly,80,1,penalty,floor,80,800000,-26770,True,13,-26066,,800000
knapsack,strongly,80,1,penalty,floor,80,800000,-26770,True,14,-26070,,800000
knapsack,strongly,80,1,penalty,floor,80,800000,-26770,True,15,-26162,,800000
knapsack,strongly,80,1,penalty,floor,80,800000,-26770,True,16,-26069,,800000
knapsack,strongly,80,1,penalty,floor,80,800000,-26770,True,17,-26152,,800000
knapsack,strongly,80,1,penalty,floor,80,800000,-26770,True,18,-26069,,800000
knapsack,strongly,80,1,penalty,floor,80,800000,-26770,True,19,-26069,,800000
knapsack,strongly,80,1,penalty,floor,80,800000,-26770,True,20,-26164,,800000
knapsack,strongly,80,1,penalty,floor,80,800000,-26770,True,21,-26363,,800000
knapsack,strongly,80,1,penalty,floor,80,800000,-26770,True,22,-26084,,800000
knapsack,strongly,80,1,penalty,floor,80,800000,-26770,True,23,-26239,,800000
knapsack,strongly,80,1,penalty,floor,80,800000,-26770,True,24,-26066,,800000
knapsack,strongly,80,1,penalty,floor,80,800000,-26770,True,25,-26059,,800000
knapsack,strongly,80,1,penalty,floor,80,800000,-26770,True,26,-26167,,800000
knapsack,strongly,80,1,penalty,floor,80,800000,-26770,True,27,-26237,,800000
knapsack,strongly,80,1,penalty,floor,80,800000,-26770,True,28,-26067,,800000
knapsack,strongly,80,1,penalty,floor,80,800000,-26770,True,29,-26068,,800000
knapsack,strongly,80,1,penalty,floor,80,800000,-26770,True,30,-26269,,800000
knapsack,strongly,80,4,penalty,ils,80,800000,-26036,True,0,-26036,35886,35886
knapsack,strongly,80,4,penalty,ils,80,800000,-26036,True,1,-26035,,800000
knapsack,strongly,80,4,penalty,ils,80,800000,-26036,True,2,-25936,,800000
knapsack,strongly,80,4,penalty,ils,80,800000,-26036,True,3,-25936,,800000
knapsack,strongly,80,4,penalty,ils,80,800000,-26036,True,4,-25936,,800000
knapsack,strongly,80,4,penalty,ils,80,800000,-26036,True,5,-25936,,800000
knapsack,strongly,80,4,penalty,ils,80,800000,-26036,True,6,-25935,,800000
knapsack,strongly,80,4,penalty,ils,80,800000,-26036,True,7,-26036,501337,501337
knapsack,strongly,80,4,penalty,ils,80,800000,-26036,True,8,-25936,,800000
knapsack,strongly,80,4,penalty,ils,80,800000,-26036,True,9,-25936,,800000
knapsack,strongly,80,4,penalty,ils,80,800000,-26036,True,10,-26036,264469,264469
knapsack,strongly,80,4,penalty,ils,80,800000,-26036,True,11,-26036,181932,181932
knapsack,strongly,80,4,penalty,ils,80,800000,-26036,True,12,-25935,,800000
knapsack,strongly,80,4,penalty,ils,80,800000,-26036,True,13,-26036,117349,117349
knapsack,strongly,80,4,penalty,ils,80,800000,-26036,True,14,-25936,,800000
knapsack,strongly,80,4,penalty,ils,80,800000,-26036,True,15,-26036,645734,645734
knapsack,strongly,80,4,penalty,ils,80,800000,-26036,True,16,-25936,,800000
knapsack,strongly,80,4,penalty,ils,80,800000,-26036,True,17,-26036,421231,421231
knapsack,strongly,80,4,penalty,ils,80,800000,-26036,True,18,-25936,,800000
knapsack,strongly,80,4,penalty,ils,80,800000,-26036,True,19,-26033,,800000
knapsack,strongly,80,4,penalty,ils,80,800000,-26036,True,20,-26036,574516,574516
knapsack,strongly,80,4,penalty,ils,80,800000,-26036,True,21,-25936,,800000
knapsack,strongly,80,4,penalty,ils,80,800000,-26036,True,22,-25936,,800000
knapsack,strongly,80,4,penalty,ils,80,800000,-26036,True,23,-25936,,800000
knapsack,strongly,80,4,penalty,ils,80,800000,-26036,True,24,-26036,339060,339060
knapsack,strongly,80,4,penalty,ils,80,800000,-26036,True,25,-26036,730897,730897
knapsack,strongly,80,4,penalty,ils,80,800000,-26036,True,26,-25936,,800000
knapsack,strongly,80,4,penalty,ils,80,800000,-26036,True,27,-26035,,800000
knapsack,strongly,80,4,penalty,ils,80,800000,-26036,True,28,-26036,492780,492780
knapsack,strongly,80,4,penalty,ils,80,800000,-26036,True,29,-26035,,800000
knapsack,strongly,80,4,penalty,ils,80,800000,-26036,True,30,-26036,377251,377251
knapsack,strongly,80,2,penalty,floor,80,800000,-25888,True,0,-25054,,800000
knapsack,strongly,80,2,penalty,floor,80,800000,-25888,True,1,-25081,,800000
knapsack,strongly,80,2,penalty,floor,80,800000,-25888,True,2,-25182,,800000
knapsack,strongly,80,2,penalty,floor,80,800000,-25888,True,3,-25086,,800000
knapsack,strongly,80,2,penalty,floor,80,800000,-25888,True,4,-25088,,800000
knapsack,strongly,80,2,penalty,floor,80,800000,-25888,True,5,-25062,,800000
knapsack,strongly,80,2,penalty,floor,80,800000,-25888,True,6,-25182,,800000
knapsack,strongly,80,2,penalty,floor,80,800000,-25888,True,7,-25171,,800000
knapsack,strongly,80,2,penalty,floor,80,800000,-25888,True,8,-25086,,800000
knapsack,strongly,80,2,penalty,floor,80,800000,-25888,True,9,-25170,,800000
knapsack,strongly,80,2,penalty,floor,80,800000,-25888,True,10,-25087,,800000
knapsack,strongly,80,2,penalty,floor,80,800000,-25888,True,11,-25172,,800000
knapsack,strongly,80,2,penalty,floor,80,800000,-25888,True,12,-25166,,800000
knapsack,strongly,80,2,penalty,floor,80,800000,-25888,True,13,-25087,,800000
knapsack,strongly,80,2,penalty,floor,80,800000,-25888,True,14,-25083,,800000
knapsack,strongly,80,2,penalty,floor,80,800000,-25888,True,15,-25085,,800000
knapsack,strongly,80,2,penalty,floor,80,800000,-25888,True,16,-25088,,800000
knapsack,strongly,80,2,penalty,floor,80,800000,-25888,True,17,-24988,,800000
knapsack,strongly,80,2,penalty,floor,80,800000,-25888,True,18,-25188,,800000
knapsack,strongly,80,2,penalty,floor,80,800000,-25888,True,19,-25088,,800000
knapsack,strongly,80,2,penalty,floor,80,800000,-25888,True,20,-25088,,800000
knapsack,strongly,80,2,penalty,floor,80,800000,-25888,True,21,-25088,,800000
knapsack,strongly,80,2,penalty,floor,80,800000,-25888,True,22,-25088,,800000
knapsack,strongly,80,2,penalty,floor,80,800000,-25888,True,23,-25384,,800000
knapsack,strongly,80,2,penalty,floor,80,800000,-25888,True,24,-25077,,800000
knapsack,strongly,80,2,penalty,floor,80,800000,-25888,True,25,-25084,,800000
knapsack,strongly,80,2,penalty,floor,80,800000,-25888,True,26,-25163,,800000
knapsack,strongly,80,2,penalty,floor,80,800000,-25888,True,27,-25086,,800000
knapsack,strongly,80,2,penalty,floor,80,800000,-25888,True,28,-25186,,800000
knapsack,strongly,80,2,penalty,floor,80,800000,-25888,True,29,-25088,,800000
knapsack,strongly,80,2,penalty,floor,80,800000,-25888,True,30,-25154,,800000
knapsack,strongly,80,1,penalty,ils,80,800000,-26770,True,0,-26769,,800000
knapsack,strongly,80,1,penalty,ils,80,800000,-26770,True,1,-26770,770089,770089
knapsack,strongly,80,1,penalty,ils,80,800000,-26770,True,2,-26670,,800000
knapsack,strongly,80,1,penalty,ils,80,800000,-26770,True,3,-26670,,800000
knapsack,strongly,80,1,penalty,ils,80,800000,-26770,True,4,-26670,,800000
knapsack,strongly,80,1,penalty,ils,80,800000,-26770,True,5,-26570,,800000
knapsack,strongly,80,1,penalty,ils,80,800000,-26770,True,6,-26670,,800000
knapsack,strongly,80,1,penalty,ils,80,800000,-26770,True,7,-26769,,800000
knapsack,strongly,80,1,penalty,ils,80,800000,-26770,True,8,-26768,,800000
knapsack,strongly,80,1,penalty,ils,80,800000,-26770,True,9,-26668,,800000
knapsack,strongly,80,1,penalty,ils,80,800000,-26770,True,10,-26667,,800000
knapsack,strongly,80,1,penalty,ils,80,800000,-26770,True,11,-26670,,800000
knapsack,strongly,80,1,penalty,ils,80,800000,-26770,True,12,-26669,,800000
knapsack,strongly,80,1,penalty,ils,80,800000,-26770,True,13,-26670,,800000
knapsack,strongly,80,1,penalty,ils,80,800000,-26770,True,14,-26769,,800000
knapsack,strongly,80,1,penalty,ils,80,800000,-26770,True,15,-26670,,800000
knapsack,strongly,80,1,penalty,ils,80,800000,-26770,True,16,-26770,430964,430964
knapsack,strongly,80,1,penalty,ils,80,800000,-26770,True,17,-26770,758310,758310
knapsack,strongly,80,1,penalty,ils,80,800000,-26770,True,18,-26670,,800000
knapsack,strongly,80,1,penalty,ils,80,800000,-26770,True,19,-26670,,800000
knapsack,strongly,80,1,penalty,ils,80,800000,-26770,True,20,-26770,584163,584163
knapsack,strongly,80,1,penalty,ils,80,800000,-26770,True,21,-26670,,800000
knapsack,strongly,80,1,penalty,ils,80,800000,-26770,True,22,-26670,,800000
knapsack,strongly,80,1,penalty,ils,80,800000,-26770,True,23,-26769,,800000
knapsack,strongly,80,1,penalty,ils,80,800000,-26770,True,24,-26670,,800000
knapsack,strongly,80,1,penalty,ils,80,800000,-26770,True,25,-26670,,800000
knapsack,strongly,80,1,penalty,ils,80,800000,-26770,True,26,-26669,,800000
knapsack,strongly,80,1,penalty,ils,80,800000,-26770,True,27,-26770,639616,639616
knapsack,strongly,80,1,penalty,ils,80,800000,-26770,True,28,-26770,408341,408341
knapsack,strongly,80,1,penalty,ils,80,800000,-26770,True,29,-26670,,800000
knapsack,strongly,80,1,penalty,ils,80,800000,-26770,True,30,-26670,,800000
knapsack,strongly,80,3,penalty,ils,80,800000,-24517,True,0,-24515,,800000
knapsack,strongly,80,3,penalty,ils,80,800000,-24517,True,1,-24517,462058,462058
knapsack,strongly,80,3,penalty,ils,80,800000,-24517,True,2,-24417,,800000
knapsack,strongly,80,3,penalty,ils,80,800000,-24517,True,3,-24515,,800000
knapsack,strongly,80,3,penalty,ils,80,800000,-24517,True,4,-24516,,800000
knapsack,strongly,80,3,penalty,ils,80,800000,-24517,True,5,-24417,,800000
knapsack,strongly,80,3,penalty,ils,80,800000,-24517,True,6,-24417,,800000
knapsack,strongly,80,3,penalty,ils,80,800000,-24517,True,7,-24417,,800000
knapsack,strongly,80,3,penalty,ils,80,800000,-24517,True,8,-24517,217238,217238
knapsack,strongly,80,3,penalty,ils,80,800000,-24517,True,9,-24417,,800000
knapsack,strongly,80,3,penalty,ils,80,800000,-24517,True,10,-24515,,800000
knapsack,strongly,80,3,penalty,ils,80,800000,-24517,True,11,-24516,,800000
knapsack,strongly,80,3,penalty,ils,80,800000,-24517,True,12,-24417,,800000
knapsack,strongly,80,3,penalty,ils,80,800000,-24517,True,13,-24516,,800000
knapsack,strongly,80,3,penalty,ils,80,800000,-24517,True,14,-24517,389556,389556
knapsack,strongly,80,3,penalty,ils,80,800000,-24517,True,15,-24516,,800000
knapsack,strongly,80,3,penalty,ils,80,800000,-24517,True,16,-24513,,800000
knapsack,strongly,80,3,penalty,ils,80,800000,-24517,True,17,-24517,430395,430395
knapsack,strongly,80,3,penalty,ils,80,800000,-24517,True,18,-24515,,800000
knapsack,strongly,80,3,penalty,ils,80,800000,-24517,True,19,-24417,,800000
knapsack,strongly,80,3,penalty,ils,80,800000,-24517,True,20,-24417,,800000
knapsack,strongly,80,3,penalty,ils,80,800000,-24517,True,21,-24515,,800000
knapsack,strongly,80,3,penalty,ils,80,800000,-24517,True,22,-24417,,800000
knapsack,strongly,80,3,penalty,ils,80,800000,-24517,True,23,-24517,64671,64671
knapsack,strongly,80,3,penalty,ils,80,800000,-24517,True,24,-24417,,800000
knapsack,strongly,80,3,penalty,ils,80,800000,-24517,True,25,-24417,,800000
knapsack,strongly,80,3,penalty,ils,80,800000,-24517,True,26,-24416,,800000
knapsack,strongly,80,3,penalty,ils,80,800000,-24517,True,27,-24317,,800000
knapsack,strongly,80,3,penalty,ils,80,800000,-24517,True,28,-24508,,800000
knapsack,strongly,80,3,penalty,ils,80,800000,-24517,True,29,-24517,460972,460972
knapsack,strongly,80,3,penalty,ils,80,800000,-24517,True,30,-24517,127635,127635
knapsack,strongly,80,3,penalty,floor,80,800000,-24517,True,0,-23800,,800000
knapsack,strongly,80,3,penalty,floor,80,800000,-24517,True,1,-23713,,800000
knapsack,strongly,80,3,penalty,floor,80,800000,-24517,True,2,-23600,,800000
knapsack,strongly,80,3,penalty,floor,80,800000,-24517,True,3,-23690,,800000
knapsack,strongly,80,3,penalty,floor,80,800000,-24517,True,4,-23617,,800000
knapsack,strongly,80,3,penalty,floor,80,800000,-24517,True,5,-23817,,800000
knapsack,strongly,80,3,penalty,floor,80,800000,-24517,True,6,-23616,,800000
knapsack,strongly,80,3,penalty,floor,80,800000,-24517,True,7,-23616,,800000
knapsack,strongly,80,3,penalty,floor,80,800000,-24517,True,8,-23616,,800000
knapsack,strongly,80,3,penalty,floor,80,800000,-24517,True,9,-23717,,800000
knapsack,strongly,80,3,penalty,floor,80,800000,-24517,True,10,-23717,,800000
knapsack,strongly,80,3,penalty,floor,80,800000,-24517,True,11,-23707,,800000
knapsack,strongly,80,3,penalty,floor,80,800000,-24517,True,12,-23715,,800000
knapsack,strongly,80,3,penalty,floor,80,800000,-24517,True,13,-23694,,800000
knapsack,strongly,80,3,penalty,floor,80,800000,-24517,True,14,-23514,,800000
knapsack,strongly,80,3,penalty,floor,80,800000,-24517,True,15,-23695,,800000
knapsack,strongly,80,3,penalty,floor,80,800000,-24517,True,16,-23706,,800000
knapsack,strongly,80,3,penalty,floor,80,800000,-24517,True,17,-23604,,800000
knapsack,strongly,80,3,penalty,floor,80,800000,-24517,True,18,-23696,,800000
knapsack,strongly,80,3,penalty,floor,80,800000,-24517,True,19,-23694,,800000
knapsack,strongly,80,3,penalty,floor,80,800000,-24517,True,20,-23616,,800000
knapsack,strongly,80,3,penalty,floor,80,800000,-24517,True,21,-23612,,800000
knapsack,strongly,80,3,penalty,floor,80,800000,-24517,True,22,-23706,,800000
knapsack,strongly,80,3,penalty,floor,80,800000,-24517,True,23,-23692,,800000
knapsack,strongly,80,3,penalty,floor,80,800000,-24517,True,24,-23901,,800000
knapsack,strongly,80,3,penalty,floor,80,800000,-24517,True,25,-23609,,800000
knapsack,strongly,80,3,penalty,floor,80,800000,-24517,True,26,-23802,,800000
knapsack,strongly,80,3,penalty,floor,80,800000,-24517,True,27,-23614,,800000
knapsack,strongly,80,3,penalty,floor,80,800000,-24517,True,28,-23607,,800000
knapsack,strongly,80,3,penalty,floor,80,800000,-24517,True,29,-23602,,800000
knapsack,strongly,80,3,penalty,floor,80,800000,-24517,True,30,-23713,,800000
knapsack,strongly,80,2,penalty,ils,80,800000,-25888,True,0,-25788,,800000
knapsack,strongly,80,2,penalty,ils,80,800000,-25888,True,1,-25787,,800000
knapsack,strongly,80,2,penalty,ils,80,800000,-25888,True,2,-25788,,800000
knapsack,strongly,80,2,penalty,ils,80,800000,-25888,True,3,-25788,,800000
knapsack,strongly,80,2,penalty,ils,80,800000,-25888,True,4,-25788,,800000
knapsack,strongly,80,2,penalty,ils,80,800000,-25888,True,5,-25788,,800000
knapsack,strongly,80,2,penalty,ils,80,800000,-25888,True,6,-25788,,800000
knapsack,strongly,80,2,penalty,ils,80,800000,-25888,True,7,-25788,,800000
knapsack,strongly,80,2,penalty,ils,80,800000,-25888,True,8,-25888,725889,725889
knapsack,strongly,80,2,penalty,ils,80,800000,-25888,True,9,-25788,,800000
knapsack,strongly,80,2,penalty,ils,80,800000,-25888,True,10,-25788,,800000
knapsack,strongly,80,2,penalty,ils,80,800000,-25888,True,11,-25884,,800000
knapsack,strongly,80,2,penalty,ils,80,800000,-25888,True,12,-25788,,800000
knapsack,strongly,80,2,penalty,ils,80,800000,-25888,True,13,-25788,,800000
knapsack,strongly,80,2,penalty,ils,80,800000,-25888,True,14,-25788,,800000
knapsack,strongly,80,2,penalty,ils,80,800000,-25888,True,15,-25788,,800000
knapsack,strongly,80,2,penalty,ils,80,800000,-25888,True,16,-25787,,800000
knapsack,strongly,80,2,penalty,ils,80,800000,-25888,True,17,-25788,,800000
knapsack,strongly,80,2,penalty,ils,80,800000,-25888,True,18,-25788,,800000
knapsack,strongly,80,2,penalty,ils,80,800000,-25888,True,19,-25788,,800000
knapsack,strongly,80,2,penalty,ils,80,800000,-25888,True,20,-25788,,800000
knapsack,strongly,80,2,penalty,ils,80,800000,-25888,True,21,-25788,,800000
knapsack,strongly,80,2,penalty,ils,80,800000,-25888,True,22,-25788,,800000
knapsack,strongly,80,2,penalty,ils,80,800000,-25888,True,23,-25788,,800000
knapsack,strongly,80,2,penalty,ils,80,800000,-25888,True,24,-25788,,800000
knapsack,strongly,80,2,penalty,ils,80,800000,-25888,True,25,-25788,,800000
knapsack,strongly,80,2,penalty,ils,80,800000,-25888,True,26,-25688,,800000
knapsack,strongly,80,2,penalty,ils,80,800000,-25888,True,27,-25788,,800000
knapsack,strongly,80,2,penalty,ils,80,800000,-25888,True,28,-25788,,800000
knapsack,strongly,80,2,penalty,ils,80,800000,-25888,True,29,-25788,,800000
knapsack,strongly,80,2,penalty,ils,80,800000,-25888,True,30,-25788,,800000
knapsack,strongly,80,4,penalty,floor,80,800000,-26036,True,0,-25234,,800000
knapsack,strongly,80,4,penalty,floor,80,800000,-26036,True,1,-25436,,800000
knapsack,strongly,80,4,penalty,floor,80,800000,-26036,True,2,-25428,,800000
knapsack,strongly,80,4,penalty,floor,80,800000,-26036,True,3,-25427,,800000
knapsack,strongly,80,4,penalty,floor,80,800000,-26036,True,4,-25234,,800000
knapsack,strongly,80,4,penalty,floor,80,800000,-26036,True,5,-25325,,800000
knapsack,strongly,80,4,penalty,floor,80,800000,-26036,True,6,-25236,,800000
knapsack,strongly,80,4,penalty,floor,80,800000,-26036,True,7,-25306,,800000
knapsack,strongly,80,4,penalty,floor,80,800000,-26036,True,8,-25431,,800000
knapsack,strongly,80,4,penalty,floor,80,800000,-26036,True,9,-25433,,800000
knapsack,strongly,80,4,penalty,floor,80,800000,-26036,True,10,-25311,,800000
knapsack,strongly,80,4,penalty,floor,80,800000,-26036,True,11,-25329,,800000
knapsack,strongly,80,4,penalty,floor,80,800000,-26036,True,12,-25430,,800000
knapsack,strongly,80,4,penalty,floor,80,800000,-26036,True,13,-25236,,800000
knapsack,strongly,80,4,penalty,floor,80,800000,-26036,True,14,-25324,,800000
knapsack,strongly,80,4,penalty,floor,80,800000,-26036,True,15,-25334,,800000
knapsack,strongly,80,4,penalty,floor,80,800000,-26036,True,16,-25323,,800000
knapsack,strongly,80,4,penalty,floor,80,800000,-26036,True,17,-25336,,800000
knapsack,strongly,80,4,penalty,floor,80,800000,-26036,True,18,-25318,,800000
knapsack,strongly,80,4,penalty,floor,80,800000,-26036,True,19,-25293,,800000
knapsack,strongly,80,4,penalty,floor,80,800000,-26036,True,20,-25334,,800000
knapsack,strongly,80,4,penalty,floor,80,800000,-26036,True,21,-25433,,800000
knapsack,strongly,80,4,penalty,floor,80,800000,-26036,True,22,-25327,,800000
knapsack,strongly,80,4,penalty,floor,80,800000,-26036,True,23,-25434,,800000
knapsack,strongly,80,4,penalty,floor,80,800000,-26036,True,24,-25416,,800000
knapsack,strongly,80,4,penalty,floor,80,800000,-26036,True,25,-25435,,800000
knapsack,strongly,80,4,penalty,floor,80,800000,-26036,True,26,-25336,,800000
knapsack,strongly,80,4,penalty,floor,80,800000,-26036,True,27,-25572,,800000
knapsack,strongly,80,4,penalty,floor,80,800000,-26036,True,28,-25330,,800000
knapsack,strongly,80,4,penalty,floor,80,800000,-26036,True,29,-25335,,800000
knapsack,strongly,80,4,penalty,floor,80,800000,-26036,True,30,-25236,,800000
knapsack,inverse,50,0,penalty,ils,50,500000,-14041,True,0,-13939,,500000
knapsack,inverse,50,0,penalty,ils,50,500000,-14041,True,1,-13940,,500000
knapsack,inverse,50,0,penalty,ils,50,500000,-14041,True,2,-13941,,500000
knapsack,inverse,50,0,penalty,ils,50,500000,-14041,True,3,-14041,366142,366142
knapsack,inverse,50,0,penalty,ils,50,500000,-14041,True,4,-13939,,500000
knapsack,inverse,50,0,penalty,ils,50,500000,-14041,True,5,-13941,,500000
knapsack,inverse,50,0,penalty,ils,50,500000,-14041,True,6,-13941,,500000
knapsack,inverse,50,0,penalty,ils,50,500000,-14041,True,7,-14036,,500000
knapsack,inverse,50,0,penalty,ils,50,500000,-14041,True,8,-13988,,500000
knapsack,inverse,50,0,penalty,ils,50,500000,-14041,True,9,-13941,,500000
knapsack,inverse,50,0,penalty,ils,50,500000,-14041,True,10,-14009,,500000
knapsack,inverse,50,0,penalty,ils,50,500000,-14041,True,11,-13971,,500000
knapsack,inverse,50,0,penalty,ils,50,500000,-14041,True,12,-13941,,500000
knapsack,inverse,50,0,penalty,ils,50,500000,-14041,True,13,-14027,,500000
knapsack,inverse,50,0,penalty,ils,50,500000,-14041,True,14,-13940,,500000
knapsack,inverse,50,0,penalty,ils,50,500000,-14041,True,15,-13940,,500000
knapsack,inverse,50,0,penalty,ils,50,500000,-14041,True,16,-13936,,500000
knapsack,inverse,50,0,penalty,ils,50,500000,-14041,True,17,-13924,,500000
knapsack,inverse,50,0,penalty,ils,50,500000,-14041,True,18,-13940,,500000
knapsack,inverse,50,0,penalty,ils,50,500000,-14041,True,19,-13939,,500000
knapsack,inverse,50,0,penalty,ils,50,500000,-14041,True,20,-13935,,500000
knapsack,inverse,50,0,penalty,ils,50,500000,-14041,True,21,-13940,,500000
knapsack,inverse,50,0,penalty,ils,50,500000,-14041,True,22,-13941,,500000
knapsack,inverse,50,0,penalty,ils,50,500000,-14041,True,23,-13941,,500000
knapsack,inverse,50,0,penalty,ils,50,500000,-14041,True,24,-13939,,500000
knapsack,inverse,50,0,penalty,ils,50,500000,-14041,True,25,-13940,,500000
knapsack,inverse,50,0,penalty,ils,50,500000,-14041,True,26,-13937,,500000
knapsack,inverse,50,0,penalty,ils,50,500000,-14041,True,27,-13941,,500000
knapsack,inverse,50,0,penalty,ils,50,500000,-14041,True,28,-13940,,500000
knapsack,inverse,50,0,penalty,ils,50,500000,-14041,True,29,-13941,,500000
knapsack,inverse,50,0,penalty,ils,50,500000,-14041,True,30,-13940,,500000
knapsack,inverse,50,0,penalty,floor,50,500000,-14041,True,0,-13734,,500000
knapsack,inverse,50,0,penalty,floor,50,500000,-14041,True,1,-13768,,500000
knapsack,inverse,50,0,penalty,floor,50,500000,-14041,True,2,-13740,,500000
knapsack,inverse,50,0,penalty,floor,50,500000,-14041,True,3,-13803,,500000
knapsack,inverse,50,0,penalty,floor,50,500000,-14041,True,4,-13740,,500000
knapsack,inverse,50,0,penalty,floor,50,500000,-14041,True,5,-13826,,500000
knapsack,inverse,50,0,penalty,floor,50,500000,-14041,True,6,-13729,,500000
knapsack,inverse,50,0,penalty,floor,50,500000,-14041,True,7,-13739,,500000
knapsack,inverse,50,0,penalty,floor,50,500000,-14041,True,8,-13738,,500000
knapsack,inverse,50,0,penalty,floor,50,500000,-14041,True,9,-13741,,500000
knapsack,inverse,50,0,penalty,floor,50,500000,-14041,True,10,-13728,,500000
knapsack,inverse,50,0,penalty,floor,50,500000,-14041,True,11,-13740,,500000
knapsack,inverse,50,0,penalty,floor,50,500000,-14041,True,12,-13739,,500000
knapsack,inverse,50,0,penalty,floor,50,500000,-14041,True,13,-13741,,500000
knapsack,inverse,50,0,penalty,floor,50,500000,-14041,True,14,-13739,,500000
knapsack,inverse,50,0,penalty,floor,50,500000,-14041,True,15,-13739,,500000
knapsack,inverse,50,0,penalty,floor,50,500000,-14041,True,16,-13730,,500000
knapsack,inverse,50,0,penalty,floor,50,500000,-14041,True,17,-13781,,500000
knapsack,inverse,50,0,penalty,floor,50,500000,-14041,True,18,-13737,,500000
knapsack,inverse,50,0,penalty,floor,50,500000,-14041,True,19,-13722,,500000
knapsack,inverse,50,0,penalty,floor,50,500000,-14041,True,20,-13839,,500000
knapsack,inverse,50,0,penalty,floor,50,500000,-14041,True,21,-13802,,500000
knapsack,inverse,50,0,penalty,floor,50,500000,-14041,True,22,-13728,,500000
knapsack,inverse,50,0,penalty,floor,50,500000,-14041,True,23,-13812,,500000
knapsack,inverse,50,0,penalty,floor,50,500000,-14041,True,24,-13793,,500000
knapsack,inverse,50,0,penalty,floor,50,500000,-14041,True,25,-13735,,500000
knapsack,inverse,50,0,penalty,floor,50,500000,-14041,True,26,-13735,,500000
knapsack,inverse,50,0,penalty,floor,50,500000,-14041,True,27,-13786,,500000
knapsack,inverse,50,0,penalty,floor,50,500000,-14041,True,28,-13740,,500000
knapsack,inverse,50,0,penalty,floor,50,500000,-14041,True,29,-13741,,500000
knapsack,inverse,50,0,penalty,floor,50,500000,-14041,True,30,-13732,,500000
knapsack,uncorrelated,120,1,penalty,floor,120,1200000,-47897,True,0,-39810,,1200000
knapsack,uncorrelated,120,1,penalty,floor,120,1200000,-47897,True,1,-41004,,1200000
knapsack,uncorrelated,120,1,penalty,floor,120,1200000,-47897,True,2,-40905,,1200000
knapsack,uncorrelated,120,1,penalty,floor,120,1200000,-47897,True,3,-40311,,1200000
knapsack,uncorrelated,120,1,penalty,floor,120,1200000,-47897,True,4,-40101,,1200000
knapsack,uncorrelated,120,1,penalty,floor,120,1200000,-47897,True,5,-41785,,1200000
knapsack,uncorrelated,120,1,penalty,floor,120,1200000,-47897,True,6,-42189,,1200000
knapsack,uncorrelated,120,1,penalty,floor,120,1200000,-47897,True,7,-40518,,1200000
knapsack,uncorrelated,120,1,penalty,floor,120,1200000,-47897,True,8,-40746,,1200000
knapsack,uncorrelated,120,1,penalty,floor,120,1200000,-47897,True,9,-41881,,1200000
knapsack,uncorrelated,120,1,penalty,floor,120,1200000,-47897,True,10,-40761,,1200000
knapsack,uncorrelated,120,1,penalty,floor,120,1200000,-47897,True,11,-39949,,1200000
knapsack,uncorrelated,120,1,penalty,floor,120,1200000,-47897,True,12,-41626,,1200000
knapsack,uncorrelated,120,1,penalty,floor,120,1200000,-47897,True,13,-40715,,1200000
knapsack,uncorrelated,120,1,penalty,floor,120,1200000,-47897,True,14,-41445,,1200000
knapsack,uncorrelated,120,1,penalty,floor,120,1200000,-47897,True,15,-40251,,1200000
knapsack,uncorrelated,120,1,penalty,floor,120,1200000,-47897,True,16,-42864,,1200000
knapsack,uncorrelated,120,1,penalty,floor,120,1200000,-47897,True,17,-41228,,1200000
knapsack,uncorrelated,120,1,penalty,floor,120,1200000,-47897,True,18,-41697,,1200000
knapsack,uncorrelated,120,1,penalty,floor,120,1200000,-47897,True,19,-40600,,1200000
knapsack,uncorrelated,120,1,penalty,floor,120,1200000,-47897,True,20,-41636,,1200000
knapsack,uncorrelated,120,1,penalty,floor,120,1200000,-47897,True,21,-42169,,1200000
knapsack,uncorrelated,120,1,penalty,floor,120,1200000,-47897,True,22,-41261,,1200000
knapsack,uncorrelated,120,1,penalty,floor,120,1200000,-47897,True,23,-41709,,1200000
knapsack,uncorrelated,120,1,penalty,floor,120,1200000,-47897,True,24,-39871,,1200000
knapsack,uncorrelated,120,1,penalty,floor,120,1200000,-47897,True,25,-40522,,1200000
knapsack,uncorrelated,120,1,penalty,floor,120,1200000,-47897,True,26,-40534,,1200000
knapsack,uncorrelated,120,1,penalty,floor,120,1200000,-47897,True,27,-41821,,1200000
knapsack,uncorrelated,120,1,penalty,floor,120,1200000,-47897,True,28,-40807,,1200000
knapsack,uncorrelated,120,1,penalty,floor,120,1200000,-47897,True,29,-40478,,1200000
knapsack,uncorrelated,120,1,penalty,floor,120,1200000,-47897,True,30,-42863,,1200000
knapsack,inverse,50,1,penalty,ils,50,500000,-13084,True,0,-13077,,500000
knapsack,inverse,50,1,penalty,ils,50,500000,-13084,True,1,-13084,238913,238913
knapsack,inverse,50,1,penalty,ils,50,500000,-13084,True,2,-12983,,500000
knapsack,inverse,50,1,penalty,ils,50,500000,-13084,True,3,-12983,,500000
knapsack,inverse,50,1,penalty,ils,50,500000,-13084,True,4,-12984,,500000
knapsack,inverse,50,1,penalty,ils,50,500000,-13084,True,5,-13071,,500000
knapsack,inverse,50,1,penalty,ils,50,500000,-13084,True,6,-12984,,500000
knapsack,inverse,50,1,penalty,ils,50,500000,-13084,True,7,-12984,,500000
knapsack,inverse,50,1,penalty,ils,50,500000,-13084,True,8,-12983,,500000
knapsack,inverse,50,1,penalty,ils,50,500000,-13084,True,9,-12984,,500000
knapsack,inverse,50,1,penalty,ils,50,500000,-13084,True,10,-12983,,500000
knapsack,inverse,50,1,penalty,ils,50,500000,-13084,True,11,-12984,,500000
knapsack,inverse,50,1,penalty,ils,50,500000,-13084,True,12,-12983,,500000
knapsack,inverse,50,1,penalty,ils,50,500000,-13084,True,13,-13077,,500000
knapsack,inverse,50,1,penalty,ils,50,500000,-13084,True,14,-13077,,500000
knapsack,inverse,50,1,penalty,ils,50,500000,-13084,True,15,-13079,,500000
knapsack,inverse,50,1,penalty,ils,50,500000,-13084,True,16,-13084,363888,363888
knapsack,inverse,50,1,penalty,ils,50,500000,-13084,True,17,-13083,,500000
knapsack,inverse,50,1,penalty,ils,50,500000,-13084,True,18,-13058,,500000
knapsack,inverse,50,1,penalty,ils,50,500000,-13084,True,19,-12983,,500000
knapsack,inverse,50,1,penalty,ils,50,500000,-13084,True,20,-12981,,500000
knapsack,inverse,50,1,penalty,ils,50,500000,-13084,True,21,-13082,,500000
knapsack,inverse,50,1,penalty,ils,50,500000,-13084,True,22,-13082,,500000
knapsack,inverse,50,1,penalty,ils,50,500000,-13084,True,23,-13081,,500000
knapsack,inverse,50,1,penalty,ils,50,500000,-13084,True,24,-12984,,500000
knapsack,inverse,50,1,penalty,ils,50,500000,-13084,True,25,-13082,,500000
knapsack,inverse,50,1,penalty,ils,50,500000,-13084,True,26,-12984,,500000
knapsack,inverse,50,1,penalty,ils,50,500000,-13084,True,27,-12984,,500000
knapsack,inverse,50,1,penalty,ils,50,500000,-13084,True,28,-12982,,500000
knapsack,inverse,50,1,penalty,ils,50,500000,-13084,True,29,-13084,147612,147612
knapsack,inverse,50,1,penalty,ils,50,500000,-13084,True,30,-12982,,500000
knapsack,inverse,50,1,penalty,floor,50,500000,-13084,True,0,-12779,,500000
knapsack,inverse,50,1,penalty,floor,50,500000,-13084,True,1,-12684,,500000
knapsack,inverse,50,1,penalty,floor,50,500000,-13084,True,2,-12774,,500000
knapsack,inverse,50,1,penalty,floor,50,500000,-13084,True,3,-12731,,500000
knapsack,inverse,50,1,penalty,floor,50,500000,-13084,True,4,-12780,,500000
knapsack,inverse,50,1,penalty,floor,50,500000,-13084,True,5,-12868,,500000
knapsack,inverse,50,1,penalty,floor,50,500000,-13084,True,6,-12676,,500000
knapsack,inverse,50,1,penalty,floor,50,500000,-13084,True,7,-12767,,500000
knapsack,inverse,50,1,penalty,floor,50,500000,-13084,True,8,-12725,,500000
knapsack,inverse,50,1,penalty,floor,50,500000,-13084,True,9,-12680,,500000
knapsack,inverse,50,1,penalty,floor,50,500000,-13084,True,10,-12771,,500000
knapsack,inverse,50,1,penalty,floor,50,500000,-13084,True,11,-12784,,500000
knapsack,inverse,50,1,penalty,floor,50,500000,-13084,True,12,-12674,,500000
knapsack,inverse,50,1,penalty,floor,50,500000,-13084,True,13,-12781,,500000
knapsack,inverse,50,1,penalty,floor,50,500000,-13084,True,14,-12750,,500000
knapsack,inverse,50,1,penalty,floor,50,500000,-13084,True,15,-12784,,500000
knapsack,inverse,50,1,penalty,floor,50,500000,-13084,True,16,-12777,,500000
knapsack,inverse,50,1,penalty,floor,50,500000,-13084,True,17,-12682,,500000
knapsack,inverse,50,1,penalty,floor,50,500000,-13084,True,18,-12778,,500000
knapsack,inverse,50,1,penalty,floor,50,500000,-13084,True,19,-12779,,500000
knapsack,inverse,50,1,penalty,floor,50,500000,-13084,True,20,-12752,,500000
knapsack,inverse,50,1,penalty,floor,50,500000,-13084,True,21,-12772,,500000
knapsack,inverse,50,1,penalty,floor,50,500000,-13084,True,22,-12681,,500000
knapsack,inverse,50,1,penalty,floor,50,500000,-13084,True,23,-12773,,500000
knapsack,inverse,50,1,penalty,floor,50,500000,-13084,True,24,-12778,,500000
knapsack,inverse,50,1,penalty,floor,50,500000,-13084,True,25,-12676,,500000
knapsack,inverse,50,1,penalty,floor,50,500000,-13084,True,26,-12773,,500000
knapsack,inverse,50,1,penalty,floor,50,500000,-13084,True,27,-12874,,500000
knapsack,inverse,50,1,penalty,floor,50,500000,-13084,True,28,-12681,,500000
knapsack,inverse,50,1,penalty,floor,50,500000,-13084,True,29,-12758,,500000
knapsack,inverse,50,1,penalty,floor,50,500000,-13084,True,30,-12671,,500000
knapsack,uncorrelated,120,0,penalty,floor,120,1200000,-46538,True,0,-41538,,1200000
knapsack,uncorrelated,120,0,penalty,floor,120,1200000,-46538,True,1,-40588,,1200000
knapsack,uncorrelated,120,0,penalty,floor,120,1200000,-46538,True,2,-40762,,1200000
knapsack,uncorrelated,120,0,penalty,floor,120,1200000,-46538,True,3,-42572,,1200000
knapsack,uncorrelated,120,0,penalty,floor,120,1200000,-46538,True,4,-41278,,1200000
knapsack,uncorrelated,120,0,penalty,floor,120,1200000,-46538,True,5,-40835,,1200000
knapsack,uncorrelated,120,0,penalty,floor,120,1200000,-46538,True,6,-40698,,1200000
knapsack,uncorrelated,120,0,penalty,floor,120,1200000,-46538,True,7,-41492,,1200000
knapsack,uncorrelated,120,0,penalty,floor,120,1200000,-46538,True,8,-40707,,1200000
knapsack,uncorrelated,120,0,penalty,floor,120,1200000,-46538,True,9,-40916,,1200000
knapsack,uncorrelated,120,0,penalty,floor,120,1200000,-46538,True,10,-40538,,1200000
knapsack,uncorrelated,120,0,penalty,floor,120,1200000,-46538,True,11,-40922,,1200000
knapsack,uncorrelated,120,0,penalty,floor,120,1200000,-46538,True,12,-42206,,1200000
knapsack,uncorrelated,120,0,penalty,floor,120,1200000,-46538,True,13,-41209,,1200000
knapsack,uncorrelated,120,0,penalty,floor,120,1200000,-46538,True,14,-41142,,1200000
knapsack,uncorrelated,120,0,penalty,floor,120,1200000,-46538,True,15,-41389,,1200000
knapsack,uncorrelated,120,0,penalty,floor,120,1200000,-46538,True,16,-41127,,1200000
knapsack,uncorrelated,120,0,penalty,floor,120,1200000,-46538,True,17,-39660,,1200000
knapsack,uncorrelated,120,0,penalty,floor,120,1200000,-46538,True,18,-41432,,1200000
knapsack,uncorrelated,120,0,penalty,floor,120,1200000,-46538,True,19,-41071,,1200000
knapsack,uncorrelated,120,0,penalty,floor,120,1200000,-46538,True,20,-40632,,1200000
knapsack,uncorrelated,120,0,penalty,floor,120,1200000,-46538,True,21,-41733,,1200000
knapsack,uncorrelated,120,0,penalty,floor,120,1200000,-46538,True,22,-42213,,1200000
knapsack,uncorrelated,120,0,penalty,floor,120,1200000,-46538,True,23,-39963,,1200000
knapsack,uncorrelated,120,0,penalty,floor,120,1200000,-46538,True,24,-41941,,1200000
knapsack,uncorrelated,120,0,penalty,floor,120,1200000,-46538,True,25,-40496,,1200000
knapsack,uncorrelated,120,0,penalty,floor,120,1200000,-46538,True,26,-40923,,1200000
knapsack,uncorrelated,120,0,penalty,floor,120,1200000,-46538,True,27,-39892,,1200000
knapsack,uncorrelated,120,0,penalty,floor,120,1200000,-46538,True,28,-41187,,1200000
knapsack,uncorrelated,120,0,penalty,floor,120,1200000,-46538,True,29,-41166,,1200000
knapsack,uncorrelated,120,0,penalty,floor,120,1200000,-46538,True,30,-41519,,1200000
knapsack,inverse,50,2,penalty,floor,50,500000,-12101,True,0,-11603,,500000
knapsack,inverse,50,2,penalty,floor,50,500000,-12101,True,1,-11795,,500000
knapsack,inverse,50,2,penalty,floor,50,500000,-12101,True,2,-11637,,500000
knapsack,inverse,50,2,penalty,floor,50,500000,-12101,True,3,-11703,,500000
knapsack,inverse,50,2,penalty,floor,50,500000,-12101,True,4,-11604,,500000
knapsack,inverse,50,2,penalty,floor,50,500000,-12101,True,5,-11778,,500000
knapsack,inverse,50,2,penalty,floor,50,500000,-12101,True,6,-11699,,500000
knapsack,inverse,50,2,penalty,floor,50,500000,-12101,True,7,-11884,,500000
knapsack,inverse,50,2,penalty,floor,50,500000,-12101,True,8,-11699,,500000
knapsack,inverse,50,2,penalty,floor,50,500000,-12101,True,9,-11702,,500000
knapsack,inverse,50,2,penalty,floor,50,500000,-12101,True,10,-11637,,500000
knapsack,inverse,50,2,penalty,floor,50,500000,-12101,True,11,-11701,,500000
knapsack,inverse,50,2,penalty,floor,50,500000,-12101,True,12,-11654,,500000
knapsack,inverse,50,2,penalty,floor,50,500000,-12101,True,13,-11699,,500000
knapsack,inverse,50,2,penalty,floor,50,500000,-12101,True,14,-11776,,500000
knapsack,inverse,50,2,penalty,floor,50,500000,-12101,True,15,-11688,,500000
knapsack,inverse,50,2,penalty,floor,50,500000,-12101,True,16,-11798,,500000
knapsack,inverse,50,2,penalty,floor,50,500000,-12101,True,17,-11692,,500000
knapsack,inverse,50,2,penalty,floor,50,500000,-12101,True,18,-11699,,500000
knapsack,inverse,50,2,penalty,floor,50,500000,-12101,True,19,-11652,,500000
knapsack,inverse,50,2,penalty,floor,50,500000,-12101,True,20,-11704,,500000
knapsack,inverse,50,2,penalty,floor,50,500000,-12101,True,21,-11757,,500000
knapsack,inverse,50,2,penalty,floor,50,500000,-12101,True,22,-11790,,500000
knapsack,inverse,50,2,penalty,floor,50,500000,-12101,True,23,-11789,,500000
knapsack,inverse,50,2,penalty,floor,50,500000,-12101,True,24,-11764,,500000
knapsack,inverse,50,2,penalty,floor,50,500000,-12101,True,25,-11664,,500000
knapsack,inverse,50,2,penalty,floor,50,500000,-12101,True,26,-11704,,500000
knapsack,inverse,50,2,penalty,floor,50,500000,-12101,True,27,-11887,,500000
knapsack,inverse,50,2,penalty,floor,50,500000,-12101,True,28,-11661,,500000
knapsack,inverse,50,2,penalty,floor,50,500000,-12101,True,29,-11701,,500000
knapsack,inverse,50,2,penalty,floor,50,500000,-12101,True,30,-11669,,500000
knapsack,inverse,50,2,penalty,ils,50,500000,-12101,True,0,-12002,,500000
knapsack,inverse,50,2,penalty,ils,50,500000,-12101,True,1,-12004,,500000
knapsack,inverse,50,2,penalty,ils,50,500000,-12101,True,2,-12000,,500000
knapsack,inverse,50,2,penalty,ils,50,500000,-12101,True,3,-12004,,500000
knapsack,inverse,50,2,penalty,ils,50,500000,-12101,True,4,-11994,,500000
knapsack,inverse,50,2,penalty,ils,50,500000,-12101,True,5,-12002,,500000
knapsack,inverse,50,2,penalty,ils,50,500000,-12101,True,6,-12074,,500000
knapsack,inverse,50,2,penalty,ils,50,500000,-12101,True,7,-12002,,500000
knapsack,inverse,50,2,penalty,ils,50,500000,-12101,True,8,-12004,,500000
knapsack,inverse,50,2,penalty,ils,50,500000,-12101,True,9,-12004,,500000
knapsack,inverse,50,2,penalty,ils,50,500000,-12101,True,10,-11965,,500000
knapsack,inverse,50,2,penalty,ils,50,500000,-12101,True,11,-12005,,500000
knapsack,inverse,50,2,penalty,ils,50,500000,-12101,True,12,-11985,,500000
knapsack,inverse,50,2,penalty,ils,50,500000,-12101,True,13,-11999,,500000
knapsack,inverse,50,2,penalty,ils,50,500000,-12101,True,14,-11901,,500000
knapsack,inverse,50,2,penalty,ils,50,500000,-12101,True,15,-12000,,500000
knapsack,inverse,50,2,penalty,ils,50,500000,-12101,True,16,-12005,,500000
knapsack,inverse,50,2,penalty,ils,50,500000,-12101,True,17,-12002,,500000
knapsack,inverse,50,2,penalty,ils,50,500000,-12101,True,18,-12000,,500000
knapsack,inverse,50,2,penalty,ils,50,500000,-12101,True,19,-12074,,500000
knapsack,inverse,50,2,penalty,ils,50,500000,-12101,True,20,-12029,,500000
knapsack,inverse,50,2,penalty,ils,50,500000,-12101,True,21,-11998,,500000
knapsack,inverse,50,2,penalty,ils,50,500000,-12101,True,22,-12089,,500000
knapsack,inverse,50,2,penalty,ils,50,500000,-12101,True,23,-12004,,500000
knapsack,inverse,50,2,penalty,ils,50,500000,-12101,True,24,-12004,,500000
knapsack,inverse,50,2,penalty,ils,50,500000,-12101,True,25,-12004,,500000
knapsack,inverse,50,2,penalty,ils,50,500000,-12101,True,26,-11903,,500000
knapsack,inverse,50,2,penalty,ils,50,500000,-12101,True,27,-11993,,500000
knapsack,inverse,50,2,penalty,ils,50,500000,-12101,True,28,-12000,,500000
knapsack,inverse,50,2,penalty,ils,50,500000,-12101,True,29,-12101,475306,475306
knapsack,inverse,50,2,penalty,ils,50,500000,-12101,True,30,-11905,,500000
knapsack,uncorrelated,120,2,penalty,floor,120,1200000,-47685,True,0,-41317,,1200000
knapsack,uncorrelated,120,2,penalty,floor,120,1200000,-47685,True,1,-42600,,1200000
knapsack,uncorrelated,120,2,penalty,floor,120,1200000,-47685,True,2,-43881,,1200000
knapsack,uncorrelated,120,2,penalty,floor,120,1200000,-47685,True,3,-42267,,1200000
knapsack,uncorrelated,120,2,penalty,floor,120,1200000,-47685,True,4,-41640,,1200000
knapsack,uncorrelated,120,2,penalty,floor,120,1200000,-47685,True,5,-41473,,1200000
knapsack,uncorrelated,120,2,penalty,floor,120,1200000,-47685,True,6,-42882,,1200000
knapsack,uncorrelated,120,2,penalty,floor,120,1200000,-47685,True,7,-43156,,1200000
knapsack,uncorrelated,120,2,penalty,floor,120,1200000,-47685,True,8,-42573,,1200000
knapsack,uncorrelated,120,2,penalty,floor,120,1200000,-47685,True,9,-42028,,1200000
knapsack,uncorrelated,120,2,penalty,floor,120,1200000,-47685,True,10,-41975,,1200000
knapsack,uncorrelated,120,2,penalty,floor,120,1200000,-47685,True,11,-43559,,1200000
knapsack,uncorrelated,120,2,penalty,floor,120,1200000,-47685,True,12,-43540,,1200000
knapsack,uncorrelated,120,2,penalty,floor,120,1200000,-47685,True,13,-42740,,1200000
knapsack,uncorrelated,120,2,penalty,floor,120,1200000,-47685,True,14,-42098,,1200000
knapsack,uncorrelated,120,2,penalty,floor,120,1200000,-47685,True,15,-41951,,1200000
knapsack,uncorrelated,120,2,penalty,floor,120,1200000,-47685,True,16,-42585,,1200000
knapsack,uncorrelated,120,2,penalty,floor,120,1200000,-47685,True,17,-42462,,1200000
knapsack,uncorrelated,120,2,penalty,floor,120,1200000,-47685,True,18,-41553,,1200000
knapsack,uncorrelated,120,2,penalty,floor,120,1200000,-47685,True,19,-41379,,1200000
knapsack,uncorrelated,120,2,penalty,floor,120,1200000,-47685,True,20,-42201,,1200000
knapsack,uncorrelated,120,2,penalty,floor,120,1200000,-47685,True,21,-41689,,1200000
knapsack,uncorrelated,120,2,penalty,floor,120,1200000,-47685,True,22,-42450,,1200000
knapsack,uncorrelated,120,2,penalty,floor,120,1200000,-47685,True,23,-42337,,1200000
knapsack,uncorrelated,120,2,penalty,floor,120,1200000,-47685,True,24,-42715,,1200000
knapsack,uncorrelated,120,2,penalty,floor,120,1200000,-47685,True,25,-41794,,1200000
knapsack,uncorrelated,120,2,penalty,floor,120,1200000,-47685,True,26,-43010,,1200000
knapsack,uncorrelated,120,2,penalty,floor,120,1200000,-47685,True,27,-42369,,1200000
knapsack,uncorrelated,120,2,penalty,floor,120,1200000,-47685,True,28,-41918,,1200000
knapsack,uncorrelated,120,2,penalty,floor,120,1200000,-47685,True,29,-42222,,1200000
knapsack,uncorrelated,120,2,penalty,floor,120,1200000,-47685,True,30,-41053,,1200000
knapsack,uncorrelated,120,3,penalty,floor,120,1200000,-46068,True,0,-39775,,1200000
knapsack,uncorrelated,120,3,penalty,floor,120,1200000,-46068,True,1,-40939,,1200000
knapsack,uncorrelated,120,3,penalty,floor,120,1200000,-46068,True,2,-39974,,1200000
knapsack,uncorrelated,120,3,penalty,floor,120,1200000,-46068,True,3,-41666,,1200000
knapsack,uncorrelated,120,3,penalty,floor,120,1200000,-46068,True,4,-40941,,1200000
knapsack,uncorrelated,120,3,penalty,floor,120,1200000,-46068,True,5,-40027,,1200000
knapsack,uncorrelated,120,3,penalty,floor,120,1200000,-46068,True,6,-40382,,1200000
knapsack,uncorrelated,120,3,penalty,floor,120,1200000,-46068,True,7,-40798,,1200000
knapsack,uncorrelated,120,3,penalty,floor,120,1200000,-46068,True,8,-40000,,1200000
knapsack,uncorrelated,120,3,penalty,floor,120,1200000,-46068,True,9,-39394,,1200000
knapsack,uncorrelated,120,3,penalty,floor,120,1200000,-46068,True,10,-40344,,1200000
knapsack,uncorrelated,120,3,penalty,floor,120,1200000,-46068,True,11,-41512,,1200000
knapsack,uncorrelated,120,3,penalty,floor,120,1200000,-46068,True,12,-39637,,1200000
knapsack,uncorrelated,120,3,penalty,floor,120,1200000,-46068,True,13,-39932,,1200000
knapsack,uncorrelated,120,3,penalty,floor,120,1200000,-46068,True,14,-40659,,1200000
knapsack,uncorrelated,120,3,penalty,floor,120,1200000,-46068,True,15,-40261,,1200000
knapsack,uncorrelated,120,3,penalty,floor,120,1200000,-46068,True,16,-41357,,1200000
knapsack,uncorrelated,120,3,penalty,floor,120,1200000,-46068,True,17,-40379,,1200000
knapsack,uncorrelated,120,3,penalty,floor,120,1200000,-46068,True,18,-40127,,1200000
knapsack,uncorrelated,120,3,penalty,floor,120,1200000,-46068,True,19,-39978,,1200000
knapsack,uncorrelated,120,3,penalty,floor,120,1200000,-46068,True,20,-40556,,1200000
knapsack,uncorrelated,120,3,penalty,floor,120,1200000,-46068,True,21,-41360,,1200000
knapsack,uncorrelated,120,3,penalty,floor,120,1200000,-46068,True,22,-39737,,1200000
knapsack,uncorrelated,120,3,penalty,floor,120,1200000,-46068,True,23,-41066,,1200000
knapsack,uncorrelated,120,3,penalty,floor,120,1200000,-46068,True,24,-40371,,1200000
knapsack,uncorrelated,120,3,penalty,floor,120,1200000,-46068,True,25,-40693,,1200000
knapsack,uncorrelated,120,3,penalty,floor,120,1200000,-46068,True,26,-40225,,1200000
knapsack,uncorrelated,120,3,penalty,floor,120,1200000,-46068,True,27,-40983,,1200000
knapsack,uncorrelated,120,3,penalty,floor,120,1200000,-46068,True,28,-40608,,1200000
knapsack,uncorrelated,120,3,penalty,floor,120,1200000,-46068,True,29,-39754,,1200000
knapsack,uncorrelated,120,3,penalty,floor,120,1200000,-46068,True,30,-40613,,1200000
knapsack,inverse,50,3,penalty,ils,50,500000,-14015,True,0,-14012,,500000
knapsack,inverse,50,3,penalty,ils,50,500000,-14015,True,1,-13912,,500000
knapsack,inverse,50,3,penalty,ils,50,500000,-14015,True,2,-14008,,500000
knapsack,inverse,50,3,penalty,ils,50,500000,-14015,True,3,-14009,,500000
knapsack,inverse,50,3,penalty,ils,50,500000,-14015,True,4,-13912,,500000
knapsack,inverse,50,3,penalty,ils,50,500000,-14015,True,5,-13912,,500000
knapsack,inverse,50,3,penalty,ils,50,500000,-14015,True,6,-14009,,500000
knapsack,inverse,50,3,penalty,ils,50,500000,-14015,True,7,-14006,,500000
knapsack,inverse,50,3,penalty,ils,50,500000,-14015,True,8,-14008,,500000
knapsack,inverse,50,3,penalty,ils,50,500000,-14015,True,9,-13912,,500000
knapsack,inverse,50,3,penalty,ils,50,500000,-14015,True,10,-13911,,500000
knapsack,inverse,50,3,penalty,ils,50,500000,-14015,True,11,-14009,,500000
knapsack,inverse,50,3,penalty,ils,50,500000,-14015,True,12,-14012,,500000
knapsack,inverse,50,3,penalty,ils,50,500000,-14015,True,13,-13911,,500000
knapsack,inverse,50,3,penalty,ils,50,500000,-14015,True,14,-14010,,500000
knapsack,inverse,50,3,penalty,ils,50,500000,-14015,True,15,-14008,,500000
knapsack,inverse,50,3,penalty,ils,50,500000,-14015,True,16,-14010,,500000
knapsack,inverse,50,3,penalty,ils,50,500000,-14015,True,17,-14006,,500000
knapsack,inverse,50,3,penalty,ils,50,500000,-14015,True,18,-14011,,500000
knapsack,inverse,50,3,penalty,ils,50,500000,-14015,True,19,-14005,,500000
knapsack,inverse,50,3,penalty,ils,50,500000,-14015,True,20,-14007,,500000
knapsack,inverse,50,3,penalty,ils,50,500000,-14015,True,21,-14012,,500000
knapsack,inverse,50,3,penalty,ils,50,500000,-14015,True,22,-13912,,500000
knapsack,inverse,50,3,penalty,ils,50,500000,-14015,True,23,-14012,,500000
knapsack,inverse,50,3,penalty,ils,50,500000,-14015,True,24,-13912,,500000
knapsack,inverse,50,3,penalty,ils,50,500000,-14015,True,25,-14012,,500000
knapsack,inverse,50,3,penalty,ils,50,500000,-14015,True,26,-14011,,500000
knapsack,inverse,50,3,penalty,ils,50,500000,-14015,True,27,-14012,,500000
knapsack,inverse,50,3,penalty,ils,50,500000,-14015,True,28,-13912,,500000
knapsack,inverse,50,3,penalty,ils,50,500000,-14015,True,29,-13912,,500000
knapsack,inverse,50,3,penalty,ils,50,500000,-14015,True,30,-14011,,500000
knapsack,inverse,50,3,penalty,floor,50,500000,-14015,True,0,-13711,,500000
knapsack,inverse,50,3,penalty,floor,50,500000,-14015,True,1,-13752,,500000
knapsack,inverse,50,3,penalty,floor,50,500000,-14015,True,2,-13809,,500000
knapsack,inverse,50,3,penalty,floor,50,500000,-14015,True,3,-13706,,500000
knapsack,inverse,50,3,penalty,floor,50,500000,-14015,True,4,-13694,,500000
knapsack,inverse,50,3,penalty,floor,50,500000,-14015,True,5,-13711,,500000
knapsack,inverse,50,3,penalty,floor,50,500000,-14015,True,6,-13681,,500000
knapsack,inverse,50,3,penalty,floor,50,500000,-14015,True,7,-13709,,500000
knapsack,inverse,50,3,penalty,floor,50,500000,-14015,True,8,-13708,,500000
knapsack,inverse,50,3,penalty,floor,50,500000,-14015,True,9,-13720,,500000
knapsack,inverse,50,3,penalty,floor,50,500000,-14015,True,10,-13704,,500000
knapsack,inverse,50,3,penalty,floor,50,500000,-14015,True,11,-13823,,500000
knapsack,inverse,50,3,penalty,floor,50,500000,-14015,True,12,-13709,,500000
knapsack,inverse,50,3,penalty,floor,50,500000,-14015,True,13,-13711,,500000
knapsack,inverse,50,3,penalty,floor,50,500000,-14015,True,14,-13708,,500000
knapsack,inverse,50,3,penalty,floor,50,500000,-14015,True,15,-13705,,500000
knapsack,inverse,50,3,penalty,floor,50,500000,-14015,True,16,-13710,,500000
knapsack,inverse,50,3,penalty,floor,50,500000,-14015,True,17,-13702,,500000
knapsack,inverse,50,3,penalty,floor,50,500000,-14015,True,18,-13706,,500000
knapsack,inverse,50,3,penalty,floor,50,500000,-14015,True,19,-13709,,500000
knapsack,inverse,50,3,penalty,floor,50,500000,-14015,True,20,-13807,,500000
knapsack,inverse,50,3,penalty,floor,50,500000,-14015,True,21,-13706,,500000
knapsack,inverse,50,3,penalty,floor,50,500000,-14015,True,22,-13736,,500000
knapsack,inverse,50,3,penalty,floor,50,500000,-14015,True,23,-13792,,500000
knapsack,inverse,50,3,penalty,floor,50,500000,-14015,True,24,-13803,,500000
knapsack,inverse,50,3,penalty,floor,50,500000,-14015,True,25,-13706,,500000
knapsack,inverse,50,3,penalty,floor,50,500000,-14015,True,26,-13755,,500000
knapsack,inverse,50,3,penalty,floor,50,500000,-14015,True,27,-13785,,500000
knapsack,inverse,50,3,penalty,floor,50,500000,-14015,True,28,-13770,,500000
knapsack,inverse,50,3,penalty,floor,50,500000,-14015,True,29,-13712,,500000
knapsack,inverse,50,3,penalty,floor,50,500000,-14015,True,30,-13707,,500000
knapsack,inverse,50,4,penalty,floor,50,500000,-14108,True,0,-13707,,500000
knapsack,inverse,50,4,penalty,floor,50,500000,-14108,True,1,-13800,,500000
knapsack,inverse,50,4,penalty,floor,50,500000,-14108,True,2,-13708,,500000
knapsack,inverse,50,4,penalty,floor,50,500000,-14108,True,3,-13702,,500000
knapsack,inverse,50,4,penalty,floor,50,500000,-14108,True,4,-13705,,500000
knapsack,inverse,50,4,penalty,floor,50,500000,-14108,True,5,-13766,,500000
knapsack,inverse,50,4,penalty,floor,50,500000,-14108,True,6,-13705,,500000
knapsack,inverse,50,4,penalty,floor,50,500000,-14108,True,7,-13800,,500000
knapsack,inverse,50,4,penalty,floor,50,500000,-14108,True,8,-13749,,500000
knapsack,inverse,50,4,penalty,floor,50,500000,-14108,True,9,-13724,,500000
knapsack,inverse,50,4,penalty,floor,50,500000,-14108,True,10,-13786,,500000
knapsack,inverse,50,4,penalty,floor,50,500000,-14108,True,11,-13851,,500000
knapsack,inverse,50,4,penalty,floor,50,500000,-14108,True,12,-13700,,500000
knapsack,inverse,50,4,penalty,floor,50,500000,-14108,True,13,-13705,,500000
knapsack,inverse,50,4,penalty,floor,50,500000,-14108,True,14,-13807,,500000
knapsack,inverse,50,4,penalty,floor,50,500000,-14108,True,15,-13708,,500000
knapsack,inverse,50,4,penalty,floor,50,500000,-14108,True,16,-13807,,500000
knapsack,inverse,50,4,penalty,floor,50,500000,-14108,True,17,-13798,,500000
knapsack,inverse,50,4,penalty,floor,50,500000,-14108,True,18,-13708,,500000
knapsack,inverse,50,4,penalty,floor,50,500000,-14108,True,19,-13770,,500000
knapsack,inverse,50,4,penalty,floor,50,500000,-14108,True,20,-13805,,500000
knapsack,inverse,50,4,penalty,floor,50,500000,-14108,True,21,-13786,,500000
knapsack,inverse,50,4,penalty,floor,50,500000,-14108,True,22,-13777,,500000
knapsack,inverse,50,4,penalty,floor,50,500000,-14108,True,23,-13901,,500000
knapsack,inverse,50,4,penalty,floor,50,500000,-14108,True,24,-13702,,500000
knapsack,inverse,50,4,penalty,floor,50,500000,-14108,True,25,-13808,,500000
knapsack,inverse,50,4,penalty,floor,50,500000,-14108,True,26,-13807,,500000
knapsack,inverse,50,4,penalty,floor,50,500000,-14108,True,27,-13708,,500000
knapsack,inverse,50,4,penalty,floor,50,500000,-14108,True,28,-13804,,500000
knapsack,inverse,50,4,penalty,floor,50,500000,-14108,True,29,-13707,,500000
knapsack,inverse,50,4,penalty,floor,50,500000,-14108,True,30,-13705,,500000
knapsack,inverse,50,4,penalty,ils,50,500000,-14108,True,0,-14008,,500000
knapsack,inverse,50,4,penalty,ils,50,500000,-14108,True,1,-14008,,500000
knapsack,inverse,50,4,penalty,ils,50,500000,-14108,True,2,-14001,,500000
knapsack,inverse,50,4,penalty,ils,50,500000,-14108,True,3,-14104,,500000
knapsack,inverse,50,4,penalty,ils,50,500000,-14108,True,4,-13908,,500000
knapsack,inverse,50,4,penalty,ils,50,500000,-14108,True,5,-14008,,500000
knapsack,inverse,50,4,penalty,ils,50,500000,-14108,True,6,-14084,,500000
knapsack,inverse,50,4,penalty,ils,50,500000,-14108,True,7,-13908,,500000
knapsack,inverse,50,4,penalty,ils,50,500000,-14108,True,8,-14004,,500000
knapsack,inverse,50,4,penalty,ils,50,500000,-14108,True,9,-14074,,500000
knapsack,inverse,50,4,penalty,ils,50,500000,-14108,True,10,-14107,,500000
knapsack,inverse,50,4,penalty,ils,50,500000,-14108,True,11,-14003,,500000
knapsack,inverse,50,4,penalty,ils,50,500000,-14108,True,12,-14008,,500000
knapsack,inverse,50,4,penalty,ils,50,500000,-14108,True,13,-14003,,500000
knapsack,inverse,50,4,penalty,ils,50,500000,-14108,True,14,-14007,,500000
knapsack,inverse,50,4,penalty,ils,50,500000,-14108,True,15,-14007,,500000
knapsack,inverse,50,4,penalty,ils,50,500000,-14108,True,16,-14085,,500000
knapsack,inverse,50,4,penalty,ils,50,500000,-14108,True,17,-14007,,500000
knapsack,inverse,50,4,penalty,ils,50,500000,-14108,True,18,-14008,,500000
knapsack,inverse,50,4,penalty,ils,50,500000,-14108,True,19,-14008,,500000
knapsack,inverse,50,4,penalty,ils,50,500000,-14108,True,20,-14100,,500000
knapsack,inverse,50,4,penalty,ils,50,500000,-14108,True,21,-14007,,500000
knapsack,inverse,50,4,penalty,ils,50,500000,-14108,True,22,-14007,,500000
knapsack,inverse,50,4,penalty,ils,50,500000,-14108,True,23,-14090,,500000
knapsack,inverse,50,4,penalty,ils,50,500000,-14108,True,24,-14005,,500000
knapsack,inverse,50,4,penalty,ils,50,500000,-14108,True,25,-14104,,500000
knapsack,inverse,50,4,penalty,ils,50,500000,-14108,True,26,-14008,,500000
knapsack,inverse,50,4,penalty,ils,50,500000,-14108,True,27,-14002,,500000
knapsack,inverse,50,4,penalty,ils,50,500000,-14108,True,28,-14007,,500000
knapsack,inverse,50,4,penalty,ils,50,500000,-14108,True,29,-14008,,500000
knapsack,inverse,50,4,penalty,ils,50,500000,-14108,True,30,-13997,,500000
knapsack,uncorrelated,120,0,penalty,ils,120,1200000,-46538,True,0,-46224,,1200000
knapsack,uncorrelated,120,0,penalty,ils,120,1200000,-46538,True,1,-46273,,1200000
knapsack,uncorrelated,120,0,penalty,ils,120,1200000,-46538,True,2,-46290,,1200000
knapsack,uncorrelated,120,0,penalty,ils,120,1200000,-46538,True,3,-46351,,1200000
knapsack,uncorrelated,120,0,penalty,ils,120,1200000,-46538,True,4,-46171,,1200000
knapsack,uncorrelated,120,0,penalty,ils,120,1200000,-46538,True,5,-46229,,1200000
knapsack,uncorrelated,120,0,penalty,ils,120,1200000,-46538,True,6,-46375,,1200000
knapsack,uncorrelated,120,0,penalty,ils,120,1200000,-46538,True,7,-46177,,1200000
knapsack,uncorrelated,120,0,penalty,ils,120,1200000,-46538,True,8,-46228,,1200000
knapsack,uncorrelated,120,0,penalty,ils,120,1200000,-46538,True,9,-46336,,1200000
knapsack,uncorrelated,120,0,penalty,ils,120,1200000,-46538,True,10,-46186,,1200000
knapsack,uncorrelated,120,0,penalty,ils,120,1200000,-46538,True,11,-46279,,1200000
knapsack,uncorrelated,120,0,penalty,ils,120,1200000,-46538,True,12,-46267,,1200000
knapsack,uncorrelated,120,0,penalty,ils,120,1200000,-46538,True,13,-46240,,1200000
knapsack,uncorrelated,120,0,penalty,ils,120,1200000,-46538,True,14,-46185,,1200000
knapsack,uncorrelated,120,0,penalty,ils,120,1200000,-46538,True,15,-46337,,1200000
knapsack,uncorrelated,120,0,penalty,ils,120,1200000,-46538,True,16,-46261,,1200000
knapsack,uncorrelated,120,0,penalty,ils,120,1200000,-46538,True,17,-46212,,1200000
knapsack,uncorrelated,120,0,penalty,ils,120,1200000,-46538,True,18,-46275,,1200000
knapsack,uncorrelated,120,0,penalty,ils,120,1200000,-46538,True,19,-46172,,1200000
knapsack,uncorrelated,120,0,penalty,ils,120,1200000,-46538,True,20,-46395,,1200000
knapsack,uncorrelated,120,0,penalty,ils,120,1200000,-46538,True,21,-46244,,1200000
knapsack,uncorrelated,120,0,penalty,ils,120,1200000,-46538,True,22,-46356,,1200000
knapsack,uncorrelated,120,0,penalty,ils,120,1200000,-46538,True,23,-46320,,1200000
knapsack,uncorrelated,120,0,penalty,ils,120,1200000,-46538,True,24,-46010,,1200000
knapsack,uncorrelated,120,0,penalty,ils,120,1200000,-46538,True,25,-46188,,1200000
knapsack,uncorrelated,120,0,penalty,ils,120,1200000,-46538,True,26,-46334,,1200000
knapsack,uncorrelated,120,0,penalty,ils,120,1200000,-46538,True,27,-46343,,1200000
knapsack,uncorrelated,120,0,penalty,ils,120,1200000,-46538,True,28,-46290,,1200000
knapsack,uncorrelated,120,0,penalty,ils,120,1200000,-46538,True,29,-46214,,1200000
knapsack,uncorrelated,120,0,penalty,ils,120,1200000,-46538,True,30,-46310,,1200000
knapsack,uncorrelated,120,1,penalty,ils,120,1200000,-47897,True,0,-47630,,1200000
knapsack,uncorrelated,120,1,penalty,ils,120,1200000,-47897,True,1,-47744,,1200000
knapsack,uncorrelated,120,1,penalty,ils,120,1200000,-47897,True,2,-47485,,1200000
knapsack,uncorrelated,120,1,penalty,ils,120,1200000,-47897,True,3,-47495,,1200000
knapsack,uncorrelated,120,1,penalty,ils,120,1200000,-47897,True,4,-47822,,1200000
knapsack,uncorrelated,120,1,penalty,ils,120,1200000,-47897,True,5,-47605,,1200000
knapsack,uncorrelated,120,1,penalty,ils,120,1200000,-47897,True,6,-47610,,1200000
knapsack,uncorrelated,120,1,penalty,ils,120,1200000,-47897,True,7,-47664,,1200000
knapsack,uncorrelated,120,1,penalty,ils,120,1200000,-47897,True,8,-47669,,1200000
knapsack,uncorrelated,120,1,penalty,ils,120,1200000,-47897,True,9,-47529,,1200000
knapsack,uncorrelated,120,1,penalty,ils,120,1200000,-47897,True,10,-47578,,1200000
knapsack,uncorrelated,120,1,penalty,ils,120,1200000,-47897,True,11,-47657,,1200000
knapsack,uncorrelated,120,1,penalty,ils,120,1200000,-47897,True,12,-47767,,1200000
knapsack,uncorrelated,120,1,penalty,ils,120,1200000,-47897,True,13,-47797,,1200000
knapsack,uncorrelated,120,1,penalty,ils,120,1200000,-47897,True,14,-47714,,1200000
knapsack,uncorrelated,120,1,penalty,ils,120,1200000,-47897,True,15,-47686,,1200000
knapsack,uncorrelated,120,1,penalty,ils,120,1200000,-47897,True,16,-47669,,1200000
knapsack,uncorrelated,120,1,penalty,ils,120,1200000,-47897,True,17,-47746,,1200000
knapsack,uncorrelated,120,1,penalty,ils,120,1200000,-47897,True,18,-47640,,1200000
knapsack,uncorrelated,120,1,penalty,ils,120,1200000,-47897,True,19,-47577,,1200000
knapsack,uncorrelated,120,1,penalty,ils,120,1200000,-47897,True,20,-47330,,1200000
knapsack,uncorrelated,120,1,penalty,ils,120,1200000,-47897,True,21,-47569,,1200000
knapsack,uncorrelated,120,1,penalty,ils,120,1200000,-47897,True,22,-47868,,1200000
knapsack,uncorrelated,120,1,penalty,ils,120,1200000,-47897,True,23,-47833,,1200000
knapsack,uncorrelated,120,1,penalty,ils,120,1200000,-47897,True,24,-47601,,1200000
knapsack,uncorrelated,120,1,penalty,ils,120,1200000,-47897,True,25,-47256,,1200000
knapsack,uncorrelated,120,1,penalty,ils,120,1200000,-47897,True,26,-47647,,1200000
knapsack,uncorrelated,120,1,penalty,ils,120,1200000,-47897,True,27,-47718,,1200000
knapsack,uncorrelated,120,1,penalty,ils,120,1200000,-47897,True,28,-47459,,1200000
knapsack,uncorrelated,120,1,penalty,ils,120,1200000,-47897,True,29,-47651,,1200000
knapsack,uncorrelated,120,1,penalty,ils,120,1200000,-47897,True,30,-47762,,1200000
knapsack,uncorrelated,120,2,penalty,ils,120,1200000,-47685,True,0,-47308,,1200000
knapsack,uncorrelated,120,2,penalty,ils,120,1200000,-47685,True,1,-47459,,1200000
knapsack,uncorrelated,120,2,penalty,ils,120,1200000,-47685,True,2,-47489,,1200000
knapsack,uncorrelated,120,2,penalty,ils,120,1200000,-47685,True,3,-47494,,1200000
knapsack,uncorrelated,120,2,penalty,ils,120,1200000,-47685,True,4,-47425,,1200000
knapsack,uncorrelated,120,2,penalty,ils,120,1200000,-47685,True,5,-47318,,1200000
knapsack,uncorrelated,120,2,penalty,ils,120,1200000,-47685,True,6,-47218,,1200000
knapsack,uncorrelated,120,2,penalty,ils,120,1200000,-47685,True,7,-47341,,1200000
knapsack,uncorrelated,120,2,penalty,ils,120,1200000,-47685,True,8,-47063,,1200000
knapsack,uncorrelated,120,2,penalty,ils,120,1200000,-47685,True,9,-47356,,1200000
knapsack,uncorrelated,120,2,penalty,ils,120,1200000,-47685,True,10,-47217,,1200000
knapsack,uncorrelated,120,2,penalty,ils,120,1200000,-47685,True,11,-47212,,1200000
knapsack,uncorrelated,120,2,penalty,ils,120,1200000,-47685,True,12,-47320,,1200000
knapsack,uncorrelated,120,2,penalty,ils,120,1200000,-47685,True,13,-47035,,1200000
knapsack,uncorrelated,120,2,penalty,ils,120,1200000,-47685,True,14,-47473,,1200000
knapsack,uncorrelated,120,2,penalty,ils,120,1200000,-47685,True,15,-47385,,1200000
knapsack,uncorrelated,120,2,penalty,ils,120,1200000,-47685,True,16,-47312,,1200000
knapsack,uncorrelated,120,2,penalty,ils,120,1200000,-47685,True,17,-47369,,1200000
knapsack,uncorrelated,120,2,penalty,ils,120,1200000,-47685,True,18,-47406,,1200000
knapsack,uncorrelated,120,2,penalty,ils,120,1200000,-47685,True,19,-47337,,1200000
knapsack,uncorrelated,120,2,penalty,ils,120,1200000,-47685,True,20,-47499,,1200000
knapsack,uncorrelated,120,2,penalty,ils,120,1200000,-47685,True,21,-47485,,1200000
knapsack,uncorrelated,120,2,penalty,ils,120,1200000,-47685,True,22,-47254,,1200000
knapsack,uncorrelated,120,2,penalty,ils,120,1200000,-47685,True,23,-47236,,1200000
knapsack,uncorrelated,120,2,penalty,ils,120,1200000,-47685,True,24,-47412,,1200000
knapsack,uncorrelated,120,2,penalty,ils,120,1200000,-47685,True,25,-46836,,1200000
knapsack,uncorrelated,120,2,penalty,ils,120,1200000,-47685,True,26,-47119,,1200000
knapsack,uncorrelated,120,2,penalty,ils,120,1200000,-47685,True,27,-47418,,1200000
knapsack,uncorrelated,120,2,penalty,ils,120,1200000,-47685,True,28,-47189,,1200000
knapsack,uncorrelated,120,2,penalty,ils,120,1200000,-47685,True,29,-47089,,1200000
knapsack,uncorrelated,120,2,penalty,ils,120,1200000,-47685,True,30,-47345,,1200000
knapsack,uncorrelated,120,4,penalty,floor,120,1200000,-46845,True,0,-40148,,1200000
knapsack,uncorrelated,120,4,penalty,floor,120,1200000,-46845,True,1,-40167,,1200000
knapsack,uncorrelated,120,4,penalty,floor,120,1200000,-46845,True,2,-41051,,1200000
knapsack,uncorrelated,120,4,penalty,floor,120,1200000,-46845,True,3,-40290,,1200000
knapsack,uncorrelated,120,4,penalty,floor,120,1200000,-46845,True,4,-39930,,1200000
knapsack,uncorrelated,120,4,penalty,floor,120,1200000,-46845,True,5,-39792,,1200000
knapsack,uncorrelated,120,4,penalty,floor,120,1200000,-46845,True,6,-39497,,1200000
knapsack,uncorrelated,120,4,penalty,floor,120,1200000,-46845,True,7,-40272,,1200000
knapsack,uncorrelated,120,4,penalty,floor,120,1200000,-46845,True,8,-40222,,1200000
knapsack,uncorrelated,120,4,penalty,floor,120,1200000,-46845,True,9,-40384,,1200000
knapsack,uncorrelated,120,4,penalty,floor,120,1200000,-46845,True,10,-40284,,1200000
knapsack,uncorrelated,120,4,penalty,floor,120,1200000,-46845,True,11,-39991,,1200000
knapsack,uncorrelated,120,4,penalty,floor,120,1200000,-46845,True,12,-40973,,1200000
knapsack,uncorrelated,120,4,penalty,floor,120,1200000,-46845,True,13,-40376,,1200000
knapsack,uncorrelated,120,4,penalty,floor,120,1200000,-46845,True,14,-41335,,1200000
knapsack,uncorrelated,120,4,penalty,floor,120,1200000,-46845,True,15,-39955,,1200000
knapsack,uncorrelated,120,4,penalty,floor,120,1200000,-46845,True,16,-40084,,1200000
knapsack,uncorrelated,120,4,penalty,floor,120,1200000,-46845,True,17,-41457,,1200000
knapsack,uncorrelated,120,4,penalty,floor,120,1200000,-46845,True,18,-40577,,1200000
knapsack,uncorrelated,120,4,penalty,floor,120,1200000,-46845,True,19,-39894,,1200000
knapsack,uncorrelated,120,4,penalty,floor,120,1200000,-46845,True,20,-40618,,1200000
knapsack,uncorrelated,120,4,penalty,floor,120,1200000,-46845,True,21,-40256,,1200000
knapsack,uncorrelated,120,4,penalty,floor,120,1200000,-46845,True,22,-40806,,1200000
knapsack,uncorrelated,120,4,penalty,floor,120,1200000,-46845,True,23,-41142,,1200000
knapsack,uncorrelated,120,4,penalty,floor,120,1200000,-46845,True,24,-40222,,1200000
knapsack,uncorrelated,120,4,penalty,floor,120,1200000,-46845,True,25,-41161,,1200000
knapsack,uncorrelated,120,4,penalty,floor,120,1200000,-46845,True,26,-41392,,1200000
knapsack,uncorrelated,120,4,penalty,floor,120,1200000,-46845,True,27,-39964,,1200000
knapsack,uncorrelated,120,4,penalty,floor,120,1200000,-46845,True,28,-41686,,1200000
knapsack,uncorrelated,120,4,penalty,floor,120,1200000,-46845,True,29,-41615,,1200000
knapsack,uncorrelated,120,4,penalty,floor,120,1200000,-46845,True,30,-40885,,1200000
knapsack,uncorrelated,120,3,penalty,ils,120,1200000,-46068,True,0,-45835,,1200000
knapsack,uncorrelated,120,3,penalty,ils,120,1200000,-46068,True,1,-45831,,1200000
knapsack,uncorrelated,120,3,penalty,ils,120,1200000,-46068,True,2,-45910,,1200000
knapsack,uncorrelated,120,3,penalty,ils,120,1200000,-46068,True,3,-45683,,1200000
knapsack,uncorrelated,120,3,penalty,ils,120,1200000,-46068,True,4,-45910,,1200000
knapsack,uncorrelated,120,3,penalty,ils,120,1200000,-46068,True,5,-45765,,1200000
knapsack,uncorrelated,120,3,penalty,ils,120,1200000,-46068,True,6,-45972,,1200000
knapsack,uncorrelated,120,3,penalty,ils,120,1200000,-46068,True,7,-45973,,1200000
knapsack,uncorrelated,120,3,penalty,ils,120,1200000,-46068,True,8,-45809,,1200000
knapsack,uncorrelated,120,3,penalty,ils,120,1200000,-46068,True,9,-45732,,1200000
knapsack,uncorrelated,120,3,penalty,ils,120,1200000,-46068,True,10,-45760,,1200000
knapsack,uncorrelated,120,3,penalty,ils,120,1200000,-46068,True,11,-45910,,1200000
knapsack,uncorrelated,120,3,penalty,ils,120,1200000,-46068,True,12,-45711,,1200000
knapsack,uncorrelated,120,3,penalty,ils,120,1200000,-46068,True,13,-45577,,1200000
knapsack,uncorrelated,120,3,penalty,ils,120,1200000,-46068,True,14,-45876,,1200000
knapsack,uncorrelated,120,3,penalty,ils,120,1200000,-46068,True,15,-45919,,1200000
knapsack,uncorrelated,120,3,penalty,ils,120,1200000,-46068,True,16,-45967,,1200000
knapsack,uncorrelated,120,3,penalty,ils,120,1200000,-46068,True,17,-45846,,1200000
knapsack,uncorrelated,120,3,penalty,ils,120,1200000,-46068,True,18,-45619,,1200000
knapsack,uncorrelated,120,3,penalty,ils,120,1200000,-46068,True,19,-45823,,1200000
knapsack,uncorrelated,120,3,penalty,ils,120,1200000,-46068,True,20,-45921,,1200000
knapsack,uncorrelated,120,3,penalty,ils,120,1200000,-46068,True,21,-45704,,1200000
knapsack,uncorrelated,120,3,penalty,ils,120,1200000,-46068,True,22,-45809,,1200000
knapsack,uncorrelated,120,3,penalty,ils,120,1200000,-46068,True,23,-45721,,1200000
knapsack,uncorrelated,120,3,penalty,ils,120,1200000,-46068,True,24,-45921,,1200000
knapsack,uncorrelated,120,3,penalty,ils,120,1200000,-46068,True,25,-45721,,1200000
knapsack,uncorrelated,120,3,penalty,ils,120,1200000,-46068,True,26,-45862,,1200000
knapsack,uncorrelated,120,3,penalty,ils,120,1200000,-46068,True,27,-45740,,1200000
knapsack,uncorrelated,120,3,penalty,ils,120,1200000,-46068,True,28,-45819,,1200000
knapsack,uncorrelated,120,3,penalty,ils,120,1200000,-46068,True,29,-45878,,1200000
knapsack,uncorrelated,120,3,penalty,ils,120,1200000,-46068,True,30,-45895,,1200000
knapsack,uncorrelated,120,4,penalty,ils,120,1200000,-46845,True,0,-46501,,1200000
knapsack,uncorrelated,120,4,penalty,ils,120,1200000,-46845,True,1,-46586,,1200000
knapsack,uncorrelated,120,4,penalty,ils,120,1200000,-46845,True,2,-46683,,1200000
knapsack,uncorrelated,120,4,penalty,ils,120,1200000,-46845,True,3,-46531,,1200000
knapsack,uncorrelated,120,4,penalty,ils,120,1200000,-46845,True,4,-46684,,1200000
knapsack,uncorrelated,120,4,penalty,ils,120,1200000,-46845,True,5,-46512,,1200000
knapsack,uncorrelated,120,4,penalty,ils,120,1200000,-46845,True,6,-46690,,1200000
knapsack,uncorrelated,120,4,penalty,ils,120,1200000,-46845,True,7,-46587,,1200000
knapsack,uncorrelated,120,4,penalty,ils,120,1200000,-46845,True,8,-46541,,1200000
knapsack,uncorrelated,120,4,penalty,ils,120,1200000,-46845,True,9,-46665,,1200000
knapsack,uncorrelated,120,4,penalty,ils,120,1200000,-46845,True,10,-46555,,1200000
knapsack,uncorrelated,120,4,penalty,ils,120,1200000,-46845,True,11,-46470,,1200000
knapsack,uncorrelated,120,4,penalty,ils,120,1200000,-46845,True,12,-46388,,1200000
knapsack,uncorrelated,120,4,penalty,ils,120,1200000,-46845,True,13,-46434,,1200000
knapsack,uncorrelated,120,4,penalty,ils,120,1200000,-46845,True,14,-46528,,1200000
knapsack,uncorrelated,120,4,penalty,ils,120,1200000,-46845,True,15,-46654,,1200000
knapsack,uncorrelated,120,4,penalty,ils,120,1200000,-46845,True,16,-46629,,1200000
knapsack,uncorrelated,120,4,penalty,ils,120,1200000,-46845,True,17,-46564,,1200000
knapsack,uncorrelated,120,4,penalty,ils,120,1200000,-46845,True,18,-46514,,1200000
knapsack,uncorrelated,120,4,penalty,ils,120,1200000,-46845,True,19,-46730,,1200000
knapsack,uncorrelated,120,4,penalty,ils,120,1200000,-46845,True,20,-46492,,1200000
knapsack,uncorrelated,120,4,penalty,ils,120,1200000,-46845,True,21,-46619,,1200000
knapsack,uncorrelated,120,4,penalty,ils,120,1200000,-46845,True,22,-46440,,1200000
knapsack,uncorrelated,120,4,penalty,ils,120,1200000,-46845,True,23,-46521,,1200000
knapsack,uncorrelated,120,4,penalty,ils,120,1200000,-46845,True,24,-46539,,1200000
knapsack,uncorrelated,120,4,penalty,ils,120,1200000,-46845,True,25,-46499,,1200000
knapsack,uncorrelated,120,4,penalty,ils,120,1200000,-46845,True,26,-46378,,1200000
knapsack,uncorrelated,120,4,penalty,ils,120,1200000,-46845,True,27,-46367,,1200000
knapsack,uncorrelated,120,4,penalty,ils,120,1200000,-46845,True,28,-46641,,1200000
knapsack,uncorrelated,120,4,penalty,ils,120,1200000,-46845,True,29,-46487,,1200000
knapsack,uncorrelated,120,4,penalty,ils,120,1200000,-46845,True,30,-46838,,1200000
knapsack,mstr,30,0,penalty,ils,30,300000,-11835,True,0,-11835,97841,97841
knapsack,mstr,30,0,penalty,ils,30,300000,-11835,True,1,-11835,200942,200942
knapsack,mstr,30,0,penalty,ils,30,300000,-11835,True,2,-11835,208482,208482
knapsack,mstr,30,0,penalty,ils,30,300000,-11835,True,3,-11835,88377,88377
knapsack,mstr,30,0,penalty,ils,30,300000,-11835,True,4,-11829,,300000
knapsack,mstr,30,0,penalty,ils,30,300000,-11835,True,5,-11835,70573,70573
knapsack,mstr,30,0,penalty,ils,30,300000,-11835,True,6,-11835,31167,31167
knapsack,mstr,30,0,penalty,ils,30,300000,-11835,True,7,-11835,121719,121719
knapsack,mstr,30,0,penalty,ils,30,300000,-11835,True,8,-11835,53087,53087
knapsack,mstr,30,0,penalty,ils,30,300000,-11835,True,9,-11835,96148,96148
knapsack,mstr,30,0,penalty,ils,30,300000,-11835,True,10,-11829,,300000
knapsack,mstr,30,0,penalty,ils,30,300000,-11835,True,11,-11835,17595,17595
knapsack,mstr,30,0,penalty,ils,30,300000,-11835,True,12,-11835,78601,78601
knapsack,mstr,30,0,penalty,ils,30,300000,-11835,True,13,-11835,207630,207630
knapsack,mstr,30,0,penalty,ils,30,300000,-11835,True,14,-11835,46912,46912
knapsack,mstr,30,0,penalty,ils,30,300000,-11835,True,15,-11835,56907,56907
knapsack,mstr,30,0,penalty,ils,30,300000,-11835,True,16,-11835,106045,106045
knapsack,mstr,30,0,penalty,ils,30,300000,-11835,True,17,-11835,155341,155341
knapsack,mstr,30,0,penalty,ils,30,300000,-11835,True,18,-11835,62795,62795
knapsack,mstr,30,0,penalty,ils,30,300000,-11835,True,19,-11835,253979,253979
knapsack,mstr,30,0,penalty,ils,30,300000,-11835,True,20,-11835,102145,102145
knapsack,mstr,30,0,penalty,ils,30,300000,-11835,True,21,-11835,31067,31067
knapsack,mstr,30,0,penalty,ils,30,300000,-11835,True,22,-11835,84520,84520
knapsack,mstr,30,0,penalty,ils,30,300000,-11835,True,23,-11835,274570,274570
knapsack,mstr,30,0,penalty,ils,30,300000,-11835,True,24,-11835,62726,62726
knapsack,mstr,30,0,penalty,ils,30,300000,-11835,True,25,-11835,9918,9918
knapsack,mstr,30,0,penalty,ils,30,300000,-11835,True,26,-11835,14863,14863
knapsack,mstr,30,0,penalty,ils,30,300000,-11835,True,27,-11835,106771,106771
knapsack,mstr,30,0,penalty,ils,30,300000,-11835,True,28,-11835,1579,1579
knapsack,mstr,30,0,penalty,ils,30,300000,-11835,True,29,-11835,137531,137531
knapsack,mstr,30,0,penalty,ils,30,300000,-11835,True,30,-11835,25998,25998
knapsack,mstr,30,0,penalty,floor,30,300000,-11835,True,0,-11729,,300000
knapsack,mstr,30,0,penalty,floor,30,300000,-11835,True,1,-11442,,300000
knapsack,mstr,30,0,penalty,floor,30,300000,-11835,True,2,-11582,,300000
knapsack,mstr,30,0,penalty,floor,30,300000,-11835,True,3,-11573,,300000
knapsack,mstr,30,0,penalty,floor,30,300000,-11835,True,4,-11538,,300000
knapsack,mstr,30,0,penalty,floor,30,300000,-11835,True,5,-11576,,300000
knapsack,mstr,30,0,penalty,floor,30,300000,-11835,True,6,-11539,,300000
knapsack,mstr,30,0,penalty,floor,30,300000,-11835,True,7,-11615,,300000
knapsack,mstr,30,0,penalty,floor,30,300000,-11835,True,8,-11623,,300000
knapsack,mstr,30,0,penalty,floor,30,300000,-11835,True,9,-11593,,300000
knapsack,mstr,30,0,penalty,floor,30,300000,-11835,True,10,-11604,,300000
knapsack,mstr,30,0,penalty,floor,30,300000,-11835,True,11,-11529,,300000
knapsack,mstr,30,0,penalty,floor,30,300000,-11835,True,12,-11509,,300000
knapsack,mstr,30,0,penalty,floor,30,300000,-11835,True,13,-11514,,300000
knapsack,mstr,30,0,penalty,floor,30,300000,-11835,True,14,-11590,,300000
knapsack,mstr,30,0,penalty,floor,30,300000,-11835,True,15,-11523,,300000
knapsack,mstr,30,0,penalty,floor,30,300000,-11835,True,16,-11536,,300000
knapsack,mstr,30,0,penalty,floor,30,300000,-11835,True,17,-11530,,300000
knapsack,mstr,30,0,penalty,floor,30,300000,-11835,True,18,-11721,,300000
knapsack,mstr,30,0,penalty,floor,30,300000,-11835,True,19,-11540,,300000
knapsack,mstr,30,0,penalty,floor,30,300000,-11835,True,20,-11617,,300000
knapsack,mstr,30,0,penalty,floor,30,300000,-11835,True,21,-11559,,300000
knapsack,mstr,30,0,penalty,floor,30,300000,-11835,True,22,-11736,,300000
knapsack,mstr,30,0,penalty,floor,30,300000,-11835,True,23,-11674,,300000
knapsack,mstr,30,0,penalty,floor,30,300000,-11835,True,24,-11718,,300000
knapsack,mstr,30,0,penalty,floor,30,300000,-11835,True,25,-11727,,300000
knapsack,mstr,30,0,penalty,floor,30,300000,-11835,True,26,-11501,,300000
knapsack,mstr,30,0,penalty,floor,30,300000,-11835,True,27,-11592,,300000
knapsack,mstr,30,0,penalty,floor,30,300000,-11835,True,28,-11630,,300000
knapsack,mstr,30,0,penalty,floor,30,300000,-11835,True,29,-11546,,300000
knapsack,mstr,30,0,penalty,floor,30,300000,-11835,True,30,-11535,,300000
knapsack,mstr,30,1,penalty,floor,30,300000,-11931,True,0,-11725,,300000
knapsack,mstr,30,1,penalty,floor,30,300000,-11931,True,1,-11732,,300000
knapsack,mstr,30,1,penalty,floor,30,300000,-11931,True,2,-11648,,300000
knapsack,mstr,30,1,penalty,floor,30,300000,-11931,True,3,-11787,,300000
knapsack,mstr,30,1,penalty,floor,30,300000,-11931,True,4,-11929,,300000
knapsack,mstr,30,1,penalty,floor,30,300000,-11931,True,5,-11724,,300000
knapsack,mstr,30,1,penalty,floor,30,300000,-11931,True,6,-11729,,300000
knapsack,mstr,30,1,penalty,floor,30,300000,-11931,True,7,-11717,,300000
knapsack,mstr,30,1,penalty,floor,30,300000,-11931,True,8,-11732,,300000
knapsack,mstr,30,1,penalty,floor,30,300000,-11931,True,9,-11804,,300000
knapsack,mstr,30,1,penalty,floor,30,300000,-11931,True,10,-11732,,300000
knapsack,mstr,30,1,penalty,floor,30,300000,-11931,True,11,-11724,,300000
knapsack,mstr,30,1,penalty,floor,30,300000,-11931,True,12,-11789,,300000
knapsack,mstr,30,1,penalty,floor,30,300000,-11931,True,13,-11821,,300000
knapsack,mstr,30,1,penalty,floor,30,300000,-11931,True,14,-11705,,300000
knapsack,mstr,30,1,penalty,floor,30,300000,-11931,True,15,-11720,,300000
knapsack,mstr,30,1,penalty,floor,30,300000,-11931,True,16,-11728,,300000
knapsack,mstr,30,1,penalty,floor,30,300000,-11931,True,17,-11816,,300000
knapsack,mstr,30,1,penalty,floor,30,300000,-11931,True,18,-11778,,300000
knapsack,mstr,30,1,penalty,floor,30,300000,-11931,True,19,-11728,,300000
knapsack,mstr,30,1,penalty,floor,30,300000,-11931,True,20,-11890,,300000
knapsack,mstr,30,1,penalty,floor,30,300000,-11931,True,21,-11730,,300000
knapsack,mstr,30,1,penalty,floor,30,300000,-11931,True,22,-11635,,300000
knapsack,mstr,30,1,penalty,floor,30,300000,-11931,True,23,-11829,,300000
knapsack,mstr,30,1,penalty,floor,30,300000,-11931,True,24,-11667,,300000
knapsack,mstr,30,1,penalty,floor,30,300000,-11931,True,25,-11789,,300000
knapsack,mstr,30,1,penalty,floor,30,300000,-11931,True,26,-11815,,300000
knapsack,mstr,30,1,penalty,floor,30,300000,-11931,True,27,-11683,,300000
knapsack,mstr,30,1,penalty,floor,30,300000,-11931,True,28,-11930,,300000
knapsack,mstr,30,1,penalty,floor,30,300000,-11931,True,29,-11811,,300000
knapsack,mstr,30,1,penalty,floor,30,300000,-11931,True,30,-11809,,300000
knapsack,mstr,30,1,penalty,ils,30,300000,-11931,True,0,-11930,,300000
knapsack,mstr,30,1,penalty,ils,30,300000,-11931,True,1,-11931,40814,40814
knapsack,mstr,30,1,penalty,ils,30,300000,-11931,True,2,-11931,24721,24721
knapsack,mstr,30,1,penalty,ils,30,300000,-11931,True,3,-11931,81689,81689
knapsack,mstr,30,1,penalty,ils,30,300000,-11931,True,4,-11930,,300000
knapsack,mstr,30,1,penalty,ils,30,300000,-11931,True,5,-11931,227210,227210
knapsack,mstr,30,1,penalty,ils,30,300000,-11931,True,6,-11931,43792,43792
knapsack,mstr,30,1,penalty,ils,30,300000,-11931,True,7,-11930,,300000
knapsack,mstr,30,1,penalty,ils,30,300000,-11931,True,8,-11930,,300000
knapsack,mstr,30,1,penalty,ils,30,300000,-11931,True,9,-11931,276405,276405
knapsack,mstr,30,1,penalty,ils,30,300000,-11931,True,10,-11931,18676,18676
knapsack,mstr,30,1,penalty,ils,30,300000,-11931,True,11,-11931,62714,62714
knapsack,mstr,30,1,penalty,ils,30,300000,-11931,True,12,-11931,36715,36715
knapsack,mstr,30,1,penalty,ils,30,300000,-11931,True,13,-11930,,300000
knapsack,mstr,30,1,penalty,ils,30,300000,-11931,True,14,-11931,11041,11041
knapsack,mstr,30,1,penalty,ils,30,300000,-11931,True,15,-11931,23427,23427
knapsack,mstr,30,1,penalty,ils,30,300000,-11931,True,16,-11930,,300000
knapsack,mstr,30,1,penalty,ils,30,300000,-11931,True,17,-11931,42816,42816
knapsack,mstr,30,1,penalty,ils,30,300000,-11931,True,18,-11931,6319,6319
knapsack,mstr,30,1,penalty,ils,30,300000,-11931,True,19,-11931,21735,21735
knapsack,mstr,30,1,penalty,ils,30,300000,-11931,True,20,-11930,,300000
knapsack,mstr,30,1,penalty,ils,30,300000,-11931,True,21,-11930,,300000
knapsack,mstr,30,1,penalty,ils,30,300000,-11931,True,22,-11931,230733,230733
knapsack,mstr,30,1,penalty,ils,30,300000,-11931,True,23,-11931,26678,26678
knapsack,mstr,30,1,penalty,ils,30,300000,-11931,True,24,-11931,256957,256957
knapsack,mstr,30,1,penalty,ils,30,300000,-11931,True,25,-11931,241429,241429
knapsack,mstr,30,1,penalty,ils,30,300000,-11931,True,26,-11931,118664,118664
knapsack,mstr,30,1,penalty,ils,30,300000,-11931,True,27,-11930,,300000
knapsack,mstr,30,1,penalty,ils,30,300000,-11931,True,28,-11930,,300000
knapsack,mstr,30,1,penalty,ils,30,300000,-11931,True,29,-11930,,300000
knapsack,mstr,30,1,penalty,ils,30,300000,-11931,True,30,-11930,,300000
knapsack,mstr,30,2,penalty,ils,30,300000,-11799,True,0,-11799,66975,66975
knapsack,mstr,30,2,penalty,ils,30,300000,-11799,True,1,-11781,,300000
knapsack,mstr,30,2,penalty,ils,30,300000,-11799,True,2,-11781,,300000
knapsack,mstr,30,2,penalty,ils,30,300000,-11799,True,3,-11799,286682,286682
knapsack,mstr,30,2,penalty,ils,30,300000,-11799,True,4,-11781,,300000
knapsack,mstr,30,2,penalty,ils,30,300000,-11799,True,5,-11799,152951,152951
knapsack,mstr,30,2,penalty,ils,30,300000,-11799,True,6,-11799,222185,222185
knapsack,mstr,30,2,penalty,ils,30,300000,-11799,True,7,-11799,11362,11362
knapsack,mstr,30,2,penalty,ils,30,300000,-11799,True,8,-11799,123487,123487
knapsack,mstr,30,2,penalty,ils,30,300000,-11799,True,9,-11799,259878,259878
knapsack,mstr,30,2,penalty,ils,30,300000,-11799,True,10,-11781,,300000
knapsack,mstr,30,2,penalty,ils,30,300000,-11799,True,11,-11799,297626,297626
knapsack,mstr,30,2,penalty,ils,30,300000,-11799,True,12,-11781,,300000
knapsack,mstr,30,2,penalty,ils,30,300000,-11799,True,13,-11781,,300000
knapsack,mstr,30,2,penalty,ils,30,300000,-11799,True,14,-11799,224754,224754
knapsack,mstr,30,2,penalty,ils,30,300000,-11799,True,15,-11799,50372,50372
knapsack,mstr,30,2,penalty,ils,30,300000,-11799,True,16,-11799,73329,73329
knapsack,mstr,30,2,penalty,ils,30,300000,-11799,True,17,-11781,,300000
knapsack,mstr,30,2,penalty,ils,30,300000,-11799,True,18,-11781,,300000
knapsack,mstr,30,2,penalty,ils,30,300000,-11799,True,19,-11799,228799,228799
knapsack,mstr,30,2,penalty,ils,30,300000,-11799,True,20,-11781,,300000
knapsack,mstr,30,2,penalty,ils,30,300000,-11799,True,21,-11799,52150,52150
knapsack,mstr,30,2,penalty,ils,30,300000,-11799,True,22,-11799,55619,55619
knapsack,mstr,30,2,penalty,ils,30,300000,-11799,True,23,-11781,,300000
knapsack,mstr,30,2,penalty,ils,30,300000,-11799,True,24,-11799,11052,11052
knapsack,mstr,30,2,penalty,ils,30,300000,-11799,True,25,-11799,17594,17594
knapsack,mstr,30,2,penalty,ils,30,300000,-11799,True,26,-11781,,300000
knapsack,mstr,30,2,penalty,ils,30,300000,-11799,True,27,-11799,15556,15556
knapsack,mstr,30,2,penalty,ils,30,300000,-11799,True,28,-11799,219755,219755
knapsack,mstr,30,2,penalty,ils,30,300000,-11799,True,29,-11799,47953,47953
knapsack,mstr,30,2,penalty,ils,30,300000,-11799,True,30,-11799,2842,2842
knapsack,inverse,80,0,penalty,ils,80,800000,-21739,True,0,-21639,,800000
knapsack,inverse,80,0,penalty,ils,80,800000,-21739,True,1,-21639,,800000
knapsack,inverse,80,0,penalty,ils,80,800000,-21739,True,2,-21639,,800000
knapsack,inverse,80,0,penalty,ils,80,800000,-21739,True,3,-21721,,800000
knapsack,inverse,80,0,penalty,ils,80,800000,-21739,True,4,-21726,,800000
knapsack,inverse,80,0,penalty,ils,80,800000,-21739,True,5,-21636,,800000
knapsack,inverse,80,0,penalty,ils,80,800000,-21739,True,6,-21733,,800000
knapsack,inverse,80,0,penalty,ils,80,800000,-21739,True,7,-21637,,800000
knapsack,inverse,80,0,penalty,ils,80,800000,-21739,True,8,-21639,,800000
knapsack,inverse,80,0,penalty,ils,80,800000,-21739,True,9,-21739,422480,422480
knapsack,inverse,80,0,penalty,ils,80,800000,-21739,True,10,-21737,,800000
knapsack,inverse,80,0,penalty,ils,80,800000,-21739,True,11,-21639,,800000
knapsack,inverse,80,0,penalty,ils,80,800000,-21739,True,12,-21638,,800000
knapsack,inverse,80,0,penalty,ils,80,800000,-21739,True,13,-21736,,800000
knapsack,inverse,80,0,penalty,ils,80,800000,-21739,True,14,-21637,,800000
knapsack,inverse,80,0,penalty,ils,80,800000,-21739,True,15,-21638,,800000
knapsack,inverse,80,0,penalty,ils,80,800000,-21739,True,16,-21639,,800000
knapsack,inverse,80,0,penalty,ils,80,800000,-21739,True,17,-21636,,800000
knapsack,inverse,80,0,penalty,ils,80,800000,-21739,True,18,-21639,,800000
knapsack,inverse,80,0,penalty,ils,80,800000,-21739,True,19,-21638,,800000
knapsack,inverse,80,0,penalty,ils,80,800000,-21739,True,20,-21639,,800000
knapsack,inverse,80,0,penalty,ils,80,800000,-21739,True,21,-21736,,800000
knapsack,inverse,80,0,penalty,ils,80,800000,-21739,True,22,-21639,,800000
knapsack,inverse,80,0,penalty,ils,80,800000,-21739,True,23,-21638,,800000
knapsack,inverse,80,0,penalty,ils,80,800000,-21739,True,24,-21735,,800000
knapsack,inverse,80,0,penalty,ils,80,800000,-21739,True,25,-21638,,800000
knapsack,inverse,80,0,penalty,ils,80,800000,-21739,True,26,-21636,,800000
knapsack,inverse,80,0,penalty,ils,80,800000,-21739,True,27,-21539,,800000
knapsack,inverse,80,0,penalty,ils,80,800000,-21739,True,28,-21738,,800000
knapsack,inverse,80,0,penalty,ils,80,800000,-21739,True,29,-21639,,800000
knapsack,inverse,80,0,penalty,ils,80,800000,-21739,True,30,-21638,,800000
knapsack,mstr,30,2,penalty,floor,30,300000,-11799,True,0,-11425,,300000
knapsack,mstr,30,2,penalty,floor,30,300000,-11799,True,1,-11563,,300000
knapsack,mstr,30,2,penalty,floor,30,300000,-11799,True,2,-11540,,300000
knapsack,mstr,30,2,penalty,floor,30,300000,-11799,True,3,-11499,,300000
knapsack,mstr,30,2,penalty,floor,30,300000,-11799,True,4,-11499,,300000
knapsack,mstr,30,2,penalty,floor,30,300000,-11799,True,5,-11452,,300000
knapsack,mstr,30,2,penalty,floor,30,300000,-11799,True,6,-11594,,300000
knapsack,mstr,30,2,penalty,floor,30,300000,-11799,True,7,-11532,,300000
knapsack,mstr,30,2,penalty,floor,30,300000,-11799,True,8,-11488,,300000
knapsack,mstr,30,2,penalty,floor,30,300000,-11799,True,9,-11496,,300000
knapsack,mstr,30,2,penalty,floor,30,300000,-11799,True,10,-11589,,300000
knapsack,mstr,30,2,penalty,floor,30,300000,-11799,True,11,-11663,,300000
knapsack,mstr,30,2,penalty,floor,30,300000,-11799,True,12,-11488,,300000
knapsack,mstr,30,2,penalty,floor,30,300000,-11799,True,13,-11481,,300000
knapsack,mstr,30,2,penalty,floor,30,300000,-11799,True,14,-11559,,300000
knapsack,mstr,30,2,penalty,floor,30,300000,-11799,True,15,-11559,,300000
knapsack,mstr,30,2,penalty,floor,30,300000,-11799,True,16,-11634,,300000
knapsack,mstr,30,2,penalty,floor,30,300000,-11799,True,17,-11761,,300000
knapsack,mstr,30,2,penalty,floor,30,300000,-11799,True,18,-11388,,300000
knapsack,mstr,30,2,penalty,floor,30,300000,-11799,True,19,-11499,,300000
knapsack,mstr,30,2,penalty,floor,30,300000,-11799,True,20,-11594,,300000
knapsack,mstr,30,2,penalty,floor,30,300000,-11799,True,21,-11657,,300000
knapsack,mstr,30,2,penalty,floor,30,300000,-11799,True,22,-11497,,300000
knapsack,mstr,30,2,penalty,floor,30,300000,-11799,True,23,-11577,,300000
knapsack,mstr,30,2,penalty,floor,30,300000,-11799,True,24,-11589,,300000
knapsack,mstr,30,2,penalty,floor,30,300000,-11799,True,25,-11585,,300000
knapsack,mstr,30,2,penalty,floor,30,300000,-11799,True,26,-11398,,300000
knapsack,mstr,30,2,penalty,floor,30,300000,-11799,True,27,-11559,,300000
knapsack,mstr,30,2,penalty,floor,30,300000,-11799,True,28,-11467,,300000
knapsack,mstr,30,2,penalty,floor,30,300000,-11799,True,29,-11611,,300000
knapsack,mstr,30,2,penalty,floor,30,300000,-11799,True,30,-11499,,300000
knapsack,inverse,80,0,penalty,floor,80,800000,-21739,True,0,-21124,,800000
knapsack,inverse,80,0,penalty,floor,80,800000,-21739,True,1,-21037,,800000
knapsack,inverse,80,0,penalty,floor,80,800000,-21739,True,2,-21139,,800000
knapsack,inverse,80,0,penalty,floor,80,800000,-21739,True,3,-21081,,800000
knapsack,inverse,80,0,penalty,floor,80,800000,-21739,True,4,-21139,,800000
knapsack,inverse,80,0,penalty,floor,80,800000,-21739,True,5,-21100,,800000
knapsack,inverse,80,0,penalty,floor,80,800000,-21739,True,6,-21111,,800000
knapsack,inverse,80,0,penalty,floor,80,800000,-21739,True,7,-21123,,800000
knapsack,inverse,80,0,penalty,floor,80,800000,-21739,True,8,-21138,,800000
knapsack,inverse,80,0,penalty,floor,80,800000,-21739,True,9,-21037,,800000
knapsack,inverse,80,0,penalty,floor,80,800000,-21739,True,10,-21177,,800000
knapsack,inverse,80,0,penalty,floor,80,800000,-21739,True,11,-21133,,800000
knapsack,inverse,80,0,penalty,floor,80,800000,-21739,True,12,-21206,,800000
knapsack,inverse,80,0,penalty,floor,80,800000,-21739,True,13,-21121,,800000
knapsack,inverse,80,0,penalty,floor,80,800000,-21739,True,14,-21138,,800000
knapsack,inverse,80,0,penalty,floor,80,800000,-21739,True,15,-21123,,800000
knapsack,inverse,80,0,penalty,floor,80,800000,-21739,True,16,-21224,,800000
knapsack,inverse,80,0,penalty,floor,80,800000,-21739,True,17,-21039,,800000
knapsack,inverse,80,0,penalty,floor,80,800000,-21739,True,18,-21038,,800000
knapsack,inverse,80,0,penalty,floor,80,800000,-21739,True,19,-21130,,800000
knapsack,inverse,80,0,penalty,floor,80,800000,-21739,True,20,-21127,,800000
knapsack,inverse,80,0,penalty,floor,80,800000,-21739,True,21,-21135,,800000
knapsack,inverse,80,0,penalty,floor,80,800000,-21739,True,22,-21237,,800000
knapsack,inverse,80,0,penalty,floor,80,800000,-21739,True,23,-21039,,800000
knapsack,inverse,80,0,penalty,floor,80,800000,-21739,True,24,-21120,,800000
knapsack,inverse,80,0,penalty,floor,80,800000,-21739,True,25,-21039,,800000
knapsack,inverse,80,0,penalty,floor,80,800000,-21739,True,26,-21130,,800000
knapsack,inverse,80,0,penalty,floor,80,800000,-21739,True,27,-21111,,800000
knapsack,inverse,80,0,penalty,floor,80,800000,-21739,True,28,-21137,,800000
knapsack,inverse,80,0,penalty,floor,80,800000,-21739,True,29,-21194,,800000
knapsack,inverse,80,0,penalty,floor,80,800000,-21739,True,30,-21135,,800000
knapsack,mstr,30,3,penalty,ils,30,300000,-12687,True,0,-12687,236176,236176
knapsack,mstr,30,3,penalty,ils,30,300000,-12687,True,1,-12685,,300000
knapsack,mstr,30,3,penalty,ils,30,300000,-12687,True,2,-12685,,300000
knapsack,mstr,30,3,penalty,ils,30,300000,-12687,True,3,-12685,,300000
knapsack,mstr,30,3,penalty,ils,30,300000,-12687,True,4,-12686,,300000
knapsack,mstr,30,3,penalty,ils,30,300000,-12687,True,5,-12687,98754,98754
knapsack,mstr,30,3,penalty,ils,30,300000,-12687,True,6,-12687,88386,88386
knapsack,mstr,30,3,penalty,ils,30,300000,-12687,True,7,-12687,109204,109204
knapsack,mstr,30,3,penalty,ils,30,300000,-12687,True,8,-12686,,300000
knapsack,mstr,30,3,penalty,ils,30,300000,-12687,True,9,-12687,253205,253205
knapsack,mstr,30,3,penalty,ils,30,300000,-12687,True,10,-12687,31616,31616
knapsack,mstr,30,3,penalty,ils,30,300000,-12687,True,11,-12687,257760,257760
knapsack,mstr,30,3,penalty,ils,30,300000,-12687,True,12,-12686,,300000
knapsack,mstr,30,3,penalty,ils,30,300000,-12687,True,13,-12686,,300000
knapsack,mstr,30,3,penalty,ils,30,300000,-12687,True,14,-12686,,300000
knapsack,mstr,30,3,penalty,ils,30,300000,-12687,True,15,-12686,,300000
knapsack,mstr,30,3,penalty,ils,30,300000,-12687,True,16,-12687,299262,299262
knapsack,mstr,30,3,penalty,ils,30,300000,-12687,True,17,-12687,8614,8614
knapsack,mstr,30,3,penalty,ils,30,300000,-12687,True,18,-12686,,300000
knapsack,mstr,30,3,penalty,ils,30,300000,-12687,True,19,-12686,,300000
knapsack,mstr,30,3,penalty,ils,30,300000,-12687,True,20,-12686,,300000
knapsack,mstr,30,3,penalty,ils,30,300000,-12687,True,21,-12685,,300000
knapsack,mstr,30,3,penalty,ils,30,300000,-12687,True,22,-12686,,300000
knapsack,mstr,30,3,penalty,ils,30,300000,-12687,True,23,-12687,9129,9129
knapsack,mstr,30,3,penalty,ils,30,300000,-12687,True,24,-12686,,300000
knapsack,mstr,30,3,penalty,ils,30,300000,-12687,True,25,-12687,80895,80895
knapsack,mstr,30,3,penalty,ils,30,300000,-12687,True,26,-12686,,300000
knapsack,mstr,30,3,penalty,ils,30,300000,-12687,True,27,-12685,,300000
knapsack,mstr,30,3,penalty,ils,30,300000,-12687,True,28,-12686,,300000
knapsack,mstr,30,3,penalty,ils,30,300000,-12687,True,29,-12687,194094,194094
knapsack,mstr,30,3,penalty,ils,30,300000,-12687,True,30,-12686,,300000
knapsack,mstr,30,3,penalty,floor,30,300000,-12687,True,0,-12643,,300000
knapsack,mstr,30,3,penalty,floor,30,300000,-12687,True,1,-12622,,300000
knapsack,mstr,30,3,penalty,floor,30,300000,-12687,True,2,-12604,,300000
knapsack,mstr,30,3,penalty,floor,30,300000,-12687,True,3,-12656,,300000
knapsack,mstr,30,3,penalty,floor,30,300000,-12687,True,4,-12657,,300000
knapsack,mstr,30,3,penalty,floor,30,300000,-12687,True,5,-12611,,300000
knapsack,mstr,30,3,penalty,floor,30,300000,-12687,True,6,-12685,,300000
knapsack,mstr,30,3,penalty,floor,30,300000,-12687,True,7,-12481,,300000
knapsack,mstr,30,3,penalty,floor,30,300000,-12687,True,8,-12480,,300000
knapsack,mstr,30,3,penalty,floor,30,300000,-12687,True,9,-12644,,300000
knapsack,mstr,30,3,penalty,floor,30,300000,-12687,True,10,-12565,,300000
knapsack,mstr,30,3,penalty,floor,30,300000,-12687,True,11,-12684,,300000
knapsack,mstr,30,3,penalty,floor,30,300000,-12687,True,12,-12685,,300000
knapsack,mstr,30,3,penalty,floor,30,300000,-12687,True,13,-12686,,300000
knapsack,mstr,30,3,penalty,floor,30,300000,-12687,True,14,-12669,,300000
knapsack,mstr,30,3,penalty,floor,30,300000,-12687,True,15,-12639,,300000
knapsack,mstr,30,3,penalty,floor,30,300000,-12687,True,16,-12584,,300000
knapsack,mstr,30,3,penalty,floor,30,300000,-12687,True,17,-12599,,300000
knapsack,mstr,30,3,penalty,floor,30,300000,-12687,True,18,-12582,,300000
knapsack,mstr,30,3,penalty,floor,30,300000,-12687,True,19,-12676,,300000
knapsack,mstr,30,3,penalty,floor,30,300000,-12687,True,20,-12685,,300000
knapsack,mstr,30,3,penalty,floor,30,300000,-12687,True,21,-12669,,300000
knapsack,mstr,30,3,penalty,floor,30,300000,-12687,True,22,-12579,,300000
knapsack,mstr,30,3,penalty,floor,30,300000,-12687,True,23,-12684,,300000
knapsack,mstr,30,3,penalty,floor,30,300000,-12687,True,24,-12513,,300000
knapsack,mstr,30,3,penalty,floor,30,300000,-12687,True,25,-12565,,300000
knapsack,mstr,30,3,penalty,floor,30,300000,-12687,True,26,-12632,,300000
knapsack,mstr,30,3,penalty,floor,30,300000,-12687,True,27,-12580,,300000
knapsack,mstr,30,3,penalty,floor,30,300000,-12687,True,28,-12669,,300000
knapsack,mstr,30,3,penalty,floor,30,300000,-12687,True,29,-12656,,300000
knapsack,mstr,30,3,penalty,floor,30,300000,-12687,True,30,-12668,,300000
knapsack,mstr,30,4,penalty,ils,30,300000,-11839,True,0,-11838,,300000
knapsack,mstr,30,4,penalty,ils,30,300000,-11839,True,1,-11839,39755,39755
knapsack,mstr,30,4,penalty,ils,30,300000,-11839,True,2,-11839,35393,35393
knapsack,mstr,30,4,penalty,ils,30,300000,-11839,True,3,-11839,252748,252748
knapsack,mstr,30,4,penalty,ils,30,300000,-11839,True,4,-11839,134579,134579
knapsack,mstr,30,4,penalty,ils,30,300000,-11839,True,5,-11839,88232,88232
knapsack,mstr,30,4,penalty,ils,30,300000,-11839,True,6,-11839,266620,266620
knapsack,mstr,30,4,penalty,ils,30,300000,-11839,True,7,-11839,207101,207101
knapsack,mstr,30,4,penalty,ils,30,300000,-11839,True,8,-11839,51157,51157
knapsack,mstr,30,4,penalty,ils,30,300000,-11839,True,9,-11839,48022,48022
knapsack,mstr,30,4,penalty,ils,30,300000,-11839,True,10,-11839,48105,48105
knapsack,mstr,30,4,penalty,ils,30,300000,-11839,True,11,-11839,230837,230837
knapsack,mstr,30,4,penalty,ils,30,300000,-11839,True,12,-11839,14752,14752
knapsack,mstr,30,4,penalty,ils,30,300000,-11839,True,13,-11839,16479,16479
knapsack,mstr,30,4,penalty,ils,30,300000,-11839,True,14,-11839,238003,238003
knapsack,mstr,30,4,penalty,ils,30,300000,-11839,True,15,-11839,121671,121671
knapsack,mstr,30,4,penalty,ils,30,300000,-11839,True,16,-11839,223701,223701
knapsack,mstr,30,4,penalty,ils,30,300000,-11839,True,17,-11838,,300000
knapsack,mstr,30,4,penalty,ils,30,300000,-11839,True,18,-11838,,300000
knapsack,mstr,30,4,penalty,ils,30,300000,-11839,True,19,-11839,23854,23854
knapsack,mstr,30,4,penalty,ils,30,300000,-11839,True,20,-11839,254890,254890
knapsack,mstr,30,4,penalty,ils,30,300000,-11839,True,21,-11839,72117,72117
knapsack,mstr,30,4,penalty,ils,30,300000,-11839,True,22,-11839,5255,5255
knapsack,mstr,30,4,penalty,ils,30,300000,-11839,True,23,-11839,214027,214027
knapsack,mstr,30,4,penalty,ils,30,300000,-11839,True,24,-11839,116951,116951
knapsack,mstr,30,4,penalty,ils,30,300000,-11839,True,25,-11839,157434,157434
knapsack,mstr,30,4,penalty,ils,30,300000,-11839,True,26,-11839,259152,259152
knapsack,mstr,30,4,penalty,ils,30,300000,-11839,True,27,-11839,11685,11685
knapsack,mstr,30,4,penalty,ils,30,300000,-11839,True,28,-11839,233744,233744
knapsack,mstr,30,4,penalty,ils,30,300000,-11839,True,29,-11839,65192,65192
knapsack,mstr,30,4,penalty,ils,30,300000,-11839,True,30,-11838,,300000
knapsack,strongly,120,0,penalty,floor,120,1200000,-36951,True,0,-35640,,1200000
knapsack,strongly,120,0,penalty,floor,120,1200000,-36951,True,1,-35647,,1200000
knapsack,strongly,120,0,penalty,floor,120,1200000,-36951,True,2,-35641,,1200000
knapsack,strongly,120,0,penalty,floor,120,1200000,-36951,True,3,-35549,,1200000
knapsack,strongly,120,0,penalty,floor,120,1200000,-36951,True,4,-35615,,1200000
knapsack,strongly,120,0,penalty,floor,120,1200000,-36951,True,5,-35446,,1200000
knapsack,strongly,120,0,penalty,floor,120,1200000,-36951,True,6,-35463,,1200000
knapsack,strongly,120,0,penalty,floor,120,1200000,-36951,True,7,-35548,,1200000
knapsack,strongly,120,0,penalty,floor,120,1200000,-36951,True,8,-35451,,1200000
knapsack,strongly,120,0,penalty,floor,120,1200000,-36951,True,9,-35439,,1200000
knapsack,strongly,120,0,penalty,floor,120,1200000,-36951,True,10,-35551,,1200000
knapsack,strongly,120,0,penalty,floor,120,1200000,-36951,True,11,-35450,,1200000
knapsack,strongly,120,0,penalty,floor,120,1200000,-36951,True,12,-35444,,1200000
knapsack,strongly,120,0,penalty,floor,120,1200000,-36951,True,13,-35449,,1200000
knapsack,strongly,120,0,penalty,floor,120,1200000,-36951,True,14,-35645,,1200000
knapsack,strongly,120,0,penalty,floor,120,1200000,-36951,True,15,-35551,,1200000
knapsack,strongly,120,0,penalty,floor,120,1200000,-36951,True,16,-35346,,1200000
knapsack,strongly,120,0,penalty,floor,120,1200000,-36951,True,17,-35651,,1200000
knapsack,strongly,120,0,penalty,floor,120,1200000,-36951,True,18,-35551,,1200000
knapsack,strongly,120,0,penalty,floor,120,1200000,-36951,True,19,-35633,,1200000
knapsack,strongly,120,0,penalty,floor,120,1200000,-36951,True,20,-35448,,1200000
knapsack,strongly,120,0,penalty,floor,120,1200000,-36951,True,21,-35638,,1200000
knapsack,strongly,120,0,penalty,floor,120,1200000,-36951,True,22,-35546,,1200000
knapsack,strongly,120,0,penalty,floor,120,1200000,-36951,True,23,-35548,,1200000
knapsack,strongly,120,0,penalty,floor,120,1200000,-36951,True,24,-35743,,1200000
knapsack,strongly,120,0,penalty,floor,120,1200000,-36951,True,25,-35439,,1200000
knapsack,strongly,120,0,penalty,floor,120,1200000,-36951,True,26,-35539,,1200000
knapsack,strongly,120,0,penalty,floor,120,1200000,-36951,True,27,-35651,,1200000
knapsack,strongly,120,0,penalty,floor,120,1200000,-36951,True,28,-35351,,1200000
knapsack,strongly,120,0,penalty,floor,120,1200000,-36951,True,29,-35547,,1200000
knapsack,strongly,120,0,penalty,floor,120,1200000,-36951,True,30,-35551,,1200000
knapsack,inverse,80,1,penalty,ils,80,800000,-20707,True,0,-20649,,800000
knapsack,inverse,80,1,penalty,ils,80,800000,-20707,True,1,-20687,,800000
knapsack,inverse,80,1,penalty,ils,80,800000,-20707,True,2,-20607,,800000
knapsack,inverse,80,1,penalty,ils,80,800000,-20707,True,3,-20607,,800000
knapsack,inverse,80,1,penalty,ils,80,800000,-20707,True,4,-20607,,800000
knapsack,inverse,80,1,penalty,ils,80,800000,-20707,True,5,-20605,,800000
knapsack,inverse,80,1,penalty,ils,80,800000,-20707,True,6,-20606,,800000
knapsack,inverse,80,1,penalty,ils,80,800000,-20707,True,7,-20705,,800000
knapsack,inverse,80,1,penalty,ils,80,800000,-20707,True,8,-20706,,800000
knapsack,inverse,80,1,penalty,ils,80,800000,-20707,True,9,-20605,,800000
knapsack,inverse,80,1,penalty,ils,80,800000,-20707,True,10,-20606,,800000
knapsack,inverse,80,1,penalty,ils,80,800000,-20707,True,11,-20506,,800000
knapsack,inverse,80,1,penalty,ils,80,800000,-20707,True,12,-20607,,800000
knapsack,inverse,80,1,penalty,ils,80,800000,-20707,True,13,-20607,,800000
knapsack,inverse,80,1,penalty,ils,80,800000,-20707,True,14,-20607,,800000
knapsack,inverse,80,1,penalty,ils,80,800000,-20707,True,15,-20604,,800000
knapsack,inverse,80,1,penalty,ils,80,800000,-20707,True,16,-20691,,800000
knapsack,inverse,80,1,penalty,ils,80,800000,-20707,True,17,-20604,,800000
knapsack,inverse,80,1,penalty,ils,80,800000,-20707,True,18,-20607,,800000
knapsack,inverse,80,1,penalty,ils,80,800000,-20707,True,19,-20606,,800000
knapsack,inverse,80,1,penalty,ils,80,800000,-20707,True,20,-20607,,800000
knapsack,inverse,80,1,penalty,ils,80,800000,-20707,True,21,-20506,,800000
knapsack,inverse,80,1,penalty,ils,80,800000,-20707,True,22,-20704,,800000
knapsack,inverse,80,1,penalty,ils,80,800000,-20707,True,23,-20607,,800000
knapsack,inverse,80,1,penalty,ils,80,800000,-20707,True,24,-20607,,800000
knapsack,inverse,80,1,penalty,ils,80,800000,-20707,True,25,-20605,,800000
knapsack,inverse,80,1,penalty,ils,80,800000,-20707,True,26,-20606,,800000
knapsack,inverse,80,1,penalty,ils,80,800000,-20707,True,27,-20607,,800000
knapsack,inverse,80,1,penalty,ils,80,800000,-20707,True,28,-20607,,800000
knapsack,inverse,80,1,penalty,ils,80,800000,-20707,True,29,-20607,,800000
knapsack,inverse,80,1,penalty,ils,80,800000,-20707,True,30,-20606,,800000
knapsack,mstr,30,4,penalty,floor,30,300000,-11839,True,0,-11633,,300000
knapsack,mstr,30,4,penalty,floor,30,300000,-11839,True,1,-11604,,300000
knapsack,mstr,30,4,penalty,floor,30,300000,-11839,True,2,-11739,,300000
knapsack,mstr,30,4,penalty,floor,30,300000,-11839,True,3,-11637,,300000
knapsack,mstr,30,4,penalty,floor,30,300000,-11839,True,4,-11631,,300000
knapsack,mstr,30,4,penalty,floor,30,300000,-11839,True,5,-11636,,300000
knapsack,mstr,30,4,penalty,floor,30,300000,-11839,True,6,-11837,,300000
knapsack,mstr,30,4,penalty,floor,30,300000,-11839,True,7,-11785,,300000
knapsack,mstr,30,4,penalty,floor,30,300000,-11839,True,8,-11584,,300000
knapsack,mstr,30,4,penalty,floor,30,300000,-11839,True,9,-11636,,300000
knapsack,mstr,30,4,penalty,floor,30,300000,-11839,True,10,-11634,,300000
knapsack,mstr,30,4,penalty,floor,30,300000,-11839,True,11,-11636,,300000
knapsack,mstr,30,4,penalty,floor,30,300000,-11839,True,12,-11635,,300000
knapsack,mstr,30,4,penalty,floor,30,300000,-11839,True,13,-11802,,300000
knapsack,mstr,30,4,penalty,floor,30,300000,-11839,True,14,-11806,,300000
knapsack,mstr,30,4,penalty,floor,30,300000,-11839,True,15,-11697,,300000
knapsack,mstr,30,4,penalty,floor,30,300000,-11839,True,16,-11637,,300000
knapsack,mstr,30,4,penalty,floor,30,300000,-11839,True,17,-11635,,300000
knapsack,mstr,30,4,penalty,floor,30,300000,-11839,True,18,-11721,,300000
knapsack,mstr,30,4,penalty,floor,30,300000,-11839,True,19,-11602,,300000
knapsack,mstr,30,4,penalty,floor,30,300000,-11839,True,20,-11627,,300000
knapsack,mstr,30,4,penalty,floor,30,300000,-11839,True,21,-11629,,300000
knapsack,mstr,30,4,penalty,floor,30,300000,-11839,True,22,-11602,,300000
knapsack,mstr,30,4,penalty,floor,30,300000,-11839,True,23,-11711,,300000
knapsack,mstr,30,4,penalty,floor,30,300000,-11839,True,24,-11731,,300000
knapsack,mstr,30,4,penalty,floor,30,300000,-11839,True,25,-11638,,300000
knapsack,mstr,30,4,penalty,floor,30,300000,-11839,True,26,-11615,,300000
knapsack,mstr,30,4,penalty,floor,30,300000,-11839,True,27,-11701,,300000
knapsack,mstr,30,4,penalty,floor,30,300000,-11839,True,28,-11636,,300000
knapsack,mstr,30,4,penalty,floor,30,300000,-11839,True,29,-11689,,300000
knapsack,mstr,30,4,penalty,floor,30,300000,-11839,True,30,-11635,,300000
knapsack,inverse,80,1,penalty,floor,80,800000,-20707,True,0,-20007,,800000
knapsack,inverse,80,1,penalty,floor,80,800000,-20707,True,1,-19998,,800000
knapsack,inverse,80,1,penalty,floor,80,800000,-20707,True,2,-20194,,800000
knapsack,inverse,80,1,penalty,floor,80,800000,-20707,True,3,-19901,,800000
knapsack,inverse,80,1,penalty,floor,80,800000,-20707,True,4,-20093,,800000
knapsack,inverse,80,1,penalty,floor,80,800000,-20707,True,5,-19972,,800000
knapsack,inverse,80,1,penalty,floor,80,800000,-20707,True,6,-20006,,800000
knapsack,inverse,80,1,penalty,floor,80,800000,-20707,True,7,-20004,,800000
knapsack,inverse,80,1,penalty,floor,80,800000,-20707,True,8,-19989,,800000
knapsack,inverse,80,1,penalty,floor,80,800000,-20707,True,9,-19994,,800000
knapsack,inverse,80,1,penalty,floor,80,800000,-20707,True,10,-20105,,800000
knapsack,inverse,80,1,penalty,floor,80,800000,-20707,True,11,-20007,,800000
knapsack,inverse,80,1,penalty,floor,80,800000,-20707,True,12,-20196,,800000
knapsack,inverse,80,1,penalty,floor,80,800000,-20707,True,13,-20004,,800000
knapsack,inverse,80,1,penalty,floor,80,800000,-20707,True,14,-20104,,800000
knapsack,inverse,80,1,penalty,floor,80,800000,-20707,True,15,-19971,,800000
knapsack,inverse,80,1,penalty,floor,80,800000,-20707,True,16,-19998,,800000
knapsack,inverse,80,1,penalty,floor,80,800000,-20707,True,17,-19907,,800000
knapsack,inverse,80,1,penalty,floor,80,800000,-20707,True,18,-20106,,800000
knapsack,inverse,80,1,penalty,floor,80,800000,-20707,True,19,-19995,,800000
knapsack,inverse,80,1,penalty,floor,80,800000,-20707,True,20,-20102,,800000
knapsack,inverse,80,1,penalty,floor,80,800000,-20707,True,21,-20082,,800000
knapsack,inverse,80,1,penalty,floor,80,800000,-20707,True,22,-19903,,800000
knapsack,inverse,80,1,penalty,floor,80,800000,-20707,True,23,-19998,,800000
knapsack,inverse,80,1,penalty,floor,80,800000,-20707,True,24,-19905,,800000
knapsack,inverse,80,1,penalty,floor,80,800000,-20707,True,25,-19997,,800000
knapsack,inverse,80,1,penalty,floor,80,800000,-20707,True,26,-20005,,800000
knapsack,inverse,80,1,penalty,floor,80,800000,-20707,True,27,-19998,,800000
knapsack,inverse,80,1,penalty,floor,80,800000,-20707,True,28,-19991,,800000
knapsack,inverse,80,1,penalty,floor,80,800000,-20707,True,29,-20005,,800000
knapsack,inverse,80,1,penalty,floor,80,800000,-20707,True,30,-19979,,800000
knapsack,strongly,120,0,penalty,ils,120,1200000,-36951,True,0,-36851,,1200000
knapsack,strongly,120,0,penalty,ils,120,1200000,-36951,True,1,-36951,678464,678464
knapsack,strongly,120,0,penalty,ils,120,1200000,-36951,True,2,-36949,,1200000
knapsack,strongly,120,0,penalty,ils,120,1200000,-36951,True,3,-36951,659933,659933
knapsack,strongly,120,0,penalty,ils,120,1200000,-36951,True,4,-36851,,1200000
knapsack,strongly,120,0,penalty,ils,120,1200000,-36951,True,5,-36851,,1200000
knapsack,strongly,120,0,penalty,ils,120,1200000,-36951,True,6,-36851,,1200000
knapsack,strongly,120,0,penalty,ils,120,1200000,-36951,True,7,-36950,,1200000
knapsack,strongly,120,0,penalty,ils,120,1200000,-36951,True,8,-36851,,1200000
knapsack,strongly,120,0,penalty,ils,120,1200000,-36951,True,9,-36951,449632,449632
knapsack,strongly,120,0,penalty,ils,120,1200000,-36951,True,10,-36934,,1200000
knapsack,strongly,120,0,penalty,ils,120,1200000,-36951,True,11,-36947,,1200000
knapsack,strongly,120,0,penalty,ils,120,1200000,-36951,True,12,-36851,,1200000
knapsack,strongly,120,0,penalty,ils,120,1200000,-36951,True,13,-36850,,1200000
knapsack,strongly,120,0,penalty,ils,120,1200000,-36951,True,14,-36950,,1200000
knapsack,strongly,120,0,penalty,ils,120,1200000,-36951,True,15,-36851,,1200000
knapsack,strongly,120,0,penalty,ils,120,1200000,-36951,True,16,-36851,,1200000
knapsack,strongly,120,0,penalty,ils,120,1200000,-36951,True,17,-36851,,1200000
knapsack,strongly,120,0,penalty,ils,120,1200000,-36951,True,18,-36951,928072,928072
knapsack,strongly,120,0,penalty,ils,120,1200000,-36951,True,19,-36851,,1200000
knapsack,strongly,120,0,penalty,ils,120,1200000,-36951,True,20,-36851,,1200000
knapsack,strongly,120,0,penalty,ils,120,1200000,-36951,True,21,-36751,,1200000
knapsack,strongly,120,0,penalty,ils,120,1200000,-36951,True,22,-36851,,1200000
knapsack,strongly,120,0,penalty,ils,120,1200000,-36951,True,23,-36751,,1200000
knapsack,strongly,120,0,penalty,ils,120,1200000,-36951,True,24,-36851,,1200000
knapsack,strongly,120,0,penalty,ils,120,1200000,-36951,True,25,-36851,,1200000
knapsack,strongly,120,0,penalty,ils,120,1200000,-36951,True,26,-36951,483422,483422
knapsack,strongly,120,0,penalty,ils,120,1200000,-36951,True,27,-36951,1059411,1059411
knapsack,strongly,120,0,penalty,ils,120,1200000,-36951,True,28,-36849,,1200000
knapsack,strongly,120,0,penalty,ils,120,1200000,-36951,True,29,-36851,,1200000
knapsack,strongly,120,0,penalty,ils,120,1200000,-36951,True,30,-36950,,1200000
knapsack,inverse,80,2,penalty,floor,80,800000,-21773,True,0,-21057,,800000
knapsack,inverse,80,2,penalty,floor,80,800000,-21773,True,1,-21048,,800000
knapsack,inverse,80,2,penalty,floor,80,800000,-21773,True,2,-21148,,800000
knapsack,inverse,80,2,penalty,floor,80,800000,-21773,True,3,-21037,,800000
knapsack,inverse,80,2,penalty,floor,80,800000,-21773,True,4,-21056,,800000
knapsack,inverse,80,2,penalty,floor,80,800000,-21773,True,5,-21059,,800000
knapsack,inverse,80,2,penalty,floor,80,800000,-21773,True,6,-21149,,800000
knapsack,inverse,80,2,penalty,floor,80,800000,-21773,True,7,-21090,,800000
knapsack,inverse,80,2,penalty,floor,80,800000,-21773,True,8,-21158,,800000
knapsack,inverse,80,2,penalty,floor,80,800000,-21773,True,9,-21058,,800000
knapsack,inverse,80,2,penalty,floor,80,800000,-21773,True,10,-21147,,800000
knapsack,inverse,80,2,penalty,floor,80,800000,-21773,True,11,-21057,,800000
knapsack,inverse,80,2,penalty,floor,80,800000,-21773,True,12,-21156,,800000
knapsack,inverse,80,2,penalty,floor,80,800000,-21773,True,13,-20960,,800000
knapsack,inverse,80,2,penalty,floor,80,800000,-21773,True,14,-21058,,800000
knapsack,inverse,80,2,penalty,floor,80,800000,-21773,True,15,-21056,,800000
knapsack,inverse,80,2,penalty,floor,80,800000,-21773,True,16,-21124,,800000
knapsack,inverse,80,2,penalty,floor,80,800000,-21773,True,17,-21044,,800000
knapsack,inverse,80,2,penalty,floor,80,800000,-21773,True,18,-21053,,800000
knapsack,inverse,80,2,penalty,floor,80,800000,-21773,True,19,-21046,,800000
knapsack,inverse,80,2,penalty,floor,80,800000,-21773,True,20,-20992,,800000
knapsack,inverse,80,2,penalty,floor,80,800000,-21773,True,21,-21054,,800000
knapsack,inverse,80,2,penalty,floor,80,800000,-21773,True,22,-21043,,800000
knapsack,inverse,80,2,penalty,floor,80,800000,-21773,True,23,-21054,,800000
knapsack,inverse,80,2,penalty,floor,80,800000,-21773,True,24,-20959,,800000
knapsack,inverse,80,2,penalty,floor,80,800000,-21773,True,25,-21136,,800000
knapsack,inverse,80,2,penalty,floor,80,800000,-21773,True,26,-21059,,800000
knapsack,inverse,80,2,penalty,floor,80,800000,-21773,True,27,-21045,,800000
knapsack,inverse,80,2,penalty,floor,80,800000,-21773,True,28,-21156,,800000
knapsack,inverse,80,2,penalty,floor,80,800000,-21773,True,29,-21039,,800000
knapsack,inverse,80,2,penalty,floor,80,800000,-21773,True,30,-21032,,800000
knapsack,inverse,80,4,penalty,ils,80,800000,-20642,True,0,-20533,,800000
knapsack,inverse,80,4,penalty,ils,80,800000,-20642,True,1,-20539,,800000
knapsack,inverse,80,4,penalty,ils,80,800000,-20642,True,2,-20541,,800000
knapsack,inverse,80,4,penalty,ils,80,800000,-20642,True,3,-20540,,800000
knapsack,inverse,80,4,penalty,ils,80,800000,-20642,True,4,-20542,,800000
knapsack,inverse,80,4,penalty,ils,80,800000,-20642,True,5,-20441,,800000
knapsack,inverse,80,4,penalty,ils,80,800000,-20642,True,6,-20442,,800000
knapsack,inverse,80,4,penalty,ils,80,800000,-20642,True,7,-20542,,800000
knapsack,inverse,80,4,penalty,ils,80,800000,-20642,True,8,-20442,,800000
knapsack,inverse,80,4,penalty,ils,80,800000,-20642,True,9,-20441,,800000
knapsack,inverse,80,4,penalty,ils,80,800000,-20642,True,10,-20442,,800000
knapsack,inverse,80,4,penalty,ils,80,800000,-20642,True,11,-20442,,800000
knapsack,inverse,80,4,penalty,ils,80,800000,-20642,True,12,-20441,,800000
knapsack,inverse,80,4,penalty,ils,80,800000,-20642,True,13,-20541,,800000
knapsack,inverse,80,4,penalty,ils,80,800000,-20642,True,14,-20542,,800000
knapsack,inverse,80,4,penalty,ils,80,800000,-20642,True,15,-20442,,800000
knapsack,inverse,80,4,penalty,ils,80,800000,-20642,True,16,-20539,,800000
knapsack,inverse,80,4,penalty,ils,80,800000,-20642,True,17,-20442,,800000
knapsack,inverse,80,4,penalty,ils,80,800000,-20642,True,18,-20442,,800000
knapsack,inverse,80,4,penalty,ils,80,800000,-20642,True,19,-20541,,800000
knapsack,inverse,80,4,penalty,ils,80,800000,-20642,True,20,-20442,,800000
knapsack,inverse,80,4,penalty,ils,80,800000,-20642,True,21,-20442,,800000
knapsack,inverse,80,4,penalty,ils,80,800000,-20642,True,22,-20542,,800000
knapsack,inverse,80,4,penalty,ils,80,800000,-20642,True,23,-20342,,800000
knapsack,inverse,80,4,penalty,ils,80,800000,-20642,True,24,-20438,,800000
knapsack,inverse,80,4,penalty,ils,80,800000,-20642,True,25,-20342,,800000
knapsack,inverse,80,4,penalty,ils,80,800000,-20642,True,26,-20542,,800000
knapsack,inverse,80,4,penalty,ils,80,800000,-20642,True,27,-20442,,800000
knapsack,inverse,80,4,penalty,ils,80,800000,-20642,True,28,-20440,,800000
knapsack,inverse,80,4,penalty,ils,80,800000,-20642,True,29,-20440,,800000
knapsack,inverse,80,4,penalty,ils,80,800000,-20642,True,30,-20441,,800000
knapsack,inverse,80,2,penalty,ils,80,800000,-21773,True,0,-21659,,800000
knapsack,inverse,80,2,penalty,ils,80,800000,-21773,True,1,-21659,,800000
knapsack,inverse,80,2,penalty,ils,80,800000,-21773,True,2,-21658,,800000
knapsack,inverse,80,2,penalty,ils,80,800000,-21773,True,3,-21653,,800000
knapsack,inverse,80,2,penalty,ils,80,800000,-21773,True,4,-21651,,800000
knapsack,inverse,80,2,penalty,ils,80,800000,-21773,True,5,-21660,,800000
knapsack,inverse,80,2,penalty,ils,80,800000,-21773,True,6,-21559,,800000
knapsack,inverse,80,2,penalty,ils,80,800000,-21773,True,7,-21656,,800000
knapsack,inverse,80,2,penalty,ils,80,800000,-21773,True,8,-21556,,800000
knapsack,inverse,80,2,penalty,ils,80,800000,-21773,True,9,-21660,,800000
knapsack,inverse,80,2,penalty,ils,80,800000,-21773,True,10,-21660,,800000
knapsack,inverse,80,2,penalty,ils,80,800000,-21773,True,11,-21657,,800000
knapsack,inverse,80,2,penalty,ils,80,800000,-21773,True,12,-21660,,800000
knapsack,inverse,80,2,penalty,ils,80,800000,-21773,True,13,-21660,,800000
knapsack,inverse,80,2,penalty,ils,80,800000,-21773,True,14,-21657,,800000
knapsack,inverse,80,2,penalty,ils,80,800000,-21773,True,15,-21654,,800000
knapsack,inverse,80,2,penalty,ils,80,800000,-21773,True,16,-21560,,800000
knapsack,inverse,80,2,penalty,ils,80,800000,-21773,True,17,-21660,,800000
knapsack,inverse,80,2,penalty,ils,80,800000,-21773,True,18,-21560,,800000
knapsack,inverse,80,2,penalty,ils,80,800000,-21773,True,19,-21560,,800000
knapsack,inverse,80,2,penalty,ils,80,800000,-21773,True,20,-21754,,800000
knapsack,inverse,80,2,penalty,ils,80,800000,-21773,True,21,-21659,,800000
knapsack,inverse,80,2,penalty,ils,80,800000,-21773,True,22,-21649,,800000
knapsack,inverse,80,2,penalty,ils,80,800000,-21773,True,23,-21658,,800000
knapsack,inverse,80,2,penalty,ils,80,800000,-21773,True,24,-21637,,800000
knapsack,inverse,80,2,penalty,ils,80,800000,-21773,True,25,-21644,,800000
knapsack,inverse,80,2,penalty,ils,80,800000,-21773,True,26,-21658,,800000
knapsack,inverse,80,2,penalty,ils,80,800000,-21773,True,27,-21741,,800000
knapsack,inverse,80,2,penalty,ils,80,800000,-21773,True,28,-21659,,800000
knapsack,inverse,80,2,penalty,ils,80,800000,-21773,True,29,-21659,,800000
knapsack,inverse,80,2,penalty,ils,80,800000,-21773,True,30,-21752,,800000
knapsack,strongly,120,1,penalty,floor,120,1200000,-39579,True,0,-38276,,1200000
knapsack,strongly,120,1,penalty,floor,120,1200000,-39579,True,1,-38274,,1200000
knapsack,strongly,120,1,penalty,floor,120,1200000,-39579,True,2,-38173,,1200000
knapsack,strongly,120,1,penalty,floor,120,1200000,-39579,True,3,-38178,,1200000
knapsack,strongly,120,1,penalty,floor,120,1200000,-39579,True,4,-38270,,1200000
knapsack,strongly,120,1,penalty,floor,120,1200000,-39579,True,5,-38274,,1200000
knapsack,strongly,120,1,penalty,floor,120,1200000,-39579,True,6,-38174,,1200000
knapsack,strongly,120,1,penalty,floor,120,1200000,-39579,True,7,-38368,,1200000
knapsack,strongly,120,1,penalty,floor,120,1200000,-39579,True,8,-38179,,1200000
knapsack,strongly,120,1,penalty,floor,120,1200000,-39579,True,9,-38172,,1200000
knapsack,strongly,120,1,penalty,floor,120,1200000,-39579,True,10,-38370,,1200000
knapsack,strongly,120,1,penalty,floor,120,1200000,-39579,True,11,-38176,,1200000
knapsack,strongly,120,1,penalty,floor,120,1200000,-39579,True,12,-38373,,1200000
knapsack,strongly,120,1,penalty,floor,120,1200000,-39579,True,13,-38179,,1200000
knapsack,strongly,120,1,penalty,floor,120,1200000,-39579,True,14,-38249,,1200000
knapsack,strongly,120,1,penalty,floor,120,1200000,-39579,True,15,-38279,,1200000
knapsack,strongly,120,1,penalty,floor,120,1200000,-39579,True,16,-38172,,1200000
knapsack,strongly,120,1,penalty,floor,120,1200000,-39579,True,17,-38278,,1200000
knapsack,strongly,120,1,penalty,floor,120,1200000,-39579,True,18,-38179,,1200000
knapsack,strongly,120,1,penalty,floor,120,1200000,-39579,True,19,-38177,,1200000
knapsack,strongly,120,1,penalty,floor,120,1200000,-39579,True,20,-38259,,1200000
knapsack,strongly,120,1,penalty,floor,120,1200000,-39579,True,21,-38563,,1200000
knapsack,strongly,120,1,penalty,floor,120,1200000,-39579,True,22,-38445,,1200000
knapsack,strongly,120,1,penalty,floor,120,1200000,-39579,True,23,-38178,,1200000
knapsack,strongly,120,1,penalty,floor,120,1200000,-39579,True,24,-38174,,1200000
knapsack,strongly,120,1,penalty,floor,120,1200000,-39579,True,25,-38154,,1200000
knapsack,strongly,120,1,penalty,floor,120,1200000,-39579,True,26,-38348,,1200000
knapsack,strongly,120,1,penalty,floor,120,1200000,-39579,True,27,-38272,,1200000
knapsack,strongly,120,1,penalty,floor,120,1200000,-39579,True,28,-38259,,1200000
knapsack,strongly,120,1,penalty,floor,120,1200000,-39579,True,29,-38178,,1200000
knapsack,strongly,120,1,penalty,floor,120,1200000,-39579,True,30,-38366,,1200000
knapsack,inverse,80,3,penalty,ils,80,800000,-23666,True,0,-23465,,800000
knapsack,inverse,80,3,penalty,ils,80,800000,-23666,True,1,-23560,,800000
knapsack,inverse,80,3,penalty,ils,80,800000,-23666,True,2,-23464,,800000
knapsack,inverse,80,3,penalty,ils,80,800000,-23666,True,3,-23464,,800000
knapsack,inverse,80,3,penalty,ils,80,800000,-23666,True,4,-23465,,800000
knapsack,inverse,80,3,penalty,ils,80,800000,-23666,True,5,-23465,,800000
knapsack,inverse,80,3,penalty,ils,80,800000,-23666,True,6,-23463,,800000
knapsack,inverse,80,3,penalty,ils,80,800000,-23666,True,7,-23366,,800000
knapsack,inverse,80,3,penalty,ils,80,800000,-23666,True,8,-23366,,800000
knapsack,inverse,80,3,penalty,ils,80,800000,-23666,True,9,-23542,,800000
knapsack,inverse,80,3,penalty,ils,80,800000,-23666,True,10,-23362,,800000
knapsack,inverse,80,3,penalty,ils,80,800000,-23666,True,11,-23566,,800000
knapsack,inverse,80,3,penalty,ils,80,800000,-23666,True,12,-23466,,800000
knapsack,inverse,80,3,penalty,ils,80,800000,-23666,True,13,-23466,,800000
knapsack,inverse,80,3,penalty,ils,80,800000,-23666,True,14,-23560,,800000
knapsack,inverse,80,3,penalty,ils,80,800000,-23666,True,15,-23555,,800000
knapsack,inverse,80,3,penalty,ils,80,800000,-23666,True,16,-23382,,800000
knapsack,inverse,80,3,penalty,ils,80,800000,-23666,True,17,-23564,,800000
knapsack,inverse,80,3,penalty,ils,80,800000,-23666,True,18,-23464,,800000
knapsack,inverse,80,3,penalty,ils,80,800000,-23666,True,19,-23465,,800000
knapsack,inverse,80,3,penalty,ils,80,800000,-23666,True,20,-23458,,800000
knapsack,inverse,80,3,penalty,ils,80,800000,-23666,True,21,-23366,,800000
knapsack,inverse,80,3,penalty,ils,80,800000,-23666,True,22,-23463,,800000
knapsack,inverse,80,3,penalty,ils,80,800000,-23666,True,23,-23465,,800000
knapsack,inverse,80,3,penalty,ils,80,800000,-23666,True,24,-23556,,800000
knapsack,inverse,80,3,penalty,ils,80,800000,-23666,True,25,-23566,,800000
knapsack,inverse,80,3,penalty,ils,80,800000,-23666,True,26,-23384,,800000
knapsack,inverse,80,3,penalty,ils,80,800000,-23666,True,27,-23566,,800000
knapsack,inverse,80,3,penalty,ils,80,800000,-23666,True,28,-23466,,800000
knapsack,inverse,80,3,penalty,ils,80,800000,-23666,True,29,-23464,,800000
knapsack,inverse,80,3,penalty,ils,80,800000,-23666,True,30,-23465,,800000
knapsack,inverse,80,3,penalty,floor,80,800000,-23666,True,0,-22966,,800000
knapsack,inverse,80,3,penalty,floor,80,800000,-23666,True,1,-23048,,800000
knapsack,inverse,80,3,penalty,floor,80,800000,-23666,True,2,-23064,,800000
knapsack,inverse,80,3,penalty,floor,80,800000,-23666,True,3,-22964,,800000
knapsack,inverse,80,3,penalty,floor,80,800000,-23666,True,4,-22958,,800000
knapsack,inverse,80,3,penalty,floor,80,800000,-23666,True,5,-23127,,800000
knapsack,inverse,80,3,penalty,floor,80,800000,-23666,True,6,-22963,,800000
knapsack,inverse,80,3,penalty,floor,80,800000,-23666,True,7,-23049,,800000
knapsack,inverse,80,3,penalty,floor,80,800000,-23666,True,8,-22962,,800000
knapsack,inverse,80,3,penalty,floor,80,800000,-23666,True,9,-22965,,800000
knapsack,inverse,80,3,penalty,floor,80,800000,-23666,True,10,-23055,,800000
knapsack,inverse,80,3,penalty,floor,80,800000,-23666,True,11,-23060,,800000
knapsack,inverse,80,3,penalty,floor,80,800000,-23666,True,12,-23056,,800000
knapsack,inverse,80,3,penalty,floor,80,800000,-23666,True,13,-23155,,800000
knapsack,inverse,80,3,penalty,floor,80,800000,-23666,True,14,-22956,,800000
knapsack,inverse,80,3,penalty,floor,80,800000,-23666,True,15,-22966,,800000
knapsack,inverse,80,3,penalty,floor,80,800000,-23666,True,16,-22958,,800000
knapsack,inverse,80,3,penalty,floor,80,800000,-23666,True,17,-22966,,800000
knapsack,inverse,80,3,penalty,floor,80,800000,-23666,True,18,-22964,,800000
knapsack,inverse,80,3,penalty,floor,80,800000,-23666,True,19,-22956,,800000
knapsack,inverse,80,3,penalty,floor,80,800000,-23666,True,20,-23038,,800000
knapsack,inverse,80,3,penalty,floor,80,800000,-23666,True,21,-22966,,800000
knapsack,inverse,80,3,penalty,floor,80,800000,-23666,True,22,-23147,,800000
knapsack,inverse,80,3,penalty,floor,80,800000,-23666,True,23,-22966,,800000
knapsack,inverse,80,3,penalty,floor,80,800000,-23666,True,24,-23061,,800000
knapsack,inverse,80,3,penalty,floor,80,800000,-23666,True,25,-22959,,800000
knapsack,inverse,80,3,penalty,floor,80,800000,-23666,True,26,-22965,,800000
knapsack,inverse,80,3,penalty,floor,80,800000,-23666,True,27,-23133,,800000
knapsack,inverse,80,3,penalty,floor,80,800000,-23666,True,28,-22965,,800000
knapsack,inverse,80,3,penalty,floor,80,800000,-23666,True,29,-22965,,800000
knapsack,inverse,80,3,penalty,floor,80,800000,-23666,True,30,-23036,,800000
knapsack,strongly,120,2,penalty,floor,120,1200000,-39245,True,0,-38027,,1200000
knapsack,strongly,120,2,penalty,floor,120,1200000,-39245,True,1,-37945,,1200000
knapsack,strongly,120,2,penalty,floor,120,1200000,-39245,True,2,-38036,,1200000
knapsack,strongly,120,2,penalty,floor,120,1200000,-39245,True,3,-38144,,1200000
knapsack,strongly,120,2,penalty,floor,120,1200000,-39245,True,4,-38038,,1200000
knapsack,strongly,120,2,penalty,floor,120,1200000,-39245,True,5,-38040,,1200000
knapsack,strongly,120,2,penalty,floor,120,1200000,-39245,True,6,-37945,,1200000
knapsack,strongly,120,2,penalty,floor,120,1200000,-39245,True,7,-38029,,1200000
knapsack,strongly,120,2,penalty,floor,120,1200000,-39245,True,8,-37941,,1200000
knapsack,strongly,120,2,penalty,floor,120,1200000,-39245,True,9,-38038,,1200000
knapsack,strongly,120,2,penalty,floor,120,1200000,-39245,True,10,-38026,,1200000
knapsack,strongly,120,2,penalty,floor,120,1200000,-39245,True,11,-38043,,1200000
knapsack,strongly,120,2,penalty,floor,120,1200000,-39245,True,12,-38134,,1200000
knapsack,strongly,120,2,penalty,floor,120,1200000,-39245,True,13,-37840,,1200000
knapsack,strongly,120,2,penalty,floor,120,1200000,-39245,True,14,-37944,,1200000
knapsack,strongly,120,2,penalty,floor,120,1200000,-39245,True,15,-38136,,1200000
knapsack,strongly,120,2,penalty,floor,120,1200000,-39245,True,16,-38043,,1200000
knapsack,strongly,120,2,penalty,floor,120,1200000,-39245,True,17,-38232,,1200000
knapsack,strongly,120,2,penalty,floor,120,1200000,-39245,True,18,-37943,,1200000
knapsack,strongly,120,2,penalty,floor,120,1200000,-39245,True,19,-38036,,1200000
knapsack,strongly,120,2,penalty,floor,120,1200000,-39245,True,20,-38232,,1200000
knapsack,strongly,120,2,penalty,floor,120,1200000,-39245,True,21,-38042,,1200000
knapsack,strongly,120,2,penalty,floor,120,1200000,-39245,True,22,-38045,,1200000
knapsack,strongly,120,2,penalty,floor,120,1200000,-39245,True,23,-38039,,1200000
knapsack,strongly,120,2,penalty,floor,120,1200000,-39245,True,24,-37943,,1200000
knapsack,strongly,120,2,penalty,floor,120,1200000,-39245,True,25,-37925,,1200000
knapsack,strongly,120,2,penalty,floor,120,1200000,-39245,True,26,-37945,,1200000
knapsack,strongly,120,2,penalty,floor,120,1200000,-39245,True,27,-38008,,1200000
knapsack,strongly,120,2,penalty,floor,120,1200000,-39245,True,28,-38044,,1200000
knapsack,strongly,120,2,penalty,floor,120,1200000,-39245,True,29,-38042,,1200000
knapsack,strongly,120,2,penalty,floor,120,1200000,-39245,True,30,-38039,,1200000
knapsack,inverse,80,4,penalty,floor,80,800000,-20642,True,0,-19840,,800000
knapsack,inverse,80,4,penalty,floor,80,800000,-20642,True,1,-19941,,800000
knapsack,inverse,80,4,penalty,floor,80,800000,-20642,True,2,-19937,,800000
knapsack,inverse,80,4,penalty,floor,80,800000,-20642,True,3,-19837,,800000
knapsack,inverse,80,4,penalty,floor,80,800000,-20642,True,4,-19907,,800000
knapsack,inverse,80,4,penalty,floor,80,800000,-20642,True,5,-19842,,800000
knapsack,inverse,80,4,penalty,floor,80,800000,-20642,True,6,-19929,,800000
knapsack,inverse,80,4,penalty,floor,80,800000,-20642,True,7,-19942,,800000
knapsack,inverse,80,4,penalty,floor,80,800000,-20642,True,8,-19940,,800000
knapsack,inverse,80,4,penalty,floor,80,800000,-20642,True,9,-19931,,800000
knapsack,inverse,80,4,penalty,floor,80,800000,-20642,True,10,-19818,,800000
knapsack,inverse,80,4,penalty,floor,80,800000,-20642,True,11,-19842,,800000
knapsack,inverse,80,4,penalty,floor,80,800000,-20642,True,12,-19936,,800000
knapsack,inverse,80,4,penalty,floor,80,800000,-20642,True,13,-19920,,800000
knapsack,inverse,80,4,penalty,floor,80,800000,-20642,True,14,-19854,,800000
knapsack,inverse,80,4,penalty,floor,80,800000,-20642,True,15,-19838,,800000
knapsack,inverse,80,4,penalty,floor,80,800000,-20642,True,16,-20028,,800000
knapsack,inverse,80,4,penalty,floor,80,800000,-20642,True,17,-19959,,800000
knapsack,inverse,80,4,penalty,floor,80,800000,-20642,True,18,-19935,,800000
knapsack,inverse,80,4,penalty,floor,80,800000,-20642,True,19,-19824,,800000
knapsack,inverse,80,4,penalty,floor,80,800000,-20642,True,20,-19833,,800000
knapsack,inverse,80,4,penalty,floor,80,800000,-20642,True,21,-19838,,800000
knapsack,inverse,80,4,penalty,floor,80,800000,-20642,True,22,-19937,,800000
knapsack,inverse,80,4,penalty,floor,80,800000,-20642,True,23,-19915,,800000
knapsack,inverse,80,4,penalty,floor,80,800000,-20642,True,24,-19930,,800000
knapsack,inverse,80,4,penalty,floor,80,800000,-20642,True,25,-19841,,800000
knapsack,inverse,80,4,penalty,floor,80,800000,-20642,True,26,-19828,,800000
knapsack,inverse,80,4,penalty,floor,80,800000,-20642,True,27,-19816,,800000
knapsack,inverse,80,4,penalty,floor,80,800000,-20642,True,28,-19842,,800000
knapsack,inverse,80,4,penalty,floor,80,800000,-20642,True,29,-19842,,800000
knapsack,inverse,80,4,penalty,floor,80,800000,-20642,True,30,-19922,,800000
knapsack,strongly,120,3,penalty,floor,120,1200000,-35652,True,0,-33940,,1200000
knapsack,strongly,120,3,penalty,floor,120,1200000,-35652,True,1,-34046,,1200000
knapsack,strongly,120,3,penalty,floor,120,1200000,-35652,True,2,-34233,,1200000
knapsack,strongly,120,3,penalty,floor,120,1200000,-35652,True,3,-34152,,1200000
knapsack,strongly,120,3,penalty,floor,120,1200000,-35652,True,4,-33949,,1200000
knapsack,strongly,120,3,penalty,floor,120,1200000,-35652,True,5,-33948,,1200000
knapsack,strongly,120,3,penalty,floor,120,1200000,-35652,True,6,-34146,,1200000
knapsack,strongly,120,3,penalty,floor,120,1200000,-35652,True,7,-34034,,1200000
knapsack,strongly,120,3,penalty,floor,120,1200000,-35652,True,8,-33950,,1200000
knapsack,strongly,120,3,penalty,floor,120,1200000,-35652,True,9,-34138,,1200000
knapsack,strongly,120,3,penalty,floor,120,1200000,-35652,True,10,-34043,,1200000
knapsack,strongly,120,3,penalty,floor,120,1200000,-35652,True,11,-34036,,1200000
knapsack,strongly,120,3,penalty,floor,120,1200000,-35652,True,12,-33949,,1200000
knapsack,strongly,120,3,penalty,floor,120,1200000,-35652,True,13,-34038,,1200000
knapsack,strongly,120,3,penalty,floor,120,1200000,-35652,True,14,-33950,,1200000
knapsack,strongly,120,3,penalty,floor,120,1200000,-35652,True,15,-34035,,1200000
knapsack,strongly,120,3,penalty,floor,120,1200000,-35652,True,16,-33950,,1200000
knapsack,strongly,120,3,penalty,floor,120,1200000,-35652,True,17,-34047,,1200000
knapsack,strongly,120,3,penalty,floor,120,1200000,-35652,True,18,-34333,,1200000
knapsack,strongly,120,3,penalty,floor,120,1200000,-35652,True,19,-34045,,1200000
knapsack,strongly,120,3,penalty,floor,120,1200000,-35652,True,20,-34048,,1200000
knapsack,strongly,120,3,penalty,floor,120,1200000,-35652,True,21,-34042,,1200000
knapsack,strongly,120,3,penalty,floor,120,1200000,-35652,True,22,-34249,,1200000
knapsack,strongly,120,3,penalty,floor,120,1200000,-35652,True,23,-34152,,1200000
knapsack,strongly,120,3,penalty,floor,120,1200000,-35652,True,24,-34049,,1200000
knapsack,strongly,120,3,penalty,floor,120,1200000,-35652,True,25,-33951,,1200000
knapsack,strongly,120,3,penalty,floor,120,1200000,-35652,True,26,-33950,,1200000
knapsack,strongly,120,3,penalty,floor,120,1200000,-35652,True,27,-34034,,1200000
knapsack,strongly,120,3,penalty,floor,120,1200000,-35652,True,28,-34049,,1200000
knapsack,strongly,120,3,penalty,floor,120,1200000,-35652,True,29,-34149,,1200000
knapsack,strongly,120,3,penalty,floor,120,1200000,-35652,True,30,-34049,,1200000
knapsack,strongly,120,4,penalty,floor,120,1200000,-38168,True,0,-36752,,1200000
knapsack,strongly,120,4,penalty,floor,120,1200000,-38168,True,1,-36663,,1200000
knapsack,strongly,120,4,penalty,floor,120,1200000,-38168,True,2,-36659,,1200000
knapsack,strongly,120,4,penalty,floor,120,1200000,-38168,True,3,-36756,,1200000
knapsack,strongly,120,4,penalty,floor,120,1200000,-38168,True,4,-36864,,1200000
knapsack,strongly,120,4,penalty,floor,120,1200000,-38168,True,5,-36764,,1200000
knapsack,strongly,120,4,penalty,floor,120,1200000,-38168,True,6,-36848,,1200000
knapsack,strongly,120,4,penalty,floor,120,1200000,-38168,True,7,-36766,,1200000
knapsack,strongly,120,4,penalty,floor,120,1200000,-38168,True,8,-36763,,1200000
knapsack,strongly,120,4,penalty,floor,120,1200000,-38168,True,9,-36767,,1200000
knapsack,strongly,120,4,penalty,floor,120,1200000,-38168,True,10,-36868,,1200000
knapsack,strongly,120,4,penalty,floor,120,1200000,-38168,True,11,-36758,,1200000
knapsack,strongly,120,4,penalty,floor,120,1200000,-38168,True,12,-36667,,1200000
knapsack,strongly,120,4,penalty,floor,120,1200000,-38168,True,13,-36665,,1200000
knapsack,strongly,120,4,penalty,floor,120,1200000,-38168,True,14,-36667,,1200000
knapsack,strongly,120,4,penalty,floor,120,1200000,-38168,True,15,-36766,,1200000
knapsack,strongly,120,4,penalty,floor,120,1200000,-38168,True,16,-36666,,1200000
knapsack,strongly,120,4,penalty,floor,120,1200000,-38168,True,17,-36666,,1200000
knapsack,strongly,120,4,penalty,floor,120,1200000,-38168,True,18,-36767,,1200000
knapsack,strongly,120,4,penalty,floor,120,1200000,-38168,True,19,-36867,,1200000
knapsack,strongly,120,4,penalty,floor,120,1200000,-38168,True,20,-36731,,1200000
knapsack,strongly,120,4,penalty,floor,120,1200000,-38168,True,21,-36742,,1200000
knapsack,strongly,120,4,penalty,floor,120,1200000,-38168,True,22,-36668,,1200000
knapsack,strongly,120,4,penalty,floor,120,1200000,-38168,True,23,-36767,,1200000
knapsack,strongly,120,4,penalty,floor,120,1200000,-38168,True,24,-36663,,1200000
knapsack,strongly,120,4,penalty,floor,120,1200000,-38168,True,25,-36665,,1200000
knapsack,strongly,120,4,penalty,floor,120,1200000,-38168,True,26,-36857,,1200000
knapsack,strongly,120,4,penalty,floor,120,1200000,-38168,True,27,-36868,,1200000
knapsack,strongly,120,4,penalty,floor,120,1200000,-38168,True,28,-36765,,1200000
knapsack,strongly,120,4,penalty,floor,120,1200000,-38168,True,29,-36743,,1200000
knapsack,strongly,120,4,penalty,floor,120,1200000,-38168,True,30,-36868,,1200000
knapsack,strongly,120,1,penalty,ils,120,1200000,-39579,True,0,-39578,,1200000
knapsack,strongly,120,1,penalty,ils,120,1200000,-39579,True,1,-39279,,1200000
knapsack,strongly,120,1,penalty,ils,120,1200000,-39579,True,2,-39370,,1200000
knapsack,strongly,120,1,penalty,ils,120,1200000,-39579,True,3,-39478,,1200000
knapsack,strongly,120,1,penalty,ils,120,1200000,-39579,True,4,-39379,,1200000
knapsack,strongly,120,1,penalty,ils,120,1200000,-39579,True,5,-39379,,1200000
knapsack,strongly,120,1,penalty,ils,120,1200000,-39579,True,6,-39379,,1200000
knapsack,strongly,120,1,penalty,ils,120,1200000,-39579,True,7,-39379,,1200000
knapsack,strongly,120,1,penalty,ils,120,1200000,-39579,True,8,-39479,,1200000
knapsack,strongly,120,1,penalty,ils,120,1200000,-39579,True,9,-39379,,1200000
knapsack,strongly,120,1,penalty,ils,120,1200000,-39579,True,10,-39479,,1200000
knapsack,strongly,120,1,penalty,ils,120,1200000,-39579,True,11,-39379,,1200000
knapsack,strongly,120,1,penalty,ils,120,1200000,-39579,True,12,-39379,,1200000
knapsack,strongly,120,1,penalty,ils,120,1200000,-39579,True,13,-39479,,1200000
knapsack,strongly,120,1,penalty,ils,120,1200000,-39579,True,14,-39379,,1200000
knapsack,strongly,120,1,penalty,ils,120,1200000,-39579,True,15,-39479,,1200000
knapsack,strongly,120,1,penalty,ils,120,1200000,-39579,True,16,-39379,,1200000
knapsack,strongly,120,1,penalty,ils,120,1200000,-39579,True,17,-39479,,1200000
knapsack,strongly,120,1,penalty,ils,120,1200000,-39579,True,18,-39477,,1200000
knapsack,strongly,120,1,penalty,ils,120,1200000,-39579,True,19,-39479,,1200000
knapsack,strongly,120,1,penalty,ils,120,1200000,-39579,True,20,-39373,,1200000
knapsack,strongly,120,1,penalty,ils,120,1200000,-39579,True,21,-39379,,1200000
knapsack,strongly,120,1,penalty,ils,120,1200000,-39579,True,22,-39379,,1200000
knapsack,strongly,120,1,penalty,ils,120,1200000,-39579,True,23,-39479,,1200000
knapsack,strongly,120,1,penalty,ils,120,1200000,-39579,True,24,-39379,,1200000
knapsack,strongly,120,1,penalty,ils,120,1200000,-39579,True,25,-39479,,1200000
knapsack,strongly,120,1,penalty,ils,120,1200000,-39579,True,26,-39479,,1200000
knapsack,strongly,120,1,penalty,ils,120,1200000,-39579,True,27,-39475,,1200000
knapsack,strongly,120,1,penalty,ils,120,1200000,-39579,True,28,-39379,,1200000
knapsack,strongly,120,1,penalty,ils,120,1200000,-39579,True,29,-39479,,1200000
knapsack,strongly,120,1,penalty,ils,120,1200000,-39579,True,30,-39476,,1200000
knapsack,mstr,50,2,penalty,ils,50,500000,-19746,True,0,-19745,,500000
knapsack,mstr,50,2,penalty,ils,50,500000,-19746,True,1,-19746,247793,247793
knapsack,mstr,50,2,penalty,ils,50,500000,-19746,True,2,-19745,,500000
knapsack,mstr,50,2,penalty,ils,50,500000,-19746,True,3,-19746,33389,33389
knapsack,mstr,50,2,penalty,ils,50,500000,-19746,True,4,-19743,,500000
knapsack,mstr,50,2,penalty,ils,50,500000,-19746,True,5,-19746,48050,48050
knapsack,mstr,50,2,penalty,ils,50,500000,-19746,True,6,-19746,135411,135411
knapsack,mstr,50,2,penalty,ils,50,500000,-19746,True,7,-19746,242440,242440
knapsack,mstr,50,2,penalty,ils,50,500000,-19746,True,8,-19742,,500000
knapsack,mstr,50,2,penalty,ils,50,500000,-19746,True,9,-19742,,500000
knapsack,mstr,50,2,penalty,ils,50,500000,-19746,True,10,-19746,362241,362241
knapsack,mstr,50,2,penalty,ils,50,500000,-19746,True,11,-19746,374857,374857
knapsack,mstr,50,2,penalty,ils,50,500000,-19746,True,12,-19746,186639,186639
knapsack,mstr,50,2,penalty,ils,50,500000,-19746,True,13,-19742,,500000
knapsack,mstr,50,2,penalty,ils,50,500000,-19746,True,14,-19746,263146,263146
knapsack,mstr,50,2,penalty,ils,50,500000,-19746,True,15,-19746,184520,184520
knapsack,mstr,50,2,penalty,ils,50,500000,-19746,True,16,-19746,154475,154475
knapsack,mstr,50,2,penalty,ils,50,500000,-19746,True,17,-19746,94486,94486
knapsack,mstr,50,2,penalty,ils,50,500000,-19746,True,18,-19746,168103,168103
knapsack,mstr,50,2,penalty,ils,50,500000,-19746,True,19,-19746,252772,252772
knapsack,mstr,50,2,penalty,ils,50,500000,-19746,True,20,-19746,391845,391845
knapsack,mstr,50,2,penalty,ils,50,500000,-19746,True,21,-19740,,500000
knapsack,mstr,50,2,penalty,ils,50,500000,-19746,True,22,-19746,274051,274051
knapsack,mstr,50,2,penalty,ils,50,500000,-19746,True,23,-19746,95661,95661
knapsack,mstr,50,2,penalty,ils,50,500000,-19746,True,24,-19746,180867,180867
knapsack,mstr,50,2,penalty,ils,50,500000,-19746,True,25,-19746,32585,32585
knapsack,mstr,50,2,penalty,ils,50,500000,-19746,True,26,-19746,128390,128390
knapsack,mstr,50,2,penalty,ils,50,500000,-19746,True,27,-19745,,500000
knapsack,mstr,50,2,penalty,ils,50,500000,-19746,True,28,-19746,328230,328230
knapsack,mstr,50,2,penalty,ils,50,500000,-19746,True,29,-19746,161295,161295
knapsack,mstr,50,2,penalty,ils,50,500000,-19746,True,30,-19746,45208,45208
knapsack,strongly,120,2,penalty,ils,120,1200000,-39245,True,0,-39045,,1200000
knapsack,strongly,120,2,penalty,ils,120,1200000,-39245,True,1,-39045,,1200000
knapsack,strongly,120,2,penalty,ils,120,1200000,-39245,True,2,-39145,,1200000
knapsack,strongly,120,2,penalty,ils,120,1200000,-39245,True,3,-39145,,1200000
knapsack,strongly,120,2,penalty,ils,120,1200000,-39245,True,4,-39045,,1200000
knapsack,strongly,120,2,penalty,ils,120,1200000,-39245,True,5,-39145,,1200000
knapsack,strongly,120,2,penalty,ils,120,1200000,-39245,True,6,-39244,,1200000
knapsack,strongly,120,2,penalty,ils,120,1200000,-39245,True,7,-39045,,1200000
knapsack,strongly,120,2,penalty,ils,120,1200000,-39245,True,8,-39143,,1200000
knapsack,strongly,120,2,penalty,ils,120,1200000,-39245,True,9,-39044,,1200000
knapsack,strongly,120,2,penalty,ils,120,1200000,-39245,True,10,-39045,,1200000
knapsack,strongly,120,2,penalty,ils,120,1200000,-39245,True,11,-39045,,1200000
knapsack,strongly,120,2,penalty,ils,120,1200000,-39245,True,12,-39045,,1200000
knapsack,strongly,120,2,penalty,ils,120,1200000,-39245,True,13,-39145,,1200000
knapsack,strongly,120,2,penalty,ils,120,1200000,-39245,True,14,-39145,,1200000
knapsack,strongly,120,2,penalty,ils,120,1200000,-39245,True,15,-39145,,1200000
knapsack,strongly,120,2,penalty,ils,120,1200000,-39245,True,16,-39045,,1200000
knapsack,strongly,120,2,penalty,ils,120,1200000,-39245,True,17,-39045,,1200000
knapsack,strongly,120,2,penalty,ils,120,1200000,-39245,True,18,-39145,,1200000
knapsack,strongly,120,2,penalty,ils,120,1200000,-39245,True,19,-39045,,1200000
knapsack,strongly,120,2,penalty,ils,120,1200000,-39245,True,20,-39045,,1200000
knapsack,strongly,120,2,penalty,ils,120,1200000,-39245,True,21,-39045,,1200000
knapsack,strongly,120,2,penalty,ils,120,1200000,-39245,True,22,-39045,,1200000
knapsack,strongly,120,2,penalty,ils,120,1200000,-39245,True,23,-39145,,1200000
knapsack,strongly,120,2,penalty,ils,120,1200000,-39245,True,24,-39045,,1200000
knapsack,strongly,120,2,penalty,ils,120,1200000,-39245,True,25,-39045,,1200000
knapsack,strongly,120,2,penalty,ils,120,1200000,-39245,True,26,-39145,,1200000
knapsack,strongly,120,2,penalty,ils,120,1200000,-39245,True,27,-39045,,1200000
knapsack,strongly,120,2,penalty,ils,120,1200000,-39245,True,28,-39045,,1200000
knapsack,strongly,120,2,penalty,ils,120,1200000,-39245,True,29,-38945,,1200000
knapsack,strongly,120,2,penalty,ils,120,1200000,-39245,True,30,-39045,,1200000
knapsack,strongly,120,3,penalty,ils,120,1200000,-35652,True,0,-35551,,1200000
knapsack,strongly,120,3,penalty,ils,120,1200000,-35652,True,1,-35451,,1200000
knapsack,strongly,120,3,penalty,ils,120,1200000,-35652,True,2,-35551,,1200000
knapsack,strongly,120,3,penalty,ils,120,1200000,-35652,True,3,-35452,,1200000
knapsack,strongly,120,3,penalty,ils,120,1200000,-35652,True,4,-35549,,1200000
knapsack,strongly,120,3,penalty,ils,120,1200000,-35652,True,5,-35552,,1200000
knapsack,strongly,120,3,penalty,ils,120,1200000,-35652,True,6,-35452,,1200000
knapsack,strongly,120,3,penalty,ils,120,1200000,-35652,True,7,-35552,,1200000
knapsack,strongly,120,3,penalty,ils,120,1200000,-35652,True,8,-35552,,1200000
knapsack,strongly,120,3,penalty,ils,120,1200000,-35652,True,9,-35551,,1200000
knapsack,strongly,120,3,penalty,ils,120,1200000,-35652,True,10,-35552,,1200000
knapsack,strongly,120,3,penalty,ils,120,1200000,-35652,True,11,-35552,,1200000
knapsack,strongly,120,3,penalty,ils,120,1200000,-35652,True,12,-35451,,1200000
knapsack,strongly,120,3,penalty,ils,120,1200000,-35652,True,13,-35452,,1200000
knapsack,strongly,120,3,penalty,ils,120,1200000,-35652,True,14,-35452,,1200000
knapsack,strongly,120,3,penalty,ils,120,1200000,-35652,True,15,-35551,,1200000
knapsack,strongly,120,3,penalty,ils,120,1200000,-35652,True,16,-35552,,1200000
knapsack,strongly,120,3,penalty,ils,120,1200000,-35652,True,17,-35552,,1200000
knapsack,strongly,120,3,penalty,ils,120,1200000,-35652,True,18,-35552,,1200000
knapsack,strongly,120,3,penalty,ils,120,1200000,-35652,True,19,-35551,,1200000
knapsack,strongly,120,3,penalty,ils,120,1200000,-35652,True,20,-35452,,1200000
knapsack,strongly,120,3,penalty,ils,120,1200000,-35652,True,21,-35552,,1200000
knapsack,strongly,120,3,penalty,ils,120,1200000,-35652,True,22,-35552,,1200000
knapsack,strongly,120,3,penalty,ils,120,1200000,-35652,True,23,-35452,,1200000
knapsack,strongly,120,3,penalty,ils,120,1200000,-35652,True,24,-35452,,1200000
knapsack,strongly,120,3,penalty,ils,120,1200000,-35652,True,25,-35452,,1200000
knapsack,strongly,120,3,penalty,ils,120,1200000,-35652,True,26,-35452,,1200000
knapsack,strongly,120,3,penalty,ils,120,1200000,-35652,True,27,-35551,,1200000
knapsack,strongly,120,3,penalty,ils,120,1200000,-35652,True,28,-35452,,1200000
knapsack,strongly,120,3,penalty,ils,120,1200000,-35652,True,29,-35549,,1200000
knapsack,strongly,120,3,penalty,ils,120,1200000,-35652,True,30,-35452,,1200000
knapsack,mstr,50,0,penalty,floor,50,500000,-21641,True,0,-21108,,500000
knapsack,mstr,50,0,penalty,floor,50,500000,-21641,True,1,-21100,,500000
knapsack,mstr,50,0,penalty,floor,50,500000,-21641,True,2,-21221,,500000
knapsack,mstr,50,0,penalty,floor,50,500000,-21641,True,3,-21103,,500000
knapsack,mstr,50,0,penalty,floor,50,500000,-21641,True,4,-21041,,500000
knapsack,mstr,50,0,penalty,floor,50,500000,-21641,True,5,-21039,,500000
knapsack,mstr,50,0,penalty,floor,50,500000,-21641,True,6,-21186,,500000
knapsack,mstr,50,0,penalty,floor,50,500000,-21641,True,7,-21074,,500000
knapsack,mstr,50,0,penalty,floor,50,500000,-21641,True,8,-21228,,500000
knapsack,mstr,50,0,penalty,floor,50,500000,-21641,True,9,-21109,,500000
knapsack,mstr,50,0,penalty,floor,50,500000,-21641,True,10,-21019,,500000
knapsack,mstr,50,0,penalty,floor,50,500000,-21641,True,11,-20973,,500000
knapsack,mstr,50,0,penalty,floor,50,500000,-21641,True,12,-21023,,500000
knapsack,mstr,50,0,penalty,floor,50,500000,-21641,True,13,-20942,,500000
knapsack,mstr,50,0,penalty,floor,50,500000,-21641,True,14,-21143,,500000
knapsack,mstr,50,0,penalty,floor,50,500000,-21641,True,15,-21026,,500000
knapsack,mstr,50,0,penalty,floor,50,500000,-21641,True,16,-21030,,500000
knapsack,mstr,50,0,penalty,floor,50,500000,-21641,True,17,-21132,,500000
knapsack,mstr,50,0,penalty,floor,50,500000,-21641,True,18,-21043,,500000
knapsack,mstr,50,0,penalty,floor,50,500000,-21641,True,19,-21124,,500000
knapsack,mstr,50,0,penalty,floor,50,500000,-21641,True,20,-21136,,500000
knapsack,mstr,50,0,penalty,floor,50,500000,-21641,True,21,-21024,,500000
knapsack,mstr,50,0,penalty,floor,50,500000,-21641,True,22,-20976,,500000
knapsack,mstr,50,0,penalty,floor,50,500000,-21641,True,23,-21126,,500000
knapsack,mstr,50,0,penalty,floor,50,500000,-21641,True,24,-21025,,500000
knapsack,mstr,50,0,penalty,floor,50,500000,-21641,True,25,-21226,,500000
knapsack,mstr,50,0,penalty,floor,50,500000,-21641,True,26,-21025,,500000
knapsack,mstr,50,0,penalty,floor,50,500000,-21641,True,27,-21094,,500000
knapsack,mstr,50,0,penalty,floor,50,500000,-21641,True,28,-21138,,500000
knapsack,mstr,50,0,penalty,floor,50,500000,-21641,True,29,-21242,,500000
knapsack,mstr,50,0,penalty,floor,50,500000,-21641,True,30,-21034,,500000
knapsack,mstr,50,0,penalty,ils,50,500000,-21641,True,0,-21543,,500000
knapsack,mstr,50,0,penalty,ils,50,500000,-21641,True,1,-21543,,500000
knapsack,mstr,50,0,penalty,ils,50,500000,-21641,True,2,-21641,38899,38899
knapsack,mstr,50,0,penalty,ils,50,500000,-21641,True,3,-21543,,500000
knapsack,mstr,50,0,penalty,ils,50,500000,-21641,True,4,-21543,,500000
knapsack,mstr,50,0,penalty,ils,50,500000,-21641,True,5,-21543,,500000
knapsack,mstr,50,0,penalty,ils,50,500000,-21641,True,6,-21543,,500000
knapsack,mstr,50,0,penalty,ils,50,500000,-21641,True,7,-21543,,500000
knapsack,mstr,50,0,penalty,ils,50,500000,-21641,True,8,-21543,,500000
knapsack,mstr,50,0,penalty,ils,50,500000,-21641,True,9,-21543,,500000
knapsack,mstr,50,0,penalty,ils,50,500000,-21641,True,10,-21542,,500000
knapsack,mstr,50,0,penalty,ils,50,500000,-21641,True,11,-21640,,500000
knapsack,mstr,50,0,penalty,ils,50,500000,-21641,True,12,-21541,,500000
knapsack,mstr,50,0,penalty,ils,50,500000,-21641,True,13,-21543,,500000
knapsack,mstr,50,0,penalty,ils,50,500000,-21641,True,14,-21542,,500000
knapsack,mstr,50,0,penalty,ils,50,500000,-21641,True,15,-21543,,500000
knapsack,mstr,50,0,penalty,ils,50,500000,-21641,True,16,-21641,198027,198027
knapsack,mstr,50,0,penalty,ils,50,500000,-21641,True,17,-21543,,500000
knapsack,mstr,50,0,penalty,ils,50,500000,-21641,True,18,-21543,,500000
knapsack,mstr,50,0,penalty,ils,50,500000,-21641,True,19,-21543,,500000
knapsack,mstr,50,0,penalty,ils,50,500000,-21641,True,20,-21543,,500000
knapsack,mstr,50,0,penalty,ils,50,500000,-21641,True,21,-21543,,500000
knapsack,mstr,50,0,penalty,ils,50,500000,-21641,True,22,-21543,,500000
knapsack,mstr,50,0,penalty,ils,50,500000,-21641,True,23,-21541,,500000
knapsack,mstr,50,0,penalty,ils,50,500000,-21641,True,24,-21543,,500000
knapsack,mstr,50,0,penalty,ils,50,500000,-21641,True,25,-21542,,500000
knapsack,mstr,50,0,penalty,ils,50,500000,-21641,True,26,-21543,,500000
knapsack,mstr,50,0,penalty,ils,50,500000,-21641,True,27,-21543,,500000
knapsack,mstr,50,0,penalty,ils,50,500000,-21641,True,28,-21542,,500000
knapsack,mstr,50,0,penalty,ils,50,500000,-21641,True,29,-21543,,500000
knapsack,mstr,50,0,penalty,ils,50,500000,-21641,True,30,-21543,,500000
knapsack,mstr,50,1,penalty,floor,50,500000,-20476,True,0,-19773,,500000
knapsack,mstr,50,1,penalty,floor,50,500000,-20476,True,1,-19661,,500000
knapsack,mstr,50,1,penalty,floor,50,500000,-20476,True,2,-19906,,500000
knapsack,mstr,50,1,penalty,floor,50,500000,-20476,True,3,-19775,,500000
knapsack,mstr,50,1,penalty,floor,50,500000,-20476,True,4,-19878,,500000
knapsack,mstr,50,1,penalty,floor,50,500000,-20476,True,5,-19827,,500000
knapsack,mstr,50,1,penalty,floor,50,500000,-20476,True,6,-19660,,500000
knapsack,mstr,50,1,penalty,floor,50,500000,-20476,True,7,-19870,,500000
knapsack,mstr,50,1,penalty,floor,50,500000,-20476,True,8,-19657,,500000
knapsack,mstr,50,1,penalty,floor,50,500000,-20476,True,9,-19874,,500000
knapsack,mstr,50,1,penalty,floor,50,500000,-20476,True,10,-19860,,500000
knapsack,mstr,50,1,penalty,floor,50,500000,-20476,True,11,-19784,,500000
knapsack,mstr,50,1,penalty,floor,50,500000,-20476,True,12,-19576,,500000
knapsack,mstr,50,1,penalty,floor,50,500000,-20476,True,13,-19699,,500000
knapsack,mstr,50,1,penalty,floor,50,500000,-20476,True,14,-19716,,500000
knapsack,mstr,50,1,penalty,floor,50,500000,-20476,True,15,-19547,,500000
knapsack,mstr,50,1,penalty,floor,50,500000,-20476,True,16,-19873,,500000
knapsack,mstr,50,1,penalty,floor,50,500000,-20476,True,17,-19568,,500000
knapsack,mstr,50,1,penalty,floor,50,500000,-20476,True,18,-19871,,500000
knapsack,mstr,50,1,penalty,floor,50,500000,-20476,True,19,-19674,,500000
knapsack,mstr,50,1,penalty,floor,50,500000,-20476,True,20,-19663,,500000
knapsack,mstr,50,1,penalty,floor,50,500000,-20476,True,21,-19767,,500000
knapsack,mstr,50,1,penalty,floor,50,500000,-20476,True,22,-19531,,500000
knapsack,mstr,50,1,penalty,floor,50,500000,-20476,True,23,-19851,,500000
knapsack,mstr,50,1,penalty,floor,50,500000,-20476,True,24,-19668,,500000
knapsack,mstr,50,1,penalty,floor,50,500000,-20476,True,25,-19660,,500000
knapsack,mstr,50,1,penalty,floor,50,500000,-20476,True,26,-19687,,500000
knapsack,mstr,50,1,penalty,floor,50,500000,-20476,True,27,-19824,,500000
knapsack,mstr,50,1,penalty,floor,50,500000,-20476,True,28,-19627,,500000
knapsack,mstr,50,1,penalty,floor,50,500000,-20476,True,29,-19673,,500000
knapsack,mstr,50,1,penalty,floor,50,500000,-20476,True,30,-19552,,500000
knapsack,strongly,120,4,penalty,ils,120,1200000,-38168,True,0,-37968,,1200000
knapsack,strongly,120,4,penalty,ils,120,1200000,-38168,True,1,-38068,,1200000
knapsack,strongly,120,4,penalty,ils,120,1200000,-38168,True,2,-38068,,1200000
knapsack,strongly,120,4,penalty,ils,120,1200000,-38168,True,3,-38068,,1200000
knapsack,strongly,120,4,penalty,ils,120,1200000,-38168,True,4,-37968,,1200000
knapsack,strongly,120,4,penalty,ils,120,1200000,-38168,True,5,-38068,,1200000
knapsack,strongly,120,4,penalty,ils,120,1200000,-38168,True,6,-37968,,1200000
knapsack,strongly,120,4,penalty,ils,120,1200000,-38168,True,7,-37968,,1200000
knapsack,strongly,120,4,penalty,ils,120,1200000,-38168,True,8,-38068,,1200000
knapsack,strongly,120,4,penalty,ils,120,1200000,-38168,True,9,-38068,,1200000
knapsack,strongly,120,4,penalty,ils,120,1200000,-38168,True,10,-38067,,1200000
knapsack,strongly,120,4,penalty,ils,120,1200000,-38168,True,11,-37968,,1200000
knapsack,strongly,120,4,penalty,ils,120,1200000,-38168,True,12,-38068,,1200000
knapsack,strongly,120,4,penalty,ils,120,1200000,-38168,True,13,-38168,1161978,1161978
knapsack,strongly,120,4,penalty,ils,120,1200000,-38168,True,14,-37968,,1200000
knapsack,strongly,120,4,penalty,ils,120,1200000,-38168,True,15,-38068,,1200000
knapsack,strongly,120,4,penalty,ils,120,1200000,-38168,True,16,-37967,,1200000
knapsack,strongly,120,4,penalty,ils,120,1200000,-38168,True,17,-38068,,1200000
knapsack,strongly,120,4,penalty,ils,120,1200000,-38168,True,18,-37968,,1200000
knapsack,strongly,120,4,penalty,ils,120,1200000,-38168,True,19,-37868,,1200000
knapsack,strongly,120,4,penalty,ils,120,1200000,-38168,True,20,-38068,,1200000
knapsack,strongly,120,4,penalty,ils,120,1200000,-38168,True,21,-38068,,1200000
knapsack,strongly,120,4,penalty,ils,120,1200000,-38168,True,22,-38067,,1200000
knapsack,strongly,120,4,penalty,ils,120,1200000,-38168,True,23,-37968,,1200000
knapsack,strongly,120,4,penalty,ils,120,1200000,-38168,True,24,-38068,,1200000
knapsack,strongly,120,4,penalty,ils,120,1200000,-38168,True,25,-38068,,1200000
knapsack,strongly,120,4,penalty,ils,120,1200000,-38168,True,26,-37968,,1200000
knapsack,strongly,120,4,penalty,ils,120,1200000,-38168,True,27,-37968,,1200000
knapsack,strongly,120,4,penalty,ils,120,1200000,-38168,True,28,-38068,,1200000
knapsack,strongly,120,4,penalty,ils,120,1200000,-38168,True,29,-37968,,1200000
knapsack,strongly,120,4,penalty,ils,120,1200000,-38168,True,30,-38068,,1200000
knapsack,mstr,50,1,penalty,ils,50,500000,-20476,True,0,-20474,,500000
knapsack,mstr,50,1,penalty,ils,50,500000,-20476,True,1,-20474,,500000
knapsack,mstr,50,1,penalty,ils,50,500000,-20476,True,2,-20376,,500000
knapsack,mstr,50,1,penalty,ils,50,500000,-20476,True,3,-20461,,500000
knapsack,mstr,50,1,penalty,ils,50,500000,-20476,True,4,-20377,,500000
knapsack,mstr,50,1,penalty,ils,50,500000,-20476,True,5,-20375,,500000
knapsack,mstr,50,1,penalty,ils,50,500000,-20476,True,6,-20374,,500000
knapsack,mstr,50,1,penalty,ils,50,500000,-20476,True,7,-20474,,500000
knapsack,mstr,50,1,penalty,ils,50,500000,-20476,True,8,-20377,,500000
knapsack,mstr,50,1,penalty,ils,50,500000,-20476,True,9,-20474,,500000
knapsack,mstr,50,1,penalty,ils,50,500000,-20476,True,10,-20375,,500000
knapsack,mstr,50,1,penalty,ils,50,500000,-20476,True,11,-20377,,500000
knapsack,mstr,50,1,penalty,ils,50,500000,-20476,True,12,-20463,,500000
knapsack,mstr,50,1,penalty,ils,50,500000,-20476,True,13,-20463,,500000
knapsack,mstr,50,1,penalty,ils,50,500000,-20476,True,14,-20461,,500000
knapsack,mstr,50,1,penalty,ils,50,500000,-20476,True,15,-20474,,500000
knapsack,mstr,50,1,penalty,ils,50,500000,-20476,True,16,-20463,,500000
knapsack,mstr,50,1,penalty,ils,50,500000,-20476,True,17,-20375,,500000
knapsack,mstr,50,1,penalty,ils,50,500000,-20476,True,18,-20377,,500000
knapsack,mstr,50,1,penalty,ils,50,500000,-20476,True,19,-20474,,500000
knapsack,mstr,50,1,penalty,ils,50,500000,-20476,True,20,-20461,,500000
knapsack,mstr,50,1,penalty,ils,50,500000,-20476,True,21,-20461,,500000
knapsack,mstr,50,1,penalty,ils,50,500000,-20476,True,22,-20474,,500000
knapsack,mstr,50,1,penalty,ils,50,500000,-20476,True,23,-20463,,500000
knapsack,mstr,50,1,penalty,ils,50,500000,-20476,True,24,-20476,182995,182995
knapsack,mstr,50,1,penalty,ils,50,500000,-20476,True,25,-20377,,500000
knapsack,mstr,50,1,penalty,ils,50,500000,-20476,True,26,-20476,231764,231764
knapsack,mstr,50,1,penalty,ils,50,500000,-20476,True,27,-20377,,500000
knapsack,mstr,50,1,penalty,ils,50,500000,-20476,True,28,-20376,,500000
knapsack,mstr,50,1,penalty,ils,50,500000,-20476,True,29,-20377,,500000
knapsack,mstr,50,1,penalty,ils,50,500000,-20476,True,30,-20463,,500000
knapsack,mstr,50,2,penalty,floor,50,500000,-19746,True,0,-19122,,500000
knapsack,mstr,50,2,penalty,floor,50,500000,-19746,True,1,-18935,,500000
knapsack,mstr,50,2,penalty,floor,50,500000,-19746,True,2,-18840,,500000
knapsack,mstr,50,2,penalty,floor,50,500000,-19746,True,3,-19045,,500000
knapsack,mstr,50,2,penalty,floor,50,500000,-19746,True,4,-18940,,500000
knapsack,mstr,50,2,penalty,floor,50,500000,-19746,True,5,-18984,,500000
knapsack,mstr,50,2,penalty,floor,50,500000,-19746,True,6,-18826,,500000
knapsack,mstr,50,2,penalty,floor,50,500000,-19746,True,7,-18946,,500000
knapsack,mstr,50,2,penalty,floor,50,500000,-19746,True,8,-19228,,500000
knapsack,mstr,50,2,penalty,floor,50,500000,-19746,True,9,-19346,,500000
knapsack,mstr,50,2,penalty,floor,50,500000,-19746,True,10,-18846,,500000
knapsack,mstr,50,2,penalty,floor,50,500000,-19746,True,11,-18945,,500000
knapsack,mstr,50,2,penalty,floor,50,500000,-19746,True,12,-18922,,500000
knapsack,mstr,50,2,penalty,floor,50,500000,-19746,True,13,-18934,,500000
knapsack,mstr,50,2,penalty,floor,50,500000,-19746,True,14,-18811,,500000
knapsack,mstr,50,2,penalty,floor,50,500000,-19746,True,15,-18944,,500000
knapsack,mstr,50,2,penalty,floor,50,500000,-19746,True,16,-19039,,500000
knapsack,mstr,50,2,penalty,floor,50,500000,-19746,True,17,-18950,,500000
knapsack,mstr,50,2,penalty,floor,50,500000,-19746,True,18,-18938,,500000
knapsack,mstr,50,2,penalty,floor,50,500000,-19746,True,19,-18964,,500000
knapsack,mstr,50,2,penalty,floor,50,500000,-19746,True,20,-18972,,500000
knapsack,mstr,50,2,penalty,floor,50,500000,-19746,True,21,-19034,,500000
knapsack,mstr,50,2,penalty,floor,50,500000,-19746,True,22,-18824,,500000
knapsack,mstr,50,2,penalty,floor,50,500000,-19746,True,23,-19007,,500000
knapsack,mstr,50,2,penalty,floor,50,500000,-19746,True,24,-19036,,500000
knapsack,mstr,50,2,penalty,floor,50,500000,-19746,True,25,-18939,,500000
knapsack,mstr,50,2,penalty,floor,50,500000,-19746,True,26,-18835,,500000
knapsack,mstr,50,2,penalty,floor,50,500000,-19746,True,27,-18938,,500000
knapsack,mstr,50,2,penalty,floor,50,500000,-19746,True,28,-19046,,500000
knapsack,mstr,50,2,penalty,floor,50,500000,-19746,True,29,-19118,,500000
knapsack,mstr,50,2,penalty,floor,50,500000,-19746,True,30,-19027,,500000
knapsack,mstr,50,3,penalty,floor,50,500000,-20068,True,0,-19322,,500000
knapsack,mstr,50,3,penalty,floor,50,500000,-20068,True,1,-19366,,500000
knapsack,mstr,50,3,penalty,floor,50,500000,-20068,True,2,-19166,,500000
knapsack,mstr,50,3,penalty,floor,50,500000,-20068,True,3,-19117,,500000
knapsack,mstr,50,3,penalty,floor,50,500000,-20068,True,4,-19161,,500000
knapsack,mstr,50,3,penalty,floor,50,500000,-20068,True,5,-19447,,500000
knapsack,mstr,50,3,penalty,floor,50,500000,-20068,True,6,-19150,,500000
knapsack,mstr,50,3,penalty,floor,50,500000,-20068,True,7,-19264,,500000
knapsack,mstr,50,3,penalty,floor,50,500000,-20068,True,8,-19167,,500000
knapsack,mstr,50,3,penalty,floor,50,500000,-20068,True,9,-19411,,500000
knapsack,mstr,50,3,penalty,floor,50,500000,-20068,True,10,-19067,,500000
knapsack,mstr,50,3,penalty,floor,50,500000,-20068,True,11,-19350,,500000
knapsack,mstr,50,3,penalty,floor,50,500000,-20068,True,12,-19467,,500000
knapsack,mstr,50,3,penalty,floor,50,500000,-20068,True,13,-19455,,500000
knapsack,mstr,50,3,penalty,floor,50,500000,-20068,True,14,-19066,,500000
knapsack,mstr,50,3,penalty,floor,50,500000,-20068,True,15,-19362,,500000
knapsack,mstr,50,3,penalty,floor,50,500000,-20068,True,16,-19366,,500000
knapsack,mstr,50,3,penalty,floor,50,500000,-20068,True,17,-19337,,500000
knapsack,mstr,50,3,penalty,floor,50,500000,-20068,True,18,-19261,,500000
knapsack,mstr,50,3,penalty,floor,50,500000,-20068,True,19,-19254,,500000
knapsack,mstr,50,3,penalty,floor,50,500000,-20068,True,20,-19066,,500000
knapsack,mstr,50,3,penalty,floor,50,500000,-20068,True,21,-19258,,500000
knapsack,mstr,50,3,penalty,floor,50,500000,-20068,True,22,-19263,,500000
knapsack,mstr,50,3,penalty,floor,50,500000,-20068,True,23,-19235,,500000
knapsack,mstr,50,3,penalty,floor,50,500000,-20068,True,24,-19155,,500000
knapsack,mstr,50,3,penalty,floor,50,500000,-20068,True,25,-19116,,500000
knapsack,mstr,50,3,penalty,floor,50,500000,-20068,True,26,-19344,,500000
knapsack,mstr,50,3,penalty,floor,50,500000,-20068,True,27,-19353,,500000
knapsack,mstr,50,3,penalty,floor,50,500000,-20068,True,28,-19164,,500000
knapsack,mstr,50,3,penalty,floor,50,500000,-20068,True,29,-19057,,500000
knapsack,mstr,50,3,penalty,floor,50,500000,-20068,True,30,-19161,,500000
knapsack,mstr,50,4,penalty,ils,50,500000,-19882,True,0,-19877,,500000
knapsack,mstr,50,4,penalty,ils,50,500000,-19882,True,1,-19782,,500000
knapsack,mstr,50,4,penalty,ils,50,500000,-19882,True,2,-19780,,500000
knapsack,mstr,50,4,penalty,ils,50,500000,-19882,True,3,-19882,224740,224740
knapsack,mstr,50,4,penalty,ils,50,500000,-19882,True,4,-19782,,500000
knapsack,mstr,50,4,penalty,ils,50,500000,-19882,True,5,-19882,466629,466629
knapsack,mstr,50,4,penalty,ils,50,500000,-19882,True,6,-19872,,500000
knapsack,mstr,50,4,penalty,ils,50,500000,-19882,True,7,-19882,284312,284312
knapsack,mstr,50,4,penalty,ils,50,500000,-19882,True,8,-19782,,500000
knapsack,mstr,50,4,penalty,ils,50,500000,-19882,True,9,-19781,,500000
knapsack,mstr,50,4,penalty,ils,50,500000,-19882,True,10,-19874,,500000
knapsack,mstr,50,4,penalty,ils,50,500000,-19882,True,11,-19877,,500000
knapsack,mstr,50,4,penalty,ils,50,500000,-19882,True,12,-19781,,500000
knapsack,mstr,50,4,penalty,ils,50,500000,-19882,True,13,-19882,133059,133059
knapsack,mstr,50,4,penalty,ils,50,500000,-19882,True,14,-19880,,500000
knapsack,mstr,50,4,penalty,ils,50,500000,-19882,True,15,-19882,174642,174642
knapsack,mstr,50,4,penalty,ils,50,500000,-19882,True,16,-19782,,500000
knapsack,mstr,50,4,penalty,ils,50,500000,-19882,True,17,-19781,,500000
knapsack,mstr,50,4,penalty,ils,50,500000,-19882,True,18,-19838,,500000
knapsack,mstr,50,4,penalty,ils,50,500000,-19882,True,19,-19781,,500000
knapsack,mstr,50,4,penalty,ils,50,500000,-19882,True,20,-19782,,500000
knapsack,mstr,50,4,penalty,ils,50,500000,-19882,True,21,-19879,,500000
knapsack,mstr,50,4,penalty,ils,50,500000,-19882,True,22,-19882,477352,477352
knapsack,mstr,50,4,penalty,ils,50,500000,-19882,True,23,-19874,,500000
knapsack,mstr,50,4,penalty,ils,50,500000,-19882,True,24,-19882,78689,78689
knapsack,mstr,50,4,penalty,ils,50,500000,-19882,True,25,-19880,,500000
knapsack,mstr,50,4,penalty,ils,50,500000,-19882,True,26,-19882,33179,33179
knapsack,mstr,50,4,penalty,ils,50,500000,-19882,True,27,-19882,352640,352640
knapsack,mstr,50,4,penalty,ils,50,500000,-19882,True,28,-19879,,500000
knapsack,mstr,50,4,penalty,ils,50,500000,-19882,True,29,-19859,,500000
knapsack,mstr,50,4,penalty,ils,50,500000,-19882,True,30,-19877,,500000
knapsack,mstr,50,4,penalty,floor,50,500000,-19882,True,0,-19469,,500000
knapsack,mstr,50,4,penalty,floor,50,500000,-19882,True,1,-19264,,500000
knapsack,mstr,50,4,penalty,floor,50,500000,-19882,True,2,-19174,,500000
knapsack,mstr,50,4,penalty,floor,50,500000,-19882,True,3,-19267,,500000
knapsack,mstr,50,4,penalty,floor,50,500000,-19882,True,4,-19182,,500000
knapsack,mstr,50,4,penalty,floor,50,500000,-19882,True,5,-19170,,500000
knapsack,mstr,50,4,penalty,floor,50,500000,-19882,True,6,-19073,,500000
knapsack,mstr,50,4,penalty,floor,50,500000,-19882,True,7,-19297,,500000
knapsack,mstr,50,4,penalty,floor,50,500000,-19882,True,8,-19157,,500000
knapsack,mstr,50,4,penalty,floor,50,500000,-19882,True,9,-19233,,500000
knapsack,mstr,50,4,penalty,floor,50,500000,-19882,True,10,-19251,,500000
knapsack,mstr,50,4,penalty,floor,50,500000,-19882,True,11,-19277,,500000
knapsack,mstr,50,4,penalty,floor,50,500000,-19882,True,12,-19280,,500000
knapsack,mstr,50,4,penalty,floor,50,500000,-19882,True,13,-19175,,500000
knapsack,mstr,50,4,penalty,floor,50,500000,-19882,True,14,-19077,,500000
knapsack,mstr,50,4,penalty,floor,50,500000,-19882,True,15,-19246,,500000
knapsack,mstr,50,4,penalty,floor,50,500000,-19882,True,16,-19247,,500000
knapsack,mstr,50,4,penalty,floor,50,500000,-19882,True,17,-19175,,500000
knapsack,mstr,50,4,penalty,floor,50,500000,-19882,True,18,-19176,,500000
knapsack,mstr,50,4,penalty,floor,50,500000,-19882,True,19,-19144,,500000
knapsack,mstr,50,4,penalty,floor,50,500000,-19882,True,20,-19281,,500000
knapsack,mstr,50,4,penalty,floor,50,500000,-19882,True,21,-19205,,500000
knapsack,mstr,50,4,penalty,floor,50,500000,-19882,True,22,-19363,,500000
knapsack,mstr,50,4,penalty,floor,50,500000,-19882,True,23,-19074,,500000
knapsack,mstr,50,4,penalty,floor,50,500000,-19882,True,24,-19070,,500000
knapsack,mstr,50,4,penalty,floor,50,500000,-19882,True,25,-19272,,500000
knapsack,mstr,50,4,penalty,floor,50,500000,-19882,True,26,-19258,,500000
knapsack,mstr,50,4,penalty,floor,50,500000,-19882,True,27,-19157,,500000
knapsack,mstr,50,4,penalty,floor,50,500000,-19882,True,28,-19278,,500000
knapsack,mstr,50,4,penalty,floor,50,500000,-19882,True,29,-19260,,500000
knapsack,mstr,50,4,penalty,floor,50,500000,-19882,True,30,-19174,,500000
knapsack,mstr,50,3,penalty,ils,50,500000,-20068,True,0,-20066,,500000
knapsack,mstr,50,3,penalty,ils,50,500000,-20068,True,1,-20066,,500000
knapsack,mstr,50,3,penalty,ils,50,500000,-20068,True,2,-20066,,500000
knapsack,mstr,50,3,penalty,ils,50,500000,-20068,True,3,-20066,,500000
knapsack,mstr,50,3,penalty,ils,50,500000,-20068,True,4,-20066,,500000
knapsack,mstr,50,3,penalty,ils,50,500000,-20068,True,5,-20066,,500000
knapsack,mstr,50,3,penalty,ils,50,500000,-20068,True,6,-20066,,500000
knapsack,mstr,50,3,penalty,ils,50,500000,-20068,True,7,-20066,,500000
knapsack,mstr,50,3,penalty,ils,50,500000,-20068,True,8,-20066,,500000
knapsack,mstr,50,3,penalty,ils,50,500000,-20068,True,9,-20066,,500000
knapsack,mstr,50,3,penalty,ils,50,500000,-20068,True,10,-20066,,500000
knapsack,mstr,50,3,penalty,ils,50,500000,-20068,True,11,-20066,,500000
knapsack,mstr,50,3,penalty,ils,50,500000,-20068,True,12,-19964,,500000
knapsack,mstr,50,3,penalty,ils,50,500000,-20068,True,13,-20066,,500000
knapsack,mstr,50,3,penalty,ils,50,500000,-20068,True,14,-20066,,500000
knapsack,mstr,50,3,penalty,ils,50,500000,-20068,True,15,-19968,,500000
knapsack,mstr,50,3,penalty,ils,50,500000,-20068,True,16,-20066,,500000
knapsack,mstr,50,3,penalty,ils,50,500000,-20068,True,17,-19963,,500000
knapsack,mstr,50,3,penalty,ils,50,500000,-20068,True,18,-20066,,500000
knapsack,mstr,50,3,penalty,ils,50,500000,-20068,True,19,-20066,,500000
knapsack,mstr,50,3,penalty,ils,50,500000,-20068,True,20,-20066,,500000
knapsack,mstr,50,3,penalty,ils,50,500000,-20068,True,21,-20066,,500000
knapsack,mstr,50,3,penalty,ils,50,500000,-20068,True,22,-20066,,500000
knapsack,mstr,50,3,penalty,ils,50,500000,-20068,True,23,-20066,,500000
knapsack,mstr,50,3,penalty,ils,50,500000,-20068,True,24,-20066,,500000
knapsack,mstr,50,3,penalty,ils,50,500000,-20068,True,25,-19960,,500000
knapsack,mstr,50,3,penalty,ils,50,500000,-20068,True,26,-20066,,500000
knapsack,mstr,50,3,penalty,ils,50,500000,-20068,True,27,-20066,,500000
knapsack,mstr,50,3,penalty,ils,50,500000,-20068,True,28,-20066,,500000
knapsack,mstr,50,3,penalty,ils,50,500000,-20068,True,29,-20066,,500000
knapsack,mstr,50,3,penalty,ils,50,500000,-20068,True,30,-20066,,500000
knapsack,spanner,30,0,penalty,floor,30,300000,-8000,True,0,-7991,,300000
knapsack,spanner,30,0,penalty,floor,30,300000,-8000,True,1,-7991,,300000
knapsack,spanner,30,0,penalty,floor,30,300000,-8000,True,2,-7991,,300000
knapsack,spanner,30,0,penalty,floor,30,300000,-8000,True,3,-7991,,300000
knapsack,spanner,30,0,penalty,floor,30,300000,-8000,True,4,-7991,,300000
knapsack,spanner,30,0,penalty,floor,30,300000,-8000,True,5,-7991,,300000
knapsack,spanner,30,0,penalty,floor,30,300000,-8000,True,6,-7991,,300000
knapsack,spanner,30,0,penalty,floor,30,300000,-8000,True,7,-7991,,300000
knapsack,spanner,30,0,penalty,floor,30,300000,-8000,True,8,-7991,,300000
knapsack,spanner,30,0,penalty,floor,30,300000,-8000,True,9,-7991,,300000
knapsack,spanner,30,0,penalty,floor,30,300000,-8000,True,10,-7991,,300000
knapsack,spanner,30,0,penalty,floor,30,300000,-8000,True,11,-7996,,300000
knapsack,spanner,30,0,penalty,floor,30,300000,-8000,True,12,-7991,,300000
knapsack,spanner,30,0,penalty,floor,30,300000,-8000,True,13,-7991,,300000
knapsack,spanner,30,0,penalty,floor,30,300000,-8000,True,14,-7991,,300000
knapsack,spanner,30,0,penalty,floor,30,300000,-8000,True,15,-7991,,300000
knapsack,spanner,30,0,penalty,floor,30,300000,-8000,True,16,-7991,,300000
knapsack,spanner,30,0,penalty,floor,30,300000,-8000,True,17,-7991,,300000
knapsack,spanner,30,0,penalty,floor,30,300000,-8000,True,18,-7991,,300000
knapsack,spanner,30,0,penalty,floor,30,300000,-8000,True,19,-7991,,300000
knapsack,spanner,30,0,penalty,floor,30,300000,-8000,True,20,-7991,,300000
knapsack,spanner,30,0,penalty,floor,30,300000,-8000,True,21,-7991,,300000
knapsack,spanner,30,0,penalty,floor,30,300000,-8000,True,22,-7991,,300000
knapsack,spanner,30,0,penalty,floor,30,300000,-8000,True,23,-7991,,300000
knapsack,spanner,30,0,penalty,floor,30,300000,-8000,True,24,-7991,,300000
knapsack,spanner,30,0,penalty,floor,30,300000,-8000,True,25,-7991,,300000
knapsack,spanner,30,0,penalty,floor,30,300000,-8000,True,26,-7991,,300000
knapsack,spanner,30,0,penalty,floor,30,300000,-8000,True,27,-7991,,300000
knapsack,spanner,30,0,penalty,floor,30,300000,-8000,True,28,-7991,,300000
knapsack,spanner,30,0,penalty,floor,30,300000,-8000,True,29,-7991,,300000
knapsack,spanner,30,0,penalty,floor,30,300000,-8000,True,30,-8000,298111,298111
knapsack,spanner,30,1,penalty,floor,30,300000,-2870,True,0,-2870,35956,35956
knapsack,spanner,30,1,penalty,floor,30,300000,-2870,True,1,-2870,14989,14989
knapsack,spanner,30,1,penalty,floor,30,300000,-2870,True,2,-2870,3298,3298
knapsack,spanner,30,1,penalty,floor,30,300000,-2870,True,3,-2870,10927,10927
knapsack,spanner,30,1,penalty,floor,30,300000,-2870,True,4,-2870,18253,18253
knapsack,spanner,30,1,penalty,floor,30,300000,-2870,True,5,-2870,79654,79654
knapsack,spanner,30,1,penalty,floor,30,300000,-2870,True,6,-2870,19009,19009
knapsack,spanner,30,1,penalty,floor,30,300000,-2870,True,7,-2870,4845,4845
knapsack,spanner,30,1,penalty,floor,30,300000,-2870,True,8,-2870,46836,46836
knapsack,spanner,30,1,penalty,floor,30,300000,-2870,True,9,-2870,50530,50530
knapsack,spanner,30,1,penalty,floor,30,300000,-2870,True,10,-2870,6657,6657
knapsack,spanner,30,1,penalty,floor,30,300000,-2870,True,11,-2870,6630,6630
knapsack,spanner,30,1,penalty,floor,30,300000,-2870,True,12,-2870,32791,32791
knapsack,spanner,30,1,penalty,floor,30,300000,-2870,True,13,-2870,43351,43351
knapsack,spanner,30,1,penalty,floor,30,300000,-2870,True,14,-2870,35639,35639
knapsack,spanner,30,1,penalty,floor,30,300000,-2870,True,15,-2870,45967,45967
knapsack,spanner,30,1,penalty,floor,30,300000,-2870,True,16,-2870,32092,32092
knapsack,spanner,30,1,penalty,floor,30,300000,-2870,True,17,-2870,7446,7446
knapsack,spanner,30,1,penalty,floor,30,300000,-2870,True,18,-2870,16139,16139
knapsack,spanner,30,1,penalty,floor,30,300000,-2870,True,19,-2870,8566,8566
knapsack,spanner,30,1,penalty,floor,30,300000,-2870,True,20,-2870,44190,44190
knapsack,spanner,30,1,penalty,floor,30,300000,-2870,True,21,-2870,47896,47896
knapsack,spanner,30,1,penalty,floor,30,300000,-2870,True,22,-2870,29275,29275
knapsack,spanner,30,1,penalty,floor,30,300000,-2870,True,23,-2870,34697,34697
knapsack,spanner,30,1,penalty,floor,30,300000,-2870,True,24,-2870,30938,30938
knapsack,spanner,30,1,penalty,floor,30,300000,-2870,True,25,-2870,81260,81260
knapsack,spanner,30,1,penalty,floor,30,300000,-2870,True,26,-2870,1301,1301
knapsack,spanner,30,1,penalty,floor,30,300000,-2870,True,27,-2870,29099,29099
knapsack,spanner,30,1,penalty,floor,30,300000,-2870,True,28,-2870,10475,10475
knapsack,spanner,30,1,penalty,floor,30,300000,-2870,True,29,-2870,15012,15012
knapsack,spanner,30,1,penalty,floor,30,300000,-2870,True,30,-2870,4571,4571
knapsack,spanner,30,1,penalty,ils,30,300000,-2870,True,0,-2870,205,205
knapsack,spanner,30,1,penalty,ils,30,300000,-2870,True,1,-2870,300,300
knapsack,spanner,30,1,penalty,ils,30,300000,-2870,True,2,-2870,934,934
knapsack,spanner,30,1,penalty,ils,30,300000,-2870,True,3,-2870,598,598
knapsack,spanner,30,1,penalty,ils,30,300000,-2870,True,4,-2870,231,231
knapsack,spanner,30,1,penalty,ils,30,300000,-2870,True,5,-2870,168,168
knapsack,spanner,30,1,penalty,ils,30,300000,-2870,True,6,-2870,525,525
knapsack,spanner,30,1,penalty,ils,30,300000,-2870,True,7,-2870,555,555
knapsack,spanner,30,1,penalty,ils,30,300000,-2870,True,8,-2870,514,514
knapsack,spanner,30,1,penalty,ils,30,300000,-2870,True,9,-2870,346,346
knapsack,spanner,30,1,penalty,ils,30,300000,-2870,True,10,-2870,314,314
knapsack,spanner,30,1,penalty,ils,30,300000,-2870,True,11,-2870,675,675
knapsack,spanner,30,1,penalty,ils,30,300000,-2870,True,12,-2870,754,754
knapsack,spanner,30,1,penalty,ils,30,300000,-2870,True,13,-2870,306,306
knapsack,spanner,30,1,penalty,ils,30,300000,-2870,True,14,-2870,138,138
knapsack,spanner,30,1,penalty,ils,30,300000,-2870,True,15,-2870,676,676
knapsack,spanner,30,1,penalty,ils,30,300000,-2870,True,16,-2870,222,222
knapsack,spanner,30,1,penalty,ils,30,300000,-2870,True,17,-2870,447,447
knapsack,spanner,30,1,penalty,ils,30,300000,-2870,True,18,-2870,342,342
knapsack,spanner,30,1,penalty,ils,30,300000,-2870,True,19,-2870,311,311
knapsack,spanner,30,1,penalty,ils,30,300000,-2870,True,20,-2870,562,562
knapsack,spanner,30,1,penalty,ils,30,300000,-2870,True,21,-2870,170,170
knapsack,spanner,30,1,penalty,ils,30,300000,-2870,True,22,-2870,671,671
knapsack,spanner,30,1,penalty,ils,30,300000,-2870,True,23,-2870,407,407
knapsack,spanner,30,1,penalty,ils,30,300000,-2870,True,24,-2870,134,134
knapsack,spanner,30,1,penalty,ils,30,300000,-2870,True,25,-2870,1008,1008
knapsack,spanner,30,1,penalty,ils,30,300000,-2870,True,26,-2870,362,362
knapsack,spanner,30,1,penalty,ils,30,300000,-2870,True,27,-2870,968,968
knapsack,spanner,30,1,penalty,ils,30,300000,-2870,True,28,-2870,324,324
knapsack,spanner,30,1,penalty,ils,30,300000,-2870,True,29,-2870,314,314
knapsack,spanner,30,1,penalty,ils,30,300000,-2870,True,30,-2870,1023,1023
knapsack,spanner,30,0,penalty,ils,30,300000,-8000,True,0,-7982,,300000
knapsack,spanner,30,0,penalty,ils,30,300000,-8000,True,1,-7991,,300000
knapsack,spanner,30,0,penalty,ils,30,300000,-8000,True,2,-7991,,300000
knapsack,spanner,30,0,penalty,ils,30,300000,-8000,True,3,-7991,,300000
knapsack,spanner,30,0,penalty,ils,30,300000,-8000,True,4,-7991,,300000
knapsack,spanner,30,0,penalty,ils,30,300000,-8000,True,5,-7991,,300000
knapsack,spanner,30,0,penalty,ils,30,300000,-8000,True,6,-7991,,300000
knapsack,spanner,30,0,penalty,ils,30,300000,-8000,True,7,-7991,,300000
knapsack,spanner,30,0,penalty,ils,30,300000,-8000,True,8,-7991,,300000
knapsack,spanner,30,0,penalty,ils,30,300000,-8000,True,9,-7991,,300000
knapsack,spanner,30,0,penalty,ils,30,300000,-8000,True,10,-7991,,300000
knapsack,spanner,30,0,penalty,ils,30,300000,-8000,True,11,-7982,,300000
knapsack,spanner,30,0,penalty,ils,30,300000,-8000,True,12,-7991,,300000
knapsack,spanner,30,0,penalty,ils,30,300000,-8000,True,13,-7991,,300000
knapsack,spanner,30,0,penalty,ils,30,300000,-8000,True,14,-7991,,300000
knapsack,spanner,30,0,penalty,ils,30,300000,-8000,True,15,-7991,,300000
knapsack,spanner,30,0,penalty,ils,30,300000,-8000,True,16,-7982,,300000
knapsack,spanner,30,0,penalty,ils,30,300000,-8000,True,17,-7982,,300000
knapsack,spanner,30,0,penalty,ils,30,300000,-8000,True,18,-7991,,300000
knapsack,spanner,30,0,penalty,ils,30,300000,-8000,True,19,-7991,,300000
knapsack,spanner,30,0,penalty,ils,30,300000,-8000,True,20,-7991,,300000
knapsack,spanner,30,0,penalty,ils,30,300000,-8000,True,21,-7982,,300000
knapsack,spanner,30,0,penalty,ils,30,300000,-8000,True,22,-7991,,300000
knapsack,spanner,30,0,penalty,ils,30,300000,-8000,True,23,-7991,,300000
knapsack,spanner,30,0,penalty,ils,30,300000,-8000,True,24,-7982,,300000
knapsack,spanner,30,0,penalty,ils,30,300000,-8000,True,25,-7991,,300000
knapsack,spanner,30,0,penalty,ils,30,300000,-8000,True,26,-7991,,300000
knapsack,spanner,30,0,penalty,ils,30,300000,-8000,True,27,-7982,,300000
knapsack,spanner,30,0,penalty,ils,30,300000,-8000,True,28,-7991,,300000
knapsack,spanner,30,0,penalty,ils,30,300000,-8000,True,29,-7982,,300000
knapsack,spanner,30,0,penalty,ils,30,300000,-8000,True,30,-7991,,300000
knapsack,spanner,30,2,penalty,ils,30,300000,-5150,True,0,-5150,50724,50724
knapsack,spanner,30,2,penalty,ils,30,300000,-5150,True,1,-5150,285477,285477
knapsack,spanner,30,2,penalty,ils,30,300000,-5150,True,2,-5150,64032,64032
knapsack,spanner,30,2,penalty,ils,30,300000,-5150,True,3,-5150,95614,95614
knapsack,spanner,30,2,penalty,ils,30,300000,-5150,True,4,-5150,2675,2675
knapsack,spanner,30,2,penalty,ils,30,300000,-5150,True,5,-5150,9482,9482
knapsack,spanner,30,2,penalty,ils,30,300000,-5150,True,6,-5150,76330,76330
knapsack,spanner,30,2,penalty,ils,30,300000,-5150,True,7,-5150,24737,24737
knapsack,spanner,30,2,penalty,ils,30,300000,-5150,True,8,-5150,62822,62822
knapsack,spanner,30,2,penalty,ils,30,300000,-5150,True,9,-5150,148805,148805
knapsack,spanner,30,2,penalty,ils,30,300000,-5150,True,10,-5150,218420,218420
knapsack,spanner,30,2,penalty,ils,30,300000,-5150,True,11,-5150,131060,131060
knapsack,spanner,30,2,penalty,ils,30,300000,-5150,True,12,-5150,5511,5511
knapsack,spanner,30,2,penalty,ils,30,300000,-5150,True,13,-5150,50910,50910
knapsack,spanner,30,2,penalty,ils,30,300000,-5150,True,14,-5150,71309,71309
knapsack,spanner,30,2,penalty,ils,30,300000,-5150,True,15,-5150,88759,88759
knapsack,spanner,30,2,penalty,ils,30,300000,-5150,True,16,-5150,272301,272301
knapsack,spanner,30,2,penalty,ils,30,300000,-5150,True,17,-5145,,300000
knapsack,spanner,30,2,penalty,ils,30,300000,-5150,True,18,-5150,84200,84200
knapsack,spanner,30,2,penalty,ils,30,300000,-5150,True,19,-5150,24304,24304
knapsack,spanner,30,2,penalty,ils,30,300000,-5150,True,20,-5150,9141,9141
knapsack,spanner,30,2,penalty,ils,30,300000,-5150,True,21,-5150,227581,227581
knapsack,spanner,30,2,penalty,ils,30,300000,-5150,True,22,-5150,60838,60838
knapsack,spanner,30,2,penalty,ils,30,300000,-5150,True,23,-5150,186064,186064
knapsack,spanner,30,2,penalty,ils,30,300000,-5150,True,24,-5150,45636,45636
knapsack,spanner,30,2,penalty,ils,30,300000,-5150,True,25,-5150,34452,34452
knapsack,spanner,30,2,penalty,ils,30,300000,-5150,True,26,-5150,121587,121587
knapsack,spanner,30,2,penalty,ils,30,300000,-5150,True,27,-5150,88336,88336
knapsack,spanner,30,2,penalty,ils,30,300000,-5150,True,28,-5150,137520,137520
knapsack,spanner,30,2,penalty,ils,30,300000,-5150,True,29,-5150,51377,51377
knapsack,spanner,30,2,penalty,ils,30,300000,-5150,True,30,-5150,49796,49796
knapsack,spanner,30,2,penalty,floor,30,300000,-5150,True,0,-5145,,300000
knapsack,spanner,30,2,penalty,floor,30,300000,-5150,True,1,-5145,,300000
knapsack,spanner,30,2,penalty,floor,30,300000,-5150,True,2,-5145,,300000
knapsack,spanner,30,2,penalty,floor,30,300000,-5150,True,3,-5145,,300000
knapsack,spanner,30,2,penalty,floor,30,300000,-5150,True,4,-5150,267894,267894
knapsack,spanner,30,2,penalty,floor,30,300000,-5150,True,5,-5145,,300000
knapsack,spanner,30,2,penalty,floor,30,300000,-5150,True,6,-5145,,300000
knapsack,spanner,30,2,penalty,floor,30,300000,-5150,True,7,-5145,,300000
knapsack,spanner,30,2,penalty,floor,30,300000,-5150,True,8,-5145,,300000
knapsack,spanner,30,2,penalty,floor,30,300000,-5150,True,9,-5134,,300000
knapsack,spanner,30,2,penalty,floor,30,300000,-5150,True,10,-5145,,300000
knapsack,spanner,30,2,penalty,floor,30,300000,-5150,True,11,-5145,,300000
knapsack,spanner,30,2,penalty,floor,30,300000,-5150,True,12,-5145,,300000
knapsack,spanner,30,2,penalty,floor,30,300000,-5150,True,13,-5145,,300000
knapsack,spanner,30,2,penalty,floor,30,300000,-5150,True,14,-5145,,300000
knapsack,spanner,30,2,penalty,floor,30,300000,-5150,True,15,-5145,,300000
knapsack,spanner,30,2,penalty,floor,30,300000,-5150,True,16,-5145,,300000
knapsack,spanner,30,2,penalty,floor,30,300000,-5150,True,17,-5145,,300000
knapsack,spanner,30,2,penalty,floor,30,300000,-5150,True,18,-5145,,300000
knapsack,spanner,30,2,penalty,floor,30,300000,-5150,True,19,-5145,,300000
knapsack,spanner,30,2,penalty,floor,30,300000,-5150,True,20,-5145,,300000
knapsack,spanner,30,2,penalty,floor,30,300000,-5150,True,21,-5145,,300000
knapsack,spanner,30,2,penalty,floor,30,300000,-5150,True,22,-5145,,300000
knapsack,spanner,30,2,penalty,floor,30,300000,-5150,True,23,-5145,,300000
knapsack,spanner,30,2,penalty,floor,30,300000,-5150,True,24,-5145,,300000
knapsack,spanner,30,2,penalty,floor,30,300000,-5150,True,25,-5145,,300000
knapsack,spanner,30,2,penalty,floor,30,300000,-5150,True,26,-5145,,300000
knapsack,spanner,30,2,penalty,floor,30,300000,-5150,True,27,-5145,,300000
knapsack,spanner,30,2,penalty,floor,30,300000,-5150,True,28,-5145,,300000
knapsack,spanner,30,2,penalty,floor,30,300000,-5150,True,29,-5145,,300000
knapsack,spanner,30,2,penalty,floor,30,300000,-5150,True,30,-5145,,300000
knapsack,spanner,30,3,penalty,floor,30,300000,-5376,True,0,-5368,,300000
knapsack,spanner,30,3,penalty,floor,30,300000,-5376,True,1,-5368,,300000
knapsack,spanner,30,3,penalty,floor,30,300000,-5376,True,2,-5368,,300000
knapsack,spanner,30,3,penalty,floor,30,300000,-5376,True,3,-5368,,300000
knapsack,spanner,30,3,penalty,floor,30,300000,-5376,True,4,-5368,,300000
knapsack,spanner,30,3,penalty,floor,30,300000,-5376,True,5,-5368,,300000
knapsack,spanner,30,3,penalty,floor,30,300000,-5376,True,6,-5368,,300000
knapsack,spanner,30,3,penalty,floor,30,300000,-5376,True,7,-5368,,300000
knapsack,spanner,30,3,penalty,floor,30,300000,-5376,True,8,-5368,,300000
knapsack,spanner,30,3,penalty,floor,30,300000,-5376,True,9,-5368,,300000
knapsack,spanner,30,3,penalty,floor,30,300000,-5376,True,10,-5368,,300000
knapsack,spanner,30,3,penalty,floor,30,300000,-5376,True,11,-5368,,300000
knapsack,spanner,30,3,penalty,floor,30,300000,-5376,True,12,-5368,,300000
knapsack,spanner,30,3,penalty,floor,30,300000,-5376,True,13,-5368,,300000
knapsack,spanner,30,3,penalty,floor,30,300000,-5376,True,14,-5368,,300000
knapsack,spanner,30,3,penalty,floor,30,300000,-5376,True,15,-5368,,300000
knapsack,spanner,30,3,penalty,floor,30,300000,-5376,True,16,-5368,,300000
knapsack,spanner,30,3,penalty,floor,30,300000,-5376,True,17,-5368,,300000
knapsack,spanner,30,3,penalty,floor,30,300000,-5376,True,18,-5368,,300000
knapsack,spanner,30,3,penalty,floor,30,300000,-5376,True,19,-5368,,300000
knapsack,spanner,30,3,penalty,floor,30,300000,-5376,True,20,-5368,,300000
knapsack,spanner,30,3,penalty,floor,30,300000,-5376,True,21,-5368,,300000
knapsack,spanner,30,3,penalty,floor,30,300000,-5376,True,22,-5368,,300000
knapsack,spanner,30,3,penalty,floor,30,300000,-5376,True,23,-5368,,300000
knapsack,spanner,30,3,penalty,floor,30,300000,-5376,True,24,-5368,,300000
knapsack,spanner,30,3,penalty,floor,30,300000,-5376,True,25,-5368,,300000
knapsack,spanner,30,3,penalty,floor,30,300000,-5376,True,26,-5368,,300000
knapsack,spanner,30,3,penalty,floor,30,300000,-5376,True,27,-5368,,300000
knapsack,spanner,30,3,penalty,floor,30,300000,-5376,True,28,-5368,,300000
knapsack,spanner,30,3,penalty,floor,30,300000,-5376,True,29,-5368,,300000
knapsack,spanner,30,3,penalty,floor,30,300000,-5376,True,30,-5368,,300000
knapsack,spanner,30,4,penalty,floor,30,300000,-2330,True,0,-2330,24275,24275
knapsack,spanner,30,4,penalty,floor,30,300000,-2330,True,1,-2330,115713,115713
knapsack,spanner,30,4,penalty,floor,30,300000,-2330,True,2,-2330,11153,11153
knapsack,spanner,30,4,penalty,floor,30,300000,-2330,True,3,-2330,69412,69412
knapsack,spanner,30,4,penalty,floor,30,300000,-2330,True,4,-2330,28669,28669
knapsack,spanner,30,4,penalty,floor,30,300000,-2330,True,5,-2330,31671,31671
knapsack,spanner,30,4,penalty,floor,30,300000,-2330,True,6,-2327,,300000
knapsack,spanner,30,4,penalty,floor,30,300000,-2330,True,7,-2330,218833,218833
knapsack,spanner,30,4,penalty,floor,30,300000,-2330,True,8,-2330,57349,57349
knapsack,spanner,30,4,penalty,floor,30,300000,-2330,True,9,-2330,36274,36274
knapsack,spanner,30,4,penalty,floor,30,300000,-2330,True,10,-2330,177417,177417
knapsack,spanner,30,4,penalty,floor,30,300000,-2330,True,11,-2330,26335,26335
knapsack,spanner,30,4,penalty,floor,30,300000,-2330,True,12,-2330,49352,49352
knapsack,spanner,30,4,penalty,floor,30,300000,-2330,True,13,-2330,101859,101859
knapsack,spanner,30,4,penalty,floor,30,300000,-2330,True,14,-2327,,300000
knapsack,spanner,30,4,penalty,floor,30,300000,-2330,True,15,-2330,3453,3453
knapsack,spanner,30,4,penalty,floor,30,300000,-2330,True,16,-2330,4452,4452
knapsack,spanner,30,4,penalty,floor,30,300000,-2330,True,17,-2330,16369,16369
knapsack,spanner,30,4,penalty,floor,30,300000,-2330,True,18,-2330,14766,14766
knapsack,spanner,30,4,penalty,floor,30,300000,-2330,True,19,-2330,45497,45497
knapsack,spanner,30,4,penalty,floor,30,300000,-2330,True,20,-2330,270698,270698
knapsack,spanner,30,4,penalty,floor,30,300000,-2330,True,21,-2330,159505,159505
knapsack,spanner,30,4,penalty,floor,30,300000,-2330,True,22,-2330,111191,111191
knapsack,spanner,30,4,penalty,floor,30,300000,-2330,True,23,-2330,56309,56309
knapsack,spanner,30,4,penalty,floor,30,300000,-2330,True,24,-2330,9728,9728
knapsack,spanner,30,4,penalty,floor,30,300000,-2330,True,25,-2330,181478,181478
knapsack,spanner,30,4,penalty,floor,30,300000,-2330,True,26,-2330,28735,28735
knapsack,spanner,30,4,penalty,floor,30,300000,-2330,True,27,-2330,163449,163449
knapsack,spanner,30,4,penalty,floor,30,300000,-2330,True,28,-2330,7062,7062
knapsack,spanner,30,4,penalty,floor,30,300000,-2330,True,29,-2330,53098,53098
knapsack,spanner,30,4,penalty,floor,30,300000,-2330,True,30,-2330,137034,137034
knapsack,spanner,30,4,penalty,ils,30,300000,-2330,True,0,-2330,1073,1073
knapsack,spanner,30,4,penalty,ils,30,300000,-2330,True,1,-2330,3684,3684
knapsack,spanner,30,4,penalty,ils,30,300000,-2330,True,2,-2330,5598,5598
knapsack,spanner,30,4,penalty,ils,30,300000,-2330,True,3,-2330,4614,4614
knapsack,spanner,30,4,penalty,ils,30,300000,-2330,True,4,-2330,1036,1036
knapsack,spanner,30,4,penalty,ils,30,300000,-2330,True,5,-2330,2138,2138
knapsack,spanner,30,4,penalty,ils,30,300000,-2330,True,6,-2330,9402,9402
knapsack,spanner,30,4,penalty,ils,30,300000,-2330,True,7,-2330,5237,5237
knapsack,spanner,30,4,penalty,ils,30,300000,-2330,True,8,-2330,18890,18890
knapsack,spanner,30,4,penalty,ils,30,300000,-2330,True,9,-2330,5745,5745
knapsack,spanner,30,4,penalty,ils,30,300000,-2330,True,10,-2330,8862,8862
knapsack,spanner,30,4,penalty,ils,30,300000,-2330,True,11,-2330,2305,2305
knapsack,spanner,30,4,penalty,ils,30,300000,-2330,True,12,-2330,4209,4209
knapsack,spanner,30,4,penalty,ils,30,300000,-2330,True,13,-2330,1808,1808
knapsack,spanner,30,4,penalty,ils,30,300000,-2330,True,14,-2330,4127,4127
knapsack,spanner,30,4,penalty,ils,30,300000,-2330,True,15,-2330,2152,2152
knapsack,spanner,30,4,penalty,ils,30,300000,-2330,True,16,-2330,2253,2253
knapsack,spanner,30,4,penalty,ils,30,300000,-2330,True,17,-2330,2319,2319
knapsack,spanner,30,4,penalty,ils,30,300000,-2330,True,18,-2330,5941,5941
knapsack,spanner,30,4,penalty,ils,30,300000,-2330,True,19,-2330,7216,7216
knapsack,spanner,30,4,penalty,ils,30,300000,-2330,True,20,-2330,1224,1224
knapsack,spanner,30,4,penalty,ils,30,300000,-2330,True,21,-2330,17166,17166
knapsack,spanner,30,4,penalty,ils,30,300000,-2330,True,22,-2330,1950,1950
knapsack,spanner,30,4,penalty,ils,30,300000,-2330,True,23,-2330,3430,3430
knapsack,spanner,30,4,penalty,ils,30,300000,-2330,True,24,-2330,3882,3882
knapsack,spanner,30,4,penalty,ils,30,300000,-2330,True,25,-2330,1117,1117
knapsack,spanner,30,4,penalty,ils,30,300000,-2330,True,26,-2330,1518,1518
knapsack,spanner,30,4,penalty,ils,30,300000,-2330,True,27,-2330,1021,1021
knapsack,spanner,30,4,penalty,ils,30,300000,-2330,True,28,-2330,3933,3933
knapsack,spanner,30,4,penalty,ils,30,300000,-2330,True,29,-2330,645,645
knapsack,spanner,30,4,penalty,ils,30,300000,-2330,True,30,-2330,1635,1635
knapsack,spanner,30,3,penalty,ils,30,300000,-5376,True,0,-5368,,300000
knapsack,spanner,30,3,penalty,ils,30,300000,-5376,True,1,-5368,,300000
knapsack,spanner,30,3,penalty,ils,30,300000,-5376,True,2,-5368,,300000
knapsack,spanner,30,3,penalty,ils,30,300000,-5376,True,3,-5368,,300000
knapsack,spanner,30,3,penalty,ils,30,300000,-5376,True,4,-5368,,300000
knapsack,spanner,30,3,penalty,ils,30,300000,-5376,True,5,-5368,,300000
knapsack,spanner,30,3,penalty,ils,30,300000,-5376,True,6,-5368,,300000
knapsack,spanner,30,3,penalty,ils,30,300000,-5376,True,7,-5368,,300000
knapsack,spanner,30,3,penalty,ils,30,300000,-5376,True,8,-5368,,300000
knapsack,spanner,30,3,penalty,ils,30,300000,-5376,True,9,-5368,,300000
knapsack,spanner,30,3,penalty,ils,30,300000,-5376,True,10,-5368,,300000
knapsack,spanner,30,3,penalty,ils,30,300000,-5376,True,11,-5368,,300000
knapsack,spanner,30,3,penalty,ils,30,300000,-5376,True,12,-5368,,300000
knapsack,spanner,30,3,penalty,ils,30,300000,-5376,True,13,-5368,,300000
knapsack,spanner,30,3,penalty,ils,30,300000,-5376,True,14,-5368,,300000
knapsack,spanner,30,3,penalty,ils,30,300000,-5376,True,15,-5368,,300000
knapsack,spanner,30,3,penalty,ils,30,300000,-5376,True,16,-5368,,300000
knapsack,spanner,30,3,penalty,ils,30,300000,-5376,True,17,-5368,,300000
knapsack,spanner,30,3,penalty,ils,30,300000,-5376,True,18,-5368,,300000
knapsack,spanner,30,3,penalty,ils,30,300000,-5376,True,19,-5368,,300000
knapsack,spanner,30,3,penalty,ils,30,300000,-5376,True,20,-5368,,300000
knapsack,spanner,30,3,penalty,ils,30,300000,-5376,True,21,-5368,,300000
knapsack,spanner,30,3,penalty,ils,30,300000,-5376,True,22,-5368,,300000
knapsack,spanner,30,3,penalty,ils,30,300000,-5376,True,23,-5368,,300000
knapsack,spanner,30,3,penalty,ils,30,300000,-5376,True,24,-5368,,300000
knapsack,spanner,30,3,penalty,ils,30,300000,-5376,True,25,-5368,,300000
knapsack,spanner,30,3,penalty,ils,30,300000,-5376,True,26,-5368,,300000
knapsack,spanner,30,3,penalty,ils,30,300000,-5376,True,27,-5368,,300000
knapsack,spanner,30,3,penalty,ils,30,300000,-5376,True,28,-5368,,300000
knapsack,spanner,30,3,penalty,ils,30,300000,-5376,True,29,-5368,,300000
knapsack,spanner,30,3,penalty,ils,30,300000,-5376,True,30,-5368,,300000
knapsack,spanner,50,0,penalty,ils,50,500000,-8083,True,0,-8083,3333,3333
knapsack,spanner,50,0,penalty,ils,50,500000,-8083,True,1,-8083,2334,2334
knapsack,spanner,50,0,penalty,ils,50,500000,-8083,True,2,-8083,5613,5613
knapsack,spanner,50,0,penalty,ils,50,500000,-8083,True,3,-8083,10396,10396
knapsack,spanner,50,0,penalty,ils,50,500000,-8083,True,4,-8083,4829,4829
knapsack,spanner,50,0,penalty,ils,50,500000,-8083,True,5,-8083,6130,6130
knapsack,spanner,50,0,penalty,ils,50,500000,-8083,True,6,-8083,587,587
knapsack,spanner,50,0,penalty,ils,50,500000,-8083,True,7,-8083,3225,3225
knapsack,spanner,50,0,penalty,ils,50,500000,-8083,True,8,-8083,3484,3484
knapsack,spanner,50,0,penalty,ils,50,500000,-8083,True,9,-8083,4623,4623
knapsack,spanner,50,0,penalty,ils,50,500000,-8083,True,10,-8083,2760,2760
knapsack,spanner,50,0,penalty,ils,50,500000,-8083,True,11,-8083,9390,9390
knapsack,spanner,50,0,penalty,ils,50,500000,-8083,True,12,-8083,3938,3938
knapsack,spanner,50,0,penalty,ils,50,500000,-8083,True,13,-8083,5770,5770
knapsack,spanner,50,0,penalty,ils,50,500000,-8083,True,14,-8083,3109,3109
knapsack,spanner,50,0,penalty,ils,50,500000,-8083,True,15,-8083,2162,2162
knapsack,spanner,50,0,penalty,ils,50,500000,-8083,True,16,-8083,3972,3972
knapsack,spanner,50,0,penalty,ils,50,500000,-8083,True,17,-8083,7062,7062
knapsack,spanner,50,0,penalty,ils,50,500000,-8083,True,18,-8083,1935,1935
knapsack,spanner,50,0,penalty,ils,50,500000,-8083,True,19,-8083,2124,2124
knapsack,spanner,50,0,penalty,ils,50,500000,-8083,True,20,-8083,4786,4786
knapsack,spanner,50,0,penalty,ils,50,500000,-8083,True,21,-8083,3289,3289
knapsack,spanner,50,0,penalty,ils,50,500000,-8083,True,22,-8083,2426,2426
knapsack,spanner,50,0,penalty,ils,50,500000,-8083,True,23,-8083,2416,2416
knapsack,spanner,50,0,penalty,ils,50,500000,-8083,True,24,-8083,730,730
knapsack,spanner,50,0,penalty,ils,50,500000,-8083,True,25,-8083,1925,1925
knapsack,spanner,50,0,penalty,ils,50,500000,-8083,True,26,-8083,2423,2423
knapsack,spanner,50,0,penalty,ils,50,500000,-8083,True,27,-8083,2270,2270
knapsack,spanner,50,0,penalty,ils,50,500000,-8083,True,28,-8083,2371,2371
knapsack,spanner,50,0,penalty,ils,50,500000,-8083,True,29,-8083,1141,1141
knapsack,spanner,50,0,penalty,ils,50,500000,-8083,True,30,-8083,4201,4201
knapsack,mstr,80,0,penalty,ils,80,800000,-33272,True,0,-33272,325119,325119
knapsack,mstr,80,0,penalty,ils,80,800000,-33272,True,1,-33163,,800000
knapsack,mstr,80,0,penalty,ils,80,800000,-33272,True,2,-33272,459988,459988
knapsack,mstr,80,0,penalty,ils,80,800000,-33272,True,3,-33257,,800000
knapsack,mstr,80,0,penalty,ils,80,800000,-33272,True,4,-33255,,800000
knapsack,mstr,80,0,penalty,ils,80,800000,-33272,True,5,-33172,,800000
knapsack,mstr,80,0,penalty,ils,80,800000,-33272,True,6,-33272,289999,289999
knapsack,mstr,80,0,penalty,ils,80,800000,-33272,True,7,-33263,,800000
knapsack,mstr,80,0,penalty,ils,80,800000,-33272,True,8,-33170,,800000
knapsack,mstr,80,0,penalty,ils,80,800000,-33272,True,9,-33171,,800000
knapsack,mstr,80,0,penalty,ils,80,800000,-33272,True,10,-33168,,800000
knapsack,mstr,80,0,penalty,ils,80,800000,-33272,True,11,-33256,,800000
knapsack,mstr,80,0,penalty,ils,80,800000,-33272,True,12,-33255,,800000
knapsack,mstr,80,0,penalty,ils,80,800000,-33272,True,13,-33269,,800000
knapsack,mstr,80,0,penalty,ils,80,800000,-33272,True,14,-33269,,800000
knapsack,mstr,80,0,penalty,ils,80,800000,-33272,True,15,-33172,,800000
knapsack,mstr,80,0,penalty,ils,80,800000,-33272,True,16,-33261,,800000
knapsack,mstr,80,0,penalty,ils,80,800000,-33272,True,17,-33256,,800000
knapsack,mstr,80,0,penalty,ils,80,800000,-33272,True,18,-33160,,800000
knapsack,mstr,80,0,penalty,ils,80,800000,-33272,True,19,-33171,,800000
knapsack,mstr,80,0,penalty,ils,80,800000,-33272,True,20,-33169,,800000
knapsack,mstr,80,0,penalty,ils,80,800000,-33272,True,21,-33170,,800000
knapsack,mstr,80,0,penalty,ils,80,800000,-33272,True,22,-33269,,800000
knapsack,mstr,80,0,penalty,ils,80,800000,-33272,True,23,-33163,,800000
knapsack,mstr,80,0,penalty,ils,80,800000,-33272,True,24,-33269,,800000
knapsack,mstr,80,0,penalty,ils,80,800000,-33272,True,25,-33256,,800000
knapsack,mstr,80,0,penalty,ils,80,800000,-33272,True,26,-33170,,800000
knapsack,mstr,80,0,penalty,ils,80,800000,-33272,True,27,-33172,,800000
knapsack,mstr,80,0,penalty,ils,80,800000,-33272,True,28,-33172,,800000
knapsack,mstr,80,0,penalty,ils,80,800000,-33272,True,29,-33255,,800000
knapsack,mstr,80,0,penalty,ils,80,800000,-33272,True,30,-33253,,800000
knapsack,mstr,80,0,penalty,floor,80,800000,-33272,True,0,-31562,,800000
knapsack,mstr,80,0,penalty,floor,80,800000,-33272,True,1,-31548,,800000
knapsack,mstr,80,0,penalty,floor,80,800000,-33272,True,2,-31462,,800000
knapsack,mstr,80,0,penalty,floor,80,800000,-33272,True,3,-31569,,800000
knapsack,mstr,80,0,penalty,floor,80,800000,-33272,True,4,-31569,,800000
knapsack,mstr,80,0,penalty,floor,80,800000,-33272,True,5,-31707,,800000
knapsack,mstr,80,0,penalty,floor,80,800000,-33272,True,6,-31572,,800000
knapsack,mstr,80,0,penalty,floor,80,800000,-33272,True,7,-31545,,800000
knapsack,mstr,80,0,penalty,floor,80,800000,-33272,True,8,-31530,,800000
knapsack,mstr,80,0,penalty,floor,80,800000,-33272,True,9,-31754,,800000
knapsack,mstr,80,0,penalty,floor,80,800000,-33272,True,10,-31372,,800000
knapsack,mstr,80,0,penalty,floor,80,800000,-33272,True,11,-31846,,800000
knapsack,mstr,80,0,penalty,floor,80,800000,-33272,True,12,-31571,,800000
knapsack,mstr,80,0,penalty,floor,80,800000,-33272,True,13,-31657,,800000
knapsack,mstr,80,0,penalty,floor,80,800000,-33272,True,14,-31668,,800000
knapsack,mstr,80,0,penalty,floor,80,800000,-33272,True,15,-31469,,800000
knapsack,mstr,80,0,penalty,floor,80,800000,-33272,True,16,-31572,,800000
knapsack,mstr,80,0,penalty,floor,80,800000,-33272,True,17,-31464,,800000
knapsack,mstr,80,0,penalty,floor,80,800000,-33272,True,18,-31670,,800000
knapsack,mstr,80,0,penalty,floor,80,800000,-33272,True,19,-31670,,800000
knapsack,mstr,80,0,penalty,floor,80,800000,-33272,True,20,-31769,,800000
knapsack,mstr,80,0,penalty,floor,80,800000,-33272,True,21,-31772,,800000
knapsack,mstr,80,0,penalty,floor,80,800000,-33272,True,22,-31643,,800000
knapsack,mstr,80,0,penalty,floor,80,800000,-33272,True,23,-31949,,800000
knapsack,mstr,80,0,penalty,floor,80,800000,-33272,True,24,-31372,,800000
knapsack,mstr,80,0,penalty,floor,80,800000,-33272,True,25,-31540,,800000
knapsack,mstr,80,0,penalty,floor,80,800000,-33272,True,26,-31658,,800000
knapsack,mstr,80,0,penalty,floor,80,800000,-33272,True,27,-31572,,800000
knapsack,mstr,80,0,penalty,floor,80,800000,-33272,True,28,-31662,,800000
knapsack,mstr,80,0,penalty,floor,80,800000,-33272,True,29,-31300,,800000
knapsack,mstr,80,0,penalty,floor,80,800000,-33272,True,30,-31742,,800000
knapsack,mstr,80,1,penalty,floor,80,800000,-32076,True,0,-30373,,800000
knapsack,mstr,80,1,penalty,floor,80,800000,-32076,True,1,-30453,,800000
knapsack,mstr,80,1,penalty,floor,80,800000,-32076,True,2,-30377,,800000
knapsack,mstr,80,1,penalty,floor,80,800000,-32076,True,3,-30777,,800000
knapsack,mstr,80,1,penalty,floor,80,800000,-32076,True,4,-30266,,800000
knapsack,mstr,80,1,penalty,floor,80,800000,-32076,True,5,-30176,,800000
knapsack,mstr,80,1,penalty,floor,80,800000,-32076,True,6,-30373,,800000
knapsack,mstr,80,1,penalty,floor,80,800000,-32076,True,7,-30375,,800000
knapsack,mstr,80,1,penalty,floor,80,800000,-32076,True,8,-30375,,800000
knapsack,mstr,80,1,penalty,floor,80,800000,-32076,True,9,-30330,,800000
knapsack,mstr,80,1,penalty,floor,80,800000,-32076,True,10,-30358,,800000
knapsack,mstr,80,1,penalty,floor,80,800000,-32076,True,11,-30178,,800000
knapsack,mstr,80,1,penalty,floor,80,800000,-32076,True,12,-30279,,800000
knapsack,mstr,80,1,penalty,floor,80,800000,-32076,True,13,-30462,,800000
knapsack,mstr,80,1,penalty,floor,80,800000,-32076,True,14,-30551,,800000
knapsack,mstr,80,1,penalty,floor,80,800000,-32076,True,15,-30675,,800000
knapsack,mstr,80,1,penalty,floor,80,800000,-32076,True,16,-30730,,800000
knapsack,mstr,80,1,penalty,floor,80,800000,-32076,True,17,-30364,,800000
knapsack,mstr,80,1,penalty,floor,80,800000,-32076,True,18,-30421,,800000
knapsack,mstr,80,1,penalty,floor,80,800000,-32076,True,19,-30250,,800000
knapsack,mstr,80,1,penalty,floor,80,800000,-32076,True,20,-30421,,800000
knapsack,mstr,80,1,penalty,floor,80,800000,-32076,True,21,-30479,,800000
knapsack,mstr,80,1,penalty,floor,80,800000,-32076,True,22,-30174,,800000
knapsack,mstr,80,1,penalty,floor,80,800000,-32076,True,23,-30348,,800000
knapsack,mstr,80,1,penalty,floor,80,800000,-32076,True,24,-30279,,800000
knapsack,mstr,80,1,penalty,floor,80,800000,-32076,True,25,-30254,,800000
knapsack,mstr,80,1,penalty,floor,80,800000,-32076,True,26,-30176,,800000
knapsack,mstr,80,1,penalty,floor,80,800000,-32076,True,27,-30243,,800000
knapsack,mstr,80,1,penalty,floor,80,800000,-32076,True,28,-30243,,800000
knapsack,mstr,80,1,penalty,floor,80,800000,-32076,True,29,-30671,,800000
knapsack,mstr,80,1,penalty,floor,80,800000,-32076,True,30,-30378,,800000
knapsack,inverse,120,0,penalty,ils,120,1200000,-33049,True,0,-32749,,1200000
knapsack,inverse,120,0,penalty,ils,120,1200000,-33049,True,1,-32649,,1200000
knapsack,inverse,120,0,penalty,ils,120,1200000,-33049,True,2,-32849,,1200000
knapsack,inverse,120,0,penalty,ils,120,1200000,-33049,True,3,-32749,,1200000
knapsack,inverse,120,0,penalty,ils,120,1200000,-33049,True,4,-32825,,1200000
knapsack,inverse,120,0,penalty,ils,120,1200000,-33049,True,5,-32749,,1200000
knapsack,inverse,120,0,penalty,ils,120,1200000,-33049,True,6,-32848,,1200000
knapsack,inverse,120,0,penalty,ils,120,1200000,-33049,True,7,-32849,,1200000
knapsack,inverse,120,0,penalty,ils,120,1200000,-33049,True,8,-32745,,1200000
knapsack,inverse,120,0,penalty,ils,120,1200000,-33049,True,9,-32845,,1200000
knapsack,inverse,120,0,penalty,ils,120,1200000,-33049,True,10,-32746,,1200000
knapsack,inverse,120,0,penalty,ils,120,1200000,-33049,True,11,-32849,,1200000
knapsack,inverse,120,0,penalty,ils,120,1200000,-33049,True,12,-32749,,1200000
knapsack,inverse,120,0,penalty,ils,120,1200000,-33049,True,13,-32849,,1200000
knapsack,inverse,120,0,penalty,ils,120,1200000,-33049,True,14,-32841,,1200000
knapsack,inverse,120,0,penalty,ils,120,1200000,-33049,True,15,-32876,,1200000
knapsack,inverse,120,0,penalty,ils,120,1200000,-33049,True,16,-32925,,1200000
knapsack,inverse,120,0,penalty,ils,120,1200000,-33049,True,17,-32849,,1200000
knapsack,inverse,120,0,penalty,ils,120,1200000,-33049,True,18,-32848,,1200000
knapsack,inverse,120,0,penalty,ils,120,1200000,-33049,True,19,-32842,,1200000
knapsack,inverse,120,0,penalty,ils,120,1200000,-33049,True,20,-32785,,1200000
knapsack,inverse,120,0,penalty,ils,120,1200000,-33049,True,21,-32747,,1200000
knapsack,inverse,120,0,penalty,ils,120,1200000,-33049,True,22,-32749,,1200000
knapsack,inverse,120,0,penalty,ils,120,1200000,-33049,True,23,-32748,,1200000
knapsack,inverse,120,0,penalty,ils,120,1200000,-33049,True,24,-32846,,1200000
knapsack,inverse,120,0,penalty,ils,120,1200000,-33049,True,25,-32835,,1200000
knapsack,inverse,120,0,penalty,ils,120,1200000,-33049,True,26,-32841,,1200000
knapsack,inverse,120,0,penalty,ils,120,1200000,-33049,True,27,-32743,,1200000
knapsack,inverse,120,0,penalty,ils,120,1200000,-33049,True,28,-32848,,1200000
knapsack,inverse,120,0,penalty,ils,120,1200000,-33049,True,29,-32748,,1200000
knapsack,inverse,120,0,penalty,ils,120,1200000,-33049,True,30,-32947,,1200000
knapsack,spanner,50,1,penalty,ils,50,500000,-7926,True,0,-7926,31162,31162
knapsack,spanner,50,1,penalty,ils,50,500000,-7926,True,1,-7926,16948,16948
knapsack,spanner,50,1,penalty,ils,50,500000,-7926,True,2,-7926,58787,58787
knapsack,spanner,50,1,penalty,ils,50,500000,-7926,True,3,-7926,82865,82865
knapsack,spanner,50,1,penalty,ils,50,500000,-7926,True,4,-7926,33118,33118
knapsack,spanner,50,1,penalty,ils,50,500000,-7926,True,5,-7926,127801,127801
knapsack,spanner,50,1,penalty,ils,50,500000,-7926,True,6,-7926,8551,8551
knapsack,spanner,50,1,penalty,ils,50,500000,-7926,True,7,-7926,29967,29967
knapsack,spanner,50,1,penalty,ils,50,500000,-7926,True,8,-7926,15525,15525
knapsack,spanner,50,1,penalty,ils,50,500000,-7926,True,9,-7926,27352,27352
knapsack,spanner,50,1,penalty,ils,50,500000,-7926,True,10,-7926,39792,39792
knapsack,spanner,50,1,penalty,ils,50,500000,-7926,True,11,-7926,51970,51970
knapsack,spanner,50,1,penalty,ils,50,500000,-7926,True,12,-7926,40374,40374
knapsack,spanner,50,1,penalty,ils,50,500000,-7926,True,13,-7926,39922,39922
knapsack,spanner,50,1,penalty,ils,50,500000,-7926,True,14,-7926,34858,34858
knapsack,spanner,50,1,penalty,ils,50,500000,-7926,True,15,-7926,14724,14724
knapsack,spanner,50,1,penalty,ils,50,500000,-7926,True,16,-7926,26708,26708
knapsack,spanner,50,1,penalty,ils,50,500000,-7926,True,17,-7926,77344,77344
knapsack,spanner,50,1,penalty,ils,50,500000,-7926,True,18,-7926,45284,45284
knapsack,spanner,50,1,penalty,ils,50,500000,-7926,True,19,-7926,112633,112633
knapsack,spanner,50,1,penalty,ils,50,500000,-7926,True,20,-7926,31614,31614
knapsack,spanner,50,1,penalty,ils,50,500000,-7926,True,21,-7926,54013,54013
knapsack,spanner,50,1,penalty,ils,50,500000,-7926,True,22,-7926,59499,59499
knapsack,spanner,50,1,penalty,ils,50,500000,-7926,True,23,-7926,46940,46940
knapsack,spanner,50,1,penalty,ils,50,500000,-7926,True,24,-7926,14211,14211
knapsack,spanner,50,1,penalty,ils,50,500000,-7926,True,25,-7926,71459,71459
knapsack,spanner,50,1,penalty,ils,50,500000,-7926,True,26,-7926,93570,93570
knapsack,spanner,50,1,penalty,ils,50,500000,-7926,True,27,-7926,28951,28951
knapsack,spanner,50,1,penalty,ils,50,500000,-7926,True,28,-7926,38586,38586
knapsack,spanner,50,1,penalty,ils,50,500000,-7926,True,29,-7926,37917,37917
knapsack,spanner,50,1,penalty,ils,50,500000,-7926,True,30,-7926,35917,35917
knapsack,mstr,80,2,penalty,floor,80,800000,-32085,True,0,-30183,,800000
knapsack,mstr,80,2,penalty,floor,80,800000,-32085,True,1,-30584,,800000
knapsack,mstr,80,2,penalty,floor,80,800000,-32085,True,2,-30470,,800000
knapsack,mstr,80,2,penalty,floor,80,800000,-32085,True,3,-30171,,800000
knapsack,mstr,80,2,penalty,floor,80,800000,-32085,True,4,-30166,,800000
knapsack,mstr,80,2,penalty,floor,80,800000,-32085,True,5,-29976,,800000
knapsack,mstr,80,2,penalty,floor,80,800000,-32085,True,6,-30435,,800000
knapsack,mstr,80,2,penalty,floor,80,800000,-32085,True,7,-30285,,800000
knapsack,mstr,80,2,penalty,floor,80,800000,-32085,True,8,-30084,,800000
knapsack,mstr,80,2,penalty,floor,80,800000,-32085,True,9,-30254,,800000
knapsack,mstr,80,2,penalty,floor,80,800000,-32085,True,10,-30260,,800000
knapsack,mstr,80,2,penalty,floor,80,800000,-32085,True,11,-30152,,800000
knapsack,mstr,80,2,penalty,floor,80,800000,-32085,True,12,-30481,,800000
knapsack,mstr,80,2,penalty,floor,80,800000,-32085,True,13,-30380,,800000
knapsack,mstr,80,2,penalty,floor,80,800000,-32085,True,14,-30583,,800000
knapsack,mstr,80,2,penalty,floor,80,800000,-32085,True,15,-29984,,800000
knapsack,mstr,80,2,penalty,floor,80,800000,-32085,True,16,-30276,,800000
knapsack,mstr,80,2,penalty,floor,80,800000,-32085,True,17,-30172,,800000
knapsack,mstr,80,2,penalty,floor,80,800000,-32085,True,18,-30284,,800000
knapsack,mstr,80,2,penalty,floor,80,800000,-32085,True,19,-30273,,800000
knapsack,mstr,80,2,penalty,floor,80,800000,-32085,True,20,-30322,,800000
knapsack,mstr,80,2,penalty,floor,80,800000,-32085,True,21,-30345,,800000
knapsack,mstr,80,2,penalty,floor,80,800000,-32085,True,22,-30464,,800000
knapsack,mstr,80,2,penalty,floor,80,800000,-32085,True,23,-30479,,800000
knapsack,mstr,80,2,penalty,floor,80,800000,-32085,True,24,-30284,,800000
knapsack,mstr,80,2,penalty,floor,80,800000,-32085,True,25,-30279,,800000
knapsack,mstr,80,2,penalty,floor,80,800000,-32085,True,26,-30063,,800000
knapsack,mstr,80,2,penalty,floor,80,800000,-32085,True,27,-30383,,800000
knapsack,mstr,80,2,penalty,floor,80,800000,-32085,True,28,-30184,,800000
knapsack,mstr,80,2,penalty,floor,80,800000,-32085,True,29,-30158,,800000
knapsack,mstr,80,2,penalty,floor,80,800000,-32085,True,30,-30373,,800000
knapsack,mstr,80,3,penalty,floor,80,800000,-33465,True,0,-31865,,800000
knapsack,mstr,80,3,penalty,floor,80,800000,-33465,True,1,-31656,,800000
knapsack,mstr,80,3,penalty,floor,80,800000,-33465,True,2,-31863,,800000
knapsack,mstr,80,3,penalty,floor,80,800000,-33465,True,3,-31656,,800000
knapsack,mstr,80,3,penalty,floor,80,800000,-33465,True,4,-31767,,800000
knapsack,mstr,80,3,penalty,floor,80,800000,-33465,True,5,-31758,,800000
knapsack,mstr,80,3,penalty,floor,80,800000,-33465,True,6,-31761,,800000
knapsack,mstr,80,3,penalty,floor,80,800000,-33465,True,7,-32155,,800000
knapsack,mstr,80,3,penalty,floor,80,800000,-33465,True,8,-31950,,800000
knapsack,mstr,80,3,penalty,floor,80,800000,-33465,True,9,-31862,,800000
knapsack,mstr,80,3,penalty,floor,80,800000,-33465,True,10,-31743,,800000
knapsack,mstr,80,3,penalty,floor,80,800000,-33465,True,11,-31665,,800000
knapsack,mstr,80,3,penalty,floor,80,800000,-33465,True,12,-31950,,800000
knapsack,mstr,80,3,penalty,floor,80,800000,-33465,True,13,-31765,,800000
knapsack,mstr,80,3,penalty,floor,80,800000,-33465,True,14,-31654,,800000
knapsack,mstr,80,3,penalty,floor,80,800000,-33465,True,15,-31756,,800000
knapsack,mstr,80,3,penalty,floor,80,800000,-33465,True,16,-31933,,800000
knapsack,mstr,80,3,penalty,floor,80,800000,-33465,True,17,-32046,,800000
knapsack,mstr,80,3,penalty,floor,80,800000,-33465,True,18,-31932,,800000
knapsack,mstr,80,3,penalty,floor,80,800000,-33465,True,19,-31662,,800000
knapsack,mstr,80,3,penalty,floor,80,800000,-33465,True,20,-32165,,800000
knapsack,mstr,80,3,penalty,floor,80,800000,-33465,True,21,-31763,,800000
knapsack,mstr,80,3,penalty,floor,80,800000,-33465,True,22,-31591,,800000
knapsack,mstr,80,3,penalty,floor,80,800000,-33465,True,23,-32062,,800000
knapsack,mstr,80,3,penalty,floor,80,800000,-33465,True,24,-31816,,800000
knapsack,mstr,80,3,penalty,floor,80,800000,-33465,True,25,-31663,,800000
knapsack,mstr,80,3,penalty,floor,80,800000,-33465,True,26,-31862,,800000
knapsack,mstr,80,3,penalty,floor,80,800000,-33465,True,27,-31957,,800000
knapsack,mstr,80,3,penalty,floor,80,800000,-33465,True,28,-31937,,800000
knapsack,mstr,80,3,penalty,floor,80,800000,-33465,True,29,-31794,,800000
knapsack,mstr,80,3,penalty,floor,80,800000,-33465,True,30,-31765,,800000
knapsack,spanner,50,4,penalty,ils,50,500000,-7010,True,0,-7010,4873,4873
knapsack,spanner,50,4,penalty,ils,50,500000,-7010,True,1,-7010,8677,8677
knapsack,spanner,50,4,penalty,ils,50,500000,-7010,True,2,-7010,17315,17315
knapsack,spanner,50,4,penalty,ils,50,500000,-7010,True,3,-7010,7660,7660
knapsack,spanner,50,4,penalty,ils,50,500000,-7010,True,4,-7010,10738,10738
knapsack,spanner,50,4,penalty,ils,50,500000,-7010,True,5,-7010,4469,4469
knapsack,spanner,50,4,penalty,ils,50,500000,-7010,True,6,-7010,5502,5502
knapsack,spanner,50,4,penalty,ils,50,500000,-7010,True,7,-7010,3072,3072
knapsack,spanner,50,4,penalty,ils,50,500000,-7010,True,8,-7010,11307,11307
knapsack,spanner,50,4,penalty,ils,50,500000,-7010,True,9,-7010,12228,12228
knapsack,spanner,50,4,penalty,ils,50,500000,-7010,True,10,-7010,2872,2872
knapsack,spanner,50,4,penalty,ils,50,500000,-7010,True,11,-7010,10030,10030
knapsack,spanner,50,4,penalty,ils,50,500000,-7010,True,12,-7010,8282,8282
knapsack,spanner,50,4,penalty,ils,50,500000,-7010,True,13,-7010,6773,6773
knapsack,spanner,50,4,penalty,ils,50,500000,-7010,True,14,-7010,20009,20009
knapsack,spanner,50,4,penalty,ils,50,500000,-7010,True,15,-7010,26605,26605
knapsack,spanner,50,4,penalty,ils,50,500000,-7010,True,16,-7010,31564,31564
knapsack,spanner,50,4,penalty,ils,50,500000,-7010,True,17,-7010,14078,14078
knapsack,spanner,50,4,penalty,ils,50,500000,-7010,True,18,-7010,22639,22639
knapsack,spanner,50,4,penalty,ils,50,500000,-7010,True,19,-7010,8215,8215
knapsack,spanner,50,4,penalty,ils,50,500000,-7010,True,20,-7010,10502,10502
knapsack,spanner,50,4,penalty,ils,50,500000,-7010,True,21,-7010,9997,9997
knapsack,spanner,50,4,penalty,ils,50,500000,-7010,True,22,-7010,8253,8253
knapsack,spanner,50,4,penalty,ils,50,500000,-7010,True,23,-7010,32563,32563
knapsack,spanner,50,4,penalty,ils,50,500000,-7010,True,24,-7010,15261,15261
knapsack,spanner,50,4,penalty,ils,50,500000,-7010,True,25,-7010,14445,14445
knapsack,spanner,50,4,penalty,ils,50,500000,-7010,True,26,-7010,8089,8089
knapsack,spanner,50,4,penalty,ils,50,500000,-7010,True,27,-7010,9748,9748
knapsack,spanner,50,4,penalty,ils,50,500000,-7010,True,28,-7010,15421,15421
knapsack,spanner,50,4,penalty,ils,50,500000,-7010,True,29,-7010,12334,12334
knapsack,spanner,50,4,penalty,ils,50,500000,-7010,True,30,-7010,23641,23641
knapsack,inverse,120,1,penalty,ils,120,1200000,-31326,True,0,-31080,,1200000
knapsack,inverse,120,1,penalty,ils,120,1200000,-31326,True,1,-31081,,1200000
knapsack,inverse,120,1,penalty,ils,120,1200000,-31326,True,2,-31079,,1200000
knapsack,inverse,120,1,penalty,ils,120,1200000,-31326,True,3,-31082,,1200000
knapsack,inverse,120,1,penalty,ils,120,1200000,-31326,True,4,-31175,,1200000
knapsack,inverse,120,1,penalty,ils,120,1200000,-31326,True,5,-30981,,1200000
knapsack,inverse,120,1,penalty,ils,120,1200000,-31326,True,6,-30982,,1200000
knapsack,inverse,120,1,penalty,ils,120,1200000,-31326,True,7,-31172,,1200000
knapsack,inverse,120,1,penalty,ils,120,1200000,-31326,True,8,-31082,,1200000
knapsack,inverse,120,1,penalty,ils,120,1200000,-31326,True,9,-31080,,1200000
knapsack,inverse,120,1,penalty,ils,120,1200000,-31326,True,10,-31179,,1200000
knapsack,inverse,120,1,penalty,ils,120,1200000,-31326,True,11,-31072,,1200000
knapsack,inverse,120,1,penalty,ils,120,1200000,-31326,True,12,-31081,,1200000
knapsack,inverse,120,1,penalty,ils,120,1200000,-31326,True,13,-31082,,1200000
knapsack,inverse,120,1,penalty,ils,120,1200000,-31326,True,14,-31074,,1200000
knapsack,inverse,120,1,penalty,ils,120,1200000,-31326,True,15,-31082,,1200000
knapsack,inverse,120,1,penalty,ils,120,1200000,-31326,True,16,-30982,,1200000
knapsack,inverse,120,1,penalty,ils,120,1200000,-31326,True,17,-30979,,1200000
knapsack,inverse,120,1,penalty,ils,120,1200000,-31326,True,18,-30981,,1200000
knapsack,inverse,120,1,penalty,ils,120,1200000,-31326,True,19,-31079,,1200000
knapsack,inverse,120,1,penalty,ils,120,1200000,-31326,True,20,-31182,,1200000
knapsack,inverse,120,1,penalty,ils,120,1200000,-31326,True,21,-30982,,1200000
knapsack,inverse,120,1,penalty,ils,120,1200000,-31326,True,22,-30982,,1200000
knapsack,inverse,120,1,penalty,ils,120,1200000,-31326,True,23,-31176,,1200000
knapsack,inverse,120,1,penalty,ils,120,1200000,-31326,True,24,-30982,,1200000
knapsack,inverse,120,1,penalty,ils,120,1200000,-31326,True,25,-31082,,1200000
knapsack,inverse,120,1,penalty,ils,120,1200000,-31326,True,26,-31180,,1200000
knapsack,inverse,120,1,penalty,ils,120,1200000,-31326,True,27,-30882,,1200000
knapsack,inverse,120,1,penalty,ils,120,1200000,-31326,True,28,-30982,,1200000
knapsack,inverse,120,1,penalty,ils,120,1200000,-31326,True,29,-31181,,1200000
knapsack,inverse,120,1,penalty,ils,120,1200000,-31326,True,30,-31072,,1200000
knapsack,spanner,80,0,penalty,ils,80,800000,-10965,True,0,-10965,13136,13136
knapsack,spanner,80,0,penalty,ils,80,800000,-10965,True,1,-10965,3654,3654
knapsack,spanner,80,0,penalty,ils,80,800000,-10965,True,2,-10965,13694,13694
knapsack,spanner,80,0,penalty,ils,80,800000,-10965,True,3,-10965,8054,8054
knapsack,spanner,80,0,penalty,ils,80,800000,-10965,True,4,-10965,8816,8816
knapsack,spanner,80,0,penalty,ils,80,800000,-10965,True,5,-10965,6256,6256
knapsack,spanner,80,0,penalty,ils,80,800000,-10965,True,6,-10965,4415,4415
knapsack,spanner,80,0,penalty,ils,80,800000,-10965,True,7,-10965,40203,40203
knapsack,spanner,80,0,penalty,ils,80,800000,-10965,True,8,-10965,9457,9457
knapsack,spanner,80,0,penalty,ils,80,800000,-10965,True,9,-10965,1741,1741
knapsack,spanner,80,0,penalty,ils,80,800000,-10965,True,10,-10965,6119,6119
knapsack,spanner,80,0,penalty,ils,80,800000,-10965,True,11,-10965,10532,10532
knapsack,spanner,80,0,penalty,ils,80,800000,-10965,True,12,-10965,2283,2283
knapsack,spanner,80,0,penalty,ils,80,800000,-10965,True,13,-10965,11138,11138
knapsack,spanner,80,0,penalty,ils,80,800000,-10965,True,14,-10965,2800,2800
knapsack,spanner,80,0,penalty,ils,80,800000,-10965,True,15,-10965,10454,10454
knapsack,spanner,80,0,penalty,ils,80,800000,-10965,True,16,-10965,3718,3718
knapsack,spanner,80,0,penalty,ils,80,800000,-10965,True,17,-10965,8827,8827
knapsack,spanner,80,0,penalty,ils,80,800000,-10965,True,18,-10965,1429,1429
knapsack,spanner,80,0,penalty,ils,80,800000,-10965,True,19,-10965,10315,10315
knapsack,spanner,80,0,penalty,ils,80,800000,-10965,True,20,-10965,3926,3926
knapsack,spanner,80,0,penalty,ils,80,800000,-10965,True,21,-10965,26550,26550
knapsack,spanner,80,0,penalty,ils,80,800000,-10965,True,22,-10965,8580,8580
knapsack,spanner,80,0,penalty,ils,80,800000,-10965,True,23,-10965,3960,3960
knapsack,spanner,80,0,penalty,ils,80,800000,-10965,True,24,-10965,15270,15270
knapsack,spanner,80,0,penalty,ils,80,800000,-10965,True,25,-10965,2903,2903
knapsack,spanner,80,0,penalty,ils,80,800000,-10965,True,26,-10965,4193,4193
knapsack,spanner,80,0,penalty,ils,80,800000,-10965,True,27,-10965,10927,10927
knapsack,spanner,80,0,penalty,ils,80,800000,-10965,True,28,-10965,16909,16909
knapsack,spanner,80,0,penalty,ils,80,800000,-10965,True,29,-10965,5748,5748
knapsack,spanner,80,0,penalty,ils,80,800000,-10965,True,30,-10965,4182,4182
knapsack,spanner,50,3,penalty,ils,50,500000,-11475,True,0,-11475,17571,17571
knapsack,spanner,50,3,penalty,ils,50,500000,-11475,True,1,-11475,148067,148067
knapsack,spanner,50,3,penalty,ils,50,500000,-11475,True,2,-11475,80777,80777
knapsack,spanner,50,3,penalty,ils,50,500000,-11475,True,3,-11475,153834,153834
knapsack,spanner,50,3,penalty,ils,50,500000,-11475,True,4,-11475,29868,29868
knapsack,spanner,50,3,penalty,ils,50,500000,-11475,True,5,-11475,52480,52480
knapsack,spanner,50,3,penalty,ils,50,500000,-11475,True,6,-11475,17872,17872
knapsack,spanner,50,3,penalty,ils,50,500000,-11475,True,7,-11475,34651,34651
knapsack,spanner,50,3,penalty,ils,50,500000,-11475,True,8,-11475,49142,49142
knapsack,spanner,50,3,penalty,ils,50,500000,-11475,True,9,-11475,24490,24490
knapsack,spanner,50,3,penalty,ils,50,500000,-11475,True,10,-11475,14511,14511
knapsack,spanner,50,3,penalty,ils,50,500000,-11475,True,11,-11475,33661,33661
knapsack,spanner,50,3,penalty,ils,50,500000,-11475,True,12,-11475,40488,40488
knapsack,spanner,50,3,penalty,ils,50,500000,-11475,True,13,-11475,78642,78642
knapsack,spanner,50,3,penalty,ils,50,500000,-11475,True,14,-11475,6623,6623
knapsack,spanner,50,3,penalty,ils,50,500000,-11475,True,15,-11475,13202,13202
knapsack,spanner,50,3,penalty,ils,50,500000,-11475,True,16,-11475,69135,69135
knapsack,spanner,50,3,penalty,ils,50,500000,-11475,True,17,-11475,12990,12990
knapsack,spanner,50,3,penalty,ils,50,500000,-11475,True,18,-11475,15896,15896
knapsack,spanner,50,3,penalty,ils,50,500000,-11475,True,19,-11475,23403,23403
knapsack,spanner,50,3,penalty,ils,50,500000,-11475,True,20,-11475,39961,39961
knapsack,spanner,50,3,penalty,ils,50,500000,-11475,True,21,-11475,51146,51146
knapsack,spanner,50,3,penalty,ils,50,500000,-11475,True,22,-11475,7699,7699
knapsack,spanner,50,3,penalty,ils,50,500000,-11475,True,23,-11475,46690,46690
knapsack,spanner,50,3,penalty,ils,50,500000,-11475,True,24,-11475,38145,38145
knapsack,spanner,50,3,penalty,ils,50,500000,-11475,True,25,-11475,32607,32607
knapsack,spanner,50,3,penalty,ils,50,500000,-11475,True,26,-11475,34115,34115
knapsack,spanner,50,3,penalty,ils,50,500000,-11475,True,27,-11475,29841,29841
knapsack,spanner,50,3,penalty,ils,50,500000,-11475,True,28,-11475,9904,9904
knapsack,spanner,50,3,penalty,ils,50,500000,-11475,True,29,-11475,25014,25014
knapsack,spanner,50,3,penalty,ils,50,500000,-11475,True,30,-11475,11489,11489
knapsack,mstr,80,4,penalty,floor,80,800000,-32110,True,0,-30302,,800000
knapsack,mstr,80,4,penalty,floor,80,800000,-32110,True,1,-30306,,800000
knapsack,mstr,80,4,penalty,floor,80,800000,-32110,True,2,-30589,,800000
knapsack,mstr,80,4,penalty,floor,80,800000,-32110,True,3,-30494,,800000
knapsack,mstr,80,4,penalty,floor,80,800000,-32110,True,4,-30104,,800000
knapsack,mstr,80,4,penalty,floor,80,800000,-32110,True,5,-30091,,800000
knapsack,mstr,80,4,penalty,floor,80,800000,-32110,True,6,-30305,,800000
knapsack,mstr,80,4,penalty,floor,80,800000,-32110,True,7,-30603,,800000
knapsack,mstr,80,4,penalty,floor,80,800000,-32110,True,8,-30399,,800000
knapsack,mstr,80,4,penalty,floor,80,800000,-32110,True,9,-30201,,800000
knapsack,mstr,80,4,penalty,floor,80,800000,-32110,True,10,-30403,,800000
knapsack,mstr,80,4,penalty,floor,80,800000,-32110,True,11,-30398,,800000
knapsack,mstr,80,4,penalty,floor,80,800000,-32110,True,12,-30596,,800000
knapsack,mstr,80,4,penalty,floor,80,800000,-32110,True,13,-30097,,800000
knapsack,mstr,80,4,penalty,floor,80,800000,-32110,True,14,-30189,,800000
knapsack,mstr,80,4,penalty,floor,80,800000,-32110,True,15,-30284,,800000
knapsack,mstr,80,4,penalty,floor,80,800000,-32110,True,16,-30296,,800000
knapsack,mstr,80,4,penalty,floor,80,800000,-32110,True,17,-30304,,800000
knapsack,mstr,80,4,penalty,floor,80,800000,-32110,True,18,-30364,,800000
knapsack,mstr,80,4,penalty,floor,80,800000,-32110,True,19,-30300,,800000
knapsack,mstr,80,4,penalty,floor,80,800000,-32110,True,20,-30110,,800000
knapsack,mstr,80,4,penalty,floor,80,800000,-32110,True,21,-30310,,800000
knapsack,mstr,80,4,penalty,floor,80,800000,-32110,True,22,-30291,,800000
knapsack,mstr,80,4,penalty,floor,80,800000,-32110,True,23,-30203,,800000
knapsack,mstr,80,4,penalty,floor,80,800000,-32110,True,24,-30209,,800000
knapsack,mstr,80,4,penalty,floor,80,800000,-32110,True,25,-30402,,800000
knapsack,mstr,80,4,penalty,floor,80,800000,-32110,True,26,-30403,,800000
knapsack,mstr,80,4,penalty,floor,80,800000,-32110,True,27,-30201,,800000
knapsack,mstr,80,4,penalty,floor,80,800000,-32110,True,28,-30303,,800000
knapsack,mstr,80,4,penalty,floor,80,800000,-32110,True,29,-30285,,800000
knapsack,mstr,80,4,penalty,floor,80,800000,-32110,True,30,-30392,,800000
knapsack,mstr,80,2,penalty,ils,80,800000,-32085,True,0,-31985,,800000
knapsack,mstr,80,2,penalty,ils,80,800000,-32085,True,1,-31884,,800000
knapsack,mstr,80,2,penalty,ils,80,800000,-32085,True,2,-31885,,800000
knapsack,mstr,80,2,penalty,ils,80,800000,-32085,True,3,-32083,,800000
knapsack,mstr,80,2,penalty,ils,80,800000,-32085,True,4,-31885,,800000
knapsack,mstr,80,2,penalty,ils,80,800000,-32085,True,5,-31885,,800000
knapsack,mstr,80,2,penalty,ils,80,800000,-32085,True,6,-31885,,800000
knapsack,mstr,80,2,penalty,ils,80,800000,-32085,True,7,-31985,,800000
knapsack,mstr,80,2,penalty,ils,80,800000,-32085,True,8,-31983,,800000
knapsack,mstr,80,2,penalty,ils,80,800000,-32085,True,9,-31984,,800000
knapsack,mstr,80,2,penalty,ils,80,800000,-32085,True,10,-31884,,800000
knapsack,mstr,80,2,penalty,ils,80,800000,-32085,True,11,-32085,510812,510812
knapsack,mstr,80,2,penalty,ils,80,800000,-32085,True,12,-31985,,800000
knapsack,mstr,80,2,penalty,ils,80,800000,-32085,True,13,-31885,,800000
knapsack,mstr,80,2,penalty,ils,80,800000,-32085,True,14,-31882,,800000
knapsack,mstr,80,2,penalty,ils,80,800000,-32085,True,15,-32069,,800000
knapsack,mstr,80,2,penalty,ils,80,800000,-32085,True,16,-31985,,800000
knapsack,mstr,80,2,penalty,ils,80,800000,-32085,True,17,-31878,,800000
knapsack,mstr,80,2,penalty,ils,80,800000,-32085,True,18,-31885,,800000
knapsack,mstr,80,2,penalty,ils,80,800000,-32085,True,19,-31885,,800000
knapsack,mstr,80,2,penalty,ils,80,800000,-32085,True,20,-31885,,800000
knapsack,mstr,80,2,penalty,ils,80,800000,-32085,True,21,-31985,,800000
knapsack,mstr,80,2,penalty,ils,80,800000,-32085,True,22,-31983,,800000
knapsack,mstr,80,2,penalty,ils,80,800000,-32085,True,23,-31984,,800000
knapsack,mstr,80,2,penalty,ils,80,800000,-32085,True,24,-32081,,800000
knapsack,mstr,80,2,penalty,ils,80,800000,-32085,True,25,-31984,,800000
knapsack,mstr,80,2,penalty,ils,80,800000,-32085,True,26,-32077,,800000
knapsack,mstr,80,2,penalty,ils,80,800000,-32085,True,27,-31883,,800000
knapsack,mstr,80,2,penalty,ils,80,800000,-32085,True,28,-31884,,800000
knapsack,mstr,80,2,penalty,ils,80,800000,-32085,True,29,-32079,,800000
knapsack,mstr,80,2,penalty,ils,80,800000,-32085,True,30,-31985,,800000
knapsack,inverse,120,2,penalty,ils,120,1200000,-30701,True,0,-30495,,1200000
knapsack,inverse,120,2,penalty,ils,120,1200000,-30701,True,1,-30398,,1200000
knapsack,inverse,120,2,penalty,ils,120,1200000,-30701,True,2,-30501,,1200000
knapsack,inverse,120,2,penalty,ils,120,1200000,-30701,True,3,-30400,,1200000
knapsack,inverse,120,2,penalty,ils,120,1200000,-30701,True,4,-30300,,1200000
knapsack,inverse,120,2,penalty,ils,120,1200000,-30701,True,5,-30501,,1200000
knapsack,inverse,120,2,penalty,ils,120,1200000,-30701,True,6,-30400,,1200000
knapsack,inverse,120,2,penalty,ils,120,1200000,-30701,True,7,-30401,,1200000
knapsack,inverse,120,2,penalty,ils,120,1200000,-30701,True,8,-30401,,1200000
knapsack,inverse,120,2,penalty,ils,120,1200000,-30701,True,9,-30495,,1200000
knapsack,inverse,120,2,penalty,ils,120,1200000,-30701,True,10,-30498,,1200000
knapsack,inverse,120,2,penalty,ils,120,1200000,-30701,True,11,-30501,,1200000
knapsack,inverse,120,2,penalty,ils,120,1200000,-30701,True,12,-30545,,1200000
knapsack,inverse,120,2,penalty,ils,120,1200000,-30701,True,13,-30399,,1200000
knapsack,inverse,120,2,penalty,ils,120,1200000,-30701,True,14,-30501,,1200000
knapsack,inverse,120,2,penalty,ils,120,1200000,-30701,True,15,-30499,,1200000
knapsack,inverse,120,2,penalty,ils,120,1200000,-30701,True,16,-30496,,1200000
knapsack,inverse,120,2,penalty,ils,120,1200000,-30701,True,17,-30401,,1200000
knapsack,inverse,120,2,penalty,ils,120,1200000,-30701,True,18,-30501,,1200000
knapsack,inverse,120,2,penalty,ils,120,1200000,-30701,True,19,-30500,,1200000
knapsack,inverse,120,2,penalty,ils,120,1200000,-30701,True,20,-30501,,1200000
knapsack,inverse,120,2,penalty,ils,120,1200000,-30701,True,21,-30496,,1200000
knapsack,inverse,120,2,penalty,ils,120,1200000,-30701,True,22,-30500,,1200000
knapsack,inverse,120,2,penalty,ils,120,1200000,-30701,True,23,-30301,,1200000
knapsack,inverse,120,2,penalty,ils,120,1200000,-30701,True,24,-30495,,1200000
knapsack,inverse,120,2,penalty,ils,120,1200000,-30701,True,25,-30411,,1200000
knapsack,inverse,120,2,penalty,ils,120,1200000,-30701,True,26,-30501,,1200000
knapsack,inverse,120,2,penalty,ils,120,1200000,-30701,True,27,-30500,,1200000
knapsack,inverse,120,2,penalty,ils,120,1200000,-30701,True,28,-30398,,1200000
knapsack,inverse,120,2,penalty,ils,120,1200000,-30701,True,29,-30397,,1200000
knapsack,inverse,120,2,penalty,ils,120,1200000,-30701,True,30,-30395,,1200000
knapsack,mstr,80,1,penalty,ils,80,800000,-32076,True,0,-31876,,800000
knapsack,mstr,80,1,penalty,ils,80,800000,-32076,True,1,-31979,,800000
knapsack,mstr,80,1,penalty,ils,80,800000,-32076,True,2,-31871,,800000
knapsack,mstr,80,1,penalty,ils,80,800000,-32076,True,3,-31977,,800000
knapsack,mstr,80,1,penalty,ils,80,800000,-32076,True,4,-31979,,800000
knapsack,mstr,80,1,penalty,ils,80,800000,-32076,True,5,-31973,,800000
knapsack,mstr,80,1,penalty,ils,80,800000,-32076,True,6,-31976,,800000
knapsack,mstr,80,1,penalty,ils,80,800000,-32076,True,7,-31979,,800000
knapsack,mstr,80,1,penalty,ils,80,800000,-32076,True,8,-31779,,800000
knapsack,mstr,80,1,penalty,ils,80,800000,-32076,True,9,-31979,,800000
knapsack,mstr,80,1,penalty,ils,80,800000,-32076,True,10,-31778,,800000
knapsack,mstr,80,1,penalty,ils,80,800000,-32076,True,11,-31879,,800000
knapsack,mstr,80,1,penalty,ils,80,800000,-32076,True,12,-31879,,800000
knapsack,mstr,80,1,penalty,ils,80,800000,-32076,True,13,-31976,,800000
knapsack,mstr,80,1,penalty,ils,80,800000,-32076,True,14,-31979,,800000
knapsack,mstr,80,1,penalty,ils,80,800000,-32076,True,15,-31878,,800000
knapsack,mstr,80,1,penalty,ils,80,800000,-32076,True,16,-31979,,800000
knapsack,mstr,80,1,penalty,ils,80,800000,-32076,True,17,-31979,,800000
knapsack,mstr,80,1,penalty,ils,80,800000,-32076,True,18,-31878,,800000
knapsack,mstr,80,1,penalty,ils,80,800000,-32076,True,19,-31879,,800000
knapsack,mstr,80,1,penalty,ils,80,800000,-32076,True,20,-31879,,800000
knapsack,mstr,80,1,penalty,ils,80,800000,-32076,True,21,-31976,,800000
knapsack,mstr,80,1,penalty,ils,80,800000,-32076,True,22,-31977,,800000
knapsack,mstr,80,1,penalty,ils,80,800000,-32076,True,23,-31879,,800000
knapsack,mstr,80,1,penalty,ils,80,800000,-32076,True,24,-31974,,800000
knapsack,mstr,80,1,penalty,ils,80,800000,-32076,True,25,-31779,,800000
knapsack,mstr,80,1,penalty,ils,80,800000,-32076,True,26,-31879,,800000
knapsack,mstr,80,1,penalty,ils,80,800000,-32076,True,27,-31879,,800000
knapsack,mstr,80,1,penalty,ils,80,800000,-32076,True,28,-31979,,800000
knapsack,mstr,80,1,penalty,ils,80,800000,-32076,True,29,-31978,,800000
knapsack,mstr,80,1,penalty,ils,80,800000,-32076,True,30,-31879,,800000
knapsack,spanner,80,1,penalty,ils,80,800000,-15192,True,0,-15192,13283,13283
knapsack,spanner,80,1,penalty,ils,80,800000,-15192,True,1,-15192,31133,31133
knapsack,spanner,80,1,penalty,ils,80,800000,-15192,True,2,-15192,49285,49285
knapsack,spanner,80,1,penalty,ils,80,800000,-15192,True,3,-15192,14469,14469
knapsack,spanner,80,1,penalty,ils,80,800000,-15192,True,4,-15192,9871,9871
knapsack,spanner,80,1,penalty,ils,80,800000,-15192,True,5,-15192,42896,42896
knapsack,spanner,80,1,penalty,ils,80,800000,-15192,True,6,-15192,14698,14698
knapsack,spanner,80,1,penalty,ils,80,800000,-15192,True,7,-15192,36069,36069
knapsack,spanner,80,1,penalty,ils,80,800000,-15192,True,8,-15192,63628,63628
knapsack,spanner,80,1,penalty,ils,80,800000,-15192,True,9,-15192,39694,39694
knapsack,spanner,80,1,penalty,ils,80,800000,-15192,True,10,-15192,9339,9339
knapsack,spanner,80,1,penalty,ils,80,800000,-15192,True,11,-15192,31311,31311
knapsack,spanner,80,1,penalty,ils,80,800000,-15192,True,12,-15192,21855,21855
knapsack,spanner,80,1,penalty,ils,80,800000,-15192,True,13,-15192,21803,21803
knapsack,spanner,80,1,penalty,ils,80,800000,-15192,True,14,-15192,30586,30586
knapsack,spanner,80,1,penalty,ils,80,800000,-15192,True,15,-15192,19058,19058
knapsack,spanner,80,1,penalty,ils,80,800000,-15192,True,16,-15192,18946,18946
knapsack,spanner,80,1,penalty,ils,80,800000,-15192,True,17,-15192,54632,54632
knapsack,spanner,80,1,penalty,ils,80,800000,-15192,True,18,-15192,53064,53064
knapsack,spanner,80,1,penalty,ils,80,800000,-15192,True,19,-15192,31294,31294
knapsack,spanner,80,1,penalty,ils,80,800000,-15192,True,20,-15192,22558,22558
knapsack,spanner,80,1,penalty,ils,80,800000,-15192,True,21,-15192,10508,10508
knapsack,spanner,80,1,penalty,ils,80,800000,-15192,True,22,-15192,27358,27358
knapsack,spanner,80,1,penalty,ils,80,800000,-15192,True,23,-15192,28144,28144
knapsack,spanner,80,1,penalty,ils,80,800000,-15192,True,24,-15192,5456,5456
knapsack,spanner,80,1,penalty,ils,80,800000,-15192,True,25,-15192,5068,5068
knapsack,spanner,80,1,penalty,ils,80,800000,-15192,True,26,-15192,20343,20343
knapsack,spanner,80,1,penalty,ils,80,800000,-15192,True,27,-15192,23001,23001
knapsack,spanner,80,1,penalty,ils,80,800000,-15192,True,28,-15192,20272,20272
knapsack,spanner,80,1,penalty,ils,80,800000,-15192,True,29,-15192,37438,37438
knapsack,spanner,80,1,penalty,ils,80,800000,-15192,True,30,-15192,43826,43826
knapsack,mstr,80,3,penalty,ils,80,800000,-33465,True,0,-33360,,800000
knapsack,mstr,80,3,penalty,ils,80,800000,-33465,True,1,-33265,,800000
knapsack,mstr,80,3,penalty,ils,80,800000,-33465,True,2,-33264,,800000
knapsack,mstr,80,3,penalty,ils,80,800000,-33465,True,3,-33265,,800000
knapsack,mstr,80,3,penalty,ils,80,800000,-33465,True,4,-33362,,800000
knapsack,mstr,80,3,penalty,ils,80,800000,-33465,True,5,-33363,,800000
knapsack,mstr,80,3,penalty,ils,80,800000,-33465,True,6,-33265,,800000
knapsack,mstr,80,3,penalty,ils,80,800000,-33465,True,7,-33265,,800000
knapsack,mstr,80,3,penalty,ils,80,800000,-33465,True,8,-33265,,800000
knapsack,mstr,80,3,penalty,ils,80,800000,-33465,True,9,-33465,539771,539771
knapsack,mstr,80,3,penalty,ils,80,800000,-33465,True,10,-33365,,800000
knapsack,mstr,80,3,penalty,ils,80,800000,-33465,True,11,-33465,210257,210257
knapsack,mstr,80,3,penalty,ils,80,800000,-33465,True,12,-33365,,800000
knapsack,mstr,80,3,penalty,ils,80,800000,-33465,True,13,-33265,,800000
knapsack,mstr,80,3,penalty,ils,80,800000,-33465,True,14,-33359,,800000
knapsack,mstr,80,3,penalty,ils,80,800000,-33465,True,15,-33265,,800000
knapsack,mstr,80,3,penalty,ils,80,800000,-33465,True,16,-33365,,800000
knapsack,mstr,80,3,penalty,ils,80,800000,-33465,True,17,-33265,,800000
knapsack,mstr,80,3,penalty,ils,80,800000,-33465,True,18,-33265,,800000
knapsack,mstr,80,3,penalty,ils,80,800000,-33465,True,19,-33365,,800000
knapsack,mstr,80,3,penalty,ils,80,800000,-33465,True,20,-33265,,800000
knapsack,mstr,80,3,penalty,ils,80,800000,-33465,True,21,-33363,,800000
knapsack,mstr,80,3,penalty,ils,80,800000,-33465,True,22,-33264,,800000
knapsack,mstr,80,3,penalty,ils,80,800000,-33465,True,23,-33265,,800000
knapsack,mstr,80,3,penalty,ils,80,800000,-33465,True,24,-33265,,800000
knapsack,mstr,80,3,penalty,ils,80,800000,-33465,True,25,-33365,,800000
knapsack,mstr,80,3,penalty,ils,80,800000,-33465,True,26,-33265,,800000
knapsack,mstr,80,3,penalty,ils,80,800000,-33465,True,27,-33264,,800000
knapsack,mstr,80,3,penalty,ils,80,800000,-33465,True,28,-33265,,800000
knapsack,mstr,80,3,penalty,ils,80,800000,-33465,True,29,-33065,,800000
knapsack,mstr,80,3,penalty,ils,80,800000,-33465,True,30,-33365,,800000
knapsack,inverse,120,3,penalty,ils,120,1200000,-31890,True,0,-31689,,1200000
knapsack,inverse,120,3,penalty,ils,120,1200000,-31890,True,1,-31687,,1200000
knapsack,inverse,120,3,penalty,ils,120,1200000,-31890,True,2,-31689,,1200000
knapsack,inverse,120,3,penalty,ils,120,1200000,-31890,True,3,-31690,,1200000
knapsack,inverse,120,3,penalty,ils,120,1200000,-31890,True,4,-31490,,1200000
knapsack,inverse,120,3,penalty,ils,120,1200000,-31890,True,5,-31590,,1200000
knapsack,inverse,120,3,penalty,ils,120,1200000,-31890,True,6,-31590,,1200000
knapsack,inverse,120,3,penalty,ils,120,1200000,-31890,True,7,-31590,,1200000
knapsack,inverse,120,3,penalty,ils,120,1200000,-31890,True,8,-31684,,1200000
knapsack,inverse,120,3,penalty,ils,120,1200000,-31890,True,9,-31590,,1200000
knapsack,inverse,120,3,penalty,ils,120,1200000,-31890,True,10,-31589,,1200000
knapsack,inverse,120,3,penalty,ils,120,1200000,-31890,True,11,-31689,,1200000
knapsack,inverse,120,3,penalty,ils,120,1200000,-31890,True,12,-31655,,1200000
knapsack,inverse,120,3,penalty,ils,120,1200000,-31890,True,13,-31690,,1200000
knapsack,inverse,120,3,penalty,ils,120,1200000,-31890,True,14,-31688,,1200000
knapsack,inverse,120,3,penalty,ils,120,1200000,-31890,True,15,-31689,,1200000
knapsack,inverse,120,3,penalty,ils,120,1200000,-31890,True,16,-31773,,1200000
knapsack,inverse,120,3,penalty,ils,120,1200000,-31890,True,17,-31590,,1200000
knapsack,inverse,120,3,penalty,ils,120,1200000,-31890,True,18,-31688,,1200000
knapsack,inverse,120,3,penalty,ils,120,1200000,-31890,True,19,-31590,,1200000
knapsack,inverse,120,3,penalty,ils,120,1200000,-31890,True,20,-31683,,1200000
knapsack,inverse,120,3,penalty,ils,120,1200000,-31890,True,21,-31782,,1200000
knapsack,inverse,120,3,penalty,ils,120,1200000,-31890,True,22,-31690,,1200000
knapsack,inverse,120,3,penalty,ils,120,1200000,-31890,True,23,-31787,,1200000
knapsack,inverse,120,3,penalty,ils,120,1200000,-31890,True,24,-31589,,1200000
knapsack,inverse,120,3,penalty,ils,120,1200000,-31890,True,25,-31588,,1200000
knapsack,inverse,120,3,penalty,ils,120,1200000,-31890,True,26,-31586,,1200000
knapsack,inverse,120,3,penalty,ils,120,1200000,-31890,True,27,-31686,,1200000
knapsack,inverse,120,3,penalty,ils,120,1200000,-31890,True,28,-31786,,1200000
knapsack,inverse,120,3,penalty,ils,120,1200000,-31890,True,29,-31690,,1200000
knapsack,inverse,120,3,penalty,ils,120,1200000,-31890,True,30,-31586,,1200000
knapsack,mstr,80,4,penalty,ils,80,800000,-32110,True,0,-32110,720503,720503
knapsack,mstr,80,4,penalty,ils,80,800000,-32110,True,1,-32005,,800000
knapsack,mstr,80,4,penalty,ils,80,800000,-32110,True,2,-32110,450774,450774
knapsack,mstr,80,4,penalty,ils,80,800000,-32110,True,3,-32010,,800000
knapsack,mstr,80,4,penalty,ils,80,800000,-32110,True,4,-32010,,800000
knapsack,mstr,80,4,penalty,ils,80,800000,-32110,True,5,-32010,,800000
knapsack,mstr,80,4,penalty,ils,80,800000,-32110,True,6,-32008,,800000
knapsack,mstr,80,4,penalty,ils,80,800000,-32110,True,7,-32008,,800000
knapsack,mstr,80,4,penalty,ils,80,800000,-32110,True,8,-32009,,800000
knapsack,mstr,80,4,penalty,ils,80,800000,-32110,True,9,-32008,,800000
knapsack,mstr,80,4,penalty,ils,80,800000,-32110,True,10,-32007,,800000
knapsack,mstr,80,4,penalty,ils,80,800000,-32110,True,11,-32010,,800000
knapsack,mstr,80,4,penalty,ils,80,800000,-32110,True,12,-32108,,800000
knapsack,mstr,80,4,penalty,ils,80,800000,-32110,True,13,-32110,534815,534815
knapsack,mstr,80,4,penalty,ils,80,800000,-32110,True,14,-32010,,800000
knapsack,mstr,80,4,penalty,ils,80,800000,-32110,True,15,-32110,200552,200552
knapsack,mstr,80,4,penalty,ils,80,800000,-32110,True,16,-32010,,800000
knapsack,mstr,80,4,penalty,ils,80,800000,-32110,True,17,-32007,,800000
knapsack,mstr,80,4,penalty,ils,80,800000,-32110,True,18,-32010,,800000
knapsack,mstr,80,4,penalty,ils,80,800000,-32110,True,19,-32009,,800000
knapsack,mstr,80,4,penalty,ils,80,800000,-32110,True,20,-32010,,800000
knapsack,mstr,80,4,penalty,ils,80,800000,-32110,True,21,-32108,,800000
knapsack,mstr,80,4,penalty,ils,80,800000,-32110,True,22,-32108,,800000
knapsack,mstr,80,4,penalty,ils,80,800000,-32110,True,23,-32009,,800000
knapsack,mstr,80,4,penalty,ils,80,800000,-32110,True,24,-32108,,800000
knapsack,mstr,80,4,penalty,ils,80,800000,-32110,True,25,-32108,,800000
knapsack,mstr,80,4,penalty,ils,80,800000,-32110,True,26,-32093,,800000
knapsack,mstr,80,4,penalty,ils,80,800000,-32110,True,27,-32108,,800000
knapsack,mstr,80,4,penalty,ils,80,800000,-32110,True,28,-32109,,800000
knapsack,mstr,80,4,penalty,ils,80,800000,-32110,True,29,-32009,,800000
knapsack,mstr,80,4,penalty,ils,80,800000,-32110,True,30,-32007,,800000
knapsack,inverse,120,1,penalty,floor,120,1200000,-31326,True,0,-30006,,1200000
knapsack,inverse,120,1,penalty,floor,120,1200000,-31326,True,1,-30081,,1200000
knapsack,inverse,120,1,penalty,floor,120,1200000,-31326,True,2,-30167,,1200000
knapsack,inverse,120,1,penalty,floor,120,1200000,-31326,True,3,-29954,,1200000
knapsack,inverse,120,1,penalty,floor,120,1200000,-31326,True,4,-30175,,1200000
knapsack,inverse,120,1,penalty,floor,120,1200000,-31326,True,5,-30060,,1200000
knapsack,inverse,120,1,penalty,floor,120,1200000,-31326,True,6,-30072,,1200000
knapsack,inverse,120,1,penalty,floor,120,1200000,-31326,True,7,-30176,,1200000
knapsack,inverse,120,1,penalty,floor,120,1200000,-31326,True,8,-30078,,1200000
knapsack,inverse,120,1,penalty,floor,120,1200000,-31326,True,9,-30177,,1200000
knapsack,inverse,120,1,penalty,floor,120,1200000,-31326,True,10,-30179,,1200000
knapsack,inverse,120,1,penalty,floor,120,1200000,-31326,True,11,-30082,,1200000
knapsack,inverse,120,1,penalty,floor,120,1200000,-31326,True,12,-30171,,1200000
knapsack,inverse,120,1,penalty,floor,120,1200000,-31326,True,13,-30073,,1200000
knapsack,inverse,120,1,penalty,floor,120,1200000,-31326,True,14,-30166,,1200000
knapsack,inverse,120,1,penalty,floor,120,1200000,-31326,True,15,-30078,,1200000
knapsack,inverse,120,1,penalty,floor,120,1200000,-31326,True,16,-30171,,1200000
knapsack,inverse,120,1,penalty,floor,120,1200000,-31326,True,17,-30168,,1200000
knapsack,inverse,120,1,penalty,floor,120,1200000,-31326,True,18,-30324,,1200000
knapsack,inverse,120,1,penalty,floor,120,1200000,-31326,True,19,-29991,,1200000
knapsack,inverse,120,1,penalty,floor,120,1200000,-31326,True,20,-30116,,1200000
knapsack,inverse,120,1,penalty,floor,120,1200000,-31326,True,21,-30366,,1200000
knapsack,inverse,120,1,penalty,floor,120,1200000,-31326,True,22,-29996,,1200000
knapsack,inverse,120,1,penalty,floor,120,1200000,-31326,True,23,-30272,,1200000
knapsack,inverse,120,1,penalty,floor,120,1200000,-31326,True,24,-29973,,1200000
knapsack,inverse,120,1,penalty,floor,120,1200000,-31326,True,25,-30279,,1200000
knapsack,inverse,120,1,penalty,floor,120,1200000,-31326,True,26,-30067,,1200000
knapsack,inverse,120,1,penalty,floor,120,1200000,-31326,True,27,-29979,,1200000
knapsack,inverse,120,1,penalty,floor,120,1200000,-31326,True,28,-29980,,1200000
knapsack,inverse,120,1,penalty,floor,120,1200000,-31326,True,29,-30081,,1200000
knapsack,inverse,120,1,penalty,floor,120,1200000,-31326,True,30,-29970,,1200000
knapsack,inverse,120,0,penalty,floor,120,1200000,-33049,True,0,-31842,,1200000
knapsack,inverse,120,0,penalty,floor,120,1200000,-33049,True,1,-31849,,1200000
knapsack,inverse,120,0,penalty,floor,120,1200000,-33049,True,2,-31838,,1200000
knapsack,inverse,120,0,penalty,floor,120,1200000,-33049,True,3,-31749,,1200000
knapsack,inverse,120,0,penalty,floor,120,1200000,-33049,True,4,-32138,,1200000
knapsack,inverse,120,0,penalty,floor,120,1200000,-33049,True,5,-32041,,1200000
knapsack,inverse,120,0,penalty,floor,120,1200000,-33049,True,6,-31746,,1200000
knapsack,inverse,120,0,penalty,floor,120,1200000,-33049,True,7,-31831,,1200000
knapsack,inverse,120,0,penalty,floor,120,1200000,-33049,True,8,-31907,,1200000
knapsack,inverse,120,0,penalty,floor,120,1200000,-33049,True,9,-31849,,1200000
knapsack,inverse,120,0,penalty,floor,120,1200000,-33049,True,10,-31747,,1200000
knapsack,inverse,120,0,penalty,floor,120,1200000,-33049,True,11,-31837,,1200000
knapsack,inverse,120,0,penalty,floor,120,1200000,-33049,True,12,-31847,,1200000
knapsack,inverse,120,0,penalty,floor,120,1200000,-33049,True,13,-31848,,1200000
knapsack,inverse,120,0,penalty,floor,120,1200000,-33049,True,14,-31844,,1200000
knapsack,inverse,120,0,penalty,floor,120,1200000,-33049,True,15,-31835,,1200000
knapsack,inverse,120,0,penalty,floor,120,1200000,-33049,True,16,-31848,,1200000
knapsack,inverse,120,0,penalty,floor,120,1200000,-33049,True,17,-31841,,1200000
knapsack,inverse,120,0,penalty,floor,120,1200000,-33049,True,18,-31849,,1200000
knapsack,inverse,120,0,penalty,floor,120,1200000,-33049,True,19,-31842,,1200000
knapsack,inverse,120,0,penalty,floor,120,1200000,-33049,True,20,-32039,,1200000
knapsack,inverse,120,0,penalty,floor,120,1200000,-33049,True,21,-31842,,1200000
knapsack,inverse,120,0,penalty,floor,120,1200000,-33049,True,22,-31737,,1200000
knapsack,inverse,120,0,penalty,floor,120,1200000,-33049,True,23,-31831,,1200000
knapsack,inverse,120,0,penalty,floor,120,1200000,-33049,True,24,-31840,,1200000
knapsack,inverse,120,0,penalty,floor,120,1200000,-33049,True,25,-31828,,1200000
knapsack,inverse,120,0,penalty,floor,120,1200000,-33049,True,26,-31782,,1200000
knapsack,inverse,120,0,penalty,floor,120,1200000,-33049,True,27,-31949,,1200000
knapsack,inverse,120,0,penalty,floor,120,1200000,-33049,True,28,-31843,,1200000
knapsack,inverse,120,0,penalty,floor,120,1200000,-33049,True,29,-31803,,1200000
knapsack,inverse,120,0,penalty,floor,120,1200000,-33049,True,30,-31728,,1200000
knapsack,inverse,120,2,penalty,floor,120,1200000,-30701,True,0,-29298,,1200000
knapsack,inverse,120,2,penalty,floor,120,1200000,-30701,True,1,-29283,,1200000
knapsack,inverse,120,2,penalty,floor,120,1200000,-30701,True,2,-29297,,1200000
knapsack,inverse,120,2,penalty,floor,120,1200000,-30701,True,3,-29301,,1200000
knapsack,inverse,120,2,penalty,floor,120,1200000,-30701,True,4,-29398,,1200000
knapsack,inverse,120,2,penalty,floor,120,1200000,-30701,True,5,-29193,,1200000
knapsack,inverse,120,2,penalty,floor,120,1200000,-30701,True,6,-29200,,1200000
knapsack,inverse,120,2,penalty,floor,120,1200000,-30701,True,7,-29303,,1200000
knapsack,inverse,120,2,penalty,floor,120,1200000,-30701,True,8,-29385,,1200000
knapsack,inverse,120,2,penalty,floor,120,1200000,-30701,True,9,-29591,,1200000
knapsack,inverse,120,2,penalty,floor,120,1200000,-30701,True,10,-29300,,1200000
knapsack,inverse,120,2,penalty,floor,120,1200000,-30701,True,11,-29486,,1200000
knapsack,inverse,120,2,penalty,floor,120,1200000,-30701,True,12,-29395,,1200000
knapsack,inverse,120,2,penalty,floor,120,1200000,-30701,True,13,-29256,,1200000
knapsack,inverse,120,2,penalty,floor,120,1200000,-30701,True,14,-29399,,1200000
knapsack,inverse,120,2,penalty,floor,120,1200000,-30701,True,15,-29492,,1200000
knapsack,inverse,120,2,penalty,floor,120,1200000,-30701,True,16,-29400,,1200000
knapsack,inverse,120,2,penalty,floor,120,1200000,-30701,True,17,-29401,,1200000
knapsack,inverse,120,2,penalty,floor,120,1200000,-30701,True,18,-29382,,1200000
knapsack,inverse,120,2,penalty,floor,120,1200000,-30701,True,19,-29299,,1200000
knapsack,inverse,120,2,penalty,floor,120,1200000,-30701,True,20,-29393,,1200000
knapsack,inverse,120,2,penalty,floor,120,1200000,-30701,True,21,-29281,,1200000
knapsack,inverse,120,2,penalty,floor,120,1200000,-30701,True,22,-29198,,1200000
knapsack,inverse,120,2,penalty,floor,120,1200000,-30701,True,23,-29392,,1200000
knapsack,inverse,120,2,penalty,floor,120,1200000,-30701,True,24,-29398,,1200000
knapsack,inverse,120,2,penalty,floor,120,1200000,-30701,True,25,-29399,,1200000
knapsack,inverse,120,2,penalty,floor,120,1200000,-30701,True,26,-29299,,1200000
knapsack,inverse,120,2,penalty,floor,120,1200000,-30701,True,27,-29291,,1200000
knapsack,inverse,120,2,penalty,floor,120,1200000,-30701,True,28,-29401,,1200000
knapsack,inverse,120,2,penalty,floor,120,1200000,-30701,True,29,-29275,,1200000
knapsack,inverse,120,2,penalty,floor,120,1200000,-30701,True,30,-29386,,1200000
knapsack,inverse,120,4,penalty,ils,120,1200000,-32150,True,0,-31850,,1200000
knapsack,inverse,120,4,penalty,ils,120,1200000,-32150,True,1,-31848,,1200000
knapsack,inverse,120,4,penalty,ils,120,1200000,-32150,True,2,-31949,,1200000
knapsack,inverse,120,4,penalty,ils,120,1200000,-32150,True,3,-31949,,1200000
knapsack,inverse,120,4,penalty,ils,120,1200000,-32150,True,4,-31949,,1200000
knapsack,inverse,120,4,penalty,ils,120,1200000,-32150,True,5,-31850,,1200000
knapsack,inverse,120,4,penalty,ils,120,1200000,-32150,True,6,-31950,,1200000
knapsack,inverse,120,4,penalty,ils,120,1200000,-32150,True,7,-31850,,1200000
knapsack,inverse,120,4,penalty,ils,120,1200000,-32150,True,8,-31850,,1200000
knapsack,inverse,120,4,penalty,ils,120,1200000,-32150,True,9,-31848,,1200000
knapsack,inverse,120,4,penalty,ils,120,1200000,-32150,True,10,-31950,,1200000
knapsack,inverse,120,4,penalty,ils,120,1200000,-32150,True,11,-31950,,1200000
knapsack,inverse,120,4,penalty,ils,120,1200000,-32150,True,12,-31850,,1200000
knapsack,inverse,120,4,penalty,ils,120,1200000,-32150,True,13,-31950,,1200000
knapsack,inverse,120,4,penalty,ils,120,1200000,-32150,True,14,-31850,,1200000
knapsack,inverse,120,4,penalty,ils,120,1200000,-32150,True,15,-31850,,1200000
knapsack,inverse,120,4,penalty,ils,120,1200000,-32150,True,16,-31850,,1200000
knapsack,inverse,120,4,penalty,ils,120,1200000,-32150,True,17,-31950,,1200000
knapsack,inverse,120,4,penalty,ils,120,1200000,-32150,True,18,-31849,,1200000
knapsack,inverse,120,4,penalty,ils,120,1200000,-32150,True,19,-31949,,1200000
knapsack,inverse,120,4,penalty,ils,120,1200000,-32150,True,20,-31849,,1200000
knapsack,inverse,120,4,penalty,ils,120,1200000,-32150,True,21,-31850,,1200000
knapsack,inverse,120,4,penalty,ils,120,1200000,-32150,True,22,-31850,,1200000
knapsack,inverse,120,4,penalty,ils,120,1200000,-32150,True,23,-32049,,1200000
knapsack,inverse,120,4,penalty,ils,120,1200000,-32150,True,24,-31947,,1200000
knapsack,inverse,120,4,penalty,ils,120,1200000,-32150,True,25,-31948,,1200000
knapsack,inverse,120,4,penalty,ils,120,1200000,-32150,True,26,-31950,,1200000
knapsack,inverse,120,4,penalty,ils,120,1200000,-32150,True,27,-31849,,1200000
knapsack,inverse,120,4,penalty,ils,120,1200000,-32150,True,28,-31849,,1200000
knapsack,inverse,120,4,penalty,ils,120,1200000,-32150,True,29,-31650,,1200000
knapsack,inverse,120,4,penalty,ils,120,1200000,-32150,True,30,-31850,,1200000
knapsack,spanner,80,3,penalty,ils,80,800000,-12133,True,0,-12133,117244,117244
knapsack,spanner,80,3,penalty,ils,80,800000,-12133,True,1,-12133,254735,254735
knapsack,spanner,80,3,penalty,ils,80,800000,-12133,True,2,-12133,105425,105425
knapsack,spanner,80,3,penalty,ils,80,800000,-12133,True,3,-12133,108715,108715
knapsack,spanner,80,3,penalty,ils,80,800000,-12133,True,4,-12133,80772,80772
knapsack,spanner,80,3,penalty,ils,80,800000,-12133,True,5,-12133,120404,120404
knapsack,spanner,80,3,penalty,ils,80,800000,-12133,True,6,-12133,50049,50049
knapsack,spanner,80,3,penalty,ils,80,800000,-12133,True,7,-12133,62373,62373
knapsack,spanner,80,3,penalty,ils,80,800000,-12133,True,8,-12133,95599,95599
knapsack,spanner,80,3,penalty,ils,80,800000,-12133,True,9,-12133,106646,106646
knapsack,spanner,80,3,penalty,ils,80,800000,-12133,True,10,-12133,157377,157377
knapsack,spanner,80,3,penalty,ils,80,800000,-12133,True,11,-12133,133336,133336
knapsack,spanner,80,3,penalty,ils,80,800000,-12133,True,12,-12133,45715,45715
knapsack,spanner,80,3,penalty,ils,80,800000,-12133,True,13,-12133,96360,96360
knapsack,spanner,80,3,penalty,ils,80,800000,-12133,True,14,-12133,185070,185070
knapsack,spanner,80,3,penalty,ils,80,800000,-12133,True,15,-12133,138680,138680
knapsack,spanner,80,3,penalty,ils,80,800000,-12133,True,16,-12133,95475,95475
knapsack,spanner,80,3,penalty,ils,80,800000,-12133,True,17,-12133,78980,78980
knapsack,spanner,80,3,penalty,ils,80,800000,-12133,True,18,-12133,82404,82404
knapsack,spanner,80,3,penalty,ils,80,800000,-12133,True,19,-12133,100922,100922
knapsack,spanner,80,3,penalty,ils,80,800000,-12133,True,20,-12133,99556,99556
knapsack,spanner,80,3,penalty,ils,80,800000,-12133,True,21,-12133,108031,108031
knapsack,spanner,80,3,penalty,ils,80,800000,-12133,True,22,-12133,69728,69728
knapsack,spanner,80,3,penalty,ils,80,800000,-12133,True,23,-12133,157085,157085
knapsack,spanner,80,3,penalty,ils,80,800000,-12133,True,24,-12133,64186,64186
knapsack,spanner,80,3,penalty,ils,80,800000,-12133,True,25,-12133,236703,236703
knapsack,spanner,80,3,penalty,ils,80,800000,-12133,True,26,-12133,100946,100946
knapsack,spanner,80,3,penalty,ils,80,800000,-12133,True,27,-12133,70016,70016
knapsack,spanner,80,3,penalty,ils,80,800000,-12133,True,28,-12133,108646,108646
knapsack,spanner,80,3,penalty,ils,80,800000,-12133,True,29,-12133,55167,55167
knapsack,spanner,80,3,penalty,ils,80,800000,-12133,True,30,-12133,89889,89889
knapsack,inverse,120,3,penalty,floor,120,1200000,-31890,True,0,-30582,,1200000
knapsack,inverse,120,3,penalty,floor,120,1200000,-31890,True,1,-30780,,1200000
knapsack,inverse,120,3,penalty,floor,120,1200000,-31890,True,2,-30787,,1200000
knapsack,inverse,120,3,penalty,floor,120,1200000,-31890,True,3,-30655,,1200000
knapsack,inverse,120,3,penalty,floor,120,1200000,-31890,True,4,-30683,,1200000
knapsack,inverse,120,3,penalty,floor,120,1200000,-31890,True,5,-30789,,1200000
knapsack,inverse,120,3,penalty,floor,120,1200000,-31890,True,6,-30588,,1200000
knapsack,inverse,120,3,penalty,floor,120,1200000,-31890,True,7,-30687,,1200000
knapsack,inverse,120,3,penalty,floor,120,1200000,-31890,True,8,-30689,,1200000
knapsack,inverse,120,3,penalty,floor,120,1200000,-31890,True,9,-30677,,1200000
knapsack,inverse,120,3,penalty,floor,120,1200000,-31890,True,10,-30778,,1200000
knapsack,inverse,120,3,penalty,floor,120,1200000,-31890,True,11,-30590,,1200000
knapsack,inverse,120,3,penalty,floor,120,1200000,-31890,True,12,-30683,,1200000
knapsack,inverse,120,3,penalty,floor,120,1200000,-31890,True,13,-30589,,1200000
knapsack,inverse,120,3,penalty,floor,120,1200000,-31890,True,14,-30685,,1200000
knapsack,inverse,120,3,penalty,floor,120,1200000,-31890,True,15,-30885,,1200000
knapsack,inverse,120,3,penalty,floor,120,1200000,-31890,True,16,-30686,,1200000
knapsack,inverse,120,3,penalty,floor,120,1200000,-31890,True,17,-30790,,1200000
knapsack,inverse,120,3,penalty,floor,120,1200000,-31890,True,18,-30688,,1200000
knapsack,inverse,120,3,penalty,floor,120,1200000,-31890,True,19,-30790,,1200000
knapsack,inverse,120,3,penalty,floor,120,1200000,-31890,True,20,-30689,,1200000
knapsack,inverse,120,3,penalty,floor,120,1200000,-31890,True,21,-30688,,1200000
knapsack,inverse,120,3,penalty,floor,120,1200000,-31890,True,22,-30682,,1200000
knapsack,inverse,120,3,penalty,floor,120,1200000,-31890,True,23,-30584,,1200000
knapsack,inverse,120,3,penalty,floor,120,1200000,-31890,True,24,-30689,,1200000
knapsack,inverse,120,3,penalty,floor,120,1200000,-31890,True,25,-30588,,1200000
knapsack,inverse,120,3,penalty,floor,120,1200000,-31890,True,26,-30582,,1200000
knapsack,inverse,120,3,penalty,floor,120,1200000,-31890,True,27,-30689,,1200000
knapsack,inverse,120,3,penalty,floor,120,1200000,-31890,True,28,-30682,,1200000
knapsack,inverse,120,3,penalty,floor,120,1200000,-31890,True,29,-30685,,1200000
knapsack,inverse,120,3,penalty,floor,120,1200000,-31890,True,30,-30665,,1200000
knapsack,inverse,120,4,penalty,floor,120,1200000,-32150,True,0,-30943,,1200000
knapsack,inverse,120,4,penalty,floor,120,1200000,-32150,True,1,-30956,,1200000
knapsack,inverse,120,4,penalty,floor,120,1200000,-32150,True,2,-30847,,1200000
knapsack,inverse,120,4,penalty,floor,120,1200000,-32150,True,3,-30933,,1200000
knapsack,inverse,120,4,penalty,floor,120,1200000,-32150,True,4,-31249,,1200000
knapsack,inverse,120,4,penalty,floor,120,1200000,-32150,True,5,-31147,,1200000
knapsack,inverse,120,4,penalty,floor,120,1200000,-32150,True,6,-31038,,1200000
knapsack,inverse,120,4,penalty,floor,120,1200000,-32150,True,7,-31012,,1200000
knapsack,inverse,120,4,penalty,floor,120,1200000,-32150,True,8,-30944,,1200000
knapsack,inverse,120,4,penalty,floor,120,1200000,-32150,True,9,-30950,,1200000
knapsack,inverse,120,4,penalty,floor,120,1200000,-32150,True,10,-31016,,1200000
knapsack,inverse,120,4,penalty,floor,120,1200000,-32150,True,11,-30936,,1200000
knapsack,inverse,120,4,penalty,floor,120,1200000,-32150,True,12,-30966,,1200000
knapsack,inverse,120,4,penalty,floor,120,1200000,-32150,True,13,-31036,,1200000
knapsack,inverse,120,4,penalty,floor,120,1200000,-32150,True,14,-31039,,1200000
knapsack,inverse,120,4,penalty,floor,120,1200000,-32150,True,15,-30840,,1200000
knapsack,inverse,120,4,penalty,floor,120,1200000,-32150,True,16,-30937,,1200000
knapsack,inverse,120,4,penalty,floor,120,1200000,-32150,True,17,-30847,,1200000
knapsack,inverse,120,4,penalty,floor,120,1200000,-32150,True,18,-31041,,1200000
knapsack,inverse,120,4,penalty,floor,120,1200000,-32150,True,19,-30942,,1200000
knapsack,inverse,120,4,penalty,floor,120,1200000,-32150,True,20,-30946,,1200000
knapsack,inverse,120,4,penalty,floor,120,1200000,-32150,True,21,-30931,,1200000
knapsack,inverse,120,4,penalty,floor,120,1200000,-32150,True,22,-30950,,1200000
knapsack,inverse,120,4,penalty,floor,120,1200000,-32150,True,23,-30946,,1200000
knapsack,inverse,120,4,penalty,floor,120,1200000,-32150,True,24,-30949,,1200000
knapsack,inverse,120,4,penalty,floor,120,1200000,-32150,True,25,-30950,,1200000
knapsack,inverse,120,4,penalty,floor,120,1200000,-32150,True,26,-30950,,1200000
knapsack,inverse,120,4,penalty,floor,120,1200000,-32150,True,27,-30845,,1200000
knapsack,inverse,120,4,penalty,floor,120,1200000,-32150,True,28,-30975,,1200000
knapsack,inverse,120,4,penalty,floor,120,1200000,-32150,True,29,-30947,,1200000
knapsack,inverse,120,4,penalty,floor,120,1200000,-32150,True,30,-30998,,1200000
knapsack,spanner,50,0,penalty,floor,50,500000,-8083,True,0,-8075,,500000
knapsack,spanner,50,0,penalty,floor,50,500000,-8083,True,1,-8079,,500000
knapsack,spanner,50,0,penalty,floor,50,500000,-8083,True,2,-8044,,500000
knapsack,spanner,50,0,penalty,floor,50,500000,-8083,True,3,-8075,,500000
knapsack,spanner,50,0,penalty,floor,50,500000,-8083,True,4,-8079,,500000
knapsack,spanner,50,0,penalty,floor,50,500000,-8083,True,5,-8075,,500000
knapsack,spanner,50,0,penalty,floor,50,500000,-8083,True,6,-8079,,500000
knapsack,spanner,50,0,penalty,floor,50,500000,-8083,True,7,-8052,,500000
knapsack,spanner,50,0,penalty,floor,50,500000,-8083,True,8,-8075,,500000
knapsack,spanner,50,0,penalty,floor,50,500000,-8083,True,9,-8044,,500000
knapsack,spanner,50,0,penalty,floor,50,500000,-8083,True,10,-8075,,500000
knapsack,spanner,50,0,penalty,floor,50,500000,-8083,True,11,-8044,,500000
knapsack,spanner,50,0,penalty,floor,50,500000,-8083,True,12,-8013,,500000
knapsack,spanner,50,0,penalty,floor,50,500000,-8083,True,13,-8013,,500000
knapsack,spanner,50,0,penalty,floor,50,500000,-8083,True,14,-8044,,500000
knapsack,spanner,50,0,penalty,floor,50,500000,-8083,True,15,-8075,,500000
knapsack,spanner,50,0,penalty,floor,50,500000,-8083,True,16,-8075,,500000
knapsack,spanner,50,0,penalty,floor,50,500000,-8083,True,17,-8044,,500000
knapsack,spanner,50,0,penalty,floor,50,500000,-8083,True,18,-8075,,500000
knapsack,spanner,50,0,penalty,floor,50,500000,-8083,True,19,-8079,,500000
knapsack,spanner,50,0,penalty,floor,50,500000,-8083,True,20,-8044,,500000
knapsack,spanner,50,0,penalty,floor,50,500000,-8083,True,21,-8044,,500000
knapsack,spanner,50,0,penalty,floor,50,500000,-8083,True,22,-8079,,500000
knapsack,spanner,50,0,penalty,floor,50,500000,-8083,True,23,-8044,,500000
knapsack,spanner,50,0,penalty,floor,50,500000,-8083,True,24,-8044,,500000
knapsack,spanner,50,0,penalty,floor,50,500000,-8083,True,25,-8044,,500000
knapsack,spanner,50,0,penalty,floor,50,500000,-8083,True,26,-8044,,500000
knapsack,spanner,50,0,penalty,floor,50,500000,-8083,True,27,-8044,,500000
knapsack,spanner,50,0,penalty,floor,50,500000,-8083,True,28,-8013,,500000
knapsack,spanner,50,0,penalty,floor,50,500000,-8083,True,29,-8075,,500000
knapsack,spanner,50,0,penalty,floor,50,500000,-8083,True,30,-8013,,500000
knapsack,spanner,120,1,penalty,ils,120,1200000,-19132,True,0,-19132,92795,92795
knapsack,spanner,120,1,penalty,ils,120,1200000,-19132,True,1,-19132,23480,23480
knapsack,spanner,120,1,penalty,ils,120,1200000,-19132,True,2,-19132,69293,69293
knapsack,spanner,120,1,penalty,ils,120,1200000,-19132,True,3,-19132,140499,140499
knapsack,spanner,120,1,penalty,ils,120,1200000,-19132,True,4,-19132,83014,83014
knapsack,spanner,120,1,penalty,ils,120,1200000,-19132,True,5,-19132,15922,15922
knapsack,spanner,120,1,penalty,ils,120,1200000,-19132,True,6,-19132,59362,59362
knapsack,spanner,120,1,penalty,ils,120,1200000,-19132,True,7,-19132,63316,63316
knapsack,spanner,120,1,penalty,ils,120,1200000,-19132,True,8,-19132,50516,50516
knapsack,spanner,120,1,penalty,ils,120,1200000,-19132,True,9,-19132,19423,19423
knapsack,spanner,120,1,penalty,ils,120,1200000,-19132,True,10,-19132,288824,288824
knapsack,spanner,120,1,penalty,ils,120,1200000,-19132,True,11,-19132,34372,34372
knapsack,spanner,120,1,penalty,ils,120,1200000,-19132,True,12,-19132,57114,57114
knapsack,spanner,120,1,penalty,ils,120,1200000,-19132,True,13,-19132,103935,103935
knapsack,spanner,120,1,penalty,ils,120,1200000,-19132,True,14,-19132,69704,69704
knapsack,spanner,120,1,penalty,ils,120,1200000,-19132,True,15,-19132,28614,28614
knapsack,spanner,120,1,penalty,ils,120,1200000,-19132,True,16,-19132,41382,41382
knapsack,spanner,120,1,penalty,ils,120,1200000,-19132,True,17,-19132,173793,173793
knapsack,spanner,120,1,penalty,ils,120,1200000,-19132,True,18,-19132,99392,99392
knapsack,spanner,120,1,penalty,ils,120,1200000,-19132,True,19,-19132,26567,26567
knapsack,spanner,120,1,penalty,ils,120,1200000,-19132,True,20,-19132,14360,14360
knapsack,spanner,120,1,penalty,ils,120,1200000,-19132,True,21,-19132,98308,98308
knapsack,spanner,120,1,penalty,ils,120,1200000,-19132,True,22,-19132,47957,47957
knapsack,spanner,120,1,penalty,ils,120,1200000,-19132,True,23,-19132,13988,13988
knapsack,spanner,120,1,penalty,ils,120,1200000,-19132,True,24,-19132,29229,29229
knapsack,spanner,120,1,penalty,ils,120,1200000,-19132,True,25,-19132,35211,35211
knapsack,spanner,120,1,penalty,ils,120,1200000,-19132,True,26,-19132,95819,95819
knapsack,spanner,120,1,penalty,ils,120,1200000,-19132,True,27,-19132,300014,300014
knapsack,spanner,120,1,penalty,ils,120,1200000,-19132,True,28,-19132,21272,21272
knapsack,spanner,120,1,penalty,ils,120,1200000,-19132,True,29,-19132,36240,36240
knapsack,spanner,120,1,penalty,ils,120,1200000,-19132,True,30,-19132,40363,40363
scp,,40,0,penalty,floor,36,360000,6,True,0,6,14646,14646
scp,,40,0,penalty,floor,36,360000,6,True,1,6,12985,12985
scp,,40,0,penalty,floor,36,360000,6,True,2,6,23016,23016
scp,,40,0,penalty,floor,36,360000,6,True,3,6,1443,1443
scp,,40,0,penalty,floor,36,360000,6,True,4,6,2489,2489
scp,,40,0,penalty,floor,36,360000,6,True,5,6,8332,8332
scp,,40,0,penalty,floor,36,360000,6,True,6,6,9631,9631
scp,,40,0,penalty,floor,36,360000,6,True,7,6,2778,2778
scp,,40,0,penalty,floor,36,360000,6,True,8,6,16088,16088
scp,,40,0,penalty,floor,36,360000,6,True,9,6,8405,8405
scp,,40,0,penalty,floor,36,360000,6,True,10,6,5483,5483
scp,,40,0,penalty,floor,36,360000,6,True,11,6,28427,28427
scp,,40,0,penalty,floor,36,360000,6,True,12,6,21174,21174
scp,,40,0,penalty,floor,36,360000,6,True,13,6,2092,2092
scp,,40,0,penalty,floor,36,360000,6,True,14,6,5375,5375
scp,,40,0,penalty,floor,36,360000,6,True,15,6,7323,7323
scp,,40,0,penalty,floor,36,360000,6,True,16,6,10463,10463
scp,,40,0,penalty,floor,36,360000,6,True,17,6,13456,13456
scp,,40,0,penalty,floor,36,360000,6,True,18,6,20958,20958
scp,,40,0,penalty,floor,36,360000,6,True,19,6,938,938
scp,,40,0,penalty,floor,36,360000,6,True,20,6,9994,9994
scp,,40,0,penalty,floor,36,360000,6,True,21,6,22978,22978
scp,,40,0,penalty,floor,36,360000,6,True,22,6,6855,6855
scp,,40,0,penalty,floor,36,360000,6,True,23,6,8082,8082
scp,,40,0,penalty,floor,36,360000,6,True,24,6,21318,21318
scp,,40,0,penalty,floor,36,360000,6,True,25,6,16775,16775
scp,,40,0,penalty,floor,36,360000,6,True,26,6,2454,2454
scp,,40,0,penalty,floor,36,360000,6,True,27,6,44406,44406
scp,,40,0,penalty,floor,36,360000,6,True,28,6,29688,29688
scp,,40,0,penalty,floor,36,360000,6,True,29,6,1371,1371
scp,,40,0,penalty,floor,36,360000,6,True,30,6,54977,54977
scp,,40,0,penalty,ils,36,360000,6,True,0,6,1072,1072
scp,,40,0,penalty,ils,36,360000,6,True,1,6,1570,1570
scp,,40,0,penalty,ils,36,360000,6,True,2,6,3315,3315
scp,,40,0,penalty,ils,36,360000,6,True,3,6,8602,8602
scp,,40,0,penalty,ils,36,360000,6,True,4,6,3344,3344
scp,,40,0,penalty,ils,36,360000,6,True,5,6,1575,1575
scp,,40,0,penalty,ils,36,360000,6,True,6,6,1076,1076
scp,,40,0,penalty,ils,36,360000,6,True,7,6,2020,2020
scp,,40,0,penalty,ils,36,360000,6,True,8,6,1617,1617
scp,,40,0,penalty,ils,36,360000,6,True,9,6,3259,3259
scp,,40,0,penalty,ils,36,360000,6,True,10,6,994,994
scp,,40,0,penalty,ils,36,360000,6,True,11,6,3642,3642
scp,,40,0,penalty,ils,36,360000,6,True,12,6,2663,2663
scp,,40,0,penalty,ils,36,360000,6,True,13,6,2289,2289
scp,,40,0,penalty,ils,36,360000,6,True,14,6,440,440
scp,,40,0,penalty,ils,36,360000,6,True,15,6,2809,2809
scp,,40,0,penalty,ils,36,360000,6,True,16,6,5250,5250
scp,,40,0,penalty,ils,36,360000,6,True,17,6,1873,1873
scp,,40,0,penalty,ils,36,360000,6,True,18,6,1736,1736
scp,,40,0,penalty,ils,36,360000,6,True,19,6,320,320
scp,,40,0,penalty,ils,36,360000,6,True,20,6,3847,3847
scp,,40,0,penalty,ils,36,360000,6,True,21,6,2046,2046
scp,,40,0,penalty,ils,36,360000,6,True,22,6,1809,1809
scp,,40,0,penalty,ils,36,360000,6,True,23,6,2523,2523
scp,,40,0,penalty,ils,36,360000,6,True,24,6,816,816
scp,,40,0,penalty,ils,36,360000,6,True,25,6,2928,2928
scp,,40,0,penalty,ils,36,360000,6,True,26,6,1809,1809
scp,,40,0,penalty,ils,36,360000,6,True,27,6,1883,1883
scp,,40,0,penalty,ils,36,360000,6,True,28,6,2877,2877
scp,,40,0,penalty,ils,36,360000,6,True,29,6,1594,1594
scp,,40,0,penalty,ils,36,360000,6,True,30,6,2262,2262
scp,,40,1,penalty,floor,36,360000,6,True,0,6,19697,19697
scp,,40,1,penalty,floor,36,360000,6,True,1,6,33041,33041
scp,,40,1,penalty,floor,36,360000,6,True,2,6,50897,50897
scp,,40,1,penalty,floor,36,360000,6,True,3,6,26117,26117
scp,,40,1,penalty,floor,36,360000,6,True,4,6,27453,27453
scp,,40,1,penalty,floor,36,360000,6,True,5,6,75536,75536
scp,,40,1,penalty,floor,36,360000,6,True,6,6,10677,10677
scp,,40,1,penalty,floor,36,360000,6,True,7,6,114387,114387
scp,,40,1,penalty,floor,36,360000,6,True,8,6,17497,17497
scp,,40,1,penalty,floor,36,360000,6,True,9,6,7791,7791
scp,,40,1,penalty,floor,36,360000,6,True,10,6,35242,35242
scp,,40,1,penalty,floor,36,360000,6,True,11,6,5629,5629
scp,,40,1,penalty,floor,36,360000,6,True,12,6,26333,26333
scp,,40,1,penalty,floor,36,360000,6,True,13,6,24890,24890
scp,,40,1,penalty,floor,36,360000,6,True,14,6,12914,12914
scp,,40,1,penalty,floor,36,360000,6,True,15,6,27814,27814
scp,,40,1,penalty,floor,36,360000,6,True,16,6,17135,17135
scp,,40,1,penalty,floor,36,360000,6,True,17,6,4364,4364
scp,,40,1,penalty,floor,36,360000,6,True,18,6,2922,2922
scp,,40,1,penalty,floor,36,360000,6,True,19,6,4077,4077
scp,,40,1,penalty,floor,36,360000,6,True,20,6,38708,38708
scp,,40,1,penalty,floor,36,360000,6,True,21,6,5880,5880
scp,,40,1,penalty,floor,36,360000,6,True,22,6,1299,1299
scp,,40,1,penalty,floor,36,360000,6,True,23,6,8874,8874
scp,,40,1,penalty,floor,36,360000,6,True,24,6,27594,27594
scp,,40,1,penalty,floor,36,360000,6,True,25,6,4113,4113
scp,,40,1,penalty,floor,36,360000,6,True,26,6,3607,3607
scp,,40,1,penalty,floor,36,360000,6,True,27,6,4870,4870
scp,,40,1,penalty,floor,36,360000,6,True,28,6,25070,25070
scp,,40,1,penalty,floor,36,360000,6,True,29,6,3933,3933
scp,,40,1,penalty,floor,36,360000,6,True,30,6,2777,2777
scp,,40,1,penalty,ils,36,360000,6,True,0,6,5609,5609
scp,,40,1,penalty,ils,36,360000,6,True,1,6,1017,1017
scp,,40,1,penalty,ils,36,360000,6,True,2,6,3724,3724
scp,,40,1,penalty,ils,36,360000,6,True,3,6,752,752
scp,,40,1,penalty,ils,36,360000,6,True,4,6,3203,3203
scp,,40,1,penalty,ils,36,360000,6,True,5,6,969,969
scp,,40,1,penalty,ils,36,360000,6,True,6,6,1831,1831
scp,,40,1,penalty,ils,36,360000,6,True,7,6,5585,5585
scp,,40,1,penalty,ils,36,360000,6,True,8,6,2801,2801
scp,,40,1,penalty,ils,36,360000,6,True,9,6,1131,1131
scp,,40,1,penalty,ils,36,360000,6,True,10,6,3436,3436
scp,,40,1,penalty,ils,36,360000,6,True,11,6,1145,1145
scp,,40,1,penalty,ils,36,360000,6,True,12,6,698,698
scp,,40,1,penalty,ils,36,360000,6,True,13,6,2860,2860
scp,,40,1,penalty,ils,36,360000,6,True,14,6,1776,1776
scp,,40,1,penalty,ils,36,360000,6,True,15,6,5708,5708
scp,,40,1,penalty,ils,36,360000,6,True,16,6,2945,2945
scp,,40,1,penalty,ils,36,360000,6,True,17,6,2122,2122
scp,,40,1,penalty,ils,36,360000,6,True,18,6,2570,2570
scp,,40,1,penalty,ils,36,360000,6,True,19,6,1403,1403
scp,,40,1,penalty,ils,36,360000,6,True,20,6,3697,3697
scp,,40,1,penalty,ils,36,360000,6,True,21,6,1850,1850
scp,,40,1,penalty,ils,36,360000,6,True,22,6,5312,5312
scp,,40,1,penalty,ils,36,360000,6,True,23,6,1679,1679
scp,,40,1,penalty,ils,36,360000,6,True,24,6,563,563
scp,,40,1,penalty,ils,36,360000,6,True,25,6,2150,2150
scp,,40,1,penalty,ils,36,360000,6,True,26,6,1175,1175
scp,,40,1,penalty,ils,36,360000,6,True,27,6,1367,1367
scp,,40,1,penalty,ils,36,360000,6,True,28,6,1797,1797
scp,,40,1,penalty,ils,36,360000,6,True,29,6,713,713
scp,,40,1,penalty,ils,36,360000,6,True,30,6,1691,1691
scp,,40,2,penalty,floor,36,360000,6,True,0,6,6458,6458
scp,,40,2,penalty,floor,36,360000,6,True,1,6,5519,5519
scp,,40,2,penalty,floor,36,360000,6,True,2,6,24026,24026
scp,,40,2,penalty,floor,36,360000,6,True,3,6,5663,5663
scp,,40,2,penalty,floor,36,360000,6,True,4,6,28824,28824
scp,,40,2,penalty,floor,36,360000,6,True,5,6,29287,29287
scp,,40,2,penalty,floor,36,360000,6,True,6,6,42172,42172
scp,,40,2,penalty,floor,36,360000,6,True,7,6,3103,3103
scp,,40,2,penalty,floor,36,360000,6,True,8,6,11002,11002
scp,,40,2,penalty,floor,36,360000,6,True,9,6,18831,18831
scp,,40,2,penalty,floor,36,360000,6,True,10,6,9018,9018
scp,,40,2,penalty,floor,36,360000,6,True,11,6,1840,1840
scp,,40,2,penalty,floor,36,360000,6,True,12,6,46786,46786
scp,,40,2,penalty,floor,36,360000,6,True,13,6,7323,7323
scp,,40,2,penalty,floor,36,360000,6,True,14,6,34379,34379
scp,,40,2,penalty,floor,36,360000,6,True,15,6,5987,5987
scp,,40,2,penalty,floor,36,360000,6,True,16,6,613,613
scp,,40,2,penalty,floor,36,360000,6,True,17,6,30011,30011
scp,,40,2,penalty,floor,36,360000,6,True,18,6,24131,24131
scp,,40,2,penalty,floor,36,360000,6,True,19,6,15294,15294
scp,,40,2,penalty,floor,36,360000,6,True,20,6,13998,13998
scp,,40,2,penalty,floor,36,360000,6,True,21,6,4004,4004
scp,,40,2,penalty,floor,36,360000,6,True,22,6,28714,28714
scp,,40,2,penalty,floor,36,360000,6,True,23,6,6999,6999
scp,,40,2,penalty,floor,36,360000,6,True,24,6,4148,4148
scp,,40,2,penalty,floor,36,360000,6,True,25,6,10822,10822
scp,,40,2,penalty,floor,36,360000,6,True,26,6,18578,18578
scp,,40,2,penalty,floor,36,360000,6,True,27,6,25036,25036
scp,,40,2,penalty,floor,36,360000,6,True,28,6,26010,26010
scp,,40,2,penalty,floor,36,360000,6,True,29,6,793,793
scp,,40,2,penalty,floor,36,360000,6,True,30,6,30988,30988
scp,,40,2,penalty,ils,36,360000,6,True,0,6,3550,3550
scp,,40,2,penalty,ils,36,360000,6,True,1,6,1082,1082
scp,,40,2,penalty,ils,36,360000,6,True,2,6,3400,3400
scp,,40,2,penalty,ils,36,360000,6,True,3,6,2497,2497
scp,,40,2,penalty,ils,36,360000,6,True,4,6,1721,1721
scp,,40,2,penalty,ils,36,360000,6,True,5,6,2979,2979
scp,,40,2,penalty,ils,36,360000,6,True,6,6,2451,2451
scp,,40,2,penalty,ils,36,360000,6,True,7,6,1936,1936
scp,,40,2,penalty,ils,36,360000,6,True,8,6,4746,4746
scp,,40,2,penalty,ils,36,360000,6,True,9,6,3184,3184
scp,,40,2,penalty,ils,36,360000,6,True,10,6,885,885
scp,,40,2,penalty,ils,36,360000,6,True,11,6,3725,3725
scp,,40,2,penalty,ils,36,360000,6,True,12,6,1409,1409
scp,,40,2,penalty,ils,36,360000,6,True,13,6,556,556
scp,,40,2,penalty,ils,36,360000,6,True,14,6,1672,1672
scp,,40,2,penalty,ils,36,360000,6,True,15,6,2743,2743
scp,,40,2,penalty,ils,36,360000,6,True,16,6,1108,1108
scp,,40,2,penalty,ils,36,360000,6,True,17,6,1103,1103
scp,,40,2,penalty,ils,36,360000,6,True,18,6,921,921
scp,,40,2,penalty,ils,36,360000,6,True,19,6,2257,2257
scp,,40,2,penalty,ils,36,360000,6,True,20,6,4017,4017
scp,,40,2,penalty,ils,36,360000,6,True,21,6,2122,2122
scp,,40,2,penalty,ils,36,360000,6,True,22,6,4034,4034
scp,,40,2,penalty,ils,36,360000,6,True,23,6,3189,3189
scp,,40,2,penalty,ils,36,360000,6,True,24,6,3846,3846
scp,,40,2,penalty,ils,36,360000,6,True,25,6,1380,1380
scp,,40,2,penalty,ils,36,360000,6,True,26,6,801,801
scp,,40,2,penalty,ils,36,360000,6,True,27,6,3368,3368
scp,,40,2,penalty,ils,36,360000,6,True,28,6,2966,2966
scp,,40,2,penalty,ils,36,360000,6,True,29,6,2029,2029
scp,,40,2,penalty,ils,36,360000,6,True,30,6,1499,1499
scp,,40,3,penalty,floor,36,360000,6,True,0,6,10316,10316
scp,,40,3,penalty,floor,36,360000,6,True,1,6,5699,5699
scp,,40,3,penalty,floor,36,360000,6,True,2,6,6240,6240
scp,,40,3,penalty,floor,36,360000,6,True,3,6,19299,19299
scp,,40,3,penalty,floor,36,360000,6,True,4,6,21211,21211
scp,,40,3,penalty,floor,36,360000,6,True,5,6,2272,2272
scp,,40,3,penalty,floor,36,360000,6,True,6,6,19155,19155
scp,,40,3,penalty,floor,36,360000,6,True,7,6,397,397
scp,,40,3,penalty,floor,36,360000,6,True,8,6,5374,5374
scp,,40,3,penalty,floor,36,360000,6,True,9,6,5051,5051
scp,,40,3,penalty,floor,36,360000,6,True,10,6,41263,41263
scp,,40,3,penalty,floor,36,360000,6,True,11,6,4329,4329
scp,,40,3,penalty,floor,36,360000,6,True,12,6,2453,2453
scp,,40,3,penalty,floor,36,360000,6,True,13,6,33727,33727
scp,,40,3,penalty,floor,36,360000,6,True,14,6,577,577
scp,,40,3,penalty,floor,36,360000,6,True,15,6,7034,7034
scp,,40,3,penalty,floor,36,360000,6,True,16,6,16053,16053
scp,,40,3,penalty,floor,36,360000,6,True,17,6,2056,2056
scp,,40,3,penalty,floor,36,360000,6,True,18,6,5519,5519
scp,,40,3,penalty,floor,36,360000,6,True,19,6,21390,21390
scp,,40,3,penalty,floor,36,360000,6,True,20,6,25433,25433
scp,,40,3,penalty,floor,36,360000,6,True,21,6,1876,1876
scp,,40,3,penalty,floor,36,360000,6,True,22,6,6638,6638
scp,,40,3,penalty,floor,36,360000,6,True,23,6,5158,5158
scp,,40,3,penalty,floor,36,360000,6,True,24,6,10280,10280
scp,,40,3,penalty,floor,36,360000,6,True,25,6,28066,28066
scp,,40,3,penalty,floor,36,360000,6,True,26,6,19045,19045
scp,,40,3,penalty,floor,36,360000,6,True,27,6,22546,22546
scp,,40,3,penalty,floor,36,360000,6,True,28,6,7467,7467
scp,,40,3,penalty,floor,36,360000,6,True,29,6,31601,31601
scp,,40,3,penalty,floor,36,360000,6,True,30,6,13203,13203
scp,,40,3,penalty,ils,36,360000,6,True,0,6,993,993
scp,,40,3,penalty,ils,36,360000,6,True,1,6,5544,5544
scp,,40,3,penalty,ils,36,360000,6,True,2,6,2812,2812
scp,,40,3,penalty,ils,36,360000,6,True,3,6,3643,3643
scp,,40,3,penalty,ils,36,360000,6,True,4,6,962,962
scp,,40,3,penalty,ils,36,360000,6,True,5,6,3112,3112
scp,,40,3,penalty,ils,36,360000,6,True,6,6,945,945
scp,,40,3,penalty,ils,36,360000,6,True,7,6,6903,6903
scp,,40,3,penalty,ils,36,360000,6,True,8,6,5520,5520
scp,,40,3,penalty,ils,36,360000,6,True,9,6,5325,5325
scp,,40,3,penalty,ils,36,360000,6,True,10,6,2974,2974
scp,,40,3,penalty,ils,36,360000,6,True,11,6,1694,1694
scp,,40,3,penalty,ils,36,360000,6,True,12,6,1684,1684
scp,,40,3,penalty,ils,36,360000,6,True,13,6,2077,2077
scp,,40,3,penalty,ils,36,360000,6,True,14,6,2553,2553
scp,,40,3,penalty,ils,36,360000,6,True,15,6,1970,1970
scp,,40,3,penalty,ils,36,360000,6,True,16,6,7803,7803
scp,,40,3,penalty,ils,36,360000,6,True,17,6,843,843
scp,,40,3,penalty,ils,36,360000,6,True,18,6,10634,10634
scp,,40,3,penalty,ils,36,360000,6,True,19,6,1706,1706
scp,,40,3,penalty,ils,36,360000,6,True,20,6,3107,3107
scp,,40,3,penalty,ils,36,360000,6,True,21,6,2071,2071
scp,,40,3,penalty,ils,36,360000,6,True,22,6,871,871
scp,,40,3,penalty,ils,36,360000,6,True,23,6,2415,2415
scp,,40,3,penalty,ils,36,360000,6,True,24,6,1527,1527
scp,,40,3,penalty,ils,36,360000,6,True,25,6,1039,1039
scp,,40,3,penalty,ils,36,360000,6,True,26,6,2992,2992
scp,,40,3,penalty,ils,36,360000,6,True,27,6,6896,6896
scp,,40,3,penalty,ils,36,360000,6,True,28,6,1484,1484
scp,,40,3,penalty,ils,36,360000,6,True,29,6,5265,5265
scp,,40,3,penalty,ils,36,360000,6,True,30,6,2973,2973
scp,,40,4,penalty,floor,36,360000,6,True,0,6,938,938
scp,,40,4,penalty,floor,36,360000,6,True,1,6,6492,6492
scp,,40,4,penalty,floor,36,360000,6,True,2,6,7248,7248
scp,,40,4,penalty,floor,36,360000,6,True,3,6,14570,14570
scp,,40,4,penalty,floor,36,360000,6,True,4,6,938,938
scp,,40,4,penalty,floor,36,360000,6,True,5,6,1551,1551
scp,,40,4,penalty,floor,36,360000,6,True,6,6,1983,1983
scp,,40,4,penalty,floor,36,360000,6,True,7,6,3896,3896
scp,,40,4,penalty,floor,36,360000,6,True,8,6,5446,5446
scp,,40,4,penalty,floor,36,360000,6,True,9,6,3968,3968
scp,,40,4,penalty,floor,36,360000,6,True,10,6,28961,28961
scp,,40,4,penalty,floor,36,360000,6,True,11,6,902,902
scp,,40,4,penalty,floor,36,360000,6,True,12,6,9631,9631
scp,,40,4,penalty,floor,36,360000,6,True,13,6,1082,1082
scp,,40,4,penalty,floor,36,360000,6,True,14,6,1298,1298
scp,,40,4,penalty,floor,36,360000,6,True,15,6,1082,1082
scp,,40,4,penalty,floor,36,360000,6,True,16,6,13056,13056
scp,,40,4,penalty,floor,36,360000,6,True,17,6,9665,9665
scp,,40,4,penalty,floor,36,360000,6,True,18,6,7105,7105
scp,,40,4,penalty,floor,36,360000,6,True,19,6,1875,1875
scp,,40,4,penalty,floor,36,360000,6,True,20,6,6745,6745
scp,,40,4,penalty,floor,36,360000,6,True,21,6,2345,2345
scp,,40,4,penalty,floor,36,360000,6,True,22,6,6890,6890
scp,,40,4,penalty,floor,36,360000,6,True,23,6,3823,3823
scp,,40,4,penalty,floor,36,360000,6,True,24,6,6817,6817
scp,,40,4,penalty,floor,36,360000,6,True,25,6,3463,3463
scp,,40,4,penalty,floor,36,360000,6,True,26,6,1371,1371
scp,,40,4,penalty,floor,36,360000,6,True,27,6,7250,7250
scp,,40,4,penalty,floor,36,360000,6,True,28,6,10749,10749
scp,,40,4,penalty,floor,36,360000,6,True,29,6,19189,19189
scp,,40,4,penalty,floor,36,360000,6,True,30,6,1190,1190
scp,,40,4,penalty,ils,36,360000,6,True,0,6,250,250
scp,,40,4,penalty,ils,36,360000,6,True,1,6,919,919
scp,,40,4,penalty,ils,36,360000,6,True,2,6,1836,1836
scp,,40,4,penalty,ils,36,360000,6,True,3,6,3851,3851
scp,,40,4,penalty,ils,36,360000,6,True,4,6,249,249
scp,,40,4,penalty,ils,36,360000,6,True,5,6,2565,2565
scp,,40,4,penalty,ils,36,360000,6,True,6,6,1487,1487
scp,,40,4,penalty,ils,36,360000,6,True,7,6,619,619
scp,,40,4,penalty,ils,36,360000,6,True,8,6,2551,2551
scp,,40,4,penalty,ils,36,360000,6,True,9,6,3675,3675
scp,,40,4,penalty,ils,36,360000,6,True,10,6,1140,1140
scp,,40,4,penalty,ils,36,360000,6,True,11,6,2718,2718
scp,,40,4,penalty,ils,36,360000,6,True,12,6,573,573
scp,,40,4,penalty,ils,36,360000,6,True,13,6,700,700
scp,,40,4,penalty,ils,36,360000,6,True,14,6,321,321
scp,,40,4,penalty,ils,36,360000,6,True,15,6,300,300
scp,,40,4,penalty,ils,36,360000,6,True,16,6,1222,1222
scp,,40,4,penalty,ils,36,360000,6,True,17,6,5428,5428
scp,,40,4,penalty,ils,36,360000,6,True,18,6,4499,4499
scp,,40,4,penalty,ils,36,360000,6,True,19,6,1838,1838
scp,,40,4,penalty,ils,36,360000,6,True,20,6,2257,2257
scp,,40,4,penalty,ils,36,360000,6,True,21,6,1097,1097
scp,,40,4,penalty,ils,36,360000,6,True,22,6,977,977
scp,,40,4,penalty,ils,36,360000,6,True,23,6,2463,2463
scp,,40,4,penalty,ils,36,360000,6,True,24,6,2557,2557
scp,,40,4,penalty,ils,36,360000,6,True,25,6,1225,1225
scp,,40,4,penalty,ils,36,360000,6,True,26,6,1445,1445
scp,,40,4,penalty,ils,36,360000,6,True,27,6,1235,1235
scp,,40,4,penalty,ils,36,360000,6,True,28,6,457,457
scp,,40,4,penalty,ils,36,360000,6,True,29,6,2140,2140
scp,,40,4,penalty,ils,36,360000,6,True,30,6,383,383
knapsack,spanner,50,1,penalty,floor,50,500000,-7926,True,0,-7847,,500000
knapsack,spanner,50,1,penalty,floor,50,500000,-7926,True,1,-7832,,500000
knapsack,spanner,50,1,penalty,floor,50,500000,-7926,True,2,-7848,,500000
knapsack,spanner,50,1,penalty,floor,50,500000,-7926,True,3,-7832,,500000
knapsack,spanner,50,1,penalty,floor,50,500000,-7926,True,4,-7832,,500000
knapsack,spanner,50,1,penalty,floor,50,500000,-7926,True,5,-7817,,500000
knapsack,spanner,50,1,penalty,floor,50,500000,-7926,True,6,-7847,,500000
knapsack,spanner,50,1,penalty,floor,50,500000,-7926,True,7,-7848,,500000
knapsack,spanner,50,1,penalty,floor,50,500000,-7926,True,8,-7832,,500000
knapsack,spanner,50,1,penalty,floor,50,500000,-7926,True,9,-7817,,500000
knapsack,spanner,50,1,penalty,floor,50,500000,-7926,True,10,-7832,,500000
knapsack,spanner,50,1,penalty,floor,50,500000,-7926,True,11,-7832,,500000
knapsack,spanner,50,1,penalty,floor,50,500000,-7926,True,12,-7832,,500000
knapsack,spanner,50,1,penalty,floor,50,500000,-7926,True,13,-7848,,500000
knapsack,spanner,50,1,penalty,floor,50,500000,-7926,True,14,-7848,,500000
knapsack,spanner,50,1,penalty,floor,50,500000,-7926,True,15,-7832,,500000
knapsack,spanner,50,1,penalty,floor,50,500000,-7926,True,16,-7817,,500000
knapsack,spanner,50,1,penalty,floor,50,500000,-7926,True,17,-7832,,500000
knapsack,spanner,50,1,penalty,floor,50,500000,-7926,True,18,-7848,,500000
knapsack,spanner,50,1,penalty,floor,50,500000,-7926,True,19,-7848,,500000
knapsack,spanner,50,1,penalty,floor,50,500000,-7926,True,20,-7848,,500000
knapsack,spanner,50,1,penalty,floor,50,500000,-7926,True,21,-7848,,500000
knapsack,spanner,50,1,penalty,floor,50,500000,-7926,True,22,-7832,,500000
knapsack,spanner,50,1,penalty,floor,50,500000,-7926,True,23,-7832,,500000
knapsack,spanner,50,1,penalty,floor,50,500000,-7926,True,24,-7817,,500000
knapsack,spanner,50,1,penalty,floor,50,500000,-7926,True,25,-7817,,500000
knapsack,spanner,50,1,penalty,floor,50,500000,-7926,True,26,-7832,,500000
knapsack,spanner,50,1,penalty,floor,50,500000,-7926,True,27,-7832,,500000
knapsack,spanner,50,1,penalty,floor,50,500000,-7926,True,28,-7832,,500000
knapsack,spanner,50,1,penalty,floor,50,500000,-7926,True,29,-7848,,500000
knapsack,spanner,50,1,penalty,floor,50,500000,-7926,True,30,-7864,,500000
scp,,60,0,penalty,ils,60,600000,10,True,0,10,7017,7017
scp,,60,0,penalty,ils,60,600000,10,True,1,10,5541,5541
scp,,60,0,penalty,ils,60,600000,10,True,2,10,5759,5759
scp,,60,0,penalty,ils,60,600000,10,True,3,10,8018,8018
scp,,60,0,penalty,ils,60,600000,10,True,4,10,24701,24701
scp,,60,0,penalty,ils,60,600000,10,True,5,10,6184,6184
scp,,60,0,penalty,ils,60,600000,10,True,6,10,5130,5130
scp,,60,0,penalty,ils,60,600000,10,True,7,10,12179,12179
scp,,60,0,penalty,ils,60,600000,10,True,8,10,9109,9109
scp,,60,0,penalty,ils,60,600000,10,True,9,10,5736,5736
scp,,60,0,penalty,ils,60,600000,10,True,10,10,5910,5910
scp,,60,0,penalty,ils,60,600000,10,True,11,10,6728,6728
scp,,60,0,penalty,ils,60,600000,10,True,12,10,27584,27584
scp,,60,0,penalty,ils,60,600000,10,True,13,10,11398,11398
scp,,60,0,penalty,ils,60,600000,10,True,14,10,15345,15345
scp,,60,0,penalty,ils,60,600000,10,True,15,10,3808,3808
scp,,60,0,penalty,ils,60,600000,10,True,16,10,3250,3250
scp,,60,0,penalty,ils,60,600000,10,True,17,10,5626,5626
scp,,60,0,penalty,ils,60,600000,10,True,18,10,7985,7985
scp,,60,0,penalty,ils,60,600000,10,True,19,10,14720,14720
scp,,60,0,penalty,ils,60,600000,10,True,20,10,3525,3525
scp,,60,0,penalty,ils,60,600000,10,True,21,10,6045,6045
scp,,60,0,penalty,ils,60,600000,10,True,22,10,22524,22524
scp,,60,0,penalty,ils,60,600000,10,True,23,10,9506,9506
scp,,60,0,penalty,ils,60,600000,10,True,24,10,5795,5795
scp,,60,0,penalty,ils,60,600000,10,True,25,10,5874,5874
scp,,60,0,penalty,ils,60,600000,10,True,26,10,10332,10332
scp,,60,0,penalty,ils,60,600000,10,True,27,10,6109,6109
scp,,60,0,penalty,ils,60,600000,10,True,28,10,4595,4595
scp,,60,0,penalty,ils,60,600000,10,True,29,10,4547,4547
scp,,60,0,penalty,ils,60,600000,10,True,30,10,35899,35899
knapsack,spanner,50,2,penalty,ils,50,500000,-12208,True,0,-12200,,500000
knapsack,spanner,50,2,penalty,ils,50,500000,-12208,True,1,-12200,,500000
knapsack,spanner,50,2,penalty,ils,50,500000,-12208,True,2,-12200,,500000
knapsack,spanner,50,2,penalty,ils,50,500000,-12208,True,3,-12200,,500000
knapsack,spanner,50,2,penalty,ils,50,500000,-12208,True,4,-12200,,500000
knapsack,spanner,50,2,penalty,ils,50,500000,-12208,True,5,-12200,,500000
knapsack,spanner,50,2,penalty,ils,50,500000,-12208,True,6,-12200,,500000
knapsack,spanner,50,2,penalty,ils,50,500000,-12208,True,7,-12192,,500000
knapsack,spanner,50,2,penalty,ils,50,500000,-12208,True,8,-12200,,500000
knapsack,spanner,50,2,penalty,ils,50,500000,-12208,True,9,-12208,240725,240725
knapsack,spanner,50,2,penalty,ils,50,500000,-12208,True,10,-12200,,500000
knapsack,spanner,50,2,penalty,ils,50,500000,-12208,True,11,-12200,,500000
knapsack,spanner,50,2,penalty,ils,50,500000,-12208,True,12,-12200,,500000
knapsack,spanner,50,2,penalty,ils,50,500000,-12208,True,13,-12200,,500000
knapsack,spanner,50,2,penalty,ils,50,500000,-12208,True,14,-12200,,500000
knapsack,spanner,50,2,penalty,ils,50,500000,-12208,True,15,-12200,,500000
knapsack,spanner,50,2,penalty,ils,50,500000,-12208,True,16,-12200,,500000
knapsack,spanner,50,2,penalty,ils,50,500000,-12208,True,17,-12200,,500000
knapsack,spanner,50,2,penalty,ils,50,500000,-12208,True,18,-12200,,500000
knapsack,spanner,50,2,penalty,ils,50,500000,-12208,True,19,-12208,187503,187503
knapsack,spanner,50,2,penalty,ils,50,500000,-12208,True,20,-12192,,500000
knapsack,spanner,50,2,penalty,ils,50,500000,-12208,True,21,-12200,,500000
knapsack,spanner,50,2,penalty,ils,50,500000,-12208,True,22,-12200,,500000
knapsack,spanner,50,2,penalty,ils,50,500000,-12208,True,23,-12200,,500000
knapsack,spanner,50,2,penalty,ils,50,500000,-12208,True,24,-12200,,500000
knapsack,spanner,50,2,penalty,ils,50,500000,-12208,True,25,-12200,,500000
knapsack,spanner,50,2,penalty,ils,50,500000,-12208,True,26,-12200,,500000
knapsack,spanner,50,2,penalty,ils,50,500000,-12208,True,27,-12200,,500000
knapsack,spanner,50,2,penalty,ils,50,500000,-12208,True,28,-12200,,500000
knapsack,spanner,50,2,penalty,ils,50,500000,-12208,True,29,-12208,96643,96643
knapsack,spanner,50,2,penalty,ils,50,500000,-12208,True,30,-12208,304861,304861
knapsack,spanner,50,2,penalty,floor,50,500000,-12208,True,0,-12176,,500000
knapsack,spanner,50,2,penalty,floor,50,500000,-12208,True,1,-12192,,500000
knapsack,spanner,50,2,penalty,floor,50,500000,-12208,True,2,-12153,,500000
knapsack,spanner,50,2,penalty,floor,50,500000,-12208,True,3,-12184,,500000
knapsack,spanner,50,2,penalty,floor,50,500000,-12208,True,4,-12153,,500000
knapsack,spanner,50,2,penalty,floor,50,500000,-12208,True,5,-12153,,500000
knapsack,spanner,50,2,penalty,floor,50,500000,-12208,True,6,-12153,,500000
knapsack,spanner,50,2,penalty,floor,50,500000,-12208,True,7,-12176,,500000
knapsack,spanner,50,2,penalty,floor,50,500000,-12208,True,8,-12184,,500000
knapsack,spanner,50,2,penalty,floor,50,500000,-12208,True,9,-12154,,500000
knapsack,spanner,50,2,penalty,floor,50,500000,-12208,True,10,-12161,,500000
knapsack,spanner,50,2,penalty,floor,50,500000,-12208,True,11,-12153,,500000
knapsack,spanner,50,2,penalty,floor,50,500000,-12208,True,12,-12176,,500000
knapsack,spanner,50,2,penalty,floor,50,500000,-12208,True,13,-12153,,500000
knapsack,spanner,50,2,penalty,floor,50,500000,-12208,True,14,-12184,,500000
knapsack,spanner,50,2,penalty,floor,50,500000,-12208,True,15,-12176,,500000
knapsack,spanner,50,2,penalty,floor,50,500000,-12208,True,16,-12176,,500000
knapsack,spanner,50,2,penalty,floor,50,500000,-12208,True,17,-12153,,500000
knapsack,spanner,50,2,penalty,floor,50,500000,-12208,True,18,-12176,,500000
knapsack,spanner,50,2,penalty,floor,50,500000,-12208,True,19,-12184,,500000
knapsack,spanner,50,2,penalty,floor,50,500000,-12208,True,20,-12153,,500000
knapsack,spanner,50,2,penalty,floor,50,500000,-12208,True,21,-12184,,500000
knapsack,spanner,50,2,penalty,floor,50,500000,-12208,True,22,-12161,,500000
knapsack,spanner,50,2,penalty,floor,50,500000,-12208,True,23,-12153,,500000
knapsack,spanner,50,2,penalty,floor,50,500000,-12208,True,24,-12176,,500000
knapsack,spanner,50,2,penalty,floor,50,500000,-12208,True,25,-12176,,500000
knapsack,spanner,50,2,penalty,floor,50,500000,-12208,True,26,-12176,,500000
knapsack,spanner,50,2,penalty,floor,50,500000,-12208,True,27,-12176,,500000
knapsack,spanner,50,2,penalty,floor,50,500000,-12208,True,28,-12176,,500000
knapsack,spanner,50,2,penalty,floor,50,500000,-12208,True,29,-12184,,500000
knapsack,spanner,50,2,penalty,floor,50,500000,-12208,True,30,-12176,,500000
scp,,60,1,penalty,ils,60,600000,10,True,0,10,9117,9117
scp,,60,1,penalty,ils,60,600000,10,True,1,10,3106,3106
scp,,60,1,penalty,ils,60,600000,10,True,2,10,2705,2705
scp,,60,1,penalty,ils,60,600000,10,True,3,10,7055,7055
scp,,60,1,penalty,ils,60,600000,10,True,4,10,9066,9066
scp,,60,1,penalty,ils,60,600000,10,True,5,10,4384,4384
scp,,60,1,penalty,ils,60,600000,10,True,6,10,4131,4131
scp,,60,1,penalty,ils,60,600000,10,True,7,10,5530,5530
scp,,60,1,penalty,ils,60,600000,10,True,8,10,6812,6812
scp,,60,1,penalty,ils,60,600000,10,True,9,10,11546,11546
scp,,60,1,penalty,ils,60,600000,10,True,10,10,4328,4328
scp,,60,1,penalty,ils,60,600000,10,True,11,10,19295,19295
scp,,60,1,penalty,ils,60,600000,10,True,12,10,2656,2656
scp,,60,1,penalty,ils,60,600000,10,True,13,10,5829,5829
scp,,60,1,penalty,ils,60,600000,10,True,14,10,20620,20620
scp,,60,1,penalty,ils,60,600000,10,True,15,10,3385,3385
scp,,60,1,penalty,ils,60,600000,10,True,16,10,4287,4287
scp,,60,1,penalty,ils,60,600000,10,True,17,10,1561,1561
scp,,60,1,penalty,ils,60,600000,10,True,18,10,6004,6004
scp,,60,1,penalty,ils,60,600000,10,True,19,10,3943,3943
scp,,60,1,penalty,ils,60,600000,10,True,20,10,2971,2971
scp,,60,1,penalty,ils,60,600000,10,True,21,10,4628,4628
scp,,60,1,penalty,ils,60,600000,10,True,22,10,6481,6481
scp,,60,1,penalty,ils,60,600000,10,True,23,10,7493,7493
scp,,60,1,penalty,ils,60,600000,10,True,24,10,25615,25615
scp,,60,1,penalty,ils,60,600000,10,True,25,10,5011,5011
scp,,60,1,penalty,ils,60,600000,10,True,26,10,4706,4706
scp,,60,1,penalty,ils,60,600000,10,True,27,10,8159,8159
scp,,60,1,penalty,ils,60,600000,10,True,28,10,2682,2682
scp,,60,1,penalty,ils,60,600000,10,True,29,10,9989,9989
scp,,60,1,penalty,ils,60,600000,10,True,30,10,2122,2122
scp,,60,2,penalty,ils,60,600000,10,True,0,10,11709,11709
scp,,60,2,penalty,ils,60,600000,10,True,1,10,1018,1018
scp,,60,2,penalty,ils,60,600000,10,True,2,10,6116,6116
scp,,60,2,penalty,ils,60,600000,10,True,3,10,10963,10963
scp,,60,2,penalty,ils,60,600000,10,True,4,10,11472,11472
scp,,60,2,penalty,ils,60,600000,10,True,5,10,6078,6078
scp,,60,2,penalty,ils,60,600000,10,True,6,10,8830,8830
scp,,60,2,penalty,ils,60,600000,10,True,7,10,4880,4880
scp,,60,2,penalty,ils,60,600000,10,True,8,10,12513,12513
scp,,60,2,penalty,ils,60,600000,10,True,9,10,17468,17468
scp,,60,2,penalty,ils,60,600000,10,True,10,10,27335,27335
scp,,60,2,penalty,ils,60,600000,10,True,11,10,9466,9466
scp,,60,2,penalty,ils,60,600000,10,True,12,10,8892,8892
scp,,60,2,penalty,ils,60,600000,10,True,13,10,5666,5666
scp,,60,2,penalty,ils,60,600000,10,True,14,10,12236,12236
scp,,60,2,penalty,ils,60,600000,10,True,15,10,13277,13277
scp,,60,2,penalty,ils,60,600000,10,True,16,10,9425,9425
scp,,60,2,penalty,ils,60,600000,10,True,17,10,9196,9196
scp,,60,2,penalty,ils,60,600000,10,True,18,10,12610,12610
scp,,60,2,penalty,ils,60,600000,10,True,19,10,1389,1389
scp,,60,2,penalty,ils,60,600000,10,True,20,10,8376,8376
scp,,60,2,penalty,ils,60,600000,10,True,21,10,4720,4720
scp,,60,2,penalty,ils,60,600000,10,True,22,10,8376,8376
scp,,60,2,penalty,ils,60,600000,10,True,23,10,10725,10725
scp,,60,2,penalty,ils,60,600000,10,True,24,10,7338,7338
scp,,60,2,penalty,ils,60,600000,10,True,25,10,4866,4866
scp,,60,2,penalty,ils,60,600000,10,True,26,10,1958,1958
scp,,60,2,penalty,ils,60,600000,10,True,27,10,1347,1347
scp,,60,2,penalty,ils,60,600000,10,True,28,10,8745,8745
scp,,60,2,penalty,ils,60,600000,10,True,29,10,5423,5423
scp,,60,2,penalty,ils,60,600000,10,True,30,10,14862,14862
knapsack,spanner,50,3,penalty,floor,50,500000,-11475,True,0,-11376,,500000
knapsack,spanner,50,3,penalty,floor,50,500000,-11475,True,1,-11376,,500000
knapsack,spanner,50,3,penalty,floor,50,500000,-11475,True,2,-11394,,500000
knapsack,spanner,50,3,penalty,floor,50,500000,-11475,True,3,-11394,,500000
knapsack,spanner,50,3,penalty,floor,50,500000,-11475,True,4,-11394,,500000
knapsack,spanner,50,3,penalty,floor,50,500000,-11475,True,5,-11394,,500000
knapsack,spanner,50,3,penalty,floor,50,500000,-11475,True,6,-11412,,500000
knapsack,spanner,50,3,penalty,floor,50,500000,-11475,True,7,-11376,,500000
knapsack,spanner,50,3,penalty,floor,50,500000,-11475,True,8,-11376,,500000
knapsack,spanner,50,3,penalty,floor,50,500000,-11475,True,9,-11394,,500000
knapsack,spanner,50,3,penalty,floor,50,500000,-11475,True,10,-11394,,500000
knapsack,spanner,50,3,penalty,floor,50,500000,-11475,True,11,-11385,,500000
knapsack,spanner,50,3,penalty,floor,50,500000,-11475,True,12,-11376,,500000
knapsack,spanner,50,3,penalty,floor,50,500000,-11475,True,13,-11376,,500000
knapsack,spanner,50,3,penalty,floor,50,500000,-11475,True,14,-11376,,500000
knapsack,spanner,50,3,penalty,floor,50,500000,-11475,True,15,-11385,,500000
knapsack,spanner,50,3,penalty,floor,50,500000,-11475,True,16,-11385,,500000
knapsack,spanner,50,3,penalty,floor,50,500000,-11475,True,17,-11376,,500000
knapsack,spanner,50,3,penalty,floor,50,500000,-11475,True,18,-11394,,500000
knapsack,spanner,50,3,penalty,floor,50,500000,-11475,True,19,-11394,,500000
knapsack,spanner,50,3,penalty,floor,50,500000,-11475,True,20,-11349,,500000
knapsack,spanner,50,3,penalty,floor,50,500000,-11475,True,21,-11394,,500000
knapsack,spanner,50,3,penalty,floor,50,500000,-11475,True,22,-11394,,500000
knapsack,spanner,50,3,penalty,floor,50,500000,-11475,True,23,-11394,,500000
knapsack,spanner,50,3,penalty,floor,50,500000,-11475,True,24,-11376,,500000
knapsack,spanner,50,3,penalty,floor,50,500000,-11475,True,25,-11385,,500000
knapsack,spanner,50,3,penalty,floor,50,500000,-11475,True,26,-11394,,500000
knapsack,spanner,50,3,penalty,floor,50,500000,-11475,True,27,-11385,,500000
knapsack,spanner,50,3,penalty,floor,50,500000,-11475,True,28,-11412,,500000
knapsack,spanner,50,3,penalty,floor,50,500000,-11475,True,29,-11394,,500000
knapsack,spanner,50,3,penalty,floor,50,500000,-11475,True,30,-11376,,500000
scp,,60,3,penalty,ils,60,600000,10,True,0,10,2563,2563
scp,,60,3,penalty,ils,60,600000,10,True,1,10,2218,2218
scp,,60,3,penalty,ils,60,600000,10,True,2,10,7550,7550
scp,,60,3,penalty,ils,60,600000,10,True,3,10,7577,7577
scp,,60,3,penalty,ils,60,600000,10,True,4,10,25557,25557
scp,,60,3,penalty,ils,60,600000,10,True,5,10,2572,2572
scp,,60,3,penalty,ils,60,600000,10,True,6,10,10104,10104
scp,,60,3,penalty,ils,60,600000,10,True,7,10,7752,7752
scp,,60,3,penalty,ils,60,600000,10,True,8,10,5922,5922
scp,,60,3,penalty,ils,60,600000,10,True,9,10,5432,5432
scp,,60,3,penalty,ils,60,600000,10,True,10,10,7041,7041
scp,,60,3,penalty,ils,60,600000,10,True,11,10,3340,3340
scp,,60,3,penalty,ils,60,600000,10,True,12,10,11993,11993
scp,,60,3,penalty,ils,60,600000,10,True,13,10,12065,12065
scp,,60,3,penalty,ils,60,600000,10,True,14,10,3819,3819
scp,,60,3,penalty,ils,60,600000,10,True,15,10,23461,23461
scp,,60,3,penalty,ils,60,600000,10,True,16,10,9193,9193
scp,,60,3,penalty,ils,60,600000,10,True,17,10,11966,11966
scp,,60,3,penalty,ils,60,600000,10,True,18,10,4310,4310
scp,,60,3,penalty,ils,60,600000,10,True,19,10,2143,2143
scp,,60,3,penalty,ils,60,600000,10,True,20,10,6131,6131
scp,,60,3,penalty,ils,60,600000,10,True,21,10,3815,3815
scp,,60,3,penalty,ils,60,600000,10,True,22,10,10393,10393
scp,,60,3,penalty,ils,60,600000,10,True,23,10,3389,3389
scp,,60,3,penalty,ils,60,600000,10,True,24,10,6079,6079
scp,,60,3,penalty,ils,60,600000,10,True,25,10,5891,5891
scp,,60,3,penalty,ils,60,600000,10,True,26,10,3843,3843
scp,,60,3,penalty,ils,60,600000,10,True,27,10,5449,5449
scp,,60,3,penalty,ils,60,600000,10,True,28,10,822,822
scp,,60,3,penalty,ils,60,600000,10,True,29,10,6806,6806
scp,,60,3,penalty,ils,60,600000,10,True,30,10,3955,3955
knapsack,spanner,50,4,penalty,floor,50,500000,-7010,True,0,-6866,,500000
knapsack,spanner,50,4,penalty,floor,50,500000,-7010,True,1,-6900,,500000
knapsack,spanner,50,4,penalty,floor,50,500000,-7010,True,2,-6832,,500000
knapsack,spanner,50,4,penalty,floor,50,500000,-7010,True,3,-6866,,500000
knapsack,spanner,50,4,penalty,floor,50,500000,-7010,True,4,-6902,,500000
knapsack,spanner,50,4,penalty,floor,50,500000,-7010,True,5,-6864,,500000
knapsack,spanner,50,4,penalty,floor,50,500000,-7010,True,6,-6864,,500000
knapsack,spanner,50,4,penalty,floor,50,500000,-7010,True,7,-6902,,500000
knapsack,spanner,50,4,penalty,floor,50,500000,-7010,True,8,-6864,,500000
knapsack,spanner,50,4,penalty,floor,50,500000,-7010,True,9,-6864,,500000
knapsack,spanner,50,4,penalty,floor,50,500000,-7010,True,10,-6830,,500000
knapsack,spanner,50,4,penalty,floor,50,500000,-7010,True,11,-6900,,500000
knapsack,spanner,50,4,penalty,floor,50,500000,-7010,True,12,-6864,,500000
knapsack,spanner,50,4,penalty,floor,50,500000,-7010,True,13,-6940,,500000
knapsack,spanner,50,4,penalty,floor,50,500000,-7010,True,14,-6828,,500000
knapsack,spanner,50,4,penalty,floor,50,500000,-7010,True,15,-6902,,500000
knapsack,spanner,50,4,penalty,floor,50,500000,-7010,True,16,-6830,,500000
knapsack,spanner,50,4,penalty,floor,50,500000,-7010,True,17,-6828,,500000
knapsack,spanner,50,4,penalty,floor,50,500000,-7010,True,18,-6830,,500000
knapsack,spanner,50,4,penalty,floor,50,500000,-7010,True,19,-6864,,500000
knapsack,spanner,50,4,penalty,floor,50,500000,-7010,True,20,-6828,,500000
knapsack,spanner,50,4,penalty,floor,50,500000,-7010,True,21,-6866,,500000
knapsack,spanner,50,4,penalty,floor,50,500000,-7010,True,22,-6864,,500000
knapsack,spanner,50,4,penalty,floor,50,500000,-7010,True,23,-6900,,500000
knapsack,spanner,50,4,penalty,floor,50,500000,-7010,True,24,-6864,,500000
knapsack,spanner,50,4,penalty,floor,50,500000,-7010,True,25,-6900,,500000
knapsack,spanner,50,4,penalty,floor,50,500000,-7010,True,26,-6864,,500000
knapsack,spanner,50,4,penalty,floor,50,500000,-7010,True,27,-6864,,500000
knapsack,spanner,50,4,penalty,floor,50,500000,-7010,True,28,-6866,,500000
knapsack,spanner,50,4,penalty,floor,50,500000,-7010,True,29,-6938,,500000
knapsack,spanner,50,4,penalty,floor,50,500000,-7010,True,30,-6866,,500000
scp,,60,4,penalty,ils,60,600000,10,True,0,10,1684,1684
scp,,60,4,penalty,ils,60,600000,10,True,1,10,4773,4773
scp,,60,4,penalty,ils,60,600000,10,True,2,10,4491,4491
scp,,60,4,penalty,ils,60,600000,10,True,3,10,7990,7990
scp,,60,4,penalty,ils,60,600000,10,True,4,10,4891,4891
scp,,60,4,penalty,ils,60,600000,10,True,5,10,1275,1275
scp,,60,4,penalty,ils,60,600000,10,True,6,10,28741,28741
scp,,60,4,penalty,ils,60,600000,10,True,7,10,4298,4298
scp,,60,4,penalty,ils,60,600000,10,True,8,10,2346,2346
scp,,60,4,penalty,ils,60,600000,10,True,9,10,3200,3200
scp,,60,4,penalty,ils,60,600000,10,True,10,10,2862,2862
scp,,60,4,penalty,ils,60,600000,10,True,11,10,6966,6966
scp,,60,4,penalty,ils,60,600000,10,True,12,10,1691,1691
scp,,60,4,penalty,ils,60,600000,10,True,13,10,4313,4313
scp,,60,4,penalty,ils,60,600000,10,True,14,10,3626,3626
scp,,60,4,penalty,ils,60,600000,10,True,15,10,8553,8553
scp,,60,4,penalty,ils,60,600000,10,True,16,10,5456,5456
scp,,60,4,penalty,ils,60,600000,10,True,17,10,5956,5956
scp,,60,4,penalty,ils,60,600000,10,True,18,10,7525,7525
scp,,60,4,penalty,ils,60,600000,10,True,19,10,14585,14585
scp,,60,4,penalty,ils,60,600000,10,True,20,10,2684,2684
scp,,60,4,penalty,ils,60,600000,10,True,21,10,4530,4530
scp,,60,4,penalty,ils,60,600000,10,True,22,10,10751,10751
scp,,60,4,penalty,ils,60,600000,10,True,23,10,4556,4556
scp,,60,4,penalty,ils,60,600000,10,True,24,10,4948,4948
scp,,60,4,penalty,ils,60,600000,10,True,25,10,4450,4450
scp,,60,4,penalty,ils,60,600000,10,True,26,10,3675,3675
scp,,60,4,penalty,ils,60,600000,10,True,27,10,6026,6026
scp,,60,4,penalty,ils,60,600000,10,True,28,10,2248,2248
scp,,60,4,penalty,ils,60,600000,10,True,29,10,2492,2492
scp,,60,4,penalty,ils,60,600000,10,True,30,10,5437,5437
scp,,60,3,penalty,floor,60,600000,10,True,0,10,93785,93785
scp,,60,3,penalty,floor,60,600000,10,True,1,10,111375,111375
scp,,60,3,penalty,floor,60,600000,10,True,2,10,59801,59801
scp,,60,3,penalty,floor,60,600000,10,True,3,10,84596,84596
scp,,60,3,penalty,floor,60,600000,10,True,4,10,146019,146019
scp,,60,3,penalty,floor,60,600000,10,True,5,10,10387,10387
scp,,60,3,penalty,floor,60,600000,10,True,6,10,75533,75533
scp,,60,3,penalty,floor,60,600000,10,True,7,10,39868,39868
scp,,60,3,penalty,floor,60,600000,10,True,8,10,97388,97388
scp,,60,3,penalty,floor,60,600000,10,True,9,10,78113,78113
scp,,60,3,penalty,floor,60,600000,10,True,10,10,12849,12849
scp,,60,3,penalty,floor,60,600000,10,True,11,10,27739,27739
scp,,60,3,penalty,floor,60,600000,10,True,12,10,37406,37406
scp,,60,3,penalty,floor,60,600000,10,True,13,10,36385,36385
scp,,60,3,penalty,floor,60,600000,10,True,14,10,68086,68086
scp,,60,3,penalty,floor,60,600000,10,True,15,10,9366,9366
scp,,60,3,penalty,floor,60,600000,10,True,16,10,22875,22875
scp,,60,3,penalty,floor,60,600000,10,True,17,10,40948,40948
scp,,60,3,penalty,floor,60,600000,10,True,18,10,27498,27498
scp,,60,3,penalty,floor,60,600000,10,True,19,10,54396,54396
scp,,60,3,penalty,floor,60,600000,10,True,20,10,215851,215851
scp,,60,3,penalty,floor,60,600000,10,True,21,10,139715,139715
scp,,60,3,penalty,floor,60,600000,10,True,22,10,160428,160428
scp,,60,3,penalty,floor,60,600000,10,True,23,10,77634,77634
scp,,60,3,penalty,floor,60,600000,10,True,24,10,104469,104469
scp,,60,3,penalty,floor,60,600000,10,True,25,10,27919,27919
scp,,60,3,penalty,floor,60,600000,10,True,26,10,118882,118882
scp,,60,3,penalty,floor,60,600000,10,True,27,10,1741,1741
scp,,60,3,penalty,floor,60,600000,10,True,28,10,2762,2762
scp,,60,3,penalty,floor,60,600000,10,True,29,10,41488,41488
scp,,60,3,penalty,floor,60,600000,10,True,30,10,17532,17532
scp,,90,0,penalty,ils,90,900000,15,True,0,15,26636,26636
scp,,90,0,penalty,ils,90,900000,15,True,1,15,43358,43358
scp,,90,0,penalty,ils,90,900000,15,True,2,15,9254,9254
scp,,90,0,penalty,ils,90,900000,15,True,3,15,10672,10672
scp,,90,0,penalty,ils,90,900000,15,True,4,15,10683,10683
scp,,90,0,penalty,ils,90,900000,15,True,5,15,19086,19086
scp,,90,0,penalty,ils,90,900000,15,True,6,15,19924,19924
scp,,90,0,penalty,ils,90,900000,15,True,7,15,46245,46245
scp,,90,0,penalty,ils,90,900000,15,True,8,15,9705,9705
scp,,90,0,penalty,ils,90,900000,15,True,9,15,24592,24592
scp,,90,0,penalty,ils,90,900000,15,True,10,15,42226,42226
scp,,90,0,penalty,ils,90,900000,15,True,11,15,1769,1769
scp,,90,0,penalty,ils,90,900000,15,True,12,15,14778,14778
scp,,90,0,penalty,ils,90,900000,15,True,13,15,14987,14987
scp,,90,0,penalty,ils,90,900000,15,True,14,15,10631,10631
scp,,90,0,penalty,ils,90,900000,15,True,15,15,10479,10479
scp,,90,0,penalty,ils,90,900000,15,True,16,15,9554,9554
scp,,90,0,penalty,ils,90,900000,15,True,17,15,7069,7069
scp,,90,0,penalty,ils,90,900000,15,True,18,15,10237,10237
scp,,90,0,penalty,ils,90,900000,15,True,19,15,20238,20238
scp,,90,0,penalty,ils,90,900000,15,True,20,15,16754,16754
scp,,90,0,penalty,ils,90,900000,15,True,21,15,21628,21628
scp,,90,0,penalty,ils,90,900000,15,True,22,15,16811,16811
scp,,90,0,penalty,ils,90,900000,15,True,23,15,12953,12953
scp,,90,0,penalty,ils,90,900000,15,True,24,15,18323,18323
scp,,90,0,penalty,ils,90,900000,15,True,25,15,15690,15690
scp,,90,0,penalty,ils,90,900000,15,True,26,15,8537,8537
scp,,90,0,penalty,ils,90,900000,15,True,27,15,6764,6764
scp,,90,0,penalty,ils,90,900000,15,True,28,15,12891,12891
scp,,90,0,penalty,ils,90,900000,15,True,29,15,24062,24062
scp,,90,0,penalty,ils,90,900000,15,True,30,15,20687,20687
scp,,60,1,penalty,floor,60,600000,10,True,0,10,6425,6425
scp,,60,1,penalty,floor,60,600000,10,True,1,10,300639,300639
scp,,60,1,penalty,floor,60,600000,10,True,2,10,112520,112520
scp,,60,1,penalty,floor,60,600000,10,True,3,10,110419,110419
scp,,60,1,penalty,floor,60,600000,10,True,4,10,27139,27139
scp,,60,1,penalty,floor,60,600000,10,True,5,10,15611,15611
scp,,60,1,penalty,floor,60,600000,10,True,6,10,55181,55181
scp,,60,1,penalty,floor,60,600000,10,True,7,10,40349,40349
scp,,60,1,penalty,floor,60,600000,10,True,8,10,65689,65689
scp,,60,1,penalty,floor,60,600000,10,True,9,11,,600000
scp,,60,1,penalty,floor,60,600000,10,True,10,10,88922,88922
scp,,60,1,penalty,floor,60,600000,10,True,11,10,38788,38788
scp,,60,1,penalty,floor,60,600000,10,True,12,10,279681,279681
scp,,60,1,penalty,floor,60,600000,10,True,13,10,240535,240535
scp,,60,1,penalty,floor,60,600000,10,True,14,10,85682,85682
scp,,60,1,penalty,floor,60,600000,10,True,15,10,470139,470139
scp,,60,1,penalty,floor,60,600000,10,True,16,10,83581,83581
scp,,60,1,penalty,floor,60,600000,10,True,17,10,146988,146988
scp,,60,1,penalty,floor,60,600000,10,True,18,10,115824,115824
scp,,60,1,penalty,floor,60,600000,10,True,19,10,55060,55060
scp,,60,1,penalty,floor,60,600000,10,True,20,10,27560,27560
scp,,60,1,penalty,floor,60,600000,10,True,21,10,365726,365726
scp,,60,1,penalty,floor,60,600000,10,True,22,10,113482,113482
scp,,60,1,penalty,floor,60,600000,10,True,23,10,114506,114506
scp,,60,1,penalty,floor,60,600000,10,True,24,10,131494,131494
scp,,60,1,penalty,floor,60,600000,10,True,25,10,144704,144704
scp,,60,1,penalty,floor,60,600000,10,True,26,10,395261,395261
scp,,60,1,penalty,floor,60,600000,10,True,27,10,117324,117324
scp,,60,1,penalty,floor,60,600000,10,True,28,11,,600000
scp,,60,1,penalty,floor,60,600000,10,True,29,10,62924,62924
scp,,60,1,penalty,floor,60,600000,10,True,30,10,313244,313244
knapsack,spanner,120,3,penalty,ils,120,1200000,-16428,True,0,-16428,113253,113253
knapsack,spanner,120,3,penalty,ils,120,1200000,-16428,True,1,-16428,136719,136719
knapsack,spanner,120,3,penalty,ils,120,1200000,-16428,True,2,-16428,118130,118130
knapsack,spanner,120,3,penalty,ils,120,1200000,-16428,True,3,-16428,66541,66541
knapsack,spanner,120,3,penalty,ils,120,1200000,-16428,True,4,-16428,67218,67218
knapsack,spanner,120,3,penalty,ils,120,1200000,-16428,True,5,-16428,177719,177719
knapsack,spanner,120,3,penalty,ils,120,1200000,-16428,True,6,-16428,45417,45417
knapsack,spanner,120,3,penalty,ils,120,1200000,-16428,True,7,-16428,81936,81936
knapsack,spanner,120,3,penalty,ils,120,1200000,-16428,True,8,-16428,77471,77471
knapsack,spanner,120,3,penalty,ils,120,1200000,-16428,True,9,-16428,73491,73491
knapsack,spanner,120,3,penalty,ils,120,1200000,-16428,True,10,-16428,193821,193821
knapsack,spanner,120,3,penalty,ils,120,1200000,-16428,True,11,-16428,158726,158726
knapsack,spanner,120,3,penalty,ils,120,1200000,-16428,True,12,-16428,208045,208045
knapsack,spanner,120,3,penalty,ils,120,1200000,-16428,True,13,-16428,71190,71190
knapsack,spanner,120,3,penalty,ils,120,1200000,-16428,True,14,-16428,45241,45241
knapsack,spanner,120,3,penalty,ils,120,1200000,-16428,True,15,-16428,160583,160583
knapsack,spanner,120,3,penalty,ils,120,1200000,-16428,True,16,-16428,91763,91763
knapsack,spanner,120,3,penalty,ils,120,1200000,-16428,True,17,-16428,143138,143138
knapsack,spanner,120,3,penalty,ils,120,1200000,-16428,True,18,-16428,120563,120563
knapsack,spanner,120,3,penalty,ils,120,1200000,-16428,True,19,-16428,66130,66130
knapsack,spanner,120,3,penalty,ils,120,1200000,-16428,True,20,-16428,119763,119763
knapsack,spanner,120,3,penalty,ils,120,1200000,-16428,True,21,-16428,98025,98025
knapsack,spanner,120,3,penalty,ils,120,1200000,-16428,True,22,-16428,131769,131769
knapsack,spanner,120,3,penalty,ils,120,1200000,-16428,True,23,-16428,63372,63372
knapsack,spanner,120,3,penalty,ils,120,1200000,-16428,True,24,-16428,115252,115252
knapsack,spanner,120,3,penalty,ils,120,1200000,-16428,True,25,-16428,91591,91591
knapsack,spanner,120,3,penalty,ils,120,1200000,-16428,True,26,-16428,166007,166007
knapsack,spanner,120,3,penalty,ils,120,1200000,-16428,True,27,-16428,331675,331675
knapsack,spanner,120,3,penalty,ils,120,1200000,-16428,True,28,-16428,89735,89735
knapsack,spanner,120,3,penalty,ils,120,1200000,-16428,True,29,-16428,138335,138335
knapsack,spanner,120,3,penalty,ils,120,1200000,-16428,True,30,-16428,98208,98208
scp,,90,1,penalty,ils,90,900000,15,True,0,15,22646,22646
scp,,90,1,penalty,ils,90,900000,15,True,1,15,30922,30922
scp,,90,1,penalty,ils,90,900000,15,True,2,15,20230,20230
scp,,90,1,penalty,ils,90,900000,15,True,3,15,9895,9895
scp,,90,1,penalty,ils,90,900000,15,True,4,15,12863,12863
scp,,90,1,penalty,ils,90,900000,15,True,5,15,17727,17727
scp,,90,1,penalty,ils,90,900000,15,True,6,15,16691,16691
scp,,90,1,penalty,ils,90,900000,15,True,7,15,21831,21831
scp,,90,1,penalty,ils,90,900000,15,True,8,15,11022,11022
scp,,90,1,penalty,ils,90,900000,15,True,9,15,22770,22770
scp,,90,1,penalty,ils,90,900000,15,True,10,15,11135,11135
scp,,90,1,penalty,ils,90,900000,15,True,11,15,10740,10740
scp,,90,1,penalty,ils,90,900000,15,True,12,15,15008,15008
scp,,90,1,penalty,ils,90,900000,15,True,13,15,32310,32310
scp,,90,1,penalty,ils,90,900000,15,True,14,15,9592,9592
scp,,90,1,penalty,ils,90,900000,15,True,15,15,14599,14599
scp,,90,1,penalty,ils,90,900000,15,True,16,15,12069,12069
scp,,90,1,penalty,ils,90,900000,15,True,17,15,26961,26961
scp,,90,1,penalty,ils,90,900000,15,True,18,15,62774,62774
scp,,90,1,penalty,ils,90,900000,15,True,19,15,16677,16677
scp,,90,1,penalty,ils,90,900000,15,True,20,15,11872,11872
scp,,90,1,penalty,ils,90,900000,15,True,21,15,31812,31812
scp,,90,1,penalty,ils,90,900000,15,True,22,15,14398,14398
scp,,90,1,penalty,ils,90,900000,15,True,23,15,16576,16576
scp,,90,1,penalty,ils,90,900000,15,True,24,15,22798,22798
scp,,90,1,penalty,ils,90,900000,15,True,25,15,13374,13374
scp,,90,1,penalty,ils,90,900000,15,True,26,15,41092,41092
scp,,90,1,penalty,ils,90,900000,15,True,27,15,8533,8533
scp,,90,1,penalty,ils,90,900000,15,True,28,15,24815,24815
scp,,90,1,penalty,ils,90,900000,15,True,29,15,6344,6344
scp,,90,1,penalty,ils,90,900000,15,True,30,15,19666,19666
knapsack,spanner,120,4,penalty,ils,120,1200000,-13104,True,0,-13104,135238,135238
knapsack,spanner,120,4,penalty,ils,120,1200000,-13104,True,1,-13104,97809,97809
knapsack,spanner,120,4,penalty,ils,120,1200000,-13104,True,2,-13104,176513,176513
knapsack,spanner,120,4,penalty,ils,120,1200000,-13104,True,3,-13104,206231,206231
knapsack,spanner,120,4,penalty,ils,120,1200000,-13104,True,4,-13104,275382,275382
knapsack,spanner,120,4,penalty,ils,120,1200000,-13104,True,5,-13104,95753,95753
knapsack,spanner,120,4,penalty,ils,120,1200000,-13104,True,6,-13104,64111,64111
knapsack,spanner,120,4,penalty,ils,120,1200000,-13104,True,7,-13104,190483,190483
knapsack,spanner,120,4,penalty,ils,120,1200000,-13104,True,8,-13104,35121,35121
knapsack,spanner,120,4,penalty,ils,120,1200000,-13104,True,9,-13104,124063,124063
knapsack,spanner,120,4,penalty,ils,120,1200000,-13104,True,10,-13104,245749,245749
knapsack,spanner,120,4,penalty,ils,120,1200000,-13104,True,11,-13104,81935,81935
knapsack,spanner,120,4,penalty,ils,120,1200000,-13104,True,12,-13104,62704,62704
knapsack,spanner,120,4,penalty,ils,120,1200000,-13104,True,13,-13104,122505,122505
knapsack,spanner,120,4,penalty,ils,120,1200000,-13104,True,14,-13104,93127,93127
knapsack,spanner,120,4,penalty,ils,120,1200000,-13104,True,15,-13104,180745,180745
knapsack,spanner,120,4,penalty,ils,120,1200000,-13104,True,16,-13104,63636,63636
knapsack,spanner,120,4,penalty,ils,120,1200000,-13104,True,17,-13104,69268,69268
knapsack,spanner,120,4,penalty,ils,120,1200000,-13104,True,18,-13104,120602,120602
knapsack,spanner,120,4,penalty,ils,120,1200000,-13104,True,19,-13104,164604,164604
knapsack,spanner,120,4,penalty,ils,120,1200000,-13104,True,20,-13104,104789,104789
knapsack,spanner,120,4,penalty,ils,120,1200000,-13104,True,21,-13104,87311,87311
knapsack,spanner,120,4,penalty,ils,120,1200000,-13104,True,22,-13104,58679,58679
knapsack,spanner,120,4,penalty,ils,120,1200000,-13104,True,23,-13104,115286,115286
knapsack,spanner,120,4,penalty,ils,120,1200000,-13104,True,24,-13104,104488,104488
knapsack,spanner,120,4,penalty,ils,120,1200000,-13104,True,25,-13104,138745,138745
knapsack,spanner,120,4,penalty,ils,120,1200000,-13104,True,26,-13104,71601,71601
knapsack,spanner,120,4,penalty,ils,120,1200000,-13104,True,27,-13104,83885,83885
knapsack,spanner,120,4,penalty,ils,120,1200000,-13104,True,28,-13104,20980,20980
knapsack,spanner,120,4,penalty,ils,120,1200000,-13104,True,29,-13104,89219,89219
knapsack,spanner,120,4,penalty,ils,120,1200000,-13104,True,30,-13104,96187,96187
scp,,60,4,penalty,floor,60,600000,10,True,0,10,11108,11108
scp,,60,4,penalty,floor,60,600000,10,True,1,10,16392,16392
scp,,60,4,penalty,floor,60,600000,10,True,2,10,112578,112578
scp,,60,4,penalty,floor,60,600000,10,True,3,10,103453,103453
scp,,60,4,penalty,floor,60,600000,10,True,4,10,18853,18853
scp,,60,4,penalty,floor,60,600000,10,True,5,10,10507,10507
scp,,60,4,penalty,floor,60,600000,10,True,6,10,10087,10087
scp,,60,4,penalty,floor,60,600000,10,True,7,10,94268,94268
scp,,60,4,penalty,floor,60,600000,10,True,8,10,219877,219877
scp,,60,4,penalty,floor,60,600000,10,True,9,10,13510,13510
scp,,60,4,penalty,floor,60,600000,10,True,10,10,218372,218372
scp,,60,4,penalty,floor,60,600000,10,True,11,10,142662,142662
scp,,60,4,penalty,floor,60,600000,10,True,12,10,267369,267369
scp,,60,4,penalty,floor,60,600000,10,True,13,10,27260,27260
scp,,60,4,penalty,floor,60,600000,10,True,14,10,202824,202824
scp,,60,4,penalty,floor,60,600000,10,True,15,10,234409,234409
scp,,60,4,penalty,floor,60,600000,10,True,16,11,,600000
scp,,60,4,penalty,floor,60,600000,10,True,17,10,51816,51816
scp,,60,4,penalty,floor,60,600000,10,True,18,10,190574,190574
scp,,60,4,penalty,floor,60,600000,10,True,19,10,94566,94566
scp,,60,4,penalty,floor,60,600000,10,True,20,10,207271,207271
scp,,60,4,penalty,floor,60,600000,10,True,21,10,32242,32242
scp,,60,4,penalty,floor,60,600000,10,True,22,10,255060,255060
scp,,60,4,penalty,floor,60,600000,10,True,23,10,50497,50497
scp,,60,4,penalty,floor,60,600000,10,True,24,10,38786,38786
scp,,60,4,penalty,floor,60,600000,10,True,25,10,9247,9247
scp,,60,4,penalty,floor,60,600000,10,True,26,10,162354,162354
scp,,60,4,penalty,floor,60,600000,10,True,27,10,98829,98829
scp,,60,4,penalty,floor,60,600000,10,True,28,10,115642,115642
scp,,60,4,penalty,floor,60,600000,10,True,29,10,63165,63165
scp,,60,4,penalty,floor,60,600000,10,True,30,10,213631,213631
scp,,90,2,penalty,ils,90,900000,15,True,0,15,9819,9819
scp,,90,2,penalty,ils,90,900000,15,True,1,15,25850,25850
scp,,90,2,penalty,ils,90,900000,15,True,2,15,7295,7295
scp,,90,2,penalty,ils,90,900000,15,True,3,15,14454,14454
scp,,90,2,penalty,ils,90,900000,15,True,4,15,16449,16449
scp,,90,2,penalty,ils,90,900000,15,True,5,15,16961,16961
scp,,90,2,penalty,ils,90,900000,15,True,6,15,5544,5544
scp,,90,2,penalty,ils,90,900000,15,True,7,15,23024,23024
scp,,90,2,penalty,ils,90,900000,15,True,8,15,15533,15533
scp,,90,2,penalty,ils,90,900000,15,True,9,15,14275,14275
scp,,90,2,penalty,ils,90,900000,15,True,10,15,14762,14762
scp,,90,2,penalty,ils,90,900000,15,True,11,15,11757,11757
scp,,90,2,penalty,ils,90,900000,15,True,12,15,10773,10773
scp,,90,2,penalty,ils,90,900000,15,True,13,15,28722,28722
scp,,90,2,penalty,ils,90,900000,15,True,14,15,24549,24549
scp,,90,2,penalty,ils,90,900000,15,True,15,15,13857,13857
scp,,90,2,penalty,ils,90,900000,15,True,16,15,21580,21580
scp,,90,2,penalty,ils,90,900000,15,True,17,15,21703,21703
scp,,90,2,penalty,ils,90,900000,15,True,18,15,8244,8244
scp,,90,2,penalty,ils,90,900000,15,True,19,15,19888,19888
scp,,90,2,penalty,ils,90,900000,15,True,20,15,9530,9530
scp,,90,2,penalty,ils,90,900000,15,True,21,15,14449,14449
scp,,90,2,penalty,ils,90,900000,15,True,22,15,29553,29553
scp,,90,2,penalty,ils,90,900000,15,True,23,15,39807,39807
scp,,90,2,penalty,ils,90,900000,15,True,24,15,45505,45505
scp,,90,2,penalty,ils,90,900000,15,True,25,15,7570,7570
scp,,90,2,penalty,ils,90,900000,15,True,26,15,9619,9619
scp,,90,2,penalty,ils,90,900000,15,True,27,15,20458,20458
scp,,90,2,penalty,ils,90,900000,15,True,28,15,7954,7954
scp,,90,2,penalty,ils,90,900000,15,True,29,15,19282,19282
scp,,90,2,penalty,ils,90,900000,15,True,30,15,38412,38412
scp,,90,3,penalty,ils,90,900000,15,True,0,15,10333,10333
scp,,90,3,penalty,ils,90,900000,15,True,1,15,12959,12959
scp,,90,3,penalty,ils,90,900000,15,True,2,15,15141,15141
scp,,90,3,penalty,ils,90,900000,15,True,3,15,8214,8214
scp,,90,3,penalty,ils,90,900000,15,True,4,15,11752,11752
scp,,90,3,penalty,ils,90,900000,15,True,5,15,15602,15602
scp,,90,3,penalty,ils,90,900000,15,True,6,15,23188,23188
scp,,90,3,penalty,ils,90,900000,15,True,7,15,6298,6298
scp,,90,3,penalty,ils,90,900000,15,True,8,15,11846,11846
scp,,90,3,penalty,ils,90,900000,15,True,9,15,18406,18406
scp,,90,3,penalty,ils,90,900000,15,True,10,15,16189,16189
scp,,90,3,penalty,ils,90,900000,15,True,11,15,7224,7224
scp,,90,3,penalty,ils,90,900000,15,True,12,15,21822,21822
scp,,90,3,penalty,ils,90,900000,15,True,13,15,10487,10487
scp,,90,3,penalty,ils,90,900000,15,True,14,15,12811,12811
scp,,90,3,penalty,ils,90,900000,15,True,15,15,13044,13044
scp,,90,3,penalty,ils,90,900000,15,True,16,15,5492,5492
scp,,90,3,penalty,ils,90,900000,15,True,17,15,15685,15685
scp,,90,3,penalty,ils,90,900000,15,True,18,15,5657,5657
scp,,90,3,penalty,ils,90,900000,15,True,19,15,8070,8070
scp,,90,3,penalty,ils,90,900000,15,True,20,15,4843,4843
scp,,90,3,penalty,ils,90,900000,15,True,21,15,11391,11391
scp,,90,3,penalty,ils,90,900000,15,True,22,15,18095,18095
scp,,90,3,penalty,ils,90,900000,15,True,23,15,20369,20369
scp,,90,3,penalty,ils,90,900000,15,True,24,15,8418,8418
scp,,90,3,penalty,ils,90,900000,15,True,25,15,29922,29922
scp,,90,3,penalty,ils,90,900000,15,True,26,15,14221,14221
scp,,90,3,penalty,ils,90,900000,15,True,27,15,6568,6568
scp,,90,3,penalty,ils,90,900000,15,True,28,15,35767,35767
scp,,90,3,penalty,ils,90,900000,15,True,29,15,23020,23020
scp,,90,3,penalty,ils,90,900000,15,True,30,15,15210,15210
scp,,60,0,penalty,floor,60,600000,10,True,0,10,308018,308018
scp,,60,0,penalty,floor,60,600000,10,True,1,10,289528,289528
scp,,60,0,penalty,floor,60,600000,10,True,2,10,63765,63765
scp,,60,0,penalty,floor,60,600000,10,True,3,10,267308,267308
scp,,60,0,penalty,floor,60,600000,10,True,4,10,352208,352208
scp,,60,0,penalty,floor,60,600000,10,True,5,10,527288,527288
scp,,60,0,penalty,floor,60,600000,10,True,6,10,5764,5764
scp,,60,0,penalty,floor,60,600000,10,True,7,10,50436,50436
scp,,60,0,penalty,floor,60,600000,10,True,8,10,4383,4383
scp,,60,0,penalty,floor,60,600000,10,True,9,10,507245,507245
scp,,60,0,penalty,floor,60,600000,10,True,10,10,461961,461961
scp,,60,0,penalty,floor,60,600000,10,True,11,11,,600000
scp,,60,0,penalty,floor,60,600000,10,True,12,10,562299,562299
scp,,60,0,penalty,floor,60,600000,10,True,13,10,117445,117445
scp,,60,0,penalty,floor,60,600000,10,True,14,10,206787,206787
scp,,60,0,penalty,floor,60,600000,10,True,15,10,287606,287606
scp,,60,0,penalty,floor,60,600000,10,True,16,10,235731,235731
scp,,60,0,penalty,floor,60,600000,10,True,17,10,323391,323391
scp,,60,0,penalty,floor,60,600000,10,True,18,10,342961,342961
scp,,60,0,penalty,floor,60,600000,10,True,19,11,,600000
scp,,60,0,penalty,floor,60,600000,10,True,20,10,364103,364103
scp,,60,0,penalty,floor,60,600000,10,True,21,10,128251,128251
scp,,60,0,penalty,floor,60,600000,10,True,22,10,323629,323629
scp,,60,0,penalty,floor,60,600000,10,True,23,10,43290,43290
scp,,60,0,penalty,floor,60,600000,10,True,24,10,24437,24437
scp,,60,0,penalty,floor,60,600000,10,True,25,10,32003,32003
scp,,60,0,penalty,floor,60,600000,10,True,26,10,177365,177365
scp,,60,0,penalty,floor,60,600000,10,True,27,10,214232,214232
scp,,60,0,penalty,floor,60,600000,10,True,28,10,89164,89164
scp,,60,0,penalty,floor,60,600000,10,True,29,10,2822,2822
scp,,60,0,penalty,floor,60,600000,10,True,30,10,134975,134975
scp,,90,4,penalty,ils,90,900000,15,True,0,15,13228,13228
scp,,90,4,penalty,ils,90,900000,15,True,1,15,14105,14105
scp,,90,4,penalty,ils,90,900000,15,True,2,15,8837,8837
scp,,90,4,penalty,ils,90,900000,15,True,3,15,21901,21901
scp,,90,4,penalty,ils,90,900000,15,True,4,15,24733,24733
scp,,90,4,penalty,ils,90,900000,15,True,5,15,24998,24998
scp,,90,4,penalty,ils,90,900000,15,True,6,15,9927,9927
scp,,90,4,penalty,ils,90,900000,15,True,7,15,19851,19851
scp,,90,4,penalty,ils,90,900000,15,True,8,15,38401,38401
scp,,90,4,penalty,ils,90,900000,15,True,9,15,14724,14724
scp,,90,4,penalty,ils,90,900000,15,True,10,15,11597,11597
scp,,90,4,penalty,ils,90,900000,15,True,11,15,22517,22517
scp,,90,4,penalty,ils,90,900000,15,True,12,15,14425,14425
scp,,90,4,penalty,ils,90,900000,15,True,13,15,8994,8994
scp,,90,4,penalty,ils,90,900000,15,True,14,15,12217,12217
scp,,90,4,penalty,ils,90,900000,15,True,15,15,10547,10547
scp,,90,4,penalty,ils,90,900000,15,True,16,15,11517,11517
scp,,90,4,penalty,ils,90,900000,15,True,17,15,14974,14974
scp,,90,4,penalty,ils,90,900000,15,True,18,15,58249,58249
scp,,90,4,penalty,ils,90,900000,15,True,19,15,18418,18418
scp,,90,4,penalty,ils,90,900000,15,True,20,15,19090,19090
scp,,90,4,penalty,ils,90,900000,15,True,21,15,11280,11280
scp,,90,4,penalty,ils,90,900000,15,True,22,15,17087,17087
scp,,90,4,penalty,ils,90,900000,15,True,23,15,44840,44840
scp,,90,4,penalty,ils,90,900000,15,True,24,15,11257,11257
scp,,90,4,penalty,ils,90,900000,15,True,25,15,16836,16836
scp,,90,4,penalty,ils,90,900000,15,True,26,15,9886,9886
scp,,90,4,penalty,ils,90,900000,15,True,27,15,13368,13368
scp,,90,4,penalty,ils,90,900000,15,True,28,15,38363,38363
scp,,90,4,penalty,ils,90,900000,15,True,29,15,7192,7192
scp,,90,4,penalty,ils,90,900000,15,True,30,15,20390,20390
scp,,60,2,penalty,floor,60,600000,10,True,0,10,147047,147047
scp,,60,2,penalty,floor,60,600000,10,True,1,10,262087,262087
scp,,60,2,penalty,floor,60,600000,10,True,2,10,118764,118764
scp,,60,2,penalty,floor,60,600000,10,True,3,10,491871,491871
scp,,60,2,penalty,floor,60,600000,10,True,4,10,92227,92227
scp,,60,2,penalty,floor,60,600000,10,True,5,10,223060,223060
scp,,60,2,penalty,floor,60,600000,10,True,6,10,333776,333776
scp,,60,2,penalty,floor,60,600000,10,True,7,10,10628,10628
scp,,60,2,penalty,floor,60,600000,10,True,8,10,13569,13569
scp,,60,2,penalty,floor,60,600000,10,True,9,10,284422,284422
scp,,60,2,penalty,floor,60,600000,10,True,10,11,,600000
scp,,60,2,penalty,floor,60,600000,10,True,11,10,397845,397845
scp,,60,2,penalty,floor,60,600000,10,True,12,10,57940,57940
scp,,60,2,penalty,floor,60,600000,10,True,13,10,267611,267611
scp,,60,2,penalty,floor,60,600000,10,True,14,10,417476,417476
scp,,60,2,penalty,floor,60,600000,10,True,15,10,408953,408953
scp,,60,2,penalty,floor,60,600000,10,True,16,10,211051,211051
scp,,60,2,penalty,floor,60,600000,10,True,17,10,195979,195979
scp,,60,2,penalty,floor,60,600000,10,True,18,10,12969,12969
scp,,60,2,penalty,floor,60,600000,10,True,19,10,539601,539601
scp,,60,2,penalty,floor,60,600000,10,True,20,10,110421,110421
scp,,60,2,penalty,floor,60,600000,10,True,21,10,290486,290486
scp,,60,2,penalty,floor,60,600000,10,True,22,10,332275,332275
scp,,60,2,penalty,floor,60,600000,10,True,23,10,338285,338285
scp,,60,2,penalty,floor,60,600000,10,True,24,10,395260,395260
scp,,60,2,penalty,floor,60,600000,10,True,25,10,162000,162000
scp,,60,2,penalty,floor,60,600000,10,True,26,10,12729,12729
scp,,60,2,penalty,floor,60,600000,10,True,27,10,82859,82859
scp,,60,2,penalty,floor,60,600000,10,True,28,10,307119,307119
scp,,60,2,penalty,floor,60,600000,10,True,29,10,340865,340865
scp,,60,2,penalty,floor,60,600000,10,True,30,10,444734,444734
scp,,120,0,penalty,ils,120,1200000,20,True,0,20,39605,39605
scp,,120,0,penalty,ils,120,1200000,20,True,1,20,6065,6065
scp,,120,0,penalty,ils,120,1200000,20,True,2,20,56832,56832
scp,,120,0,penalty,ils,120,1200000,20,True,3,20,21165,21165
scp,,120,0,penalty,ils,120,1200000,20,True,4,20,27192,27192
scp,,120,0,penalty,ils,120,1200000,20,True,5,20,28032,28032
scp,,120,0,penalty,ils,120,1200000,20,True,6,20,83405,83405
scp,,120,0,penalty,ils,120,1200000,20,True,7,20,42760,42760
scp,,120,0,penalty,ils,120,1200000,20,True,8,20,38243,38243
scp,,120,0,penalty,ils,120,1200000,20,True,9,20,48949,48949
scp,,120,0,penalty,ils,120,1200000,20,True,10,20,24774,24774
scp,,120,0,penalty,ils,120,1200000,20,True,11,20,38444,38444
scp,,120,0,penalty,ils,120,1200000,20,True,12,20,24081,24081
scp,,120,0,penalty,ils,120,1200000,20,True,13,20,26564,26564
scp,,120,0,penalty,ils,120,1200000,20,True,14,20,35801,35801
scp,,120,0,penalty,ils,120,1200000,20,True,15,20,22661,22661
scp,,120,0,penalty,ils,120,1200000,20,True,16,20,41019,41019
scp,,120,0,penalty,ils,120,1200000,20,True,17,20,29398,29398
scp,,120,0,penalty,ils,120,1200000,20,True,18,20,30343,30343
scp,,120,0,penalty,ils,120,1200000,20,True,19,20,39658,39658
scp,,120,0,penalty,ils,120,1200000,20,True,20,20,26274,26274
scp,,120,0,penalty,ils,120,1200000,20,True,21,20,42780,42780
scp,,120,0,penalty,ils,120,1200000,20,True,22,20,46233,46233
scp,,120,0,penalty,ils,120,1200000,20,True,23,20,32731,32731
scp,,120,0,penalty,ils,120,1200000,20,True,24,20,26648,26648
scp,,120,0,penalty,ils,120,1200000,20,True,25,20,66826,66826
scp,,120,0,penalty,ils,120,1200000,20,True,26,20,34796,34796
scp,,120,0,penalty,ils,120,1200000,20,True,27,20,33929,33929
scp,,120,0,penalty,ils,120,1200000,20,True,28,20,50054,50054
scp,,120,0,penalty,ils,120,1200000,20,True,29,20,34344,34344
scp,,120,0,penalty,ils,120,1200000,20,True,30,20,42288,42288
scp,,120,1,penalty,ils,120,1200000,20,True,0,20,18565,18565
scp,,120,1,penalty,ils,120,1200000,20,True,1,20,86438,86438
scp,,120,1,penalty,ils,120,1200000,20,True,2,20,55894,55894
scp,,120,1,penalty,ils,120,1200000,20,True,3,20,86445,86445
scp,,120,1,penalty,ils,120,1200000,20,True,4,20,21293,21293
scp,,120,1,penalty,ils,120,1200000,20,True,5,20,40816,40816
scp,,120,1,penalty,ils,120,1200000,20,True,6,20,45912,45912
scp,,120,1,penalty,ils,120,1200000,20,True,7,20,23591,23591
scp,,120,1,penalty,ils,120,1200000,20,True,8,20,41823,41823
scp,,120,1,penalty,ils,120,1200000,20,True,9,20,25780,25780
scp,,120,1,penalty,ils,120,1200000,20,True,10,20,62222,62222
scp,,120,1,penalty,ils,120,1200000,20,True,11,20,28442,28442
scp,,120,1,penalty,ils,120,1200000,20,True,12,20,23396,23396
scp,,120,1,penalty,ils,120,1200000,20,True,13,20,44780,44780
scp,,120,1,penalty,ils,120,1200000,20,True,14,20,62224,62224
scp,,120,1,penalty,ils,120,1200000,20,True,15,20,20770,20770
scp,,120,1,penalty,ils,120,1200000,20,True,16,20,23871,23871
scp,,120,1,penalty,ils,120,1200000,20,True,17,20,31031,31031
scp,,120,1,penalty,ils,120,1200000,20,True,18,20,24810,24810
scp,,120,1,penalty,ils,120,1200000,20,True,19,20,34614,34614
scp,,120,1,penalty,ils,120,1200000,20,True,20,20,16460,16460
scp,,120,1,penalty,ils,120,1200000,20,True,21,20,30815,30815
scp,,120,1,penalty,ils,120,1200000,20,True,22,20,28423,28423
scp,,120,1,penalty,ils,120,1200000,20,True,23,20,41519,41519
scp,,120,1,penalty,ils,120,1200000,20,True,24,20,26127,26127
scp,,120,1,penalty,ils,120,1200000,20,True,25,20,75307,75307
scp,,120,1,penalty,ils,120,1200000,20,True,26,20,58590,58590
scp,,120,1,penalty,ils,120,1200000,20,True,27,20,44428,44428
scp,,120,1,penalty,ils,120,1200000,20,True,28,20,14715,14715
scp,,120,1,penalty,ils,120,1200000,20,True,29,20,32362,32362
scp,,120,1,penalty,ils,120,1200000,20,True,30,20,34179,34179
knapsack,spanner,120,2,penalty,ils,120,1200000,-12323,True,0,-12323,99194,99194
knapsack,spanner,120,2,penalty,ils,120,1200000,-12323,True,1,-12323,453504,453504
knapsack,spanner,120,2,penalty,ils,120,1200000,-12323,True,2,-12323,108170,108170
knapsack,spanner,120,2,penalty,ils,120,1200000,-12323,True,3,-12323,206908,206908
knapsack,spanner,120,2,penalty,ils,120,1200000,-12323,True,4,-12323,178811,178811
knapsack,spanner,120,2,penalty,ils,120,1200000,-12323,True,5,-12323,186769,186769
knapsack,spanner,120,2,penalty,ils,120,1200000,-12323,True,6,-12323,147151,147151
knapsack,spanner,120,2,penalty,ils,120,1200000,-12323,True,7,-12323,494640,494640
knapsack,spanner,120,2,penalty,ils,120,1200000,-12323,True,8,-12323,442398,442398
knapsack,spanner,120,2,penalty,ils,120,1200000,-12323,True,9,-12323,200423,200423
knapsack,spanner,120,2,penalty,ils,120,1200000,-12323,True,10,-12323,164224,164224
knapsack,spanner,120,2,penalty,ils,120,1200000,-12323,True,11,-12323,239636,239636
knapsack,spanner,120,2,penalty,ils,120,1200000,-12323,True,12,-12323,545486,545486
knapsack,spanner,120,2,penalty,ils,120,1200000,-12323,True,13,-12323,192942,192942
knapsack,spanner,120,2,penalty,ils,120,1200000,-12323,True,14,-12323,147326,147326
knapsack,spanner,120,2,penalty,ils,120,1200000,-12323,True,15,-12323,329421,329421
knapsack,spanner,120,2,penalty,ils,120,1200000,-12323,True,16,-12323,219312,219312
knapsack,spanner,120,2,penalty,ils,120,1200000,-12323,True,17,-12323,318019,318019
knapsack,spanner,120,2,penalty,ils,120,1200000,-12323,True,18,-12323,332489,332489
knapsack,spanner,120,2,penalty,ils,120,1200000,-12323,True,19,-12323,286118,286118
knapsack,spanner,120,2,penalty,ils,120,1200000,-12323,True,20,-12323,310410,310410
knapsack,spanner,120,2,penalty,ils,120,1200000,-12323,True,21,-12323,281240,281240
knapsack,spanner,120,2,penalty,ils,120,1200000,-12323,True,22,-12323,207923,207923
knapsack,spanner,120,2,penalty,ils,120,1200000,-12323,True,23,-12323,369549,369549
knapsack,spanner,120,2,penalty,ils,120,1200000,-12323,True,24,-12323,211908,211908
knapsack,spanner,120,2,penalty,ils,120,1200000,-12323,True,25,-12323,447602,447602
knapsack,spanner,120,2,penalty,ils,120,1200000,-12323,True,26,-12323,142025,142025
knapsack,spanner,120,2,penalty,ils,120,1200000,-12323,True,27,-12323,239000,239000
knapsack,spanner,120,2,penalty,ils,120,1200000,-12323,True,28,-12323,242570,242570
knapsack,spanner,120,2,penalty,ils,120,1200000,-12323,True,29,-12323,437225,437225
knapsack,spanner,120,2,penalty,ils,120,1200000,-12323,True,30,-12323,239814,239814
scp,,120,2,penalty,ils,120,1200000,20,True,0,20,38244,38244
scp,,120,2,penalty,ils,120,1200000,20,True,1,20,36764,36764
scp,,120,2,penalty,ils,120,1200000,20,True,2,20,40736,40736
scp,,120,2,penalty,ils,120,1200000,20,True,3,20,31084,31084
scp,,120,2,penalty,ils,120,1200000,20,True,4,20,49252,49252
scp,,120,2,penalty,ils,120,1200000,20,True,5,20,27472,27472
scp,,120,2,penalty,ils,120,1200000,20,True,6,20,33932,33932
scp,,120,2,penalty,ils,120,1200000,20,True,7,20,31436,31436
scp,,120,2,penalty,ils,120,1200000,20,True,8,20,37027,37027
scp,,120,2,penalty,ils,120,1200000,20,True,9,20,22601,22601
scp,,120,2,penalty,ils,120,1200000,20,True,10,20,17304,17304
scp,,120,2,penalty,ils,120,1200000,20,True,11,20,24433,24433
scp,,120,2,penalty,ils,120,1200000,20,True,12,20,18734,18734
scp,,120,2,penalty,ils,120,1200000,20,True,13,20,15871,15871
scp,,120,2,penalty,ils,120,1200000,20,True,14,20,37898,37898
scp,,120,2,penalty,ils,120,1200000,20,True,15,20,27289,27289
scp,,120,2,penalty,ils,120,1200000,20,True,16,20,44452,44452
scp,,120,2,penalty,ils,120,1200000,20,True,17,20,8669,8669
scp,,120,2,penalty,ils,120,1200000,20,True,18,20,24375,24375
scp,,120,2,penalty,ils,120,1200000,20,True,19,20,33393,33393
scp,,120,2,penalty,ils,120,1200000,20,True,20,20,20655,20655
scp,,120,2,penalty,ils,120,1200000,20,True,21,20,48256,48256
scp,,120,2,penalty,ils,120,1200000,20,True,22,20,26454,26454
scp,,120,2,penalty,ils,120,1200000,20,True,23,20,22090,22090
scp,,120,2,penalty,ils,120,1200000,20,True,24,20,67840,67840
scp,,120,2,penalty,ils,120,1200000,20,True,25,20,67035,67035
scp,,120,2,penalty,ils,120,1200000,20,True,26,20,28194,28194
scp,,120,2,penalty,ils,120,1200000,20,True,27,20,57269,57269
scp,,120,2,penalty,ils,120,1200000,20,True,28,20,33701,33701
scp,,120,2,penalty,ils,120,1200000,20,True,29,20,41320,41320
scp,,120,2,penalty,ils,120,1200000,20,True,30,20,28325,28325
scp,,90,0,penalty,floor,90,900000,15,True,0,15,97319,97319
scp,,90,0,penalty,floor,90,900000,15,True,1,15,423040,423040
scp,,90,0,penalty,floor,90,900000,15,True,2,15,88947,88947
scp,,90,0,penalty,floor,90,900000,15,True,3,15,677181,677181
scp,,90,0,penalty,floor,90,900000,15,True,4,15,255946,255946
scp,,90,0,penalty,floor,90,900000,15,True,5,16,,900000
scp,,90,0,penalty,floor,90,900000,15,True,6,16,,900000
scp,,90,0,penalty,floor,90,900000,15,True,7,16,,900000
scp,,90,0,penalty,floor,90,900000,15,True,8,15,495149,495149
scp,,90,0,penalty,floor,90,900000,15,True,9,15,395581,395581
scp,,90,0,penalty,floor,90,900000,15,True,10,15,396117,396117
scp,,90,0,penalty,floor,90,900000,15,True,11,15,7292,7292
scp,,90,0,penalty,floor,90,900000,15,True,12,15,323377,323377
scp,,90,0,penalty,floor,90,900000,15,True,13,16,,900000
scp,,90,0,penalty,floor,90,900000,15,True,14,15,51405,51405
scp,,90,0,penalty,floor,90,900000,15,True,15,15,269271,269271
scp,,90,0,penalty,floor,90,900000,15,True,16,15,370014,370014
scp,,90,0,penalty,floor,90,900000,15,True,17,15,622178,622178
scp,,90,0,penalty,floor,90,900000,15,True,18,15,104881,104881
scp,,90,0,penalty,floor,90,900000,15,True,19,15,406562,406562
scp,,90,0,penalty,floor,90,900000,15,True,20,15,61129,61129
scp,,90,0,penalty,floor,90,900000,15,True,21,16,,900000
scp,,90,0,penalty,floor,90,900000,15,True,22,16,,900000
scp,,90,0,penalty,floor,90,900000,15,True,23,15,479490,479490
scp,,90,0,penalty,floor,90,900000,15,True,24,16,,900000
scp,,90,0,penalty,floor,90,900000,15,True,25,15,672057,672057
scp,,90,0,penalty,floor,90,900000,15,True,26,15,410794,410794
scp,,90,0,penalty,floor,90,900000,15,True,27,15,655576,655576
scp,,90,0,penalty,floor,90,900000,15,True,28,16,,900000
scp,,90,0,penalty,floor,90,900000,15,True,29,16,,900000
scp,,90,0,penalty,floor,90,900000,15,True,30,16,,900000
knapsack,spanner,80,0,penalty,floor,80,800000,-10965,True,0,-10662,,800000
knapsack,spanner,80,0,penalty,floor,80,800000,-10965,True,1,-10662,,800000
knapsack,spanner,80,0,penalty,floor,80,800000,-10965,True,2,-10662,,800000
knapsack,spanner,80,0,penalty,floor,80,800000,-10965,True,3,-10662,,800000
knapsack,spanner,80,0,penalty,floor,80,800000,-10965,True,4,-10662,,800000
knapsack,spanner,80,0,penalty,floor,80,800000,-10965,True,5,-10551,,800000
knapsack,spanner,80,0,penalty,floor,80,800000,-10965,True,6,-10758,,800000
knapsack,spanner,80,0,penalty,floor,80,800000,-10965,True,7,-10758,,800000
knapsack,spanner,80,0,penalty,floor,80,800000,-10965,True,8,-10662,,800000
knapsack,spanner,80,0,penalty,floor,80,800000,-10965,True,9,-10758,,800000
knapsack,spanner,80,0,penalty,floor,80,800000,-10965,True,10,-10662,,800000
knapsack,spanner,80,0,penalty,floor,80,800000,-10965,True,11,-10662,,800000
knapsack,spanner,80,0,penalty,floor,80,800000,-10965,True,12,-10662,,800000
knapsack,spanner,80,0,penalty,floor,80,800000,-10965,True,13,-10662,,800000
knapsack,spanner,80,0,penalty,floor,80,800000,-10965,True,14,-10662,,800000
knapsack,spanner,80,0,penalty,floor,80,800000,-10965,True,15,-10662,,800000
knapsack,spanner,80,0,penalty,floor,80,800000,-10965,True,16,-10662,,800000
knapsack,spanner,80,0,penalty,floor,80,800000,-10965,True,17,-10662,,800000
knapsack,spanner,80,0,penalty,floor,80,800000,-10965,True,18,-10662,,800000
knapsack,spanner,80,0,penalty,floor,80,800000,-10965,True,19,-10662,,800000
knapsack,spanner,80,0,penalty,floor,80,800000,-10965,True,20,-10758,,800000
knapsack,spanner,80,0,penalty,floor,80,800000,-10965,True,21,-10662,,800000
knapsack,spanner,80,0,penalty,floor,80,800000,-10965,True,22,-10662,,800000
knapsack,spanner,80,0,penalty,floor,80,800000,-10965,True,23,-10662,,800000
knapsack,spanner,80,0,penalty,floor,80,800000,-10965,True,24,-10662,,800000
knapsack,spanner,80,0,penalty,floor,80,800000,-10965,True,25,-10758,,800000
knapsack,spanner,80,0,penalty,floor,80,800000,-10965,True,26,-10662,,800000
knapsack,spanner,80,0,penalty,floor,80,800000,-10965,True,27,-10662,,800000
knapsack,spanner,80,0,penalty,floor,80,800000,-10965,True,28,-10662,,800000
knapsack,spanner,80,0,penalty,floor,80,800000,-10965,True,29,-10758,,800000
knapsack,spanner,80,0,penalty,floor,80,800000,-10965,True,30,-10662,,800000
scp,,120,3,penalty,ils,120,1200000,20,True,0,20,50481,50481
scp,,120,3,penalty,ils,120,1200000,20,True,1,20,37169,37169
scp,,120,3,penalty,ils,120,1200000,20,True,2,20,20991,20991
scp,,120,3,penalty,ils,120,1200000,20,True,3,20,28857,28857
scp,,120,3,penalty,ils,120,1200000,20,True,4,20,29416,29416
scp,,120,3,penalty,ils,120,1200000,20,True,5,20,15483,15483
scp,,120,3,penalty,ils,120,1200000,20,True,6,20,31982,31982
scp,,120,3,penalty,ils,120,1200000,20,True,7,20,24917,24917
scp,,120,3,penalty,ils,120,1200000,20,True,8,20,22285,22285
scp,,120,3,penalty,ils,120,1200000,20,True,9,20,39856,39856
scp,,120,3,penalty,ils,120,1200000,20,True,10,20,39014,39014
scp,,120,3,penalty,ils,120,1200000,20,True,11,20,32587,32587
scp,,120,3,penalty,ils,120,1200000,20,True,12,20,95558,95558
scp,,120,3,penalty,ils,120,1200000,20,True,13,20,33989,33989
scp,,120,3,penalty,ils,120,1200000,20,True,14,20,19824,19824
scp,,120,3,penalty,ils,120,1200000,20,True,15,20,44519,44519
scp,,120,3,penalty,ils,120,1200000,20,True,16,20,13493,13493
scp,,120,3,penalty,ils,120,1200000,20,True,17,20,21488,21488
scp,,120,3,penalty,ils,120,1200000,20,True,18,20,63255,63255
scp,,120,3,penalty,ils,120,1200000,20,True,19,20,42168,42168
scp,,120,3,penalty,ils,120,1200000,20,True,20,20,41809,41809
scp,,120,3,penalty,ils,120,1200000,20,True,21,20,60761,60761
scp,,120,3,penalty,ils,120,1200000,20,True,22,20,48645,48645
scp,,120,3,penalty,ils,120,1200000,20,True,23,20,18761,18761
scp,,120,3,penalty,ils,120,1200000,20,True,24,20,37463,37463
scp,,120,3,penalty,ils,120,1200000,20,True,25,20,53709,53709
scp,,120,3,penalty,ils,120,1200000,20,True,26,20,31768,31768
scp,,120,3,penalty,ils,120,1200000,20,True,27,20,64813,64813
scp,,120,3,penalty,ils,120,1200000,20,True,28,20,24493,24493
scp,,120,3,penalty,ils,120,1200000,20,True,29,20,34967,34967
scp,,120,3,penalty,ils,120,1200000,20,True,30,20,26090,26090
knapsack,spanner,80,1,penalty,floor,80,800000,-15192,True,0,-15048,,800000
knapsack,spanner,80,1,penalty,floor,80,800000,-15192,True,1,-15036,,800000
knapsack,spanner,80,1,penalty,floor,80,800000,-15192,True,2,-15044,,800000
knapsack,spanner,80,1,penalty,floor,80,800000,-15192,True,3,-15056,,800000
knapsack,spanner,80,1,penalty,floor,80,800000,-15192,True,4,-15052,,800000
knapsack,spanner,80,1,penalty,floor,80,800000,-15192,True,5,-15116,,800000
knapsack,spanner,80,1,penalty,floor,80,800000,-15192,True,6,-15044,,800000
knapsack,spanner,80,1,penalty,floor,80,800000,-15192,True,7,-15044,,800000
knapsack,spanner,80,1,penalty,floor,80,800000,-15192,True,8,-15040,,800000
knapsack,spanner,80,1,penalty,floor,80,800000,-15192,True,9,-15036,,800000
knapsack,spanner,80,1,penalty,floor,80,800000,-15192,True,10,-15036,,800000
knapsack,spanner,80,1,penalty,floor,80,800000,-15192,True,11,-15052,,800000
knapsack,spanner,80,1,penalty,floor,80,800000,-15192,True,12,-15044,,800000
knapsack,spanner,80,1,penalty,floor,80,800000,-15192,True,13,-15044,,800000
knapsack,spanner,80,1,penalty,floor,80,800000,-15192,True,14,-15036,,800000
knapsack,spanner,80,1,penalty,floor,80,800000,-15192,True,15,-15052,,800000
knapsack,spanner,80,1,penalty,floor,80,800000,-15192,True,16,-15036,,800000
knapsack,spanner,80,1,penalty,floor,80,800000,-15192,True,17,-15104,,800000
knapsack,spanner,80,1,penalty,floor,80,800000,-15192,True,18,-15048,,800000
knapsack,spanner,80,1,penalty,floor,80,800000,-15192,True,19,-15036,,800000
knapsack,spanner,80,1,penalty,floor,80,800000,-15192,True,20,-15040,,800000
knapsack,spanner,80,1,penalty,floor,80,800000,-15192,True,21,-15040,,800000
knapsack,spanner,80,1,penalty,floor,80,800000,-15192,True,22,-15056,,800000
knapsack,spanner,80,1,penalty,floor,80,800000,-15192,True,23,-15040,,800000
knapsack,spanner,80,1,penalty,floor,80,800000,-15192,True,24,-15044,,800000
knapsack,spanner,80,1,penalty,floor,80,800000,-15192,True,25,-15044,,800000
knapsack,spanner,80,1,penalty,floor,80,800000,-15192,True,26,-15052,,800000
knapsack,spanner,80,1,penalty,floor,80,800000,-15192,True,27,-15040,,800000
knapsack,spanner,80,1,penalty,floor,80,800000,-15192,True,28,-15052,,800000
knapsack,spanner,80,1,penalty,floor,80,800000,-15192,True,29,-15048,,800000
knapsack,spanner,80,1,penalty,floor,80,800000,-15192,True,30,-15040,,800000
uflp,,12,0,penalty,floor,12,120000,420,True,0,420,312,312
uflp,,12,0,penalty,floor,12,120000,420,True,1,420,144,144
uflp,,12,0,penalty,floor,12,120000,420,True,2,420,139,139
uflp,,12,0,penalty,floor,12,120000,420,True,3,420,325,325
uflp,,12,0,penalty,floor,12,120000,420,True,4,420,237,237
uflp,,12,0,penalty,floor,12,120000,420,True,5,420,325,325
uflp,,12,0,penalty,floor,12,120000,420,True,6,420,474,474
uflp,,12,0,penalty,floor,12,120000,420,True,7,420,89,89
uflp,,12,0,penalty,floor,12,120000,420,True,8,420,128,128
uflp,,12,0,penalty,floor,12,120000,420,True,9,420,318,318
uflp,,12,0,penalty,floor,12,120000,420,True,10,420,190,190
uflp,,12,0,penalty,floor,12,120000,420,True,11,420,144,144
uflp,,12,0,penalty,floor,12,120000,420,True,12,420,234,234
uflp,,12,0,penalty,floor,12,120000,420,True,13,420,211,211
uflp,,12,0,penalty,floor,12,120000,420,True,14,420,423,423
uflp,,12,0,penalty,floor,12,120000,420,True,15,420,160,160
uflp,,12,0,penalty,floor,12,120000,420,True,16,420,234,234
uflp,,12,0,penalty,floor,12,120000,420,True,17,420,231,231
uflp,,12,0,penalty,floor,12,120000,420,True,18,420,420,420
uflp,,12,0,penalty,floor,12,120000,420,True,19,420,237,237
uflp,,12,0,penalty,floor,12,120000,420,True,20,420,360,360
uflp,,12,0,penalty,floor,12,120000,420,True,21,420,191,191
uflp,,12,0,penalty,floor,12,120000,420,True,22,420,89,89
uflp,,12,0,penalty,floor,12,120000,420,True,23,420,187,187
uflp,,12,0,penalty,floor,12,120000,420,True,24,420,230,230
uflp,,12,0,penalty,floor,12,120000,420,True,25,420,188,188
uflp,,12,0,penalty,floor,12,120000,420,True,26,420,139,139
uflp,,12,0,penalty,floor,12,120000,420,True,27,420,327,327
uflp,,12,0,penalty,floor,12,120000,420,True,28,420,79,79
uflp,,12,0,penalty,floor,12,120000,420,True,29,420,144,144
uflp,,12,0,penalty,floor,12,120000,420,True,30,420,92,92
uflp,,12,0,penalty,ils,12,120000,420,True,0,420,143,143
uflp,,12,0,penalty,ils,12,120000,420,True,1,420,111,111
uflp,,12,0,penalty,ils,12,120000,420,True,2,420,65,65
uflp,,12,0,penalty,ils,12,120000,420,True,3,420,101,101
uflp,,12,0,penalty,ils,12,120000,420,True,4,420,258,258
uflp,,12,0,penalty,ils,12,120000,420,True,5,420,134,134
uflp,,12,0,penalty,ils,12,120000,420,True,6,420,110,110
uflp,,12,0,penalty,ils,12,120000,420,True,7,420,89,89
uflp,,12,0,penalty,ils,12,120000,420,True,8,420,150,150
uflp,,12,0,penalty,ils,12,120000,420,True,9,420,169,169
uflp,,12,0,penalty,ils,12,120000,420,True,10,420,156,156
uflp,,12,0,penalty,ils,12,120000,420,True,11,420,150,150
uflp,,12,0,penalty,ils,12,120000,420,True,12,420,94,94
uflp,,12,0,penalty,ils,12,120000,420,True,13,420,147,147
uflp,,12,0,penalty,ils,12,120000,420,True,14,420,101,101
uflp,,12,0,penalty,ils,12,120000,420,True,15,420,120,120
uflp,,12,0,penalty,ils,12,120000,420,True,16,420,105,105
uflp,,12,0,penalty,ils,12,120000,420,True,17,420,163,163
uflp,,12,0,penalty,ils,12,120000,420,True,18,420,165,165
uflp,,12,0,penalty,ils,12,120000,420,True,19,420,310,310
uflp,,12,0,penalty,ils,12,120000,420,True,20,420,138,138
uflp,,12,0,penalty,ils,12,120000,420,True,21,420,143,143
uflp,,12,0,penalty,ils,12,120000,420,True,22,420,157,157
uflp,,12,0,penalty,ils,12,120000,420,True,23,420,59,59
uflp,,12,0,penalty,ils,12,120000,420,True,24,420,123,123
uflp,,12,0,penalty,ils,12,120000,420,True,25,420,191,191
uflp,,12,0,penalty,ils,12,120000,420,True,26,420,138,138
uflp,,12,0,penalty,ils,12,120000,420,True,27,420,96,96
uflp,,12,0,penalty,ils,12,120000,420,True,28,420,99,99
uflp,,12,0,penalty,ils,12,120000,420,True,29,420,251,251
uflp,,12,0,penalty,ils,12,120000,420,True,30,420,246,246
uflp,,12,1,penalty,floor,12,120000,398,True,0,398,265,265
uflp,,12,1,penalty,floor,12,120000,398,True,1,398,192,192
uflp,,12,1,penalty,floor,12,120000,398,True,2,398,95,95
uflp,,12,1,penalty,floor,12,120000,398,True,3,398,144,144
uflp,,12,1,penalty,floor,12,120000,398,True,4,398,142,142
uflp,,12,1,penalty,floor,12,120000,398,True,5,398,192,192
uflp,,12,1,penalty,floor,12,120000,398,True,6,398,237,237
uflp,,12,1,penalty,floor,12,120000,398,True,7,398,89,89
uflp,,12,1,penalty,floor,12,120000,398,True,8,398,123,123
uflp,,12,1,penalty,floor,12,120000,398,True,9,398,237,237
uflp,,12,1,penalty,floor,12,120000,398,True,10,398,237,237
uflp,,12,1,penalty,floor,12,120000,398,True,11,398,240,240
uflp,,12,1,penalty,floor,12,120000,398,True,12,398,278,278
uflp,,12,1,penalty,floor,12,120000,398,True,13,398,84,84
uflp,,12,1,penalty,floor,12,120000,398,True,14,398,231,231
uflp,,12,1,penalty,floor,12,120000,398,True,15,398,155,155
uflp,,12,1,penalty,floor,12,120000,398,True,16,398,231,231
uflp,,12,1,penalty,floor,12,120000,398,True,17,398,235,235
uflp,,12,1,penalty,floor,12,120000,398,True,18,398,190,190
uflp,,12,1,penalty,floor,12,120000,398,True,19,398,237,237
uflp,,12,1,penalty,floor,12,120000,398,True,20,398,142,142
uflp,,12,1,penalty,floor,12,120000,398,True,21,398,192,192
uflp,,12,1,penalty,floor,12,120000,398,True,22,398,89,89
uflp,,12,1,penalty,floor,12,120000,398,True,23,398,143,143
uflp,,12,1,penalty,floor,12,120000,398,True,24,398,89,89
uflp,,12,1,penalty,floor,12,120000,398,True,25,398,144,144
uflp,,12,1,penalty,floor,12,120000,398,True,26,398,133,133
uflp,,12,1,penalty,floor,12,120000,398,True,27,398,231,231
uflp,,12,1,penalty,floor,12,120000,398,True,28,398,79,79
uflp,,12,1,penalty,floor,12,120000,398,True,29,398,192,192
uflp,,12,1,penalty,floor,12,120000,398,True,30,398,95,95
uflp,,12,1,penalty,ils,12,120000,398,True,0,398,98,98
uflp,,12,1,penalty,ils,12,120000,398,True,1,398,94,94
uflp,,12,1,penalty,ils,12,120000,398,True,2,398,170,170
uflp,,12,1,penalty,ils,12,120000,398,True,3,398,130,130
uflp,,12,1,penalty,ils,12,120000,398,True,4,398,150,150
uflp,,12,1,penalty,ils,12,120000,398,True,5,398,119,119
uflp,,12,1,penalty,ils,12,120000,398,True,6,398,117,117
uflp,,12,1,penalty,ils,12,120000,398,True,7,398,134,134
uflp,,12,1,penalty,ils,12,120000,398,True,8,398,113,113
uflp,,12,1,penalty,ils,12,120000,398,True,9,398,96,96
uflp,,12,1,penalty,ils,12,120000,398,True,10,398,125,125
uflp,,12,1,penalty,ils,12,120000,398,True,11,398,111,111
uflp,,12,1,penalty,ils,12,120000,398,True,12,398,95,95
uflp,,12,1,penalty,ils,12,120000,398,True,13,398,74,74
uflp,,12,1,penalty,ils,12,120000,398,True,14,398,116,116
uflp,,12,1,penalty,ils,12,120000,398,True,15,398,136,136
uflp,,12,1,penalty,ils,12,120000,398,True,16,398,110,110
uflp,,12,1,penalty,ils,12,120000,398,True,17,398,122,122
uflp,,12,1,penalty,ils,12,120000,398,True,18,398,92,92
uflp,,12,1,penalty,ils,12,120000,398,True,19,398,93,93
uflp,,12,1,penalty,ils,12,120000,398,True,20,398,89,89
uflp,,12,1,penalty,ils,12,120000,398,True,21,398,82,82
uflp,,12,1,penalty,ils,12,120000,398,True,22,398,118,118
uflp,,12,1,penalty,ils,12,120000,398,True,23,398,160,160
uflp,,12,1,penalty,ils,12,120000,398,True,24,398,78,78
uflp,,12,1,penalty,ils,12,120000,398,True,25,398,156,156
uflp,,12,1,penalty,ils,12,120000,398,True,26,398,107,107
uflp,,12,1,penalty,ils,12,120000,398,True,27,398,151,151
uflp,,12,1,penalty,ils,12,120000,398,True,28,398,154,154
uflp,,12,1,penalty,ils,12,120000,398,True,29,398,63,63
uflp,,12,1,penalty,ils,12,120000,398,True,30,398,61,61
uflp,,12,2,penalty,floor,12,120000,474,True,0,474,411,411
uflp,,12,2,penalty,floor,12,120000,474,True,1,474,193,193
uflp,,12,2,penalty,floor,12,120000,474,True,2,474,189,189
uflp,,12,2,penalty,floor,12,120000,474,True,3,474,282,282
uflp,,12,2,penalty,floor,12,120000,474,True,4,474,285,285
uflp,,12,2,penalty,floor,12,120000,474,True,5,474,193,193
uflp,,12,2,penalty,floor,12,120000,474,True,6,474,285,285
uflp,,12,2,penalty,floor,12,120000,474,True,7,474,186,186
uflp,,12,2,penalty,floor,12,120000,474,True,8,474,722,722
uflp,,12,2,penalty,floor,12,120000,474,True,9,474,190,190
uflp,,12,2,penalty,floor,12,120000,474,True,10,474,238,238
uflp,,12,2,penalty,floor,12,120000,474,True,11,474,145,145
uflp,,12,2,penalty,floor,12,120000,474,True,12,474,184,184
uflp,,12,2,penalty,floor,12,120000,474,True,13,474,170,170
uflp,,12,2,penalty,floor,12,120000,474,True,14,474,333,333
uflp,,12,2,penalty,floor,12,120000,474,True,15,474,559,559
uflp,,12,2,penalty,floor,12,120000,474,True,16,474,632,632
uflp,,12,2,penalty,floor,12,120000,474,True,17,474,228,228
uflp,,12,2,penalty,floor,12,120000,474,True,18,474,327,327
uflp,,12,2,penalty,floor,12,120000,474,True,19,474,144,144
uflp,,12,2,penalty,floor,12,120000,474,True,20,474,400,400
uflp,,12,2,penalty,floor,12,120000,474,True,21,474,842,842
uflp,,12,2,penalty,floor,12,120000,474,True,22,474,375,375
uflp,,12,2,penalty,floor,12,120000,474,True,23,474,382,382
uflp,,12,2,penalty,floor,12,120000,474,True,24,474,186,186
uflp,,12,2,penalty,floor,12,120000,474,True,25,474,466,466
uflp,,12,2,penalty,floor,12,120000,474,True,26,474,180,180
uflp,,12,2,penalty,floor,12,120000,474,True,27,474,228,228
uflp,,12,2,penalty,floor,12,120000,474,True,28,474,680,680
uflp,,12,2,penalty,floor,12,120000,474,True,29,474,193,193
uflp,,12,2,penalty,floor,12,120000,474,True,30,474,142,142
uflp,,12,2,penalty,ils,12,120000,474,True,0,474,122,122
uflp,,12,2,penalty,ils,12,120000,474,True,1,474,96,96
uflp,,12,2,penalty,ils,12,120000,474,True,2,474,390,390
uflp,,12,2,penalty,ils,12,120000,474,True,3,474,100,100
uflp,,12,2,penalty,ils,12,120000,474,True,4,474,76,76
uflp,,12,2,penalty,ils,12,120000,474,True,5,474,89,89
uflp,,12,2,penalty,ils,12,120000,474,True,6,474,107,107
uflp,,12,2,penalty,ils,12,120000,474,True,7,474,86,86
uflp,,12,2,penalty,ils,12,120000,474,True,8,474,121,121
uflp,,12,2,penalty,ils,12,120000,474,True,9,474,102,102
uflp,,12,2,penalty,ils,12,120000,474,True,10,474,117,117
uflp,,12,2,penalty,ils,12,120000,474,True,11,474,147,147
uflp,,12,2,penalty,ils,12,120000,474,True,12,474,99,99
uflp,,12,2,penalty,ils,12,120000,474,True,13,474,130,130
uflp,,12,2,penalty,ils,12,120000,474,True,14,474,100,100
uflp,,12,2,penalty,ils,12,120000,474,True,15,474,118,118
uflp,,12,2,penalty,ils,12,120000,474,True,16,474,104,104
uflp,,12,2,penalty,ils,12,120000,474,True,17,474,126,126
uflp,,12,2,penalty,ils,12,120000,474,True,18,474,94,94
uflp,,12,2,penalty,ils,12,120000,474,True,19,474,101,101
uflp,,12,2,penalty,ils,12,120000,474,True,20,474,109,109
uflp,,12,2,penalty,ils,12,120000,474,True,21,474,134,134
uflp,,12,2,penalty,ils,12,120000,474,True,22,474,106,106
uflp,,12,2,penalty,ils,12,120000,474,True,23,474,187,187
uflp,,12,2,penalty,ils,12,120000,474,True,24,474,112,112
uflp,,12,2,penalty,ils,12,120000,474,True,25,474,82,82
uflp,,12,2,penalty,ils,12,120000,474,True,26,474,105,105
uflp,,12,2,penalty,ils,12,120000,474,True,27,474,129,129
uflp,,12,2,penalty,ils,12,120000,474,True,28,474,96,96
uflp,,12,2,penalty,ils,12,120000,474,True,29,474,101,101
uflp,,12,2,penalty,ils,12,120000,474,True,30,474,97,97
uflp,,12,3,penalty,floor,12,120000,426,True,0,426,317,317
uflp,,12,3,penalty,floor,12,120000,426,True,1,426,188,188
uflp,,12,3,penalty,floor,12,120000,426,True,2,426,95,95
uflp,,12,3,penalty,floor,12,120000,426,True,3,426,192,192
uflp,,12,3,penalty,floor,12,120000,426,True,4,426,186,186
uflp,,12,3,penalty,floor,12,120000,426,True,5,426,284,284
uflp,,12,3,penalty,floor,12,120000,426,True,6,426,237,237
uflp,,12,3,penalty,floor,12,120000,426,True,7,426,89,89
uflp,,12,3,penalty,floor,12,120000,426,True,8,426,172,172
uflp,,12,3,penalty,floor,12,120000,426,True,9,426,190,190
uflp,,12,3,penalty,floor,12,120000,426,True,10,426,190,190
uflp,,12,3,penalty,floor,12,120000,426,True,11,426,187,187
uflp,,12,3,penalty,floor,12,120000,426,True,12,426,275,275
uflp,,12,3,penalty,floor,12,120000,426,True,13,426,172,172
uflp,,12,3,penalty,floor,12,120000,426,True,14,426,275,275
uflp,,12,3,penalty,floor,12,120000,426,True,15,426,155,155
uflp,,12,3,penalty,floor,12,120000,426,True,16,426,275,275
uflp,,12,3,penalty,floor,12,120000,426,True,17,426,279,279
uflp,,12,3,penalty,floor,12,120000,426,True,18,426,190,190
uflp,,12,3,penalty,floor,12,120000,426,True,19,426,190,190
uflp,,12,3,penalty,floor,12,120000,426,True,20,426,142,142
uflp,,12,3,penalty,floor,12,120000,426,True,21,426,235,235
uflp,,12,3,penalty,floor,12,120000,426,True,22,426,45,45
uflp,,12,3,penalty,floor,12,120000,426,True,23,426,187,187
uflp,,12,3,penalty,floor,12,120000,426,True,24,426,133,133
uflp,,12,3,penalty,floor,12,120000,426,True,25,426,188,188
uflp,,12,3,penalty,floor,12,120000,426,True,26,426,133,133
uflp,,12,3,penalty,floor,12,120000,426,True,27,426,275,275
uflp,,12,3,penalty,floor,12,120000,426,True,28,426,79,79
uflp,,12,3,penalty,floor,12,120000,426,True,29,426,187,187
uflp,,12,3,penalty,floor,12,120000,426,True,30,426,92,92
uflp,,12,3,penalty,ils,12,120000,426,True,0,426,164,164
uflp,,12,3,penalty,ils,12,120000,426,True,1,426,107,107
uflp,,12,3,penalty,ils,12,120000,426,True,2,426,80,80
uflp,,12,3,penalty,ils,12,120000,426,True,3,426,78,78
uflp,,12,3,penalty,ils,12,120000,426,True,4,426,94,94
uflp,,12,3,penalty,ils,12,120000,426,True,5,426,100,100
uflp,,12,3,penalty,ils,12,120000,426,True,6,426,77,77
uflp,,12,3,penalty,ils,12,120000,426,True,7,426,100,100
uflp,,12,3,penalty,ils,12,120000,426,True,8,426,122,122
uflp,,12,3,penalty,ils,12,120000,426,True,9,426,196,196
uflp,,12,3,penalty,ils,12,120000,426,True,10,426,109,109
uflp,,12,3,penalty,ils,12,120000,426,True,11,426,96,96
uflp,,12,3,penalty,ils,12,120000,426,True,12,426,105,105
uflp,,12,3,penalty,ils,12,120000,426,True,13,426,129,129
uflp,,12,3,penalty,ils,12,120000,426,True,14,426,122,122
uflp,,12,3,penalty,ils,12,120000,426,True,15,426,78,78
uflp,,12,3,penalty,ils,12,120000,426,True,16,426,148,148
uflp,,12,3,penalty,ils,12,120000,426,True,17,426,111,111
uflp,,12,3,penalty,ils,12,120000,426,True,18,426,134,134
uflp,,12,3,penalty,ils,12,120000,426,True,19,426,109,109
uflp,,12,3,penalty,ils,12,120000,426,True,20,426,95,95
uflp,,12,3,penalty,ils,12,120000,426,True,21,426,125,125
uflp,,12,3,penalty,ils,12,120000,426,True,22,426,95,95
uflp,,12,3,penalty,ils,12,120000,426,True,23,426,68,68
uflp,,12,3,penalty,ils,12,120000,426,True,24,426,121,121
uflp,,12,3,penalty,ils,12,120000,426,True,25,426,116,116
uflp,,12,3,penalty,ils,12,120000,426,True,26,426,100,100
uflp,,12,3,penalty,ils,12,120000,426,True,27,426,57,57
uflp,,12,3,penalty,ils,12,120000,426,True,28,426,110,110
uflp,,12,3,penalty,ils,12,120000,426,True,29,426,89,89
uflp,,12,3,penalty,ils,12,120000,426,True,30,426,85,85
uflp,,12,4,penalty,floor,12,120000,469,True,0,469,179,179
uflp,,12,4,penalty,floor,12,120000,469,True,1,469,145,145
uflp,,12,4,penalty,floor,12,120000,469,True,2,469,190,190
uflp,,12,4,penalty,floor,12,120000,469,True,3,469,241,241
uflp,,12,4,penalty,floor,12,120000,469,True,4,469,190,190
uflp,,12,4,penalty,floor,12,120000,469,True,5,469,145,145
uflp,,12,4,penalty,floor,12,120000,469,True,6,469,189,189
uflp,,12,4,penalty,floor,12,120000,469,True,7,469,233,233
uflp,,12,4,penalty,floor,12,120000,469,True,8,469,406,406
uflp,,12,4,penalty,floor,12,120000,469,True,9,469,238,238
uflp,,12,4,penalty,floor,12,120000,469,True,10,469,190,190
uflp,,12,4,penalty,floor,12,120000,469,True,11,469,97,97
uflp,,12,4,penalty,floor,12,120000,469,True,12,469,136,136
uflp,,12,4,penalty,floor,12,120000,469,True,13,469,455,455
uflp,,12,4,penalty,floor,12,120000,469,True,14,469,184,184
uflp,,12,4,penalty,floor,12,120000,469,True,15,469,255,255
uflp,,12,4,penalty,floor,12,120000,469,True,16,469,136,136
uflp,,12,4,penalty,floor,12,120000,469,True,17,469,465,465
uflp,,12,4,penalty,floor,12,120000,469,True,18,469,237,237
uflp,,12,4,penalty,floor,12,120000,469,True,19,469,428,428
uflp,,12,4,penalty,floor,12,120000,469,True,20,469,190,190
uflp,,12,4,penalty,floor,12,120000,469,True,21,469,145,145
uflp,,12,4,penalty,floor,12,120000,469,True,22,469,322,322
uflp,,12,4,penalty,floor,12,120000,469,True,23,469,143,143
uflp,,12,4,penalty,floor,12,120000,469,True,24,469,371,371
uflp,,12,4,penalty,floor,12,120000,469,True,25,469,97,97
uflp,,12,4,penalty,floor,12,120000,469,True,26,469,363,363
uflp,,12,4,penalty,floor,12,120000,469,True,27,469,180,180
uflp,,12,4,penalty,floor,12,120000,469,True,28,469,309,309
uflp,,12,4,penalty,floor,12,120000,469,True,29,469,97,97
uflp,,12,4,penalty,floor,12,120000,469,True,30,469,142,142
uflp,,12,4,penalty,ils,12,120000,469,True,0,469,232,232
uflp,,12,4,penalty,ils,12,120000,469,True,1,469,140,140
uflp,,12,4,penalty,ils,12,120000,469,True,2,469,99,99
uflp,,12,4,penalty,ils,12,120000,469,True,3,469,92,92
uflp,,12,4,penalty,ils,12,120000,469,True,4,469,68,68
uflp,,12,4,penalty,ils,12,120000,469,True,5,469,134,134
uflp,,12,4,penalty,ils,12,120000,469,True,6,469,232,232
uflp,,12,4,penalty,ils,12,120000,469,True,7,469,117,117
uflp,,12,4,penalty,ils,12,120000,469,True,8,469,97,97
uflp,,12,4,penalty,ils,12,120000,469,True,9,469,239,239
uflp,,12,4,penalty,ils,12,120000,469,True,10,469,222,222
uflp,,12,4,penalty,ils,12,120000,469,True,11,469,119,119
uflp,,12,4,penalty,ils,12,120000,469,True,12,469,167,167
uflp,,12,4,penalty,ils,12,120000,469,True,13,469,307,307
uflp,,12,4,penalty,ils,12,120000,469,True,14,469,84,84
uflp,,12,4,penalty,ils,12,120000,469,True,15,469,80,80
uflp,,12,4,penalty,ils,12,120000,469,True,16,469,90,90
uflp,,12,4,penalty,ils,12,120000,469,True,17,469,116,116
uflp,,12,4,penalty,ils,12,120000,469,True,18,469,222,222
uflp,,12,4,penalty,ils,12,120000,469,True,19,469,423,423
uflp,,12,4,penalty,ils,12,120000,469,True,20,469,938,938
uflp,,12,4,penalty,ils,12,120000,469,True,21,469,218,218
uflp,,12,4,penalty,ils,12,120000,469,True,22,469,96,96
uflp,,12,4,penalty,ils,12,120000,469,True,23,469,54,54
uflp,,12,4,penalty,ils,12,120000,469,True,24,469,173,173
uflp,,12,4,penalty,ils,12,120000,469,True,25,469,112,112
uflp,,12,4,penalty,ils,12,120000,469,True,26,469,111,111
uflp,,12,4,penalty,ils,12,120000,469,True,27,469,71,71
uflp,,12,4,penalty,ils,12,120000,469,True,28,469,76,76
uflp,,12,4,penalty,ils,12,120000,469,True,29,469,120,120
uflp,,12,4,penalty,ils,12,120000,469,True,30,469,718,718
uflp,,16,0,penalty,floor,16,160000,531,True,0,531,474,474
uflp,,16,0,penalty,floor,16,160000,531,True,1,531,549,549
uflp,,16,0,penalty,floor,16,160000,531,True,2,531,239,239
uflp,,16,0,penalty,floor,16,160000,531,True,3,531,314,314
uflp,,16,0,penalty,floor,16,160000,531,True,4,531,314,314
uflp,,16,0,penalty,floor,16,160000,531,True,5,531,381,381
uflp,,16,0,penalty,floor,16,160000,531,True,6,531,316,316
uflp,,16,0,penalty,floor,16,160000,531,True,7,531,361,361
uflp,,16,0,penalty,floor,16,160000,531,True,8,531,311,311
uflp,,16,0,penalty,floor,16,160000,531,True,9,531,319,319
uflp,,16,0,penalty,floor,16,160000,531,True,10,531,319,319
uflp,,16,0,penalty,floor,16,160000,531,True,11,531,399,399
uflp,,16,0,penalty,floor,16,160000,531,True,12,531,470,470
uflp,,16,0,penalty,floor,16,160000,531,True,13,531,361,361
uflp,,16,0,penalty,floor,16,160000,531,True,14,531,609,609
uflp,,16,0,penalty,floor,16,160000,531,True,15,531,305,305
uflp,,16,0,penalty,floor,16,160000,531,True,16,531,536,536
uflp,,16,0,penalty,floor,16,160000,531,True,17,531,470,470
uflp,,16,0,penalty,floor,16,160000,531,True,18,531,398,398
uflp,,16,0,penalty,floor,16,160000,531,True,19,531,619,619
uflp,,16,0,penalty,floor,16,160000,531,True,20,531,320,320
uflp,,16,0,penalty,floor,16,160000,531,True,21,531,396,396
uflp,,16,0,penalty,floor,16,160000,531,True,22,531,290,290
uflp,,16,0,penalty,floor,16,160000,531,True,23,531,316,316
uflp,,16,0,penalty,floor,16,160000,531,True,24,531,285,285
uflp,,16,0,penalty,floor,16,160000,531,True,25,531,396,396
uflp,,16,0,penalty,floor,16,160000,531,True,26,531,349,349
uflp,,16,0,penalty,floor,16,160000,531,True,27,531,397,397
uflp,,16,0,penalty,floor,16,160000,531,True,28,531,255,255
uflp,,16,0,penalty,floor,16,160000,531,True,29,531,473,473
uflp,,16,0,penalty,floor,16,160000,531,True,30,531,305,305
knapsack,spanner,80,2,penalty,floor,80,800000,-20171,True,0,-20110,,800000
knapsack,spanner,80,2,penalty,floor,80,800000,-20171,True,1,-20120,,800000
knapsack,spanner,80,2,penalty,floor,80,800000,-20171,True,2,-20130,,800000
knapsack,spanner,80,2,penalty,floor,80,800000,-20171,True,3,-20120,,800000
knapsack,spanner,80,2,penalty,floor,80,800000,-20171,True,4,-20120,,800000
knapsack,spanner,80,2,penalty,floor,80,800000,-20171,True,5,-20111,,800000
knapsack,spanner,80,2,penalty,floor,80,800000,-20171,True,6,-20120,,800000
knapsack,spanner,80,2,penalty,floor,80,800000,-20171,True,7,-20120,,800000
knapsack,spanner,80,2,penalty,floor,80,800000,-20171,True,8,-20130,,800000
knapsack,spanner,80,2,penalty,floor,80,800000,-20171,True,9,-20121,,800000
knapsack,spanner,80,2,penalty,floor,80,800000,-20171,True,10,-20111,,800000
knapsack,spanner,80,2,penalty,floor,80,800000,-20171,True,11,-20120,,800000
knapsack,spanner,80,2,penalty,floor,80,800000,-20171,True,12,-20130,,800000
knapsack,spanner,80,2,penalty,floor,80,800000,-20171,True,13,-20122,,800000
knapsack,spanner,80,2,penalty,floor,80,800000,-20171,True,14,-20120,,800000
knapsack,spanner,80,2,penalty,floor,80,800000,-20171,True,15,-20120,,800000
knapsack,spanner,80,2,penalty,floor,80,800000,-20171,True,16,-20121,,800000
knapsack,spanner,80,2,penalty,floor,80,800000,-20171,True,17,-20121,,800000
knapsack,spanner,80,2,penalty,floor,80,800000,-20171,True,18,-20120,,800000
knapsack,spanner,80,2,penalty,floor,80,800000,-20171,True,19,-20121,,800000
knapsack,spanner,80,2,penalty,floor,80,800000,-20171,True,20,-20130,,800000
knapsack,spanner,80,2,penalty,floor,80,800000,-20171,True,21,-20120,,800000
knapsack,spanner,80,2,penalty,floor,80,800000,-20171,True,22,-20130,,800000
knapsack,spanner,80,2,penalty,floor,80,800000,-20171,True,23,-20130,,800000
knapsack,spanner,80,2,penalty,floor,80,800000,-20171,True,24,-20120,,800000
knapsack,spanner,80,2,penalty,floor,80,800000,-20171,True,25,-20130,,800000
knapsack,spanner,80,2,penalty,floor,80,800000,-20171,True,26,-20120,,800000
knapsack,spanner,80,2,penalty,floor,80,800000,-20171,True,27,-20121,,800000
knapsack,spanner,80,2,penalty,floor,80,800000,-20171,True,28,-20120,,800000
knapsack,spanner,80,2,penalty,floor,80,800000,-20171,True,29,-20120,,800000
knapsack,spanner,80,2,penalty,floor,80,800000,-20171,True,30,-20120,,800000
uflp,,16,0,penalty,ils,16,160000,531,True,0,531,188,188
uflp,,16,0,penalty,ils,16,160000,531,True,1,531,129,129
uflp,,16,0,penalty,ils,16,160000,531,True,2,531,264,264
uflp,,16,0,penalty,ils,16,160000,531,True,3,531,164,164
uflp,,16,0,penalty,ils,16,160000,531,True,4,531,171,171
uflp,,16,0,penalty,ils,16,160000,531,True,5,531,220,220
uflp,,16,0,penalty,ils,16,160000,531,True,6,531,183,183
uflp,,16,0,penalty,ils,16,160000,531,True,7,531,124,124
uflp,,16,0,penalty,ils,16,160000,531,True,8,531,245,245
uflp,,16,0,penalty,ils,16,160000,531,True,9,531,149,149
uflp,,16,0,penalty,ils,16,160000,531,True,10,531,230,230
uflp,,16,0,penalty,ils,16,160000,531,True,11,531,183,183
uflp,,16,0,penalty,ils,16,160000,531,True,12,531,208,208
uflp,,16,0,penalty,ils,16,160000,531,True,13,531,170,170
uflp,,16,0,penalty,ils,16,160000,531,True,14,531,237,237
uflp,,16,0,penalty,ils,16,160000,531,True,15,531,174,174
uflp,,16,0,penalty,ils,16,160000,531,True,16,531,152,152
uflp,,16,0,penalty,ils,16,160000,531,True,17,531,181,181
uflp,,16,0,penalty,ils,16,160000,531,True,18,531,86,86
uflp,,16,0,penalty,ils,16,160000,531,True,19,531,150,150
uflp,,16,0,penalty,ils,16,160000,531,True,20,531,206,206
uflp,,16,0,penalty,ils,16,160000,531,True,21,531,248,248
uflp,,16,0,penalty,ils,16,160000,531,True,22,531,172,172
uflp,,16,0,penalty,ils,16,160000,531,True,23,531,163,163
uflp,,16,0,penalty,ils,16,160000,531,True,24,531,188,188
uflp,,16,0,penalty,ils,16,160000,531,True,25,531,168,168
uflp,,16,0,penalty,ils,16,160000,531,True,26,531,205,205
uflp,,16,0,penalty,ils,16,160000,531,True,27,531,198,198
uflp,,16,0,penalty,ils,16,160000,531,True,28,531,194,194
uflp,,16,0,penalty,ils,16,160000,531,True,29,531,181,181
uflp,,16,0,penalty,ils,16,160000,531,True,30,531,113,113
uflp,,16,1,penalty,floor,16,160000,491,True,0,491,629,629
uflp,,16,1,penalty,floor,16,160000,491,True,1,491,397,397
uflp,,16,1,penalty,floor,16,160000,491,True,2,491,479,479
uflp,,16,1,penalty,floor,16,160000,491,True,3,491,554,554
uflp,,16,1,penalty,floor,16,160000,491,True,4,491,238,238
uflp,,16,1,penalty,floor,16,160000,491,True,5,491,305,305
uflp,,16,1,penalty,floor,16,160000,491,True,6,491,557,557
uflp,,16,1,penalty,floor,16,160000,491,True,7,491,610,610
uflp,,16,1,penalty,floor,16,160000,491,True,8,491,317,317
uflp,,16,1,penalty,floor,16,160000,491,True,9,491,786,786
uflp,,16,1,penalty,floor,16,160000,491,True,10,491,558,558
uflp,,16,1,penalty,floor,16,160000,491,True,11,491,478,478
uflp,,16,1,penalty,floor,16,160000,491,True,12,491,471,471
uflp,,16,1,penalty,floor,16,160000,491,True,13,491,371,371
uflp,,16,1,penalty,floor,16,160000,491,True,14,491,465,465
uflp,,16,1,penalty,floor,16,160000,491,True,15,491,387,387
uflp,,16,1,penalty,floor,16,160000,491,True,16,491,466,466
uflp,,16,1,penalty,floor,16,160000,491,True,17,491,546,546
uflp,,16,1,penalty,floor,16,160000,491,True,18,491,555,555
uflp,,16,1,penalty,floor,16,160000,491,True,19,491,467,467
uflp,,16,1,penalty,floor,16,160000,491,True,20,491,709,709
uflp,,16,1,penalty,floor,16,160000,491,True,21,491,785,785
uflp,,16,1,penalty,floor,16,160000,491,True,22,491,524,524
uflp,,16,1,penalty,floor,16,160000,491,True,23,491,320,320
uflp,,16,1,penalty,floor,16,160000,491,True,24,491,300,300
uflp,,16,1,penalty,floor,16,160000,491,True,25,491,239,239
uflp,,16,1,penalty,floor,16,160000,491,True,26,491,288,288
uflp,,16,1,penalty,floor,16,160000,491,True,27,491,476,476
uflp,,16,1,penalty,floor,16,160000,491,True,28,491,331,331
uflp,,16,1,penalty,floor,16,160000,491,True,29,491,478,478
uflp,,16,1,penalty,floor,16,160000,491,True,30,491,463,463
knapsack,spanner,80,4,penalty,floor,80,800000,-22540,True,0,-22485,,800000
knapsack,spanner,80,4,penalty,floor,80,800000,-22540,True,1,-22475,,800000
knapsack,spanner,80,4,penalty,floor,80,800000,-22540,True,2,-22485,,800000
knapsack,spanner,80,4,penalty,floor,80,800000,-22540,True,3,-22490,,800000
knapsack,spanner,80,4,penalty,floor,80,800000,-22540,True,4,-22485,,800000
knapsack,spanner,80,4,penalty,floor,80,800000,-22540,True,5,-22485,,800000
knapsack,spanner,80,4,penalty,floor,80,800000,-22540,True,6,-22485,,800000
knapsack,spanner,80,4,penalty,floor,80,800000,-22540,True,7,-22490,,800000
knapsack,spanner,80,4,penalty,floor,80,800000,-22540,True,8,-22485,,800000
knapsack,spanner,80,4,penalty,floor,80,800000,-22540,True,9,-22475,,800000
knapsack,spanner,80,4,penalty,floor,80,800000,-22540,True,10,-22485,,800000
knapsack,spanner,80,4,penalty,floor,80,800000,-22540,True,11,-22485,,800000
knapsack,spanner,80,4,penalty,floor,80,800000,-22540,True,12,-22485,,800000
knapsack,spanner,80,4,penalty,floor,80,800000,-22540,True,13,-22475,,800000
knapsack,spanner,80,4,penalty,floor,80,800000,-22540,True,14,-22485,,800000
knapsack,spanner,80,4,penalty,floor,80,800000,-22540,True,15,-22485,,800000
knapsack,spanner,80,4,penalty,floor,80,800000,-22540,True,16,-22475,,800000
knapsack,spanner,80,4,penalty,floor,80,800000,-22540,True,17,-22490,,800000
knapsack,spanner,80,4,penalty,floor,80,800000,-22540,True,18,-22485,,800000
knapsack,spanner,80,4,penalty,floor,80,800000,-22540,True,19,-22485,,800000
knapsack,spanner,80,4,penalty,floor,80,800000,-22540,True,20,-22485,,800000
knapsack,spanner,80,4,penalty,floor,80,800000,-22540,True,21,-22485,,800000
knapsack,spanner,80,4,penalty,floor,80,800000,-22540,True,22,-22475,,800000
knapsack,spanner,80,4,penalty,floor,80,800000,-22540,True,23,-22470,,800000
knapsack,spanner,80,4,penalty,floor,80,800000,-22540,True,24,-22485,,800000
knapsack,spanner,80,4,penalty,floor,80,800000,-22540,True,25,-22475,,800000
knapsack,spanner,80,4,penalty,floor,80,800000,-22540,True,26,-22490,,800000
knapsack,spanner,80,4,penalty,floor,80,800000,-22540,True,27,-22475,,800000
knapsack,spanner,80,4,penalty,floor,80,800000,-22540,True,28,-22485,,800000
knapsack,spanner,80,4,penalty,floor,80,800000,-22540,True,29,-22470,,800000
knapsack,spanner,80,4,penalty,floor,80,800000,-22540,True,30,-22485,,800000
uflp,,16,1,penalty,ils,16,160000,491,True,0,491,278,278
uflp,,16,1,penalty,ils,16,160000,491,True,1,491,172,172
uflp,,16,1,penalty,ils,16,160000,491,True,2,491,189,189
uflp,,16,1,penalty,ils,16,160000,491,True,3,491,173,173
uflp,,16,1,penalty,ils,16,160000,491,True,4,491,165,165
uflp,,16,1,penalty,ils,16,160000,491,True,5,491,207,207
uflp,,16,1,penalty,ils,16,160000,491,True,6,491,158,158
uflp,,16,1,penalty,ils,16,160000,491,True,7,491,188,188
uflp,,16,1,penalty,ils,16,160000,491,True,8,491,116,116
uflp,,16,1,penalty,ils,16,160000,491,True,9,491,140,140
uflp,,16,1,penalty,ils,16,160000,491,True,10,491,179,179
uflp,,16,1,penalty,ils,16,160000,491,True,11,491,197,197
uflp,,16,1,penalty,ils,16,160000,491,True,12,491,182,182
uflp,,16,1,penalty,ils,16,160000,491,True,13,491,202,202
uflp,,16,1,penalty,ils,16,160000,491,True,14,491,154,154
uflp,,16,1,penalty,ils,16,160000,491,True,15,491,206,206
uflp,,16,1,penalty,ils,16,160000,491,True,16,491,147,147
uflp,,16,1,penalty,ils,16,160000,491,True,17,491,126,126
uflp,,16,1,penalty,ils,16,160000,491,True,18,491,143,143
uflp,,16,1,penalty,ils,16,160000,491,True,19,491,175,175
uflp,,16,1,penalty,ils,16,160000,491,True,20,491,276,276
uflp,,16,1,penalty,ils,16,160000,491,True,21,491,163,163
uflp,,16,1,penalty,ils,16,160000,491,True,22,491,163,163
uflp,,16,1,penalty,ils,16,160000,491,True,23,491,178,178
uflp,,16,1,penalty,ils,16,160000,491,True,24,491,149,149
uflp,,16,1,penalty,ils,16,160000,491,True,25,491,170,170
uflp,,16,1,penalty,ils,16,160000,491,True,26,491,207,207
uflp,,16,1,penalty,ils,16,160000,491,True,27,491,137,137
uflp,,16,1,penalty,ils,16,160000,491,True,28,491,123,123
uflp,,16,1,penalty,ils,16,160000,491,True,29,491,194,194
uflp,,16,1,penalty,ils,16,160000,491,True,30,491,138,138
uflp,,16,2,penalty,floor,16,160000,462,True,0,462,467,467
uflp,,16,2,penalty,floor,16,160000,462,True,1,462,703,703
uflp,,16,2,penalty,floor,16,160000,462,True,2,462,480,480
uflp,,16,2,penalty,floor,16,160000,462,True,3,462,396,396
uflp,,16,2,penalty,floor,16,160000,462,True,4,462,238,238
uflp,,16,2,penalty,floor,16,160000,462,True,5,462,153,153
uflp,,16,2,penalty,floor,16,160000,462,True,6,462,554,554
uflp,,16,2,penalty,floor,16,160000,462,True,7,462,356,356
uflp,,16,2,penalty,floor,16,160000,462,True,8,462,475,475
uflp,,16,2,penalty,floor,16,160000,462,True,9,462,924,924
uflp,,16,2,penalty,floor,16,160000,462,True,10,462,700,700
uflp,,16,2,penalty,floor,16,160000,462,True,11,462,559,559
uflp,,16,2,penalty,floor,16,160000,462,True,12,462,470,470
uflp,,16,2,penalty,floor,16,160000,462,True,13,462,295,295
uflp,,16,2,penalty,floor,16,160000,462,True,14,462,624,624
uflp,,16,2,penalty,floor,16,160000,462,True,15,462,381,381
uflp,,16,2,penalty,floor,16,160000,462,True,16,462,465,465
uflp,,16,2,penalty,floor,16,160000,462,True,17,462,391,391
uflp,,16,2,penalty,floor,16,160000,462,True,18,462,476,476
uflp,,16,2,penalty,floor,16,160000,462,True,19,462,1097,1097
uflp,,16,2,penalty,floor,16,160000,462,True,20,462,400,400
uflp,,16,2,penalty,floor,16,160000,462,True,21,462,238,238
uflp,,16,2,penalty,floor,16,160000,462,True,22,462,300,300
uflp,,16,2,penalty,floor,16,160000,462,True,23,462,399,399
uflp,,16,2,penalty,floor,16,160000,462,True,24,462,366,366
uflp,,16,2,penalty,floor,16,160000,462,True,25,462,399,399
uflp,,16,2,penalty,floor,16,160000,462,True,26,462,430,430
uflp,,16,2,penalty,floor,16,160000,462,True,27,462,552,552
uflp,,16,2,penalty,floor,16,160000,462,True,28,462,810,810
uflp,,16,2,penalty,floor,16,160000,462,True,29,462,635,635
uflp,,16,2,penalty,floor,16,160000,462,True,30,462,229,229
knapsack,spanner,80,2,penalty,ils,80,800000,-20171,True,0,-20151,,800000
knapsack,spanner,80,2,penalty,ils,80,800000,-20171,True,1,-20161,,800000
knapsack,spanner,80,2,penalty,ils,80,800000,-20171,True,2,-20161,,800000
knapsack,spanner,80,2,penalty,ils,80,800000,-20171,True,3,-20151,,800000
knapsack,spanner,80,2,penalty,ils,80,800000,-20171,True,4,-20151,,800000
knapsack,spanner,80,2,penalty,ils,80,800000,-20171,True,5,-20161,,800000
knapsack,spanner,80,2,penalty,ils,80,800000,-20171,True,6,-20171,647615,647615
knapsack,spanner,80,2,penalty,ils,80,800000,-20171,True,7,-20151,,800000
knapsack,spanner,80,2,penalty,ils,80,800000,-20171,True,8,-20151,,800000
knapsack,spanner,80,2,penalty,ils,80,800000,-20171,True,9,-20171,692818,692818
knapsack,spanner,80,2,penalty,ils,80,800000,-20171,True,10,-20151,,800000
knapsack,spanner,80,2,penalty,ils,80,800000,-20171,True,11,-20152,,800000
knapsack,spanner,80,2,penalty,ils,80,800000,-20171,True,12,-20161,,800000
knapsack,spanner,80,2,penalty,ils,80,800000,-20171,True,13,-20161,,800000
knapsack,spanner,80,2,penalty,ils,80,800000,-20171,True,14,-20141,,800000
knapsack,spanner,80,2,penalty,ils,80,800000,-20171,True,15,-20151,,800000
knapsack,spanner,80,2,penalty,ils,80,800000,-20171,True,16,-20161,,800000
knapsack,spanner,80,2,penalty,ils,80,800000,-20171,True,17,-20151,,800000
knapsack,spanner,80,2,penalty,ils,80,800000,-20171,True,18,-20161,,800000
knapsack,spanner,80,2,penalty,ils,80,800000,-20171,True,19,-20151,,800000
knapsack,spanner,80,2,penalty,ils,80,800000,-20171,True,20,-20151,,800000
knapsack,spanner,80,2,penalty,ils,80,800000,-20171,True,21,-20161,,800000
knapsack,spanner,80,2,penalty,ils,80,800000,-20171,True,22,-20161,,800000
knapsack,spanner,80,2,penalty,ils,80,800000,-20171,True,23,-20151,,800000
knapsack,spanner,80,2,penalty,ils,80,800000,-20171,True,24,-20161,,800000
knapsack,spanner,80,2,penalty,ils,80,800000,-20171,True,25,-20161,,800000
knapsack,spanner,80,2,penalty,ils,80,800000,-20171,True,26,-20161,,800000
knapsack,spanner,80,2,penalty,ils,80,800000,-20171,True,27,-20161,,800000
knapsack,spanner,80,2,penalty,ils,80,800000,-20171,True,28,-20151,,800000
knapsack,spanner,80,2,penalty,ils,80,800000,-20171,True,29,-20151,,800000
knapsack,spanner,80,2,penalty,ils,80,800000,-20171,True,30,-20161,,800000
uflp,,16,2,penalty,ils,16,160000,462,True,0,462,138,138
uflp,,16,2,penalty,ils,16,160000,462,True,1,462,225,225
uflp,,16,2,penalty,ils,16,160000,462,True,2,462,244,244
uflp,,16,2,penalty,ils,16,160000,462,True,3,462,234,234
uflp,,16,2,penalty,ils,16,160000,462,True,4,462,122,122
uflp,,16,2,penalty,ils,16,160000,462,True,5,462,172,172
uflp,,16,2,penalty,ils,16,160000,462,True,6,462,277,277
uflp,,16,2,penalty,ils,16,160000,462,True,7,462,224,224
uflp,,16,2,penalty,ils,16,160000,462,True,8,462,263,263
uflp,,16,2,penalty,ils,16,160000,462,True,9,462,277,277
uflp,,16,2,penalty,ils,16,160000,462,True,10,462,278,278
uflp,,16,2,penalty,ils,16,160000,462,True,11,462,122,122
uflp,,16,2,penalty,ils,16,160000,462,True,12,462,286,286
uflp,,16,2,penalty,ils,16,160000,462,True,13,462,381,381
uflp,,16,2,penalty,ils,16,160000,462,True,14,462,243,243
uflp,,16,2,penalty,ils,16,160000,462,True,15,462,311,311
uflp,,16,2,penalty,ils,16,160000,462,True,16,462,288,288
uflp,,16,2,penalty,ils,16,160000,462,True,17,462,283,283
uflp,,16,2,penalty,ils,16,160000,462,True,18,462,248,248
uflp,,16,2,penalty,ils,16,160000,462,True,19,462,280,280
uflp,,16,2,penalty,ils,16,160000,462,True,20,462,178,178
uflp,,16,2,penalty,ils,16,160000,462,True,21,462,250,250
uflp,,16,2,penalty,ils,16,160000,462,True,22,462,280,280
uflp,,16,2,penalty,ils,16,160000,462,True,23,462,310,310
uflp,,16,2,penalty,ils,16,160000,462,True,24,462,266,266
uflp,,16,2,penalty,ils,16,160000,462,True,25,462,170,170
uflp,,16,2,penalty,ils,16,160000,462,True,26,462,294,294
uflp,,16,2,penalty,ils,16,160000,462,True,27,462,288,288
uflp,,16,2,penalty,ils,16,160000,462,True,28,462,280,280
uflp,,16,2,penalty,ils,16,160000,462,True,29,462,243,243
uflp,,16,2,penalty,ils,16,160000,462,True,30,462,321,321
scp,,120,4,penalty,ils,120,1200000,20,True,0,20,14181,14181
scp,,120,4,penalty,ils,120,1200000,20,True,1,20,20816,20816
scp,,120,4,penalty,ils,120,1200000,20,True,2,20,61093,61093
scp,,120,4,penalty,ils,120,1200000,20,True,3,20,85968,85968
scp,,120,4,penalty,ils,120,1200000,20,True,4,20,24272,24272
scp,,120,4,penalty,ils,120,1200000,20,True,5,20,54594,54594
scp,,120,4,penalty,ils,120,1200000,20,True,6,20,45634,45634
scp,,120,4,penalty,ils,120,1200000,20,True,7,20,29133,29133
scp,,120,4,penalty,ils,120,1200000,20,True,8,20,23794,23794
scp,,120,4,penalty,ils,120,1200000,20,True,9,20,28614,28614
scp,,120,4,penalty,ils,120,1200000,20,True,10,20,77696,77696
scp,,120,4,penalty,ils,120,1200000,20,True,11,20,21391,21391
scp,,120,4,penalty,ils,120,1200000,20,True,12,20,35307,35307
scp,,120,4,penalty,ils,120,1200000,20,True,13,20,49185,49185
scp,,120,4,penalty,ils,120,1200000,20,True,14,20,28455,28455
scp,,120,4,penalty,ils,120,1200000,20,True,15,20,71119,71119
scp,,120,4,penalty,ils,120,1200000,20,True,16,20,73149,73149
scp,,120,4,penalty,ils,120,1200000,20,True,17,20,49799,49799
scp,,120,4,penalty,ils,120,1200000,20,True,18,20,33956,33956
scp,,120,4,penalty,ils,120,1200000,20,True,19,20,62190,62190
scp,,120,4,penalty,ils,120,1200000,20,True,20,20,20257,20257
scp,,120,4,penalty,ils,120,1200000,20,True,21,20,32457,32457
scp,,120,4,penalty,ils,120,1200000,20,True,22,20,73705,73705
scp,,120,4,penalty,ils,120,1200000,20,True,23,20,45934,45934
scp,,120,4,penalty,ils,120,1200000,20,True,24,20,51437,51437
scp,,120,4,penalty,ils,120,1200000,20,True,25,20,75634,75634
scp,,120,4,penalty,ils,120,1200000,20,True,26,20,26495,26495
scp,,120,4,penalty,ils,120,1200000,20,True,27,20,61975,61975
scp,,120,4,penalty,ils,120,1200000,20,True,28,20,45377,45377
scp,,120,4,penalty,ils,120,1200000,20,True,29,20,54241,54241
scp,,120,4,penalty,ils,120,1200000,20,True,30,20,23001,23001
knapsack,spanner,80,3,penalty,floor,80,800000,-12133,True,0,-11922,,800000
knapsack,spanner,80,3,penalty,floor,80,800000,-12133,True,1,-11902,,800000
knapsack,spanner,80,3,penalty,floor,80,800000,-12133,True,2,-11890,,800000
knapsack,spanner,80,3,penalty,floor,80,800000,-12133,True,3,-11870,,800000
knapsack,spanner,80,3,penalty,floor,80,800000,-12133,True,4,-11896,,800000
knapsack,spanner,80,3,penalty,floor,80,800000,-12133,True,5,-11919,,800000
knapsack,spanner,80,3,penalty,floor,80,800000,-12133,True,6,-11890,,800000
knapsack,spanner,80,3,penalty,floor,80,800000,-12133,True,7,-11864,,800000
knapsack,spanner,80,3,penalty,floor,80,800000,-12133,True,8,-11867,,800000
knapsack,spanner,80,3,penalty,floor,80,800000,-12133,True,9,-11919,,800000
knapsack,spanner,80,3,penalty,floor,80,800000,-12133,True,10,-11896,,800000
knapsack,spanner,80,3,penalty,floor,80,800000,-12133,True,11,-11890,,800000
knapsack,spanner,80,3,penalty,floor,80,800000,-12133,True,12,-11870,,800000
knapsack,spanner,80,3,penalty,floor,80,800000,-12133,True,13,-11864,,800000
knapsack,spanner,80,3,penalty,floor,80,800000,-12133,True,14,-11893,,800000
knapsack,spanner,80,3,penalty,floor,80,800000,-12133,True,15,-11948,,800000
knapsack,spanner,80,3,penalty,floor,80,800000,-12133,True,16,-11896,,800000
knapsack,spanner,80,3,penalty,floor,80,800000,-12133,True,17,-11890,,800000
knapsack,spanner,80,3,penalty,floor,80,800000,-12133,True,18,-11893,,800000
knapsack,spanner,80,3,penalty,floor,80,800000,-12133,True,19,-11893,,800000
knapsack,spanner,80,3,penalty,floor,80,800000,-12133,True,20,-11890,,800000
knapsack,spanner,80,3,penalty,floor,80,800000,-12133,True,21,-11867,,800000
knapsack,spanner,80,3,penalty,floor,80,800000,-12133,True,22,-11893,,800000
knapsack,spanner,80,3,penalty,floor,80,800000,-12133,True,23,-11870,,800000
knapsack,spanner,80,3,penalty,floor,80,800000,-12133,True,24,-11864,,800000
knapsack,spanner,80,3,penalty,floor,80,800000,-12133,True,25,-11890,,800000
knapsack,spanner,80,3,penalty,floor,80,800000,-12133,True,26,-11873,,800000
knapsack,spanner,80,3,penalty,floor,80,800000,-12133,True,27,-11945,,800000
knapsack,spanner,80,3,penalty,floor,80,800000,-12133,True,28,-11864,,800000
knapsack,spanner,80,3,penalty,floor,80,800000,-12133,True,29,-11867,,800000
knapsack,spanner,80,3,penalty,floor,80,800000,-12133,True,30,-11890,,800000
uflp,,16,3,penalty,floor,16,160000,480,True,0,480,2692,2692
uflp,,16,3,penalty,floor,16,160000,480,True,1,480,706,706
uflp,,16,3,penalty,floor,16,160000,480,True,2,480,1300,1300
uflp,,16,3,penalty,floor,16,160000,480,True,3,480,317,317
uflp,,16,3,penalty,floor,16,160000,480,True,4,480,3523,3523
uflp,,16,3,penalty,floor,16,160000,480,True,5,480,305,305
uflp,,16,3,penalty,floor,16,160000,480,True,6,480,396,396
uflp,,16,3,penalty,floor,16,160000,480,True,7,480,361,361
uflp,,16,3,penalty,floor,16,160000,480,True,8,480,1023,1023
uflp,,16,3,penalty,floor,16,160000,480,True,9,480,556,556
uflp,,16,3,penalty,floor,16,160000,480,True,10,480,1452,1452
uflp,,16,3,penalty,floor,16,160000,480,True,11,480,697,697
uflp,,16,3,penalty,floor,16,160000,480,True,12,480,699,699
uflp,,16,3,penalty,floor,16,160000,480,True,13,480,300,300
uflp,,16,3,penalty,floor,16,160000,480,True,14,480,847,847
uflp,,16,3,penalty,floor,16,160000,480,True,15,480,153,153
uflp,,16,3,penalty,floor,16,160000,480,True,16,480,462,462
uflp,,16,3,penalty,floor,16,160000,480,True,17,480,2297,2297
uflp,,16,3,penalty,floor,16,160000,480,True,18,480,793,793
uflp,,16,3,penalty,floor,16,160000,480,True,19,480,1165,1165
uflp,,16,3,penalty,floor,16,160000,480,True,20,480,701,701
uflp,,16,3,penalty,floor,16,160000,480,True,21,480,317,317
uflp,,16,3,penalty,floor,16,160000,480,True,22,480,219,219
uflp,,16,3,penalty,floor,16,160000,480,True,23,480,400,400
uflp,,16,3,penalty,floor,16,160000,480,True,24,480,290,290
uflp,,16,3,penalty,floor,16,160000,480,True,25,480,240,240
uflp,,16,3,penalty,floor,16,160000,480,True,26,480,349,349
uflp,,16,3,penalty,floor,16,160000,480,True,27,480,2849,2849
uflp,,16,3,penalty,floor,16,160000,480,True,28,480,338,338
uflp,,16,3,penalty,floor,16,160000,480,True,29,480,946,946
uflp,,16,3,penalty,floor,16,160000,480,True,30,480,229,229
uflp,,16,3,penalty,ils,16,160000,480,True,0,480,576,576
uflp,,16,3,penalty,ils,16,160000,480,True,1,480,210,210
uflp,,16,3,penalty,ils,16,160000,480,True,2,480,147,147
uflp,,16,3,penalty,ils,16,160000,480,True,3,480,1956,1956
uflp,,16,3,penalty,ils,16,160000,480,True,4,480,140,140
uflp,,16,3,penalty,ils,16,160000,480,True,5,480,3302,3302
uflp,,16,3,penalty,ils,16,160000,480,True,6,480,887,887
uflp,,16,3,penalty,ils,16,160000,480,True,7,480,6839,6839
uflp,,16,3,penalty,ils,16,160000,480,True,8,480,164,164
uflp,,16,3,penalty,ils,16,160000,480,True,9,480,138,138
uflp,,16,3,penalty,ils,16,160000,480,True,10,480,1606,1606
uflp,,16,3,penalty,ils,16,160000,480,True,11,480,312,312
uflp,,16,3,penalty,ils,16,160000,480,True,12,480,116,116
uflp,,16,3,penalty,ils,16,160000,480,True,13,480,149,149
uflp,,16,3,penalty,ils,16,160000,480,True,14,480,1784,1784
uflp,,16,3,penalty,ils,16,160000,480,True,15,480,1403,1403
uflp,,16,3,penalty,ils,16,160000,480,True,16,480,807,807
uflp,,16,3,penalty,ils,16,160000,480,True,17,480,112,112
uflp,,16,3,penalty,ils,16,160000,480,True,18,480,2611,2611
uflp,,16,3,penalty,ils,16,160000,480,True,19,480,1888,1888
uflp,,16,3,penalty,ils,16,160000,480,True,20,480,542,542
uflp,,16,3,penalty,ils,16,160000,480,True,21,480,203,203
uflp,,16,3,penalty,ils,16,160000,480,True,22,480,3944,3944
uflp,,16,3,penalty,ils,16,160000,480,True,23,480,2785,2785
uflp,,16,3,penalty,ils,16,160000,480,True,24,480,4622,4622
uflp,,16,3,penalty,ils,16,160000,480,True,25,480,151,151
uflp,,16,3,penalty,ils,16,160000,480,True,26,480,1135,1135
uflp,,16,3,penalty,ils,16,160000,480,True,27,480,4473,4473
uflp,,16,3,penalty,ils,16,160000,480,True,28,480,1608,1608
uflp,,16,3,penalty,ils,16,160000,480,True,29,480,112,112
uflp,,16,3,penalty,ils,16,160000,480,True,30,480,3732,3732
uflp,,16,4,penalty,floor,16,160000,539,True,0,539,467,467
uflp,,16,4,penalty,floor,16,160000,539,True,1,539,785,785
uflp,,16,4,penalty,floor,16,160000,539,True,2,539,2139,2139
uflp,,16,4,penalty,floor,16,160000,539,True,3,539,711,711
uflp,,16,4,penalty,floor,16,160000,539,True,4,539,1655,1655
uflp,,16,4,penalty,floor,16,160000,539,True,5,539,581,581
uflp,,16,4,penalty,floor,16,160000,539,True,6,539,1036,1036
uflp,,16,4,penalty,floor,16,160000,539,True,7,539,3115,3115
uflp,,16,4,penalty,floor,16,160000,539,True,8,539,1580,1580
uflp,,16,4,penalty,floor,16,160000,539,True,9,539,476,476
uflp,,16,4,penalty,floor,16,160000,539,True,10,539,478,478
uflp,,16,4,penalty,floor,16,160000,539,True,11,539,1713,1713
uflp,,16,4,penalty,floor,16,160000,539,True,12,539,543,543
uflp,,16,4,penalty,floor,16,160000,539,True,13,539,3389,3389
uflp,,16,4,penalty,floor,16,160000,539,True,14,539,457,457
uflp,,16,4,penalty,floor,16,160000,539,True,15,539,2509,2509
uflp,,16,4,penalty,floor,16,160000,539,True,16,539,2120,2120
uflp,,16,4,penalty,floor,16,160000,539,True,17,539,784,784
uflp,,16,4,penalty,floor,16,160000,539,True,18,539,397,397
uflp,,16,4,penalty,floor,16,160000,539,True,19,539,391,391
uflp,,16,4,penalty,floor,16,160000,539,True,20,539,320,320
uflp,,16,4,penalty,floor,16,160000,539,True,21,539,787,787
uflp,,16,4,penalty,floor,16,160000,539,True,22,539,828,828
uflp,,16,4,penalty,floor,16,160000,539,True,23,539,2036,2036
uflp,,16,4,penalty,floor,16,160000,539,True,24,539,760,760
uflp,,16,4,penalty,floor,16,160000,539,True,25,539,2590,2590
uflp,,16,4,penalty,floor,16,160000,539,True,26,539,670,670
uflp,,16,4,penalty,floor,16,160000,539,True,27,539,555,555
uflp,,16,4,penalty,floor,16,160000,539,True,28,539,2149,2149
uflp,,16,4,penalty,floor,16,160000,539,True,29,539,1722,1722
uflp,,16,4,penalty,floor,16,160000,539,True,30,539,1175,1175
uflp,,16,4,penalty,ils,16,160000,539,True,0,539,392,392
uflp,,16,4,penalty,ils,16,160000,539,True,1,539,1169,1169
uflp,,16,4,penalty,ils,16,160000,539,True,2,539,663,663
uflp,,16,4,penalty,ils,16,160000,539,True,3,539,833,833
uflp,,16,4,penalty,ils,16,160000,539,True,4,539,872,872
uflp,,16,4,penalty,ils,16,160000,539,True,5,539,2100,2100
uflp,,16,4,penalty,ils,16,160000,539,True,6,539,454,454
uflp,,16,4,penalty,ils,16,160000,539,True,7,539,864,864
uflp,,16,4,penalty,ils,16,160000,539,True,8,539,317,317
uflp,,16,4,penalty,ils,16,160000,539,True,9,539,677,677
uflp,,16,4,penalty,ils,16,160000,539,True,10,539,277,277
uflp,,16,4,penalty,ils,16,160000,539,True,11,539,569,569
uflp,,16,4,penalty,ils,16,160000,539,True,12,539,1202,1202
uflp,,16,4,penalty,ils,16,160000,539,True,13,539,1507,1507
uflp,,16,4,penalty,ils,16,160000,539,True,14,539,1891,1891
uflp,,16,4,penalty,ils,16,160000,539,True,15,539,126,126
uflp,,16,4,penalty,ils,16,160000,539,True,16,539,680,680
uflp,,16,4,penalty,ils,16,160000,539,True,17,539,136,136
uflp,,16,4,penalty,ils,16,160000,539,True,18,539,784,784
uflp,,16,4,penalty,ils,16,160000,539,True,19,539,270,270
uflp,,16,4,penalty,ils,16,160000,539,True,20,539,580,580
uflp,,16,4,penalty,ils,16,160000,539,True,21,539,1846,1846
uflp,,16,4,penalty,ils,16,160000,539,True,22,539,3794,3794
uflp,,16,4,penalty,ils,16,160000,539,True,23,539,1350,1350
uflp,,16,4,penalty,ils,16,160000,539,True,24,539,291,291
uflp,,16,4,penalty,ils,16,160000,539,True,25,539,333,333
uflp,,16,4,penalty,ils,16,160000,539,True,26,539,109,109
uflp,,16,4,penalty,ils,16,160000,539,True,27,539,1196,1196
uflp,,16,4,penalty,ils,16,160000,539,True,28,539,1168,1168
uflp,,16,4,penalty,ils,16,160000,539,True,29,539,1821,1821
uflp,,16,4,penalty,ils,16,160000,539,True,30,539,331,331
uflp,,18,0,penalty,floor,18,180000,492,True,0,492,866,866
uflp,,18,0,penalty,floor,18,180000,492,True,1,492,682,682
uflp,,18,0,penalty,floor,18,180000,492,True,2,492,491,491
uflp,,18,0,penalty,floor,18,180000,492,True,3,492,485,485
uflp,,18,0,penalty,floor,18,180000,492,True,4,492,390,390
uflp,,18,0,penalty,floor,18,180000,492,True,5,492,387,387
uflp,,18,0,penalty,floor,18,180000,492,True,6,492,688,688
uflp,,18,0,penalty,floor,18,180000,492,True,7,492,361,361
uflp,,18,0,penalty,floor,18,180000,492,True,8,492,488,488
uflp,,18,0,penalty,floor,18,180000,492,True,9,492,687,687
uflp,,18,0,penalty,floor,18,180000,492,True,10,492,787,787
uflp,,18,0,penalty,floor,18,180000,492,True,11,492,580,580
uflp,,18,0,penalty,floor,18,180000,492,True,12,492,777,777
uflp,,18,0,penalty,floor,18,180000,492,True,13,492,430,430
uflp,,18,0,penalty,floor,18,180000,492,True,14,492,749,749
uflp,,18,0,penalty,floor,18,180000,492,True,15,492,390,390
uflp,,18,0,penalty,floor,18,180000,492,True,16,492,756,756
uflp,,18,0,penalty,floor,18,180000,492,True,17,492,587,587
uflp,,18,0,penalty,floor,18,180000,492,True,18,492,584,584
uflp,,18,0,penalty,floor,18,180000,492,True,19,492,682,682
uflp,,18,0,penalty,floor,18,180000,492,True,20,492,491,491
uflp,,18,0,penalty,floor,18,180000,492,True,21,492,476,476
uflp,,18,0,penalty,floor,18,180000,492,True,22,492,191,191
uflp,,18,0,penalty,floor,18,180000,492,True,23,492,491,491
uflp,,18,0,penalty,floor,18,180000,492,True,24,492,471,471
uflp,,18,0,penalty,floor,18,180000,492,True,25,492,487,487
uflp,,18,0,penalty,floor,18,180000,492,True,26,492,639,639
uflp,,18,0,penalty,floor,18,180000,492,True,27,492,777,777
uflp,,18,0,penalty,floor,18,180000,492,True,28,492,407,407
uflp,,18,0,penalty,floor,18,180000,492,True,29,492,777,777
uflp,,18,0,penalty,floor,18,180000,492,True,30,492,381,381
uflp,,18,0,penalty,ils,18,180000,492,True,0,492,205,205
uflp,,18,0,penalty,ils,18,180000,492,True,1,492,197,197
uflp,,18,0,penalty,ils,18,180000,492,True,2,492,147,147
uflp,,18,0,penalty,ils,18,180000,492,True,3,492,199,199
uflp,,18,0,penalty,ils,18,180000,492,True,4,492,288,288
uflp,,18,0,penalty,ils,18,180000,492,True,5,492,268,268
uflp,,18,0,penalty,ils,18,180000,492,True,6,492,161,161
uflp,,18,0,penalty,ils,18,180000,492,True,7,492,169,169
uflp,,18,0,penalty,ils,18,180000,492,True,8,492,199,199
uflp,,18,0,penalty,ils,18,180000,492,True,9,492,220,220
uflp,,18,0,penalty,ils,18,180000,492,True,10,492,181,181
uflp,,18,0,penalty,ils,18,180000,492,True,11,492,262,262
uflp,,18,0,penalty,ils,18,180000,492,True,12,492,233,233
uflp,,18,0,penalty,ils,18,180000,492,True,13,492,213,213
uflp,,18,0,penalty,ils,18,180000,492,True,14,492,169,169
uflp,,18,0,penalty,ils,18,180000,492,True,15,492,158,158
uflp,,18,0,penalty,ils,18,180000,492,True,16,492,171,171
uflp,,18,0,penalty,ils,18,180000,492,True,17,492,241,241
uflp,,18,0,penalty,ils,18,180000,492,True,18,492,173,173
uflp,,18,0,penalty,ils,18,180000,492,True,19,492,194,194
uflp,,18,0,penalty,ils,18,180000,492,True,20,492,180,180
uflp,,18,0,penalty,ils,18,180000,492,True,21,492,173,173
uflp,,18,0,penalty,ils,18,180000,492,True,22,492,177,177
uflp,,18,0,penalty,ils,18,180000,492,True,23,492,187,187
uflp,,18,0,penalty,ils,18,180000,492,True,24,492,181,181
uflp,,18,0,penalty,ils,18,180000,492,True,25,492,163,163
uflp,,18,0,penalty,ils,18,180000,492,True,26,492,183,183
uflp,,18,0,penalty,ils,18,180000,492,True,27,492,158,158
uflp,,18,0,penalty,ils,18,180000,492,True,28,492,169,169
uflp,,18,0,penalty,ils,18,180000,492,True,29,492,216,216
uflp,,18,0,penalty,ils,18,180000,492,True,30,492,146,146
uflp,,18,1,penalty,floor,18,180000,558,True,0,558,482,482
uflp,,18,1,penalty,floor,18,180000,558,True,1,558,492,492
uflp,,18,1,penalty,floor,18,180000,558,True,2,558,397,397
uflp,,18,1,penalty,floor,18,180000,558,True,3,558,197,197
uflp,,18,1,penalty,floor,18,180000,558,True,4,558,589,589
uflp,,18,1,penalty,floor,18,180000,558,True,5,558,1115,1115
uflp,,18,1,penalty,floor,18,180000,558,True,6,558,199,199
uflp,,18,1,penalty,floor,18,180000,558,True,7,558,379,379
uflp,,18,1,penalty,floor,18,180000,558,True,8,558,395,395
uflp,,18,1,penalty,floor,18,180000,558,True,9,558,1168,1168
uflp,,18,1,penalty,floor,18,180000,558,True,10,558,298,298
uflp,,18,1,penalty,floor,18,180000,558,True,11,558,1081,1081
uflp,,18,1,penalty,floor,18,180000,558,True,12,558,582,582
uflp,,18,1,penalty,floor,18,180000,558,True,13,558,540,540
uflp,,18,1,penalty,floor,18,180000,558,True,14,558,648,648
uflp,,18,1,penalty,floor,18,180000,558,True,15,558,491,491
uflp,,18,1,penalty,floor,18,180000,558,True,16,558,955,955
uflp,,18,1,penalty,floor,18,180000,558,True,17,558,394,394
uflp,,18,1,penalty,floor,18,180000,558,True,18,558,394,394
uflp,,18,1,penalty,floor,18,180000,558,True,19,558,688,688
uflp,,18,1,penalty,floor,18,180000,558,True,20,558,992,992
uflp,,18,1,penalty,floor,18,180000,558,True,21,558,289,289
uflp,,18,1,penalty,floor,18,180000,558,True,22,558,485,485
uflp,,18,1,penalty,floor,18,180000,558,True,23,558,595,595
uflp,,18,1,penalty,floor,18,180000,558,True,24,558,578,578
uflp,,18,1,penalty,floor,18,180000,558,True,25,558,496,496
uflp,,18,1,penalty,floor,18,180000,558,True,26,558,750,750
uflp,,18,1,penalty,floor,18,180000,558,True,27,558,1380,1380
uflp,,18,1,penalty,floor,18,180000,558,True,28,558,721,721
uflp,,18,1,penalty,floor,18,180000,558,True,29,558,395,395
uflp,,18,1,penalty,floor,18,180000,558,True,30,558,577,577
knapsack,spanner,80,4,penalty,ils,80,800000,-22540,True,0,-22530,,800000
knapsack,spanner,80,4,penalty,ils,80,800000,-22540,True,1,-22535,,800000
knapsack,spanner,80,4,penalty,ils,80,800000,-22540,True,2,-22535,,800000
knapsack,spanner,80,4,penalty,ils,80,800000,-22540,True,3,-22535,,800000
knapsack,spanner,80,4,penalty,ils,80,800000,-22540,True,4,-22530,,800000
knapsack,spanner,80,4,penalty,ils,80,800000,-22540,True,5,-22535,,800000
knapsack,spanner,80,4,penalty,ils,80,800000,-22540,True,6,-22535,,800000
knapsack,spanner,80,4,penalty,ils,80,800000,-22540,True,7,-22535,,800000
knapsack,spanner,80,4,penalty,ils,80,800000,-22540,True,8,-22535,,800000
knapsack,spanner,80,4,penalty,ils,80,800000,-22540,True,9,-22530,,800000
knapsack,spanner,80,4,penalty,ils,80,800000,-22540,True,10,-22535,,800000
knapsack,spanner,80,4,penalty,ils,80,800000,-22540,True,11,-22535,,800000
knapsack,spanner,80,4,penalty,ils,80,800000,-22540,True,12,-22530,,800000
knapsack,spanner,80,4,penalty,ils,80,800000,-22540,True,13,-22535,,800000
knapsack,spanner,80,4,penalty,ils,80,800000,-22540,True,14,-22535,,800000
knapsack,spanner,80,4,penalty,ils,80,800000,-22540,True,15,-22535,,800000
knapsack,spanner,80,4,penalty,ils,80,800000,-22540,True,16,-22535,,800000
knapsack,spanner,80,4,penalty,ils,80,800000,-22540,True,17,-22530,,800000
knapsack,spanner,80,4,penalty,ils,80,800000,-22540,True,18,-22530,,800000
knapsack,spanner,80,4,penalty,ils,80,800000,-22540,True,19,-22535,,800000
knapsack,spanner,80,4,penalty,ils,80,800000,-22540,True,20,-22535,,800000
knapsack,spanner,80,4,penalty,ils,80,800000,-22540,True,21,-22535,,800000
knapsack,spanner,80,4,penalty,ils,80,800000,-22540,True,22,-22535,,800000
knapsack,spanner,80,4,penalty,ils,80,800000,-22540,True,23,-22535,,800000
knapsack,spanner,80,4,penalty,ils,80,800000,-22540,True,24,-22535,,800000
knapsack,spanner,80,4,penalty,ils,80,800000,-22540,True,25,-22535,,800000
knapsack,spanner,80,4,penalty,ils,80,800000,-22540,True,26,-22535,,800000
knapsack,spanner,80,4,penalty,ils,80,800000,-22540,True,27,-22530,,800000
knapsack,spanner,80,4,penalty,ils,80,800000,-22540,True,28,-22535,,800000
knapsack,spanner,80,4,penalty,ils,80,800000,-22540,True,29,-22535,,800000
knapsack,spanner,80,4,penalty,ils,80,800000,-22540,True,30,-22535,,800000
uflp,,18,1,penalty,ils,18,180000,558,True,0,558,269,269
uflp,,18,1,penalty,ils,18,180000,558,True,1,558,405,405
uflp,,18,1,penalty,ils,18,180000,558,True,2,558,286,286
uflp,,18,1,penalty,ils,18,180000,558,True,3,558,201,201
uflp,,18,1,penalty,ils,18,180000,558,True,4,558,139,139
uflp,,18,1,penalty,ils,18,180000,558,True,5,558,324,324
uflp,,18,1,penalty,ils,18,180000,558,True,6,558,284,284
uflp,,18,1,penalty,ils,18,180000,558,True,7,558,207,207
uflp,,18,1,penalty,ils,18,180000,558,True,8,558,338,338
uflp,,18,1,penalty,ils,18,180000,558,True,9,558,277,277
uflp,,18,1,penalty,ils,18,180000,558,True,10,558,250,250
uflp,,18,1,penalty,ils,18,180000,558,True,11,558,253,253
uflp,,18,1,penalty,ils,18,180000,558,True,12,558,346,346
uflp,,18,1,penalty,ils,18,180000,558,True,13,558,344,344
uflp,,18,1,penalty,ils,18,180000,558,True,14,558,312,312
uflp,,18,1,penalty,ils,18,180000,558,True,15,558,297,297
uflp,,18,1,penalty,ils,18,180000,558,True,16,558,252,252
uflp,,18,1,penalty,ils,18,180000,558,True,17,558,180,180
uflp,,18,1,penalty,ils,18,180000,558,True,18,558,240,240
uflp,,18,1,penalty,ils,18,180000,558,True,19,558,263,263
uflp,,18,1,penalty,ils,18,180000,558,True,20,558,289,289
uflp,,18,1,penalty,ils,18,180000,558,True,21,558,286,286
uflp,,18,1,penalty,ils,18,180000,558,True,22,558,292,292
uflp,,18,1,penalty,ils,18,180000,558,True,23,558,284,284
uflp,,18,1,penalty,ils,18,180000,558,True,24,558,296,296
uflp,,18,1,penalty,ils,18,180000,558,True,25,558,215,215
uflp,,18,1,penalty,ils,18,180000,558,True,26,558,200,200
uflp,,18,1,penalty,ils,18,180000,558,True,27,558,269,269
uflp,,18,1,penalty,ils,18,180000,558,True,28,558,280,280
uflp,,18,1,penalty,ils,18,180000,558,True,29,558,272,272
uflp,,18,1,penalty,ils,18,180000,558,True,30,558,249,249
uflp,,18,2,penalty,floor,18,180000,476,True,0,476,975,975
uflp,,18,2,penalty,floor,18,180000,476,True,1,476,682,682
uflp,,18,2,penalty,floor,18,180000,476,True,2,476,673,673
uflp,,18,2,penalty,floor,18,180000,476,True,3,476,782,782
uflp,,18,2,penalty,floor,18,180000,476,True,4,476,678,678
uflp,,18,2,penalty,floor,18,180000,476,True,5,476,491,491
uflp,,18,2,penalty,floor,18,180000,476,True,6,476,493,493
uflp,,18,2,penalty,floor,18,180000,476,True,7,476,376,376
uflp,,18,2,penalty,floor,18,180000,476,True,8,476,1847,1847
uflp,,18,2,penalty,floor,18,180000,476,True,9,476,589,589
uflp,,18,2,penalty,floor,18,180000,476,True,10,476,1163,1163
uflp,,18,2,penalty,floor,18,180000,476,True,11,476,393,393
uflp,,18,2,penalty,floor,18,180000,476,True,12,476,391,391
uflp,,18,2,penalty,floor,18,180000,476,True,13,476,888,888
uflp,,18,2,penalty,floor,18,180000,476,True,14,476,564,564
uflp,,18,2,penalty,floor,18,180000,476,True,15,476,491,491
uflp,,18,2,penalty,floor,18,180000,476,True,16,476,1357,1357
uflp,,18,2,penalty,floor,18,180000,476,True,17,476,973,973
uflp,,18,2,penalty,floor,18,180000,476,True,18,476,786,786
uflp,,18,2,penalty,floor,18,180000,476,True,19,476,690,690
uflp,,18,2,penalty,floor,18,180000,476,True,20,476,1183,1183
uflp,,18,2,penalty,floor,18,180000,476,True,21,476,1066,1066
uflp,,18,2,penalty,floor,18,180000,476,True,22,476,381,381
uflp,,18,2,penalty,floor,18,180000,476,True,23,476,680,680
uflp,,18,2,penalty,floor,18,180000,476,True,24,476,476,476
uflp,,18,2,penalty,floor,18,180000,476,True,25,476,396,396
uflp,,18,2,penalty,floor,18,180000,476,True,26,476,430,430
uflp,,18,2,penalty,floor,18,180000,476,True,27,476,489,489
uflp,,18,2,penalty,floor,18,180000,476,True,28,476,523,523
uflp,,18,2,penalty,floor,18,180000,476,True,29,476,494,494
uflp,,18,2,penalty,floor,18,180000,476,True,30,476,381,381
uflp,,18,2,penalty,ils,18,180000,476,True,0,476,162,162
uflp,,18,2,penalty,ils,18,180000,476,True,1,476,970,970
uflp,,18,2,penalty,ils,18,180000,476,True,2,476,656,656
uflp,,18,2,penalty,ils,18,180000,476,True,3,476,161,161
uflp,,18,2,penalty,ils,18,180000,476,True,4,476,205,205
uflp,,18,2,penalty,ils,18,180000,476,True,5,476,2194,2194
uflp,,18,2,penalty,ils,18,180000,476,True,6,476,238,238
uflp,,18,2,penalty,ils,18,180000,476,True,7,476,143,143
uflp,,18,2,penalty,ils,18,180000,476,True,8,476,458,458
uflp,,18,2,penalty,ils,18,180000,476,True,9,476,2093,2093
uflp,,18,2,penalty,ils,18,180000,476,True,10,476,1006,1006
uflp,,18,2,penalty,ils,18,180000,476,True,11,476,204,204
uflp,,18,2,penalty,ils,18,180000,476,True,12,476,1662,1662
uflp,,18,2,penalty,ils,18,180000,476,True,13,476,709,709
uflp,,18,2,penalty,ils,18,180000,476,True,14,476,401,401
uflp,,18,2,penalty,ils,18,180000,476,True,15,476,762,762
uflp,,18,2,penalty,ils,18,180000,476,True,16,476,395,395
uflp,,18,2,penalty,ils,18,180000,476,True,17,476,182,182
uflp,,18,2,penalty,ils,18,180000,476,True,18,476,510,510
uflp,,18,2,penalty,ils,18,180000,476,True,19,476,860,860
uflp,,18,2,penalty,ils,18,180000,476,True,20,476,1515,1515
uflp,,18,2,penalty,ils,18,180000,476,True,21,476,1290,1290
uflp,,18,2,penalty,ils,18,180000,476,True,22,476,522,522
uflp,,18,2,penalty,ils,18,180000,476,True,23,476,638,638
uflp,,18,2,penalty,ils,18,180000,476,True,24,476,959,959
uflp,,18,2,penalty,ils,18,180000,476,True,25,476,192,192
uflp,,18,2,penalty,ils,18,180000,476,True,26,476,194,194
uflp,,18,2,penalty,ils,18,180000,476,True,27,476,1188,1188
uflp,,18,2,penalty,ils,18,180000,476,True,28,476,868,868
uflp,,18,2,penalty,ils,18,180000,476,True,29,476,213,213
uflp,,18,2,penalty,ils,18,180000,476,True,30,476,419,419
uflp,,18,3,penalty,ils,18,180000,533,True,0,533,161,161
uflp,,18,3,penalty,ils,18,180000,533,True,1,533,185,185
uflp,,18,3,penalty,ils,18,180000,533,True,2,533,264,264
uflp,,18,3,penalty,ils,18,180000,533,True,3,533,662,662
uflp,,18,3,penalty,ils,18,180000,533,True,4,533,322,322
uflp,,18,3,penalty,ils,18,180000,533,True,5,533,188,188
uflp,,18,3,penalty,ils,18,180000,533,True,6,533,192,192
uflp,,18,3,penalty,ils,18,180000,533,True,7,533,883,883
uflp,,18,3,penalty,ils,18,180000,533,True,8,533,143,143
uflp,,18,3,penalty,ils,18,180000,533,True,9,533,202,202
uflp,,18,3,penalty,ils,18,180000,533,True,10,533,223,223
uflp,,18,3,penalty,ils,18,180000,533,True,11,533,550,550
uflp,,18,3,penalty,ils,18,180000,533,True,12,533,687,687
uflp,,18,3,penalty,ils,18,180000,533,True,13,533,398,398
uflp,,18,3,penalty,ils,18,180000,533,True,14,533,173,173
uflp,,18,3,penalty,ils,18,180000,533,True,15,533,201,201
uflp,,18,3,penalty,ils,18,180000,533,True,16,533,252,252
uflp,,18,3,penalty,ils,18,180000,533,True,17,533,576,576
uflp,,18,3,penalty,ils,18,180000,533,True,18,533,186,186
uflp,,18,3,penalty,ils,18,180000,533,True,19,533,479,479
uflp,,18,3,penalty,ils,18,180000,533,True,20,533,123,123
uflp,,18,3,penalty,ils,18,180000,533,True,21,533,174,174
uflp,,18,3,penalty,ils,18,180000,533,True,22,533,428,428
uflp,,18,3,penalty,ils,18,180000,533,True,23,533,309,309
uflp,,18,3,penalty,ils,18,180000,533,True,24,533,785,785
uflp,,18,3,penalty,ils,18,180000,533,True,25,533,223,223
uflp,,18,3,penalty,ils,18,180000,533,True,26,533,950,950
uflp,,18,3,penalty,ils,18,180000,533,True,27,533,184,184
uflp,,18,3,penalty,ils,18,180000,533,True,28,533,689,689
uflp,,18,3,penalty,ils,18,180000,533,True,29,533,574,574
uflp,,18,3,penalty,ils,18,180000,533,True,30,533,184,184
uflp,,18,4,penalty,floor,18,180000,491,True,0,491,774,774
uflp,,18,4,penalty,floor,18,180000,491,True,1,491,689,689
uflp,,18,4,penalty,floor,18,180000,491,True,2,491,586,586
uflp,,18,4,penalty,floor,18,180000,491,True,3,491,681,681
uflp,,18,4,penalty,floor,18,180000,491,True,4,491,488,488
uflp,,18,4,penalty,floor,18,180000,491,True,5,491,488,488
uflp,,18,4,penalty,floor,18,180000,491,True,6,491,687,687
uflp,,18,4,penalty,floor,18,180000,491,True,7,491,456,456
uflp,,18,4,penalty,floor,18,180000,491,True,8,491,488,488
uflp,,18,4,penalty,floor,18,180000,491,True,9,491,392,392
uflp,,18,4,penalty,floor,18,180000,491,True,10,491,687,687
uflp,,18,4,penalty,floor,18,180000,491,True,11,491,390,390
uflp,,18,4,penalty,floor,18,180000,491,True,12,491,585,585
uflp,,18,4,penalty,floor,18,180000,491,True,13,491,352,352
uflp,,18,4,penalty,floor,18,180000,491,True,14,491,840,840
uflp,,18,4,penalty,floor,18,180000,491,True,15,491,393,393
uflp,,18,4,penalty,floor,18,180000,491,True,16,491,579,579
uflp,,18,4,penalty,floor,18,180000,491,True,17,491,489,489
uflp,,18,4,penalty,floor,18,180000,491,True,18,491,684,684
uflp,,18,4,penalty,floor,18,180000,491,True,19,491,590,590
uflp,,18,4,penalty,floor,18,180000,491,True,20,491,491,491
uflp,,18,4,penalty,floor,18,180000,491,True,21,491,476,476
uflp,,18,4,penalty,floor,18,180000,491,True,22,491,476,476
uflp,,18,4,penalty,floor,18,180000,491,True,23,491,585,585
uflp,,18,4,penalty,floor,18,180000,491,True,24,491,476,476
uflp,,18,4,penalty,floor,18,180000,491,True,25,491,493,493
uflp,,18,4,penalty,floor,18,180000,491,True,26,491,892,892
uflp,,18,4,penalty,floor,18,180000,491,True,27,491,587,587
uflp,,18,4,penalty,floor,18,180000,491,True,28,491,613,613
uflp,,18,4,penalty,floor,18,180000,491,True,29,491,588,588
uflp,,18,4,penalty,floor,18,180000,491,True,30,491,381,381
uflp,,18,3,penalty,floor,18,180000,533,True,0,533,1157,1157
uflp,,18,3,penalty,floor,18,180000,533,True,1,533,960,960
uflp,,18,3,penalty,floor,18,180000,533,True,2,533,2727,2727
uflp,,18,3,penalty,floor,18,180000,533,True,3,533,2888,2888
uflp,,18,3,penalty,floor,18,180000,533,True,4,533,681,681
uflp,,18,3,penalty,floor,18,180000,533,True,5,533,1106,1106
uflp,,18,3,penalty,floor,18,180000,533,True,6,533,2415,2415
uflp,,18,3,penalty,floor,18,180000,533,True,7,533,366,366
uflp,,18,3,penalty,floor,18,180000,533,True,8,533,981,981
uflp,,18,3,penalty,floor,18,180000,533,True,9,533,395,395
uflp,,18,3,penalty,floor,18,180000,533,True,10,533,1748,1748
uflp,,18,3,penalty,floor,18,180000,533,True,11,533,488,488
uflp,,18,3,penalty,floor,18,180000,533,True,12,533,2464,2464
uflp,,18,3,penalty,floor,18,180000,533,True,13,533,617,617
uflp,,18,3,penalty,floor,18,180000,533,True,14,533,1043,1043
uflp,,18,3,penalty,floor,18,180000,533,True,15,533,488,488
uflp,,18,3,penalty,floor,18,180000,533,True,16,533,1536,1536
uflp,,18,3,penalty,floor,18,180000,533,True,17,533,686,686
uflp,,18,3,penalty,floor,18,180000,533,True,18,533,1080,1080
uflp,,18,3,penalty,floor,18,180000,533,True,19,533,2025,2025
uflp,,18,3,penalty,floor,18,180000,533,True,20,533,395,395
uflp,,18,3,penalty,floor,18,180000,533,True,21,533,381,381
uflp,,18,3,penalty,floor,18,180000,533,True,22,533,1245,1245
uflp,,18,3,penalty,floor,18,180000,533,True,23,533,2034,2034
uflp,,18,3,penalty,floor,18,180000,533,True,24,533,1443,1443
uflp,,18,3,penalty,floor,18,180000,533,True,25,533,1057,1057
uflp,,18,3,penalty,floor,18,180000,533,True,26,533,250,250
uflp,,18,3,penalty,floor,18,180000,533,True,27,533,588,588
uflp,,18,3,penalty,floor,18,180000,533,True,28,533,322,322
uflp,,18,3,penalty,floor,18,180000,533,True,29,533,3302,3302
uflp,,18,3,penalty,floor,18,180000,533,True,30,533,2577,2577
uflp,,18,4,penalty,ils,18,180000,491,True,0,491,246,246
uflp,,18,4,penalty,ils,18,180000,491,True,1,491,213,213
uflp,,18,4,penalty,ils,18,180000,491,True,2,491,288,288
uflp,,18,4,penalty,ils,18,180000,491,True,3,491,364,364
uflp,,18,4,penalty,ils,18,180000,491,True,4,491,267,267
uflp,,18,4,penalty,ils,18,180000,491,True,5,491,202,202
uflp,,18,4,penalty,ils,18,180000,491,True,6,491,197,197
uflp,,18,4,penalty,ils,18,180000,491,True,7,491,344,344
uflp,,18,4,penalty,ils,18,180000,491,True,8,491,231,231
uflp,,18,4,penalty,ils,18,180000,491,True,9,491,136,136
uflp,,18,4,penalty,ils,18,180000,491,True,10,491,261,261
uflp,,18,4,penalty,ils,18,180000,491,True,11,491,282,282
uflp,,18,4,penalty,ils,18,180000,491,True,12,491,202,202
uflp,,18,4,penalty,ils,18,180000,491,True,13,491,272,272
uflp,,18,4,penalty,ils,18,180000,491,True,14,491,213,213
uflp,,18,4,penalty,ils,18,180000,491,True,15,491,178,178
uflp,,18,4,penalty,ils,18,180000,491,True,16,491,221,221
uflp,,18,4,penalty,ils,18,180000,491,True,17,491,229,229
uflp,,18,4,penalty,ils,18,180000,491,True,18,491,239,239
uflp,,18,4,penalty,ils,18,180000,491,True,19,491,211,211
uflp,,18,4,penalty,ils,18,180000,491,True,20,491,266,266
uflp,,18,4,penalty,ils,18,180000,491,True,21,491,205,205
uflp,,18,4,penalty,ils,18,180000,491,True,22,491,222,222
uflp,,18,4,penalty,ils,18,180000,491,True,23,491,228,228
uflp,,18,4,penalty,ils,18,180000,491,True,24,491,269,269
uflp,,18,4,penalty,ils,18,180000,491,True,25,491,234,234
uflp,,18,4,penalty,ils,18,180000,491,True,26,491,217,217
uflp,,18,4,penalty,ils,18,180000,491,True,27,491,218,218
uflp,,18,4,penalty,ils,18,180000,491,True,28,491,222,222
uflp,,18,4,penalty,ils,18,180000,491,True,29,491,283,283
uflp,,18,4,penalty,ils,18,180000,491,True,30,491,214,214
knapsack,mstr,120,1,penalty,floor,120,1200000,-47947,True,0,-44943,,1200000
knapsack,mstr,120,1,penalty,floor,120,1200000,-47947,True,1,-44926,,1200000
knapsack,mstr,120,1,penalty,floor,120,1200000,-47947,True,2,-44842,,1200000
knapsack,mstr,120,1,penalty,floor,120,1200000,-47947,True,3,-44740,,1200000
knapsack,mstr,120,1,penalty,floor,120,1200000,-47947,True,4,-44843,,1200000
knapsack,mstr,120,1,penalty,floor,120,1200000,-47947,True,5,-45338,,1200000
knapsack,mstr,120,1,penalty,floor,120,1200000,-47947,True,6,-45033,,1200000
knapsack,mstr,120,1,penalty,floor,120,1200000,-47947,True,7,-44995,,1200000
knapsack,mstr,120,1,penalty,floor,120,1200000,-47947,True,8,-44728,,1200000
knapsack,mstr,120,1,penalty,floor,120,1200000,-47947,True,9,-44830,,1200000
knapsack,mstr,120,1,penalty,floor,120,1200000,-47947,True,10,-45241,,1200000
knapsack,mstr,120,1,penalty,floor,120,1200000,-47947,True,11,-45232,,1200000
knapsack,mstr,120,1,penalty,floor,120,1200000,-47947,True,12,-45039,,1200000
knapsack,mstr,120,1,penalty,floor,120,1200000,-47947,True,13,-45136,,1200000
knapsack,mstr,120,1,penalty,floor,120,1200000,-47947,True,14,-44644,,1200000
knapsack,mstr,120,1,penalty,floor,120,1200000,-47947,True,15,-44738,,1200000
knapsack,mstr,120,1,penalty,floor,120,1200000,-47947,True,16,-45140,,1200000
knapsack,mstr,120,1,penalty,floor,120,1200000,-47947,True,17,-44842,,1200000
knapsack,mstr,120,1,penalty,floor,120,1200000,-47947,True,18,-45128,,1200000
knapsack,mstr,120,1,penalty,floor,120,1200000,-47947,True,19,-44744,,1200000
knapsack,mstr,120,1,penalty,floor,120,1200000,-47947,True,20,-45027,,1200000
knapsack,mstr,120,1,penalty,floor,120,1200000,-47947,True,21,-45021,,1200000
knapsack,mstr,120,1,penalty,floor,120,1200000,-47947,True,22,-44741,,1200000
knapsack,mstr,120,1,penalty,floor,120,1200000,-47947,True,23,-44834,,1200000
knapsack,mstr,120,1,penalty,floor,120,1200000,-47947,True,24,-44447,,1200000
knapsack,mstr,120,1,penalty,floor,120,1200000,-47947,True,25,-44647,,1200000
knapsack,mstr,120,1,penalty,floor,120,1200000,-47947,True,26,-44833,,1200000
knapsack,mstr,120,1,penalty,floor,120,1200000,-47947,True,27,-44943,,1200000
knapsack,mstr,120,1,penalty,floor,120,1200000,-47947,True,28,-45045,,1200000
knapsack,mstr,120,1,penalty,floor,120,1200000,-47947,True,29,-45438,,1200000
knapsack,mstr,120,1,penalty,floor,120,1200000,-47947,True,30,-44929,,1200000
scp,,90,1,penalty,floor,90,900000,15,True,0,17,,900000
scp,,90,1,penalty,floor,90,900000,15,True,1,16,,900000
scp,,90,1,penalty,floor,90,900000,15,True,2,17,,900000
scp,,90,1,penalty,floor,90,900000,15,True,3,15,467698,467698
scp,,90,1,penalty,floor,90,900000,15,True,4,15,67522,67522
scp,,90,1,penalty,floor,90,900000,15,True,5,16,,900000
scp,,90,1,penalty,floor,90,900000,15,True,6,16,,900000
scp,,90,1,penalty,floor,90,900000,15,True,7,16,,900000
scp,,90,1,penalty,floor,90,900000,15,True,8,15,94441,94441
scp,,90,1,penalty,floor,90,900000,15,True,9,16,,900000
scp,,90,1,penalty,floor,90,900000,15,True,10,16,,900000
scp,,90,1,penalty,floor,90,900000,15,True,11,16,,900000
scp,,90,1,penalty,floor,90,900000,15,True,12,16,,900000
scp,,90,1,penalty,floor,90,900000,15,True,13,15,370739,370739
scp,,90,1,penalty,floor,90,900000,15,True,14,16,,900000
scp,,90,1,penalty,floor,90,900000,15,True,15,15,407920,407920
scp,,90,1,penalty,floor,90,900000,15,True,16,16,,900000
scp,,90,1,penalty,floor,90,900000,15,True,17,15,392079,392079
scp,,90,1,penalty,floor,90,900000,15,True,18,16,,900000
scp,,90,1,penalty,floor,90,900000,15,True,19,16,,900000
scp,,90,1,penalty,floor,90,900000,15,True,20,15,231736,231736
scp,,90,1,penalty,floor,90,900000,15,True,21,16,,900000
scp,,90,1,penalty,floor,90,900000,15,True,22,15,890567,890567
scp,,90,1,penalty,floor,90,900000,15,True,23,15,599506,599506
scp,,90,1,penalty,floor,90,900000,15,True,24,15,153949,153949
scp,,90,1,penalty,floor,90,900000,15,True,25,16,,900000
scp,,90,1,penalty,floor,90,900000,15,True,26,16,,900000
scp,,90,1,penalty,floor,90,900000,15,True,27,16,,900000
scp,,90,1,penalty,floor,90,900000,15,True,28,16,,900000
scp,,90,1,penalty,floor,90,900000,15,True,29,16,,900000
scp,,90,1,penalty,floor,90,900000,15,True,30,16,,900000
knapsack,mstr,120,0,penalty,floor,120,1200000,-47488,True,0,-44379,,1200000
knapsack,mstr,120,0,penalty,floor,120,1200000,-47488,True,1,-43972,,1200000
knapsack,mstr,120,0,penalty,floor,120,1200000,-47488,True,2,-44085,,1200000
knapsack,mstr,120,0,penalty,floor,120,1200000,-47488,True,3,-44687,,1200000
knapsack,mstr,120,0,penalty,floor,120,1200000,-47488,True,4,-44187,,1200000
knapsack,mstr,120,0,penalty,floor,120,1200000,-47488,True,5,-43985,,1200000
knapsack,mstr,120,0,penalty,floor,120,1200000,-47488,True,6,-44276,,1200000
knapsack,mstr,120,0,penalty,floor,120,1200000,-47488,True,7,-44084,,1200000
knapsack,mstr,120,0,penalty,floor,120,1200000,-47488,True,8,-44183,,1200000
knapsack,mstr,120,0,penalty,floor,120,1200000,-47488,True,9,-44288,,1200000
knapsack,mstr,120,0,penalty,floor,120,1200000,-47488,True,10,-44183,,1200000
knapsack,mstr,120,0,penalty,floor,120,1200000,-47488,True,11,-44086,,1200000
knapsack,mstr,120,0,penalty,floor,120,1200000,-47488,True,12,-44578,,1200000
knapsack,mstr,120,0,penalty,floor,120,1200000,-47488,True,13,-44385,,1200000
knapsack,mstr,120,0,penalty,floor,120,1200000,-47488,True,14,-43980,,1200000
knapsack,mstr,120,0,penalty,floor,120,1200000,-47488,True,15,-43960,,1200000
knapsack,mstr,120,0,penalty,floor,120,1200000,-47488,True,16,-44177,,1200000
knapsack,mstr,120,0,penalty,floor,120,1200000,-47488,True,17,-43884,,1200000
knapsack,mstr,120,0,penalty,floor,120,1200000,-47488,True,18,-44182,,1200000
knapsack,mstr,120,0,penalty,floor,120,1200000,-47488,True,19,-44486,,1200000
knapsack,mstr,120,0,penalty,floor,120,1200000,-47488,True,20,-44282,,1200000
knapsack,mstr,120,0,penalty,floor,120,1200000,-47488,True,21,-44380,,1200000
knapsack,mstr,120,0,penalty,floor,120,1200000,-47488,True,22,-44183,,1200000
knapsack,mstr,120,0,penalty,floor,120,1200000,-47488,True,23,-44482,,1200000
knapsack,mstr,120,0,penalty,floor,120,1200000,-47488,True,24,-44159,,1200000
knapsack,mstr,120,0,penalty,floor,120,1200000,-47488,True,25,-44067,,1200000
knapsack,mstr,120,0,penalty,floor,120,1200000,-47488,True,26,-44285,,1200000
knapsack,mstr,120,0,penalty,floor,120,1200000,-47488,True,27,-44366,,1200000
knapsack,mstr,120,0,penalty,floor,120,1200000,-47488,True,28,-43984,,1200000
knapsack,mstr,120,0,penalty,floor,120,1200000,-47488,True,29,-43988,,1200000
knapsack,mstr,120,0,penalty,floor,120,1200000,-47488,True,30,-44378,,1200000
knapsack,mstr,120,4,penalty,floor,120,1200000,-48484,True,0,-45681,,1200000
knapsack,mstr,120,4,penalty,floor,120,1200000,-48484,True,1,-45477,,1200000
knapsack,mstr,120,4,penalty,floor,120,1200000,-48484,True,2,-45742,,1200000
knapsack,mstr,120,4,penalty,floor,120,1200000,-48484,True,3,-46080,,1200000
knapsack,mstr,120,4,penalty,floor,120,1200000,-48484,True,4,-45356,,1200000
knapsack,mstr,120,4,penalty,floor,120,1200000,-48484,True,5,-45933,,1200000
knapsack,mstr,120,4,penalty,floor,120,1200000,-48484,True,6,-45782,,1200000
knapsack,mstr,120,4,penalty,floor,120,1200000,-48484,True,7,-45581,,1200000
knapsack,mstr,120,4,penalty,floor,120,1200000,-48484,True,8,-45573,,1200000
knapsack,mstr,120,4,penalty,floor,120,1200000,-48484,True,9,-45575,,1200000
knapsack,mstr,120,4,penalty,floor,120,1200000,-48484,True,10,-45484,,1200000
knapsack,mstr,120,4,penalty,floor,120,1200000,-48484,True,11,-45780,,1200000
knapsack,mstr,120,4,penalty,floor,120,1200000,-48484,True,12,-45581,,1200000
knapsack,mstr,120,4,penalty,floor,120,1200000,-48484,True,13,-45876,,1200000
knapsack,mstr,120,4,penalty,floor,120,1200000,-48484,True,14,-45679,,1200000
knapsack,mstr,120,4,penalty,floor,120,1200000,-48484,True,15,-45969,,1200000
knapsack,mstr,120,4,penalty,floor,120,1200000,-48484,True,16,-45444,,1200000
knapsack,mstr,120,4,penalty,floor,120,1200000,-48484,True,17,-45781,,1200000
knapsack,mstr,120,4,penalty,floor,120,1200000,-48484,True,18,-45479,,1200000
knapsack,mstr,120,4,penalty,floor,120,1200000,-48484,True,19,-46183,,1200000
knapsack,mstr,120,4,penalty,floor,120,1200000,-48484,True,20,-45672,,1200000
knapsack,mstr,120,4,penalty,floor,120,1200000,-48484,True,21,-45779,,1200000
knapsack,mstr,120,4,penalty,floor,120,1200000,-48484,True,22,-45475,,1200000
knapsack,mstr,120,4,penalty,floor,120,1200000,-48484,True,23,-45560,,1200000
knapsack,mstr,120,4,penalty,floor,120,1200000,-48484,True,24,-45784,,1200000
knapsack,mstr,120,4,penalty,floor,120,1200000,-48484,True,25,-45654,,1200000
knapsack,mstr,120,4,penalty,floor,120,1200000,-48484,True,26,-45662,,1200000
knapsack,mstr,120,4,penalty,floor,120,1200000,-48484,True,27,-45579,,1200000
knapsack,mstr,120,4,penalty,floor,120,1200000,-48484,True,28,-45669,,1200000
knapsack,mstr,120,4,penalty,floor,120,1200000,-48484,True,29,-45572,,1200000
knapsack,mstr,120,4,penalty,floor,120,1200000,-48484,True,30,-45983,,1200000
knapsack,mstr,120,2,penalty,floor,120,1200000,-48473,True,0,-45172,,1200000
knapsack,mstr,120,2,penalty,floor,120,1200000,-48473,True,1,-45358,,1200000
knapsack,mstr,120,2,penalty,floor,120,1200000,-48473,True,2,-45255,,1200000
knapsack,mstr,120,2,penalty,floor,120,1200000,-48473,True,3,-45264,,1200000
knapsack,mstr,120,2,penalty,floor,120,1200000,-48473,True,4,-45372,,1200000
knapsack,mstr,120,2,penalty,floor,120,1200000,-48473,True,5,-45359,,1200000
knapsack,mstr,120,2,penalty,floor,120,1200000,-48473,True,6,-45244,,1200000
knapsack,mstr,120,2,penalty,floor,120,1200000,-48473,True,7,-45764,,1200000
knapsack,mstr,120,2,penalty,floor,120,1200000,-48473,True,8,-45168,,1200000
knapsack,mstr,120,2,penalty,floor,120,1200000,-48473,True,9,-45061,,1200000
knapsack,mstr,120,2,penalty,floor,120,1200000,-48473,True,10,-45761,,1200000
knapsack,mstr,120,2,penalty,floor,120,1200000,-48473,True,11,-45251,,1200000
knapsack,mstr,120,2,penalty,floor,120,1200000,-48473,True,12,-45161,,1200000
knapsack,mstr,120,2,penalty,floor,120,1200000,-48473,True,13,-45260,,1200000
knapsack,mstr,120,2,penalty,floor,120,1200000,-48473,True,14,-45372,,1200000
knapsack,mstr,120,2,penalty,floor,120,1200000,-48473,True,15,-45255,,1200000
knapsack,mstr,120,2,penalty,floor,120,1200000,-48473,True,16,-45173,,1200000
knapsack,mstr,120,2,penalty,floor,120,1200000,-48473,True,17,-45358,,1200000
knapsack,mstr,120,2,penalty,floor,120,1200000,-48473,True,18,-45266,,1200000
knapsack,mstr,120,2,penalty,floor,120,1200000,-48473,True,19,-45272,,1200000
knapsack,mstr,120,2,penalty,floor,120,1200000,-48473,True,20,-45164,,1200000
knapsack,mstr,120,2,penalty,floor,120,1200000,-48473,True,21,-45242,,1200000
knapsack,mstr,120,2,penalty,floor,120,1200000,-48473,True,22,-45164,,1200000
knapsack,mstr,120,2,penalty,floor,120,1200000,-48473,True,23,-45359,,1200000
knapsack,mstr,120,2,penalty,floor,120,1200000,-48473,True,24,-45258,,1200000
knapsack,mstr,120,2,penalty,floor,120,1200000,-48473,True,25,-44930,,1200000
knapsack,mstr,120,2,penalty,floor,120,1200000,-48473,True,26,-45071,,1200000
knapsack,mstr,120,2,penalty,floor,120,1200000,-48473,True,27,-45269,,1200000
knapsack,mstr,120,2,penalty,floor,120,1200000,-48473,True,28,-45172,,1200000
knapsack,mstr,120,2,penalty,floor,120,1200000,-48473,True,29,-45370,,1200000
knapsack,mstr,120,2,penalty,floor,120,1200000,-48473,True,30,-45164,,1200000
scp,,90,2,penalty,floor,90,900000,15,True,0,16,,900000
scp,,90,2,penalty,floor,90,900000,15,True,1,17,,900000
scp,,90,2,penalty,floor,90,900000,15,True,2,17,,900000
scp,,90,2,penalty,floor,90,900000,15,True,3,17,,900000
scp,,90,2,penalty,floor,90,900000,15,True,4,17,,900000
scp,,90,2,penalty,floor,90,900000,15,True,5,16,,900000
scp,,90,2,penalty,floor,90,900000,15,True,6,17,,900000
scp,,90,2,penalty,floor,90,900000,15,True,7,17,,900000
scp,,90,2,penalty,floor,90,900000,15,True,8,17,,900000
scp,,90,2,penalty,floor,90,900000,15,True,9,17,,900000
scp,,90,2,penalty,floor,90,900000,15,True,10,17,,900000
scp,,90,2,penalty,floor,90,900000,15,True,11,15,324289,324289
scp,,90,2,penalty,floor,90,900000,15,True,12,17,,900000
scp,,90,2,penalty,floor,90,900000,15,True,13,16,,900000
scp,,90,2,penalty,floor,90,900000,15,True,14,16,,900000
scp,,90,2,penalty,floor,90,900000,15,True,15,17,,900000
scp,,90,2,penalty,floor,90,900000,15,True,16,17,,900000
scp,,90,2,penalty,floor,90,900000,15,True,17,16,,900000
scp,,90,2,penalty,floor,90,900000,15,True,18,16,,900000
scp,,90,2,penalty,floor,90,900000,15,True,19,16,,900000
scp,,90,2,penalty,floor,90,900000,15,True,20,16,,900000
scp,,90,2,penalty,floor,90,900000,15,True,21,17,,900000
scp,,90,2,penalty,floor,90,900000,15,True,22,16,,900000
scp,,90,2,penalty,floor,90,900000,15,True,23,16,,900000
scp,,90,2,penalty,floor,90,900000,15,True,24,17,,900000
scp,,90,2,penalty,floor,90,900000,15,True,25,16,,900000
scp,,90,2,penalty,floor,90,900000,15,True,26,16,,900000
scp,,90,2,penalty,floor,90,900000,15,True,27,17,,900000
scp,,90,2,penalty,floor,90,900000,15,True,28,17,,900000
scp,,90,2,penalty,floor,90,900000,15,True,29,17,,900000
scp,,90,2,penalty,floor,90,900000,15,True,30,16,,900000
knapsack,mstr,120,3,penalty,floor,120,1200000,-51732,True,0,-48730,,1200000
knapsack,mstr,120,3,penalty,floor,120,1200000,-51732,True,1,-48725,,1200000
knapsack,mstr,120,3,penalty,floor,120,1200000,-51732,True,2,-48807,,1200000
knapsack,mstr,120,3,penalty,floor,120,1200000,-51732,True,3,-48726,,1200000
knapsack,mstr,120,3,penalty,floor,120,1200000,-51732,True,4,-49008,,1200000
knapsack,mstr,120,3,penalty,floor,120,1200000,-51732,True,5,-48832,,1200000
knapsack,mstr,120,3,penalty,floor,120,1200000,-51732,True,6,-48675,,1200000
knapsack,mstr,120,3,penalty,floor,120,1200000,-51732,True,7,-48732,,1200000
knapsack,mstr,120,3,penalty,floor,120,1200000,-51732,True,8,-48916,,1200000
knapsack,mstr,120,3,penalty,floor,120,1200000,-51732,True,9,-48615,,1200000
knapsack,mstr,120,3,penalty,floor,120,1200000,-51732,True,10,-49018,,1200000
knapsack,mstr,120,3,penalty,floor,120,1200000,-51732,True,11,-48732,,1200000
knapsack,mstr,120,3,penalty,floor,120,1200000,-51732,True,12,-48827,,1200000
knapsack,mstr,120,3,penalty,floor,120,1200000,-51732,True,13,-48921,,1200000
knapsack,mstr,120,3,penalty,floor,120,1200000,-51732,True,14,-48617,,1200000
knapsack,mstr,120,3,penalty,floor,120,1200000,-51732,True,15,-48930,,1200000
knapsack,mstr,120,3,penalty,floor,120,1200000,-51732,True,16,-48624,,1200000
knapsack,mstr,120,3,penalty,floor,120,1200000,-51732,True,17,-49028,,1200000
knapsack,mstr,120,3,penalty,floor,120,1200000,-51732,True,18,-48828,,1200000
knapsack,mstr,120,3,penalty,floor,120,1200000,-51732,True,19,-48831,,1200000
knapsack,mstr,120,3,penalty,floor,120,1200000,-51732,True,20,-48805,,1200000
knapsack,mstr,120,3,penalty,floor,120,1200000,-51732,True,21,-48817,,1200000
knapsack,mstr,120,3,penalty,floor,120,1200000,-51732,True,22,-48592,,1200000
knapsack,mstr,120,3,penalty,floor,120,1200000,-51732,True,23,-49020,,1200000
knapsack,mstr,120,3,penalty,floor,120,1200000,-51732,True,24,-48714,,1200000
knapsack,mstr,120,3,penalty,floor,120,1200000,-51732,True,25,-49120,,1200000
knapsack,mstr,120,3,penalty,floor,120,1200000,-51732,True,26,-49109,,1200000
knapsack,mstr,120,3,penalty,floor,120,1200000,-51732,True,27,-48727,,1200000
knapsack,mstr,120,3,penalty,floor,120,1200000,-51732,True,28,-49213,,1200000
knapsack,mstr,120,3,penalty,floor,120,1200000,-51732,True,29,-48922,,1200000
knapsack,mstr,120,3,penalty,floor,120,1200000,-51732,True,30,-48926,,1200000
knapsack,mstr,120,3,penalty,ils,120,1200000,-51732,True,0,-51632,,1200000
knapsack,mstr,120,3,penalty,ils,120,1200000,-51732,True,1,-51532,,1200000
knapsack,mstr,120,3,penalty,ils,120,1200000,-51732,True,2,-51530,,1200000
knapsack,mstr,120,3,penalty,ils,120,1200000,-51732,True,3,-51620,,1200000
knapsack,mstr,120,3,penalty,ils,120,1200000,-51732,True,4,-51632,,1200000
knapsack,mstr,120,3,penalty,ils,120,1200000,-51732,True,5,-51632,,1200000
knapsack,mstr,120,3,penalty,ils,120,1200000,-51732,True,6,-51531,,1200000
knapsack,mstr,120,3,penalty,ils,120,1200000,-51732,True,7,-51532,,1200000
knapsack,mstr,120,3,penalty,ils,120,1200000,-51732,True,8,-51625,,1200000
knapsack,mstr,120,3,penalty,ils,120,1200000,-51732,True,9,-51632,,1200000
knapsack,mstr,120,3,penalty,ils,120,1200000,-51732,True,10,-51630,,1200000
knapsack,mstr,120,3,penalty,ils,120,1200000,-51732,True,11,-51532,,1200000
knapsack,mstr,120,3,penalty,ils,120,1200000,-51732,True,12,-51532,,1200000
knapsack,mstr,120,3,penalty,ils,120,1200000,-51732,True,13,-51632,,1200000
knapsack,mstr,120,3,penalty,ils,120,1200000,-51732,True,14,-51623,,1200000
knapsack,mstr,120,3,penalty,ils,120,1200000,-51732,True,15,-51532,,1200000
knapsack,mstr,120,3,penalty,ils,120,1200000,-51732,True,16,-51527,,1200000
knapsack,mstr,120,3,penalty,ils,120,1200000,-51732,True,17,-51632,,1200000
knapsack,mstr,120,3,penalty,ils,120,1200000,-51732,True,18,-51432,,1200000
knapsack,mstr,120,3,penalty,ils,120,1200000,-51732,True,19,-51632,,1200000
knapsack,mstr,120,3,penalty,ils,120,1200000,-51732,True,20,-51632,,1200000
knapsack,mstr,120,3,penalty,ils,120,1200000,-51732,True,21,-51629,,1200000
knapsack,mstr,120,3,penalty,ils,120,1200000,-51732,True,22,-51631,,1200000
knapsack,mstr,120,3,penalty,ils,120,1200000,-51732,True,23,-51632,,1200000
knapsack,mstr,120,3,penalty,ils,120,1200000,-51732,True,24,-51632,,1200000
knapsack,mstr,120,3,penalty,ils,120,1200000,-51732,True,25,-51715,,1200000
knapsack,mstr,120,3,penalty,ils,120,1200000,-51732,True,26,-51632,,1200000
knapsack,mstr,120,3,penalty,ils,120,1200000,-51732,True,27,-51532,,1200000
knapsack,mstr,120,3,penalty,ils,120,1200000,-51732,True,28,-51731,,1200000
knapsack,mstr,120,3,penalty,ils,120,1200000,-51732,True,29,-51631,,1200000
knapsack,mstr,120,3,penalty,ils,120,1200000,-51732,True,30,-51726,,1200000
scp,,90,3,penalty,floor,90,900000,15,True,0,16,,900000
scp,,90,3,penalty,floor,90,900000,15,True,1,16,,900000
scp,,90,3,penalty,floor,90,900000,15,True,2,15,487770,487770
scp,,90,3,penalty,floor,90,900000,15,True,3,16,,900000
scp,,90,3,penalty,floor,90,900000,15,True,4,15,437355,437355
scp,,90,3,penalty,floor,90,900000,15,True,5,16,,900000
scp,,90,3,penalty,floor,90,900000,15,True,6,16,,900000
scp,,90,3,penalty,floor,90,900000,15,True,7,15,298805,298805
scp,,90,3,penalty,floor,90,900000,15,True,8,16,,900000
scp,,90,3,penalty,floor,90,900000,15,True,9,16,,900000
scp,,90,3,penalty,floor,90,900000,15,True,10,16,,900000
scp,,90,3,penalty,floor,90,900000,15,True,11,16,,900000
scp,,90,3,penalty,floor,90,900000,15,True,12,16,,900000
scp,,90,3,penalty,floor,90,900000,15,True,13,17,,900000
scp,,90,3,penalty,floor,90,900000,15,True,14,15,77785,77785
scp,,90,3,penalty,floor,90,900000,15,True,15,17,,900000
scp,,90,3,penalty,floor,90,900000,15,True,16,16,,900000
scp,,90,3,penalty,floor,90,900000,15,True,17,16,,900000
scp,,90,3,penalty,floor,90,900000,15,True,18,15,273597,273597
scp,,90,3,penalty,floor,90,900000,15,True,19,16,,900000
scp,,90,3,penalty,floor,90,900000,15,True,20,16,,900000
scp,,90,3,penalty,floor,90,900000,15,True,21,16,,900000
scp,,90,3,penalty,floor,90,900000,15,True,22,16,,900000
scp,,90,3,penalty,floor,90,900000,15,True,23,16,,900000
scp,,90,3,penalty,floor,90,900000,15,True,24,16,,900000
scp,,90,3,penalty,floor,90,900000,15,True,25,16,,900000
scp,,90,3,penalty,floor,90,900000,15,True,26,16,,900000
scp,,90,3,penalty,floor,90,900000,15,True,27,16,,900000
scp,,90,3,penalty,floor,90,900000,15,True,28,17,,900000
scp,,90,3,penalty,floor,90,900000,15,True,29,16,,900000
scp,,90,3,penalty,floor,90,900000,15,True,30,16,,900000
scp,,90,4,penalty,floor,90,900000,15,True,0,15,509208,509208
scp,,90,4,penalty,floor,90,900000,15,True,1,16,,900000
scp,,90,4,penalty,floor,90,900000,15,True,2,15,343282,343282
scp,,90,4,penalty,floor,90,900000,15,True,3,17,,900000
scp,,90,4,penalty,floor,90,900000,15,True,4,16,,900000
scp,,90,4,penalty,floor,90,900000,15,True,5,16,,900000
scp,,90,4,penalty,floor,90,900000,15,True,6,17,,900000
scp,,90,4,penalty,floor,90,900000,15,True,7,16,,900000
scp,,90,4,penalty,floor,90,900000,15,True,8,15,661447,661447
scp,,90,4,penalty,floor,90,900000,15,True,9,16,,900000
scp,,90,4,penalty,floor,90,900000,15,True,10,16,,900000
scp,,90,4,penalty,floor,90,900000,15,True,11,17,,900000
scp,,90,4,penalty,floor,90,900000,15,True,12,16,,900000
scp,,90,4,penalty,floor,90,900000,15,True,13,16,,900000
scp,,90,4,penalty,floor,90,900000,15,True,14,15,462119,462119
scp,,90,4,penalty,floor,90,900000,15,True,15,16,,900000
scp,,90,4,penalty,floor,90,900000,15,True,16,16,,900000
scp,,90,4,penalty,floor,90,900000,15,True,17,16,,900000
scp,,90,4,penalty,floor,90,900000,15,True,18,16,,900000
scp,,90,4,penalty,floor,90,900000,15,True,19,17,,900000
scp,,90,4,penalty,floor,90,900000,15,True,20,16,,900000
scp,,90,4,penalty,floor,90,900000,15,True,21,16,,900000
scp,,90,4,penalty,floor,90,900000,15,True,22,16,,900000
scp,,90,4,penalty,floor,90,900000,15,True,23,16,,900000
scp,,90,4,penalty,floor,90,900000,15,True,24,16,,900000
scp,,90,4,penalty,floor,90,900000,15,True,25,16,,900000
scp,,90,4,penalty,floor,90,900000,15,True,26,16,,900000
scp,,90,4,penalty,floor,90,900000,15,True,27,16,,900000
scp,,90,4,penalty,floor,90,900000,15,True,28,15,757693,757693
scp,,90,4,penalty,floor,90,900000,15,True,29,16,,900000
scp,,90,4,penalty,floor,90,900000,15,True,30,15,785238,785238
knapsack,mstr,120,4,penalty,ils,120,1200000,-48484,True,0,-48384,,1200000
knapsack,mstr,120,4,penalty,ils,120,1200000,-48484,True,1,-48284,,1200000
knapsack,mstr,120,4,penalty,ils,120,1200000,-48484,True,2,-48384,,1200000
knapsack,mstr,120,4,penalty,ils,120,1200000,-48484,True,3,-48284,,1200000
knapsack,mstr,120,4,penalty,ils,120,1200000,-48484,True,4,-48184,,1200000
knapsack,mstr,120,4,penalty,ils,120,1200000,-48484,True,5,-48284,,1200000
knapsack,mstr,120,4,penalty,ils,120,1200000,-48484,True,6,-48184,,1200000
knapsack,mstr,120,4,penalty,ils,120,1200000,-48484,True,7,-48280,,1200000
knapsack,mstr,120,4,penalty,ils,120,1200000,-48484,True,8,-48284,,1200000
knapsack,mstr,120,4,penalty,ils,120,1200000,-48484,True,9,-48184,,1200000
knapsack,mstr,120,4,penalty,ils,120,1200000,-48484,True,10,-48284,,1200000
knapsack,mstr,120,4,penalty,ils,120,1200000,-48484,True,11,-48384,,1200000
knapsack,mstr,120,4,penalty,ils,120,1200000,-48484,True,12,-48284,,1200000
knapsack,mstr,120,4,penalty,ils,120,1200000,-48484,True,13,-48383,,1200000
knapsack,mstr,120,4,penalty,ils,120,1200000,-48484,True,14,-48383,,1200000
knapsack,mstr,120,4,penalty,ils,120,1200000,-48484,True,15,-48382,,1200000
knapsack,mstr,120,4,penalty,ils,120,1200000,-48484,True,16,-48380,,1200000
knapsack,mstr,120,4,penalty,ils,120,1200000,-48484,True,17,-48384,,1200000
knapsack,mstr,120,4,penalty,ils,120,1200000,-48484,True,18,-48284,,1200000
knapsack,mstr,120,4,penalty,ils,120,1200000,-48484,True,19,-48383,,1200000
knapsack,mstr,120,4,penalty,ils,120,1200000,-48484,True,20,-48284,,1200000
knapsack,mstr,120,4,penalty,ils,120,1200000,-48484,True,21,-48184,,1200000
knapsack,mstr,120,4,penalty,ils,120,1200000,-48484,True,22,-48384,,1200000
knapsack,mstr,120,4,penalty,ils,120,1200000,-48484,True,23,-48284,,1200000
knapsack,mstr,120,4,penalty,ils,120,1200000,-48484,True,24,-48283,,1200000
knapsack,mstr,120,4,penalty,ils,120,1200000,-48484,True,25,-48384,,1200000
knapsack,mstr,120,4,penalty,ils,120,1200000,-48484,True,26,-48384,,1200000
knapsack,mstr,120,4,penalty,ils,120,1200000,-48484,True,27,-48384,,1200000
knapsack,mstr,120,4,penalty,ils,120,1200000,-48484,True,28,-48284,,1200000
knapsack,mstr,120,4,penalty,ils,120,1200000,-48484,True,29,-48284,,1200000
knapsack,mstr,120,4,penalty,ils,120,1200000,-48484,True,30,-48383,,1200000
knapsack,mstr,120,2,penalty,ils,120,1200000,-48473,True,0,-48273,,1200000
knapsack,mstr,120,2,penalty,ils,120,1200000,-48473,True,1,-48272,,1200000
knapsack,mstr,120,2,penalty,ils,120,1200000,-48473,True,2,-48373,,1200000
knapsack,mstr,120,2,penalty,ils,120,1200000,-48473,True,3,-48371,,1200000
knapsack,mstr,120,2,penalty,ils,120,1200000,-48473,True,4,-48272,,1200000
knapsack,mstr,120,2,penalty,ils,120,1200000,-48473,True,5,-48369,,1200000
knapsack,mstr,120,2,penalty,ils,120,1200000,-48473,True,6,-48273,,1200000
knapsack,mstr,120,2,penalty,ils,120,1200000,-48473,True,7,-48273,,1200000
knapsack,mstr,120,2,penalty,ils,120,1200000,-48473,True,8,-48172,,1200000
knapsack,mstr,120,2,penalty,ils,120,1200000,-48473,True,9,-48273,,1200000
knapsack,mstr,120,2,penalty,ils,120,1200000,-48473,True,10,-48272,,1200000
knapsack,mstr,120,2,penalty,ils,120,1200000,-48473,True,11,-48173,,1200000
knapsack,mstr,120,2,penalty,ils,120,1200000,-48473,True,12,-48273,,1200000
knapsack,mstr,120,2,penalty,ils,120,1200000,-48473,True,13,-48273,,1200000
knapsack,mstr,120,2,penalty,ils,120,1200000,-48473,True,14,-48273,,1200000
knapsack,mstr,120,2,penalty,ils,120,1200000,-48473,True,15,-48264,,1200000
knapsack,mstr,120,2,penalty,ils,120,1200000,-48473,True,16,-48371,,1200000
knapsack,mstr,120,2,penalty,ils,120,1200000,-48473,True,17,-48372,,1200000
knapsack,mstr,120,2,penalty,ils,120,1200000,-48473,True,18,-48255,,1200000
knapsack,mstr,120,2,penalty,ils,120,1200000,-48473,True,19,-48272,,1200000
knapsack,mstr,120,2,penalty,ils,120,1200000,-48473,True,20,-48373,,1200000
knapsack,mstr,120,2,penalty,ils,120,1200000,-48473,True,21,-48272,,1200000
knapsack,mstr,120,2,penalty,ils,120,1200000,-48473,True,22,-48371,,1200000
knapsack,mstr,120,2,penalty,ils,120,1200000,-48473,True,23,-48369,,1200000
knapsack,mstr,120,2,penalty,ils,120,1200000,-48473,True,24,-48372,,1200000
knapsack,mstr,120,2,penalty,ils,120,1200000,-48473,True,25,-48373,,1200000
knapsack,mstr,120,2,penalty,ils,120,1200000,-48473,True,26,-48273,,1200000
knapsack,mstr,120,2,penalty,ils,120,1200000,-48473,True,27,-48369,,1200000
knapsack,mstr,120,2,penalty,ils,120,1200000,-48473,True,28,-48372,,1200000
knapsack,mstr,120,2,penalty,ils,120,1200000,-48473,True,29,-48172,,1200000
knapsack,mstr,120,2,penalty,ils,120,1200000,-48473,True,30,-48268,,1200000
knapsack,mstr,120,1,penalty,ils,120,1200000,-47947,True,0,-47747,,1200000
knapsack,mstr,120,1,penalty,ils,120,1200000,-47947,True,1,-47547,,1200000
knapsack,mstr,120,1,penalty,ils,120,1200000,-47947,True,2,-47745,,1200000
knapsack,mstr,120,1,penalty,ils,120,1200000,-47947,True,3,-47746,,1200000
knapsack,mstr,120,1,penalty,ils,120,1200000,-47947,True,4,-47647,,1200000
knapsack,mstr,120,1,penalty,ils,120,1200000,-47947,True,5,-47747,,1200000
knapsack,mstr,120,1,penalty,ils,120,1200000,-47947,True,6,-47645,,1200000
knapsack,mstr,120,1,penalty,ils,120,1200000,-47947,True,7,-47847,,1200000
knapsack,mstr,120,1,penalty,ils,120,1200000,-47947,True,8,-47847,,1200000
knapsack,mstr,120,1,penalty,ils,120,1200000,-47947,True,9,-47747,,1200000
knapsack,mstr,120,1,penalty,ils,120,1200000,-47947,True,10,-47847,,1200000
knapsack,mstr,120,1,penalty,ils,120,1200000,-47947,True,11,-47747,,1200000
knapsack,mstr,120,1,penalty,ils,120,1200000,-47947,True,12,-47646,,1200000
knapsack,mstr,120,1,penalty,ils,120,1200000,-47947,True,13,-47747,,1200000
knapsack,mstr,120,1,penalty,ils,120,1200000,-47947,True,14,-47846,,1200000
knapsack,mstr,120,1,penalty,ils,120,1200000,-47947,True,15,-47647,,1200000
knapsack,mstr,120,1,penalty,ils,120,1200000,-47947,True,16,-47644,,1200000
knapsack,mstr,120,1,penalty,ils,120,1200000,-47947,True,17,-47830,,1200000
knapsack,mstr,120,1,penalty,ils,120,1200000,-47947,True,18,-47743,,1200000
knapsack,mstr,120,1,penalty,ils,120,1200000,-47947,True,19,-47747,,1200000
knapsack,mstr,120,1,penalty,ils,120,1200000,-47947,True,20,-47645,,1200000
knapsack,mstr,120,1,penalty,ils,120,1200000,-47947,True,21,-47745,,1200000
knapsack,mstr,120,1,penalty,ils,120,1200000,-47947,True,22,-47747,,1200000
knapsack,mstr,120,1,penalty,ils,120,1200000,-47947,True,23,-47647,,1200000
knapsack,mstr,120,1,penalty,ils,120,1200000,-47947,True,24,-47846,,1200000
knapsack,mstr,120,1,penalty,ils,120,1200000,-47947,True,25,-47547,,1200000
knapsack,mstr,120,1,penalty,ils,120,1200000,-47947,True,26,-47547,,1200000
knapsack,mstr,120,1,penalty,ils,120,1200000,-47947,True,27,-47647,,1200000
knapsack,mstr,120,1,penalty,ils,120,1200000,-47947,True,28,-47836,,1200000
knapsack,mstr,120,1,penalty,ils,120,1200000,-47947,True,29,-47647,,1200000
knapsack,mstr,120,1,penalty,ils,120,1200000,-47947,True,30,-47745,,1200000
knapsack,mstr,120,0,penalty,ils,120,1200000,-47488,True,0,-47388,,1200000
knapsack,mstr,120,0,penalty,ils,120,1200000,-47488,True,1,-47388,,1200000
knapsack,mstr,120,0,penalty,ils,120,1200000,-47488,True,2,-47477,,1200000
knapsack,mstr,120,0,penalty,ils,120,1200000,-47488,True,3,-47288,,1200000
knapsack,mstr,120,0,penalty,ils,120,1200000,-47488,True,4,-47287,,1200000
knapsack,mstr,120,0,penalty,ils,120,1200000,-47488,True,5,-47281,,1200000
knapsack,mstr,120,0,penalty,ils,120,1200000,-47488,True,6,-47288,,1200000
knapsack,mstr,120,0,penalty,ils,120,1200000,-47488,True,7,-47386,,1200000
knapsack,mstr,120,0,penalty,ils,120,1200000,-47488,True,8,-47084,,1200000
knapsack,mstr,120,0,penalty,ils,120,1200000,-47488,True,9,-47388,,1200000
knapsack,mstr,120,0,penalty,ils,120,1200000,-47488,True,10,-47380,,1200000
knapsack,mstr,120,0,penalty,ils,120,1200000,-47488,True,11,-47387,,1200000
knapsack,mstr,120,0,penalty,ils,120,1200000,-47488,True,12,-47288,,1200000
knapsack,mstr,120,0,penalty,ils,120,1200000,-47488,True,13,-47288,,1200000
knapsack,mstr,120,0,penalty,ils,120,1200000,-47488,True,14,-47388,,1200000
knapsack,mstr,120,0,penalty,ils,120,1200000,-47488,True,15,-47386,,1200000
knapsack,mstr,120,0,penalty,ils,120,1200000,-47488,True,16,-47387,,1200000
knapsack,mstr,120,0,penalty,ils,120,1200000,-47488,True,17,-47287,,1200000
knapsack,mstr,120,0,penalty,ils,120,1200000,-47488,True,18,-47388,,1200000
knapsack,mstr,120,0,penalty,ils,120,1200000,-47488,True,19,-47382,,1200000
knapsack,mstr,120,0,penalty,ils,120,1200000,-47488,True,20,-47187,,1200000
knapsack,mstr,120,0,penalty,ils,120,1200000,-47488,True,21,-47477,,1200000
knapsack,mstr,120,0,penalty,ils,120,1200000,-47488,True,22,-47384,,1200000
knapsack,mstr,120,0,penalty,ils,120,1200000,-47488,True,23,-47287,,1200000
knapsack,mstr,120,0,penalty,ils,120,1200000,-47488,True,24,-47288,,1200000
knapsack,mstr,120,0,penalty,ils,120,1200000,-47488,True,25,-47435,,1200000
knapsack,mstr,120,0,penalty,ils,120,1200000,-47488,True,26,-47286,,1200000
knapsack,mstr,120,0,penalty,ils,120,1200000,-47488,True,27,-47283,,1200000
knapsack,mstr,120,0,penalty,ils,120,1200000,-47488,True,28,-47287,,1200000
knapsack,mstr,120,0,penalty,ils,120,1200000,-47488,True,29,-47287,,1200000
knapsack,mstr,120,0,penalty,ils,120,1200000,-47488,True,30,-47287,,1200000
scp,,120,0,penalty,floor,120,1200000,20,True,0,22,,1200000
scp,,120,0,penalty,floor,120,1200000,20,True,1,21,,1200000
scp,,120,0,penalty,floor,120,1200000,20,True,2,21,,1200000
scp,,120,0,penalty,floor,120,1200000,20,True,3,23,,1200000
scp,,120,0,penalty,floor,120,1200000,20,True,4,23,,1200000
scp,,120,0,penalty,floor,120,1200000,20,True,5,23,,1200000
scp,,120,0,penalty,floor,120,1200000,20,True,6,23,,1200000
scp,,120,0,penalty,floor,120,1200000,20,True,7,23,,1200000
scp,,120,0,penalty,floor,120,1200000,20,True,8,22,,1200000
scp,,120,0,penalty,floor,120,1200000,20,True,9,23,,1200000
scp,,120,0,penalty,floor,120,1200000,20,True,10,23,,1200000
scp,,120,0,penalty,floor,120,1200000,20,True,11,23,,1200000
scp,,120,0,penalty,floor,120,1200000,20,True,12,23,,1200000
scp,,120,0,penalty,floor,120,1200000,20,True,13,22,,1200000
scp,,120,0,penalty,floor,120,1200000,20,True,14,23,,1200000
scp,,120,0,penalty,floor,120,1200000,20,True,15,24,,1200000
scp,,120,0,penalty,floor,120,1200000,20,True,16,23,,1200000
scp,,120,0,penalty,floor,120,1200000,20,True,17,24,,1200000
scp,,120,0,penalty,floor,120,1200000,20,True,18,23,,1200000
scp,,120,0,penalty,floor,120,1200000,20,True,19,23,,1200000
scp,,120,0,penalty,floor,120,1200000,20,True,20,23,,1200000
scp,,120,0,penalty,floor,120,1200000,20,True,21,23,,1200000
scp,,120,0,penalty,floor,120,1200000,20,True,22,23,,1200000
scp,,120,0,penalty,floor,120,1200000,20,True,23,21,,1200000
scp,,120,0,penalty,floor,120,1200000,20,True,24,23,,1200000
scp,,120,0,penalty,floor,120,1200000,20,True,25,24,,1200000
scp,,120,0,penalty,floor,120,1200000,20,True,26,23,,1200000
scp,,120,0,penalty,floor,120,1200000,20,True,27,23,,1200000
scp,,120,0,penalty,floor,120,1200000,20,True,28,23,,1200000
scp,,120,0,penalty,floor,120,1200000,20,True,29,23,,1200000
scp,,120,0,penalty,floor,120,1200000,20,True,30,23,,1200000
knapsack,spanner,120,2,penalty,floor,120,1200000,-12323,True,0,-12177,,1200000
knapsack,spanner,120,2,penalty,floor,120,1200000,-12323,True,1,-12134,,1200000
knapsack,spanner,120,2,penalty,floor,120,1200000,-12323,True,2,-12154,,1200000
knapsack,spanner,120,2,penalty,floor,120,1200000,-12323,True,3,-12167,,1200000
knapsack,spanner,120,2,penalty,floor,120,1200000,-12323,True,4,-12157,,1200000
knapsack,spanner,120,2,penalty,floor,120,1200000,-12323,True,5,-12160,,1200000
knapsack,spanner,120,2,penalty,floor,120,1200000,-12323,True,6,-12173,,1200000
knapsack,spanner,120,2,penalty,floor,120,1200000,-12323,True,7,-12157,,1200000
knapsack,spanner,120,2,penalty,floor,120,1200000,-12323,True,8,-12170,,1200000
knapsack,spanner,120,2,penalty,floor,120,1200000,-12323,True,9,-12167,,1200000
knapsack,spanner,120,2,penalty,floor,120,1200000,-12323,True,10,-12167,,1200000
knapsack,spanner,120,2,penalty,floor,120,1200000,-12323,True,11,-12154,,1200000
knapsack,spanner,120,2,penalty,floor,120,1200000,-12323,True,12,-12154,,1200000
knapsack,spanner,120,2,penalty,floor,120,1200000,-12323,True,13,-12147,,1200000
knapsack,spanner,120,2,penalty,floor,120,1200000,-12323,True,14,-12164,,1200000
knapsack,spanner,120,2,penalty,floor,120,1200000,-12323,True,15,-12160,,1200000
knapsack,spanner,120,2,penalty,floor,120,1200000,-12323,True,16,-12144,,1200000
knapsack,spanner,120,2,penalty,floor,120,1200000,-12323,True,17,-12147,,1200000
knapsack,spanner,120,2,penalty,floor,120,1200000,-12323,True,18,-12187,,1200000
knapsack,spanner,120,2,penalty,floor,120,1200000,-12323,True,19,-12164,,1200000
knapsack,spanner,120,2,penalty,floor,120,1200000,-12323,True,20,-12197,,1200000
knapsack,spanner,120,2,penalty,floor,120,1200000,-12323,True,21,-12157,,1200000
knapsack,spanner,120,2,penalty,floor,120,1200000,-12323,True,22,-12154,,1200000
knapsack,spanner,120,2,penalty,floor,120,1200000,-12323,True,23,-12150,,1200000
knapsack,spanner,120,2,penalty,floor,120,1200000,-12323,True,24,-12144,,1200000
knapsack,spanner,120,2,penalty,floor,120,1200000,-12323,True,25,-12164,,1200000
knapsack,spanner,120,2,penalty,floor,120,1200000,-12323,True,26,-12154,,1200000
knapsack,spanner,120,2,penalty,floor,120,1200000,-12323,True,27,-12157,,1200000
knapsack,spanner,120,2,penalty,floor,120,1200000,-12323,True,28,-12160,,1200000
knapsack,spanner,120,2,penalty,floor,120,1200000,-12323,True,29,-12187,,1200000
knapsack,spanner,120,2,penalty,floor,120,1200000,-12323,True,30,-12197,,1200000
scp,,120,2,penalty,floor,120,1200000,20,True,0,23,,1200000
scp,,120,2,penalty,floor,120,1200000,20,True,1,22,,1200000
scp,,120,2,penalty,floor,120,1200000,20,True,2,22,,1200000
scp,,120,2,penalty,floor,120,1200000,20,True,3,21,,1200000
scp,,120,2,penalty,floor,120,1200000,20,True,4,22,,1200000
scp,,120,2,penalty,floor,120,1200000,20,True,5,23,,1200000
scp,,120,2,penalty,floor,120,1200000,20,True,6,22,,1200000
scp,,120,2,penalty,floor,120,1200000,20,True,7,22,,1200000
scp,,120,2,penalty,floor,120,1200000,20,True,8,22,,1200000
scp,,120,2,penalty,floor,120,1200000,20,True,9,21,,1200000
scp,,120,2,penalty,floor,120,1200000,20,True,10,23,,1200000
scp,,120,2,penalty,floor,120,1200000,20,True,11,22,,1200000
scp,,120,2,penalty,floor,120,1200000,20,True,12,21,,1200000
scp,,120,2,penalty,floor,120,1200000,20,True,13,22,,1200000
scp,,120,2,penalty,floor,120,1200000,20,True,14,22,,1200000
scp,,120,2,penalty,floor,120,1200000,20,True,15,21,,1200000
scp,,120,2,penalty,floor,120,1200000,20,True,16,22,,1200000
scp,,120,2,penalty,floor,120,1200000,20,True,17,22,,1200000
scp,,120,2,penalty,floor,120,1200000,20,True,18,22,,1200000
scp,,120,2,penalty,floor,120,1200000,20,True,19,22,,1200000
scp,,120,2,penalty,floor,120,1200000,20,True,20,21,,1200000
scp,,120,2,penalty,floor,120,1200000,20,True,21,21,,1200000
scp,,120,2,penalty,floor,120,1200000,20,True,22,22,,1200000
scp,,120,2,penalty,floor,120,1200000,20,True,23,22,,1200000
scp,,120,2,penalty,floor,120,1200000,20,True,24,21,,1200000
scp,,120,2,penalty,floor,120,1200000,20,True,25,22,,1200000
scp,,120,2,penalty,floor,120,1200000,20,True,26,23,,1200000
scp,,120,2,penalty,floor,120,1200000,20,True,27,22,,1200000
scp,,120,2,penalty,floor,120,1200000,20,True,28,22,,1200000
scp,,120,2,penalty,floor,120,1200000,20,True,29,21,,1200000
scp,,120,2,penalty,floor,120,1200000,20,True,30,22,,1200000
knapsack,spanner,120,3,penalty,floor,120,1200000,-16428,True,0,-16050,,1200000
knapsack,spanner,120,3,penalty,floor,120,1200000,-16428,True,1,-15966,,1200000
knapsack,spanner,120,3,penalty,floor,120,1200000,-16428,True,2,-15969,,1200000
knapsack,spanner,120,3,penalty,floor,120,1200000,-16428,True,3,-15942,,1200000
knapsack,spanner,120,3,penalty,floor,120,1200000,-16428,True,4,-15942,,1200000
knapsack,spanner,120,3,penalty,floor,120,1200000,-16428,True,5,-15942,,1200000
knapsack,spanner,120,3,penalty,floor,120,1200000,-16428,True,6,-15969,,1200000
knapsack,spanner,120,3,penalty,floor,120,1200000,-16428,True,7,-16023,,1200000
knapsack,spanner,120,3,penalty,floor,120,1200000,-16428,True,8,-15915,,1200000
knapsack,spanner,120,3,penalty,floor,120,1200000,-16428,True,9,-15939,,1200000
knapsack,spanner,120,3,penalty,floor,120,1200000,-16428,True,10,-15993,,1200000
knapsack,spanner,120,3,penalty,floor,120,1200000,-16428,True,11,-15912,,1200000
knapsack,spanner,120,3,penalty,floor,120,1200000,-16428,True,12,-15942,,1200000
knapsack,spanner,120,3,penalty,floor,120,1200000,-16428,True,13,-15942,,1200000
knapsack,spanner,120,3,penalty,floor,120,1200000,-16428,True,14,-16047,,1200000
knapsack,spanner,120,3,penalty,floor,120,1200000,-16428,True,15,-15966,,1200000
knapsack,spanner,120,3,penalty,floor,120,1200000,-16428,True,16,-16077,,1200000
knapsack,spanner,120,3,penalty,floor,120,1200000,-16428,True,17,-15942,,1200000
knapsack,spanner,120,3,penalty,floor,120,1200000,-16428,True,18,-15942,,1200000
knapsack,spanner,120,3,penalty,floor,120,1200000,-16428,True,19,-15969,,1200000
knapsack,spanner,120,3,penalty,floor,120,1200000,-16428,True,20,-15942,,1200000
knapsack,spanner,120,3,penalty,floor,120,1200000,-16428,True,21,-15969,,1200000
knapsack,spanner,120,3,penalty,floor,120,1200000,-16428,True,22,-15966,,1200000
knapsack,spanner,120,3,penalty,floor,120,1200000,-16428,True,23,-15969,,1200000
knapsack,spanner,120,3,penalty,floor,120,1200000,-16428,True,24,-16020,,1200000
knapsack,spanner,120,3,penalty,floor,120,1200000,-16428,True,25,-15969,,1200000
knapsack,spanner,120,3,penalty,floor,120,1200000,-16428,True,26,-16023,,1200000
knapsack,spanner,120,3,penalty,floor,120,1200000,-16428,True,27,-15969,,1200000
knapsack,spanner,120,3,penalty,floor,120,1200000,-16428,True,28,-15942,,1200000
knapsack,spanner,120,3,penalty,floor,120,1200000,-16428,True,29,-15915,,1200000
knapsack,spanner,120,3,penalty,floor,120,1200000,-16428,True,30,-15969,,1200000
scp,,120,1,penalty,floor,120,1200000,20,True,0,22,,1200000
scp,,120,1,penalty,floor,120,1200000,20,True,1,21,,1200000
scp,,120,1,penalty,floor,120,1200000,20,True,2,21,,1200000
scp,,120,1,penalty,floor,120,1200000,20,True,3,22,,1200000
scp,,120,1,penalty,floor,120,1200000,20,True,4,21,,1200000
scp,,120,1,penalty,floor,120,1200000,20,True,5,21,,1200000
scp,,120,1,penalty,floor,120,1200000,20,True,6,23,,1200000
scp,,120,1,penalty,floor,120,1200000,20,True,7,22,,1200000
scp,,120,1,penalty,floor,120,1200000,20,True,8,22,,1200000
scp,,120,1,penalty,floor,120,1200000,20,True,9,23,,1200000
scp,,120,1,penalty,floor,120,1200000,20,True,10,22,,1200000
scp,,120,1,penalty,floor,120,1200000,20,True,11,22,,1200000
scp,,120,1,penalty,floor,120,1200000,20,True,12,21,,1200000
scp,,120,1,penalty,floor,120,1200000,20,True,13,21,,1200000
scp,,120,1,penalty,floor,120,1200000,20,True,14,22,,1200000
scp,,120,1,penalty,floor,120,1200000,20,True,15,22,,1200000
scp,,120,1,penalty,floor,120,1200000,20,True,16,22,,1200000
scp,,120,1,penalty,floor,120,1200000,20,True,17,21,,1200000
scp,,120,1,penalty,floor,120,1200000,20,True,18,21,,1200000
scp,,120,1,penalty,floor,120,1200000,20,True,19,23,,1200000
scp,,120,1,penalty,floor,120,1200000,20,True,20,22,,1200000
scp,,120,1,penalty,floor,120,1200000,20,True,21,22,,1200000
scp,,120,1,penalty,floor,120,1200000,20,True,22,22,,1200000
scp,,120,1,penalty,floor,120,1200000,20,True,23,22,,1200000
scp,,120,1,penalty,floor,120,1200000,20,True,24,22,,1200000
scp,,120,1,penalty,floor,120,1200000,20,True,25,21,,1200000
scp,,120,1,penalty,floor,120,1200000,20,True,26,22,,1200000
scp,,120,1,penalty,floor,120,1200000,20,True,27,21,,1200000
scp,,120,1,penalty,floor,120,1200000,20,True,28,21,,1200000
scp,,120,1,penalty,floor,120,1200000,20,True,29,22,,1200000
scp,,120,1,penalty,floor,120,1200000,20,True,30,22,,1200000
knapsack,spanner,120,0,penalty,ils,120,1200000,-25872,True,0,-25868,,1200000
knapsack,spanner,120,0,penalty,ils,120,1200000,-25872,True,1,-25866,,1200000
knapsack,spanner,120,0,penalty,ils,120,1200000,-25872,True,2,-25870,,1200000
knapsack,spanner,120,0,penalty,ils,120,1200000,-25872,True,3,-25870,,1200000
knapsack,spanner,120,0,penalty,ils,120,1200000,-25872,True,4,-25866,,1200000
knapsack,spanner,120,0,penalty,ils,120,1200000,-25872,True,5,-25868,,1200000
knapsack,spanner,120,0,penalty,ils,120,1200000,-25872,True,6,-25868,,1200000
knapsack,spanner,120,0,penalty,ils,120,1200000,-25872,True,7,-25868,,1200000
knapsack,spanner,120,0,penalty,ils,120,1200000,-25872,True,8,-25868,,1200000
knapsack,spanner,120,0,penalty,ils,120,1200000,-25872,True,9,-25868,,1200000
knapsack,spanner,120,0,penalty,ils,120,1200000,-25872,True,10,-25866,,1200000
knapsack,spanner,120,0,penalty,ils,120,1200000,-25872,True,11,-25868,,1200000
knapsack,spanner,120,0,penalty,ils,120,1200000,-25872,True,12,-25868,,1200000
knapsack,spanner,120,0,penalty,ils,120,1200000,-25872,True,13,-25868,,1200000
knapsack,spanner,120,0,penalty,ils,120,1200000,-25872,True,14,-25866,,1200000
knapsack,spanner,120,0,penalty,ils,120,1200000,-25872,True,15,-25868,,1200000
knapsack,spanner,120,0,penalty,ils,120,1200000,-25872,True,16,-25868,,1200000
knapsack,spanner,120,0,penalty,ils,120,1200000,-25872,True,17,-25866,,1200000
knapsack,spanner,120,0,penalty,ils,120,1200000,-25872,True,18,-25868,,1200000
knapsack,spanner,120,0,penalty,ils,120,1200000,-25872,True,19,-25870,,1200000
knapsack,spanner,120,0,penalty,ils,120,1200000,-25872,True,20,-25868,,1200000
knapsack,spanner,120,0,penalty,ils,120,1200000,-25872,True,21,-25866,,1200000
knapsack,spanner,120,0,penalty,ils,120,1200000,-25872,True,22,-25866,,1200000
knapsack,spanner,120,0,penalty,ils,120,1200000,-25872,True,23,-25868,,1200000
knapsack,spanner,120,0,penalty,ils,120,1200000,-25872,True,24,-25866,,1200000
knapsack,spanner,120,0,penalty,ils,120,1200000,-25872,True,25,-25866,,1200000
knapsack,spanner,120,0,penalty,ils,120,1200000,-25872,True,26,-25866,,1200000
knapsack,spanner,120,0,penalty,ils,120,1200000,-25872,True,27,-25868,,1200000
knapsack,spanner,120,0,penalty,ils,120,1200000,-25872,True,28,-25868,,1200000
knapsack,spanner,120,0,penalty,ils,120,1200000,-25872,True,29,-25866,,1200000
knapsack,spanner,120,0,penalty,ils,120,1200000,-25872,True,30,-25868,,1200000
knapsack,spanner,120,0,penalty,floor,120,1200000,-25872,True,0,-25664,,1200000
knapsack,spanner,120,0,penalty,floor,120,1200000,-25872,True,1,-25618,,1200000
knapsack,spanner,120,0,penalty,floor,120,1200000,-25872,True,2,-25624,,1200000
knapsack,spanner,120,0,penalty,floor,120,1200000,-25872,True,3,-25620,,1200000
knapsack,spanner,120,0,penalty,floor,120,1200000,-25872,True,4,-25658,,1200000
knapsack,spanner,120,0,penalty,floor,120,1200000,-25872,True,5,-25622,,1200000
knapsack,spanner,120,0,penalty,floor,120,1200000,-25872,True,6,-25620,,1200000
knapsack,spanner,120,0,penalty,floor,120,1200000,-25872,True,7,-25622,,1200000
knapsack,spanner,120,0,penalty,floor,120,1200000,-25872,True,8,-25624,,1200000
knapsack,spanner,120,0,penalty,floor,120,1200000,-25872,True,9,-25622,,1200000
knapsack,spanner,120,0,penalty,floor,120,1200000,-25872,True,10,-25620,,1200000
knapsack,spanner,120,0,penalty,floor,120,1200000,-25872,True,11,-25624,,1200000
knapsack,spanner,120,0,penalty,floor,120,1200000,-25872,True,12,-25700,,1200000
knapsack,spanner,120,0,penalty,floor,120,1200000,-25872,True,13,-25708,,1200000
knapsack,spanner,120,0,penalty,floor,120,1200000,-25872,True,14,-25586,,1200000
knapsack,spanner,120,0,penalty,floor,120,1200000,-25872,True,15,-25618,,1200000
knapsack,spanner,120,0,penalty,floor,120,1200000,-25872,True,16,-25658,,1200000
knapsack,spanner,120,0,penalty,floor,120,1200000,-25872,True,17,-25660,,1200000
knapsack,spanner,120,0,penalty,floor,120,1200000,-25872,True,18,-25622,,1200000
knapsack,spanner,120,0,penalty,floor,120,1200000,-25872,True,19,-25658,,1200000
knapsack,spanner,120,0,penalty,floor,120,1200000,-25872,True,20,-25582,,1200000
knapsack,spanner,120,0,penalty,floor,120,1200000,-25872,True,21,-25626,,1200000
knapsack,spanner,120,0,penalty,floor,120,1200000,-25872,True,22,-25742,,1200000
knapsack,spanner,120,0,penalty,floor,120,1200000,-25872,True,23,-25622,,1200000
knapsack,spanner,120,0,penalty,floor,120,1200000,-25872,True,24,-25626,,1200000
knapsack,spanner,120,0,penalty,floor,120,1200000,-25872,True,25,-25660,,1200000
knapsack,spanner,120,0,penalty,floor,120,1200000,-25872,True,26,-25618,,1200000
knapsack,spanner,120,0,penalty,floor,120,1200000,-25872,True,27,-25620,,1200000
knapsack,spanner,120,0,penalty,floor,120,1200000,-25872,True,28,-25664,,1200000
knapsack,spanner,120,0,penalty,floor,120,1200000,-25872,True,29,-25702,,1200000
knapsack,spanner,120,0,penalty,floor,120,1200000,-25872,True,30,-25618,,1200000
knapsack,spanner,120,1,penalty,floor,120,1200000,-19132,True,0,-18493,,1200000
knapsack,spanner,120,1,penalty,floor,120,1200000,-19132,True,1,-18542,,1200000
knapsack,spanner,120,1,penalty,floor,120,1200000,-19132,True,2,-18493,,1200000
knapsack,spanner,120,1,penalty,floor,120,1200000,-19132,True,3,-18591,,1200000
knapsack,spanner,120,1,penalty,floor,120,1200000,-19132,True,4,-18493,,1200000
knapsack,spanner,120,1,penalty,floor,120,1200000,-19132,True,5,-18542,,1200000
knapsack,spanner,120,1,penalty,floor,120,1200000,-19132,True,6,-18493,,1200000
knapsack,spanner,120,1,penalty,floor,120,1200000,-19132,True,7,-18542,,1200000
knapsack,spanner,120,1,penalty,floor,120,1200000,-19132,True,8,-18444,,1200000
knapsack,spanner,120,1,penalty,floor,120,1200000,-19132,True,9,-18591,,1200000
knapsack,spanner,120,1,penalty,floor,120,1200000,-19132,True,10,-18493,,1200000
knapsack,spanner,120,1,penalty,floor,120,1200000,-19132,True,11,-18591,,1200000
knapsack,spanner,120,1,penalty,floor,120,1200000,-19132,True,12,-18542,,1200000
knapsack,spanner,120,1,penalty,floor,120,1200000,-19132,True,13,-18542,,1200000
knapsack,spanner,120,1,penalty,floor,120,1200000,-19132,True,14,-18419,,1200000
knapsack,spanner,120,1,penalty,floor,120,1200000,-19132,True,15,-18444,,1200000
knapsack,spanner,120,1,penalty,floor,120,1200000,-19132,True,16,-18714,,1200000
knapsack,spanner,120,1,penalty,floor,120,1200000,-19132,True,17,-18493,,1200000
knapsack,spanner,120,1,penalty,floor,120,1200000,-19132,True,18,-18542,,1200000
knapsack,spanner,120,1,penalty,floor,120,1200000,-19132,True,19,-18444,,1200000
knapsack,spanner,120,1,penalty,floor,120,1200000,-19132,True,20,-18542,,1200000
knapsack,spanner,120,1,penalty,floor,120,1200000,-19132,True,21,-18616,,1200000
knapsack,spanner,120,1,penalty,floor,120,1200000,-19132,True,22,-18542,,1200000
knapsack,spanner,120,1,penalty,floor,120,1200000,-19132,True,23,-18542,,1200000
knapsack,spanner,120,1,penalty,floor,120,1200000,-19132,True,24,-18493,,1200000
knapsack,spanner,120,1,penalty,floor,120,1200000,-19132,True,25,-18493,,1200000
knapsack,spanner,120,1,penalty,floor,120,1200000,-19132,True,26,-18493,,1200000
knapsack,spanner,120,1,penalty,floor,120,1200000,-19132,True,27,-18493,,1200000
knapsack,spanner,120,1,penalty,floor,120,1200000,-19132,True,28,-18542,,1200000
knapsack,spanner,120,1,penalty,floor,120,1200000,-19132,True,29,-18542,,1200000
knapsack,spanner,120,1,penalty,floor,120,1200000,-19132,True,30,-18493,,1200000
scp,,120,3,penalty,floor,120,1200000,20,True,0,22,,1200000
scp,,120,3,penalty,floor,120,1200000,20,True,1,21,,1200000
scp,,120,3,penalty,floor,120,1200000,20,True,2,22,,1200000
scp,,120,3,penalty,floor,120,1200000,20,True,3,20,779539,779539
scp,,120,3,penalty,floor,120,1200000,20,True,4,22,,1200000
scp,,120,3,penalty,floor,120,1200000,20,True,5,21,,1200000
scp,,120,3,penalty,floor,120,1200000,20,True,6,23,,1200000
scp,,120,3,penalty,floor,120,1200000,20,True,7,22,,1200000
scp,,120,3,penalty,floor,120,1200000,20,True,8,22,,1200000
scp,,120,3,penalty,floor,120,1200000,20,True,9,21,,1200000
scp,,120,3,penalty,floor,120,1200000,20,True,10,22,,1200000
scp,,120,3,penalty,floor,120,1200000,20,True,11,22,,1200000
scp,,120,3,penalty,floor,120,1200000,20,True,12,22,,1200000
scp,,120,3,penalty,floor,120,1200000,20,True,13,21,,1200000
scp,,120,3,penalty,floor,120,1200000,20,True,14,23,,1200000
scp,,120,3,penalty,floor,120,1200000,20,True,15,22,,1200000
scp,,120,3,penalty,floor,120,1200000,20,True,16,22,,1200000
scp,,120,3,penalty,floor,120,1200000,20,True,17,22,,1200000
scp,,120,3,penalty,floor,120,1200000,20,True,18,23,,1200000
scp,,120,3,penalty,floor,120,1200000,20,True,19,21,,1200000
scp,,120,3,penalty,floor,120,1200000,20,True,20,23,,1200000
scp,,120,3,penalty,floor,120,1200000,20,True,21,22,,1200000
scp,,120,3,penalty,floor,120,1200000,20,True,22,23,,1200000
scp,,120,3,penalty,floor,120,1200000,20,True,23,22,,1200000
scp,,120,3,penalty,floor,120,1200000,20,True,24,23,,1200000
scp,,120,3,penalty,floor,120,1200000,20,True,25,22,,1200000
scp,,120,3,penalty,floor,120,1200000,20,True,26,22,,1200000
scp,,120,3,penalty,floor,120,1200000,20,True,27,23,,1200000
scp,,120,3,penalty,floor,120,1200000,20,True,28,21,,1200000
scp,,120,3,penalty,floor,120,1200000,20,True,29,22,,1200000
scp,,120,3,penalty,floor,120,1200000,20,True,30,21,,1200000
knapsack,spanner,120,4,penalty,floor,120,1200000,-13104,True,0,-12706,,1200000
knapsack,spanner,120,4,penalty,floor,120,1200000,-13104,True,1,-12730,,1200000
knapsack,spanner,120,4,penalty,floor,120,1200000,-13104,True,2,-12818,,1200000
knapsack,spanner,120,4,penalty,floor,120,1200000,-13104,True,3,-12746,,1200000
knapsack,spanner,120,4,penalty,floor,120,1200000,-13104,True,4,-12655,,1200000
knapsack,spanner,120,4,penalty,floor,120,1200000,-13104,True,5,-12762,,1200000
knapsack,spanner,120,4,penalty,floor,120,1200000,-13104,True,6,-12655,,1200000
knapsack,spanner,120,4,penalty,floor,120,1200000,-13104,True,7,-12706,,1200000
knapsack,spanner,120,4,penalty,floor,120,1200000,-13104,True,8,-12722,,1200000
knapsack,spanner,120,4,penalty,floor,120,1200000,-13104,True,9,-12722,,1200000
knapsack,spanner,120,4,penalty,floor,120,1200000,-13104,True,10,-12698,,1200000
knapsack,spanner,120,4,penalty,floor,120,1200000,-13104,True,11,-12754,,1200000
knapsack,spanner,120,4,penalty,floor,120,1200000,-13104,True,12,-12714,,1200000
knapsack,spanner,120,4,penalty,floor,120,1200000,-13104,True,13,-12690,,1200000
knapsack,spanner,120,4,penalty,floor,120,1200000,-13104,True,14,-12722,,1200000
knapsack,spanner,120,4,penalty,floor,120,1200000,-13104,True,15,-12714,,1200000
knapsack,spanner,120,4,penalty,floor,120,1200000,-13104,True,16,-12730,,1200000
knapsack,spanner,120,4,penalty,floor,120,1200000,-13104,True,17,-12714,,1200000
knapsack,spanner,120,4,penalty,floor,120,1200000,-13104,True,18,-12714,,1200000
knapsack,spanner,120,4,penalty,floor,120,1200000,-13104,True,19,-12690,,1200000
knapsack,spanner,120,4,penalty,floor,120,1200000,-13104,True,20,-12714,,1200000
knapsack,spanner,120,4,penalty,floor,120,1200000,-13104,True,21,-12714,,1200000
knapsack,spanner,120,4,penalty,floor,120,1200000,-13104,True,22,-12706,,1200000
knapsack,spanner,120,4,penalty,floor,120,1200000,-13104,True,23,-12690,,1200000
knapsack,spanner,120,4,penalty,floor,120,1200000,-13104,True,24,-12762,,1200000
knapsack,spanner,120,4,penalty,floor,120,1200000,-13104,True,25,-12786,,1200000
knapsack,spanner,120,4,penalty,floor,120,1200000,-13104,True,26,-12738,,1200000
knapsack,spanner,120,4,penalty,floor,120,1200000,-13104,True,27,-12730,,1200000
knapsack,spanner,120,4,penalty,floor,120,1200000,-13104,True,28,-12730,,1200000
knapsack,spanner,120,4,penalty,floor,120,1200000,-13104,True,29,-12714,,1200000
knapsack,spanner,120,4,penalty,floor,120,1200000,-13104,True,30,-12714,,1200000
scp,,120,4,penalty,floor,120,1200000,20,True,0,23,,1200000
scp,,120,4,penalty,floor,120,1200000,20,True,1,22,,1200000
scp,,120,4,penalty,floor,120,1200000,20,True,2,23,,1200000
scp,,120,4,penalty,floor,120,1200000,20,True,3,22,,1200000
scp,,120,4,penalty,floor,120,1200000,20,True,4,21,,1200000
scp,,120,4,penalty,floor,120,1200000,20,True,5,23,,1200000
scp,,120,4,penalty,floor,120,1200000,20,True,6,22,,1200000
scp,,120,4,penalty,floor,120,1200000,20,True,7,24,,1200000
scp,,120,4,penalty,floor,120,1200000,20,True,8,23,,1200000
scp,,120,4,penalty,floor,120,1200000,20,True,9,21,,1200000
scp,,120,4,penalty,floor,120,1200000,20,True,10,23,,1200000
scp,,120,4,penalty,floor,120,1200000,20,True,11,23,,1200000
scp,,120,4,penalty,floor,120,1200000,20,True,12,22,,1200000
scp,,120,4,penalty,floor,120,1200000,20,True,13,23,,1200000
scp,,120,4,penalty,floor,120,1200000,20,True,14,24,,1200000
scp,,120,4,penalty,floor,120,1200000,20,True,15,22,,1200000
scp,,120,4,penalty,floor,120,1200000,20,True,16,22,,1200000
scp,,120,4,penalty,floor,120,1200000,20,True,17,23,,1200000
scp,,120,4,penalty,floor,120,1200000,20,True,18,20,241245,241245
scp,,120,4,penalty,floor,120,1200000,20,True,19,22,,1200000
scp,,120,4,penalty,floor,120,1200000,20,True,20,23,,1200000
scp,,120,4,penalty,floor,120,1200000,20,True,21,22,,1200000
scp,,120,4,penalty,floor,120,1200000,20,True,22,23,,1200000
scp,,120,4,penalty,floor,120,1200000,20,True,23,23,,1200000
scp,,120,4,penalty,floor,120,1200000,20,True,24,23,,1200000
scp,,120,4,penalty,floor,120,1200000,20,True,25,23,,1200000
scp,,120,4,penalty,floor,120,1200000,20,True,26,23,,1200000
scp,,120,4,penalty,floor,120,1200000,20,True,27,24,,1200000
scp,,120,4,penalty,floor,120,1200000,20,True,28,23,,1200000
scp,,120,4,penalty,floor,120,1200000,20,True,29,21,,1200000
scp,,120,4,penalty,floor,120,1200000,20,True,30,22,,1200000
